#include <lvgl.h>

const uint8_t icon_manpro_map[] = {
0x00, 0x00, 0x00, 0x00, 0x00, 0x00, 0x00, 0x00, 0x00, 0x00, 0x00, 0x00, 0x00, 0x00, 0x00, 0x00, 0x00, 0x00, 0x00, 0x00, 0x00, 0x00, 0x00, 0x00, 0x00, 0x00, 0x00, 0x00, 0x00, 0x00, 0x00, 0x00, 0x00, 0x00, 0x00, 0x00, 
0x00, 0x00, 0x00, 0x00, 0x00, 0x00, 0x00, 0x00, 0x00, 0x00, 0x00, 0x00, 0x00, 0x00, 0x00, 0x00, 0x00, 0x00, 0x00, 0x00, 0x00, 0x00, 0x00, 0x00, 0x00, 0x00, 0x00, 0x00, 0x00, 0x00, 0x00, 0x00, 0x00, 0x00, 0x00, 0x00, 
0x00, 0x00, 0x00, 0x00, 0x00, 0x00, 0x00, 0x00, 0x00, 0x00, 0x00, 0x00, 0x00, 0x00, 0x00, 0x00, 0x00, 0x00, 0x00, 0x00, 0x00, 0x00, 0x00, 0x00, 0x00, 0x00, 0x00, 0x00, 0x00, 0x00, 0x00, 0x00, 0x00, 0x00, 0x00, 0x00, 
0x00, 0x00, 0x00, 0x00, 0x00, 0x00, 0x00, 0x00, 0x00, 0x00, 0x00, 0x00, 0x00, 0x00, 0x00, 0x00, 0x00, 0x00, 0x00, 0x00, 0x00, 0x00, 0x00, 0x00, 0x00, 0x00, 0x00, 0x00, 0x00, 0x00, 0x00, 0x00, 0x00, 0x00, 0x00, 0x00, 
0x00, 0x00, 0x00, 0x00, 0x00, 0x00, 0x00, 0x00, 0x00, 0x00, 0x00, 0x00, 0x00, 0x00, 0x00, 0x00, 0x00, 0x00, 0x00, 0x00, 0x00, 0x00, 0x00, 0x00, 0x00, 0x00, 0x00, 0x00, 0x00, 0x00, 0x00, 0x00, 0x00, 0x00, 0x00, 0x00, 
0x00, 0x00, 0x00, 0x00, 0x00, 0x00, 0x00, 0x00, 0x00, 0x00, 0x00, 0x00, 0x00, 0x00, 0x00, 0x00, 0x00, 0x00, 0x00, 0x00, 0x00, 0x00, 0x00, 0x00, 0x00, 0x00, 0x00, 0x00, 0x00, 0x00, 0x00, 0x00, 0x00, 0x00, 0x00, 0x00, 
0x00, 0x00, 0x00, 0x00, 0x00, 0x00, 0x00, 0x00, 0x00, 0x00, 0x00, 0x00, 0x00, 0x00, 0x00, 0x00, 0x00, 0x00, 0x00, 0x00, 0x00, 0x00, 0x00, 0x00, 0x00, 0x00, 0x00, 0x00, 0x00, 0x00, 0x00, 0x00, 0x00, 0x00, 0x00, 0x00, 
0x00, 0x00, 0x00, 0x00, 0x00, 0x00, 0x00, 0x00, 0x00, 0x00, 0x00, 0x00, 0x00, 0x00, 0x00, 0x00, 0x00, 0x00, 0x00, 0x00, 0x00, 0x00, 0x00, 0x00, 0x00, 0x00, 0x00, 0x00, 0x00, 0x00, 0x00, 0x00, 0x00, 0x00, 0x00, 0x00, 
0x00, 0x00, 0x00, 0x00, 0x00, 0x00, 0x00, 0x00, 0x00, 0x00, 0x00, 0x00, 0x00, 0x00, 0x00, 0x00, 0x00, 0x00, 0x00, 0x00, 0x00, 0x00, 0x00, 0x00, 0x00, 0x00, 0x00, 0x00, 0x00, 0x00, 0x00, 0x00, 0x00, 0x00, 0x00, 0x00, 
0x00, 0x00, 0x00, 0x00, 0x00, 0x00, 0x00, 0x00, 0x00, 0x00, 0x00, 0x00, 0x00, 0x00, 0x00, 0x00, 0x00, 0x00, 0x00, 0x00, 0x00, 0x00, 0x00, 0x00, 0x00, 0x00, 0x00, 0x00, 0x00, 0x00, 0x00, 0x00, 0x00, 0x00, 0x00, 0x00, 
0x00, 0x00, 0x00, 0x00, 0x00, 0x00, 0x00, 0x00, 0x00, 0x00, 0x00, 0x00, 0x00, 0x00, 0x00, 0x00, 0x00, 0x00, 0x00, 0x00, 0x00, 0x00, 0x00, 0x00, 0x00, 0x00, 0x00, 0x00, 0x00, 0x00, 0x00, 0x00, 0x00, 0x00, 0x00, 0x00, 
0x00, 0x00, 0x00, 0x00, 0x00, 0x00, 0x00, 0x00, 0x00, 0x00, 0x00, 0x00, 0x00, 0x00, 0x00, 0x00, 0x00, 0x00, 0x00, 0x00, 0x00, 0x00, 0x00, 0x00, 0x00, 0x00, 0x00, 0x00, 0x00, 0x00, 0x00, 0x00, 0x00, 0x00, 0x00, 0x00, 
0x00, 0x00, 0x00, 0x00, 0x00, 0x00, 0x00, 0x00, 0x00, 0x00, 0x00, 0x00, 0x00, 0x00, 0x00, 0x00, 0x00, 0x00, 0x00, 0x00, 0x00, 0x00, 0x00, 0x00, 0x00, 0x00, 0x00, 0x00, 0x00, 0x00, 0x00, 0x00, 0x00, 0x00, 0x00, 0x00, 
0x00, 0x00, 0x00, 0x00, 0x00, 0x00, 0x00, 0x00, 0x00, 0x00, 0x00, 0x00, 0x00, 0x00, 0x00, 0x00, 0x00, 0x00, 0x00, 0x00, 0x00, 0x00, 0x00, 0x00, 0x00, 0x00, 0x00, 0x00, 0x00, 0x00, 0x00, 0x00, 0x00, 0x00, 0x00, 0x00, 
0x00, 0x00, 0x00, 0x00, 0x00, 0x00, 0x00, 0x00, 0x00, 0x00, 0x00, 0x00, 0x00, 0x00, 0x00, 0x00, 0x00, 0x00, 0x00, 0x00, 0x00, 0x00, 0x00, 0x00, 0x00, 0x00, 0x00, 0x00, 0x00, 0x00, 0x00, 0x00, 0x00, 0x00, 0x00, 0x00, 
0x00, 0x00, 0x00, 0x00, 0x00, 0x00, 0x00, 0x00, 0x00, 0x00, 0x00, 0x00, 0x00, 0x00, 0x00, 0x00, 0x00, 0x00, 0x00, 0x00, 0x00, 0x00, 0x00, 0x00, 0x00, 0x00, 0x00, 0x00, 0x00, 0x00, 0x00, 0x00, 0x00, 0x00, 0x00, 0x00, 
0x00, 0x00, 0x00, 0x00, 0x00, 0x00, 0x00, 0x00, 0x00, 0x00, 0x00, 0x00, 0x00, 0x00, 0x00, 0x00, 0x00, 0x00, 0x00, 0x00, 0x00, 0x00, 0x00, 0x00, 0x00, 0x00, 0x00, 0x00, 0x00, 0x00, 0x00, 0x00, 0x00, 0x00, 0x00, 0x00, 
0x00, 0x00, 0x00, 0x00, 0x00, 0x00, 0x00, 0x00, 0x00, 0x00, 0x00, 0x00, 0x00, 0x00, 0x00, 0x00, 0x00, 0x00, 0x00, 0x00, 0x00, 0x00, 0x00, 0x00, 0x00, 0x00, 0x00, 0x00, 0x00, 0x00, 0x00, 0x00, 0x00, 0x00, 0x00, 0x00, 
0x00, 0x00, 0x00, 0x00, 0x00, 0x00, 0x00, 0x00, 0x00, 0x00, 0x00, 0x00, 0x00, 0x00, 0x00, 0x00, 0x00, 0x00, 0x00, 0x00, 0x00, 0x00, 0x00, 0x00, 0x00, 0x00, 0x00, 0x00, 0x00, 0x00, 0x00, 0x00, 0x00, 0x00, 0x00, 0x00, 
0x00, 0x00, 0x00, 0x00, 0x00, 0x00, 0x00, 0x00, 0x00, 0x00, 0x00, 0x00, 0x00, 0x00, 0x00, 0x00, 0x00, 0x00, 0x00, 0x00, 0x00, 0x00, 0x00, 0x00, 0x00, 0x00, 0x00, 0x00, 0x00, 0x00, 0x00, 0x00, 0x00, 0x00, 0x00, 0x00, 
0x00, 0x00, 0x00, 0x00, 0x00, 0x00, 0x00, 0x00, 0x00, 0x00, 0x00, 0x00, 0x00, 0x00, 0x00, 0x00, 0x00, 0x00, 0x00, 0x00, 0x00, 0x00, 0x00, 0x00, 0x00, 0x00, 0x00, 0x00, 0x00, 0x00, 0x00, 0x00, 0x00, 0x00, 0x00, 0x00, 
0x00, 0x00, 0x00, 0x00, 0x00, 0x00, 0x00, 0x00, 0x00, 0x00, 0x00, 0x00, 0x00, 0x00, 0x00, 0x00, 0x00, 0x00, 0x00, 0x00, 0x00, 0x00, 0x00, 0x00, 0x00, 0x00, 0x00, 0x00, 0x00, 0x00, 0x00, 0x00, 0x00, 0x00, 0x00, 0x00, 
0x00, 0x00, 0x00, 0x00, 0x00, 0x00, 0x00, 0x00, 0x00, 0x00, 0x00, 0x00, 0x00, 0x00, 0x00, 0x00, 0x00, 0x00, 0x00, 0x00, 0x00, 0x00, 0x00, 0x00, 0x00, 0x00, 0x00, 0x00, 0x00, 0x00, 0x00, 0x00, 0x00, 0x00, 0x00, 0x00, 
0x00, 0x00, 0x00, 0x00, 0x00, 0x00, 0x00, 0x00, 0x00, 0x00, 0x00, 0x00, 0x00, 0x00, 0x00, 0x00, 0x00, 0x00, 0x00, 0x00, 0x00, 0x00, 0x00, 0x00, 0x00, 0x00, 0x00, 0x00, 0x00, 0x00, 0x00, 0x00, 0x00, 0x00, 0x00, 0x00, 
0x00, 0x00, 0x00, 0x00, 0x00, 0x00, 0x00, 0x00, 0x00, 0x00, 0x00, 0x00, 0x00, 0x00, 0x00, 0x00, 0x00, 0x00, 0x00, 0x00, 0x00, 0x00, 0x00, 0x00, 0x00, 0x00, 0x00, 0x00, 0x00, 0x00, 0x00, 0x00, 0x00, 0x00, 0x00, 0x00, 
0x00, 0x00, 0x00, 0x00, 0x00, 0x00, 0x00, 0x00, 0x00, 0x00, 0x00, 0x00, 0x00, 0x00, 0x00, 0x00, 0x00, 0x00, 0x00, 0x00, 0x00, 0x00, 0x00, 0x00, 0x00, 0x00, 0x00, 0x00, 0x00, 0x00, 0x00, 0x00, 0x00, 0x00, 0x00, 0x00, 
0x00, 0x00, 0x00, 0x00, 0x00, 0x00, 0x00, 0x00, 0x00, 0x00, 0x00, 0x00, 0x00, 0x00, 0x00, 0x00, 0x00, 0x00, 0x00, 0x00, 0x00, 0x00, 0x00, 0x00, 0x00, 0x00, 0x00, 0x00, 0x00, 0x00, 0x00, 0x00, 0x00, 0x00, 0x00, 0x00, 
0x00, 0x00, 0x00, 0x00, 0x00, 0x00, 0x00, 0x00, 0x00, 0x00, 0x00, 0x00, 0x00, 0x00, 0x00, 0x00, 0x00, 0x00, 0x00, 0x00, 0x00, 0x00, 0x00, 0x00, 0x00, 0x00, 0x00, 0x00, 0x00, 0x00, 0x00, 0x00, 0x00, 0x00, 0x00, 0x00, 
0x00, 0x00, 0x00, 0x00, 0x00, 0x00, 0x00, 0x00, 0x00, 0x00, 0x00, 0x00, 0x00, 0x00, 0x00, 0x00, 0x00, 0x00, 0x00, 0x00, 0x00, 0x00, 0x00, 0x00, 0x00, 0x00, 0x00, 0x00, 0x00, 0x00, 0x00, 0x00, 0x00, 0x00, 0x00, 0x00, 
0x00, 0x00, 0x00, 0x00, 0x00, 0x00, 0x00, 0x00, 0x00, 0x00, 0x00, 0x00, 0x00, 0x00, 0x00, 0x00, 0x00, 0x00, 0x00, 0x00, 0x00, 0x00, 0x00, 0x00, 0x00, 0x00, 0x00, 0x00, 0x00, 0x00, 0x00, 0x00, 0x00, 0x00, 0x00, 0x00, 
0x00, 0x00, 0x00, 0x00, 0x00, 0x00, 0x00, 0x00, 0x00, 0x00, 0x00, 0x00, 0x00, 0x00, 0x00, 0x00, 0x00, 0x00, 0x00, 0x00, 0x00, 0x00, 0x00, 0x00, 0x00, 0x00, 0x00, 0x00, 0x00, 0x00, 0x00, 0x00, 0x00, 0x00, 0x00, 0x00, 
0x00, 0x00, 0x00, 0x00, 0x00, 0x00, 0x00, 0x00, 0x00, 0x00, 0x00, 0x00, 0x00, 0x00, 0x00, 0x00, 0x00, 0x00, 0x00, 0x00, 0x00, 0x00, 0x00, 0x00, 0x00, 0x00, 0x00, 0x00, 0x00, 0x00, 0x00, 0x00, 0x00, 0x00, 0x00, 0x00, 
0x00, 0x00, 0x00, 0x00, 0x00, 0x00, 0x00, 0x00, 0x00, 0x00, 0x00, 0x00, 0x00, 0x00, 0x00, 0x00, 0x00, 0x00, 0x00, 0x00, 0x00, 0x00, 0x00, 0x00, 0x00, 0x00, 0x00, 0x00, 0x00, 0x00, 0x00, 0x00, 0x00, 0x00, 0x00, 0x00, 
0x00, 0x00, 0x00, 0x00, 0x00, 0x00, 0x00, 0x00, 0x00, 0x00, 0x00, 0x00, 0x00, 0x00, 0x00, 0x00, 0x00, 0x00, 0x00, 0x00, 0x00, 0x00, 0x00, 0x00, 0x00, 0x00, 0x00, 0x00, 0x00, 0x00, 0x00, 0x00, 0x00, 0x00, 0x00, 0x00, 
0x00, 0x00, 0x00, 0x00, 0x00, 0x00, 0x00, 0x00, 0x00, 0x00, 0x00, 0x00, 0x00, 0x00, 0x00, 0x00, 0x00, 0x00, 0x00, 0x00, 0x00, 0x00, 0x00, 0x00, 0x00, 0x00, 0x00, 0x00, 0x00, 0x00, 0x00, 0x00, 0x00, 0x00, 0x00, 0x00, 
0x00, 0x00, 0x00, 0x00, 0x00, 0x00, 0x00, 0x00, 0x00, 0x00, 0x00, 0x00, 0x00, 0x00, 0x00, 0x00, 0x00, 0x00, 0x00, 0x00, 0x00, 0x00, 0x00, 0x00, 0x00, 0x00, 0x00, 0x00, 0x00, 0x00, 0x00, 0x00, 0x00, 0x00, 0x00, 0x00, 
0x00, 0x00, 0x00, 0x00, 0x00, 0x00, 0x00, 0x00, 0x00, 0x00, 0x00, 0x00, 0x00, 0x00, 0x00, 0x00, 0x00, 0x00, 0x00, 0x00, 0x00, 0x00, 0x00, 0x00, 0x00, 0x00, 0x00, 0x00, 0x00, 0x00, 0x00, 0x00, 0x00, 0x00, 0x00, 0x00, 
0x00, 0x00, 0x00, 0x00, 0x00, 0x00, 0x00, 0x00, 0x00, 0x00, 0x00, 0x00, 0x00, 0x00, 0x00, 0x00, 0x00, 0x00, 0x00, 0x00, 0x00, 0x00, 0x00, 0x00, 0x00, 0x00, 0x00, 0x00, 0x00, 0x00, 0x00, 0x00, 0x00, 0x00, 0x00, 0x00, 
0x00, 0x00, 0x00, 0x00, 0x00, 0x00, 0x00, 0x00, 0x00, 0x00, 0x00, 0x00, 0x00, 0x00, 0x00, 0x00, 0x00, 0x00, 0x00, 0x00, 0x00, 0x00, 0x00, 0x00, 0x00, 0x00, 0x00, 0x00, 0x00, 0x00, 0x00, 0x00, 0x00, 0x00, 0x00, 0x00, 
0x00, 0x00, 0x00, 0x00, 0x00, 0x00, 0x00, 0x00, 0x00, 0x00, 0x00, 0x00, 0x00, 0x00, 0x00, 0x00, 0x00, 0x00, 0x00, 0x00, 0x00, 0x00, 0x00, 0x00, 0x00, 0x00, 0x00, 0x00, 0x00, 0x00, 0x00, 0x00, 0x00, 0x00, 0x00, 0x00, 
0x00, 0x00, 0x00, 0x00, 0x00, 0x00, 0x00, 0x00, 0x00, 0x00, 0x00, 0x00, 0x00, 0x00, 0x00, 0x00, 0x00, 0x00, 0x00, 0x00, 0x00, 0x00, 0x00, 0x00, 0x00, 0x00, 0x00, 0x00, 0x00, 0x00, 0x00, 0x00, 0x00, 0x00, 0x00, 0x00, 
0x00, 0x00, 0x00, 0x00, 0x00, 0x00, 0x00, 0x00, 0x00, 0x00, 0x00, 0x00, 0x00, 0x00, 0x00, 0x00, 0x00, 0x00, 0x00, 0x00, 0x00, 0x00, 0x00, 0x00, 0x00, 0x00, 0x00, 0x00, 0x00, 0x00, 0x00, 0x00, 0x00, 0x00, 0x00, 0x00, 
0x00, 0x00, 0x00, 0x00, 0x00, 0x00, 0x00, 0x00, 0x00, 0x00, 0x00, 0x00, 0x00, 0x00, 0x00, 0x00, 0x00, 0x00, 0x00, 0x00, 0x00, 0x00, 0x00, 0x00, 0x00, 0x00, 0x00, 0x00, 0x00, 0x00, 0x00, 0x00, 0x00, 0x00, 0x00, 0x00, 
0x00, 0x00, 0x00, 0x00, 0x00, 0x00, 0x00, 0x00, 0x00, 0x00, 0x00, 0x00, 0x00, 0x00, 0x00, 0x00, 0x00, 0x00, 0x00, 0x00, 0x00, 0x00, 0x00, 0x00, 0x00, 0x00, 0x00, 0x00, 0x00, 0x00, 0x00, 0x00, 0x00, 0x00, 0x00, 0x00, 
0x00, 0x00, 0x00, 0x00, 0x00, 0x00, 0x00, 0x00, 0x00, 0x00, 0x00, 0x00, 0x00, 0x00, 0x00, 0x00, 0x00, 0x00, 0x00, 0x00, 0x00, 0x00, 0x00, 0x00, 0x00, 0x00, 0x00, 0x00, 0x00, 0x00, 0x00, 0x00, 0x00, 0x00, 0x00, 0x00, 
0x00, 0x00, 0x00, 0x00, 0x00, 0x00, 0x00, 0x00, 0x00, 0x00, 0x00, 0x00, 0x00, 0x00, 0x00, 0x00, 0x00, 0x00, 0x00, 0x00, 0x00, 0x00, 0x00, 0x00, 0x00, 0x00, 0x00, 0x00, 0x00, 0x00, 0x00, 0x00, 0x00, 0x00, 0x00, 0x00, 
0x00, 0x00, 0x00, 0x00, 0x00, 0x00, 0x00, 0x00, 0x00, 0x00, 0x00, 0x00, 0x00, 0x00, 0x00, 0x00, 0x00, 0x00, 0x00, 0x00, 0x00, 0x00, 0x00, 0x00, 0x00, 0x00, 0x00, 0x00, 0x00, 0x00, 0x00, 0x00, 0x00, 0x00, 0x00, 0x00, 
0x00, 0x00, 0x00, 0x00, 0x00, 0x00, 0x00, 0x00, 0x00, 0x00, 0x00, 0x00, 0x00, 0x00, 0x00, 0x00, 0x00, 0x00, 0x00, 0x00, 0x00, 0x00, 0x00, 0x00, 0x00, 0x00, 0x00, 0x00, 0x00, 0x00, 0x00, 0x00, 0x00, 0x00, 0x00, 0x00, 
0x00, 0x00, 0x00, 0x00, 0x00, 0x00, 0x00, 0x00, 0x00, 0x00, 0x00, 0x00, 0x00, 0x00, 0x00, 0x00, 0x00, 0x00, 0x00, 0x00, 0x00, 0x00, 0x00, 0x00, 0x00, 0x00, 0x00, 0x00, 0x00, 0x00, 0x00, 0x00, 0x00, 0x00, 0x00, 0x00, 
0x00, 0x00, 0x00, 0x00, 0x00, 0x00, 0x00, 0x00, 0x00, 0x00, 0x00, 0x00, 0x00, 0x00, 0x00, 0x00, 0x00, 0x00, 0x00, 0x00, 0x00, 0x00, 0x00, 0x00, 0x00, 0x00, 0x00, 0x00, 0x00, 0x00, 0x00, 0x00, 0x00, 0x00, 0x00, 0x00, 
0x00, 0x00, 0x00, 0x00, 0x00, 0x00, 0x00, 0x00, 0x00, 0x00, 0x00, 0x00, 0x00, 0x00, 0x00, 0x00, 0x00, 0x00, 0x00, 0x00, 0x00, 0x00, 0x00, 0x00, 0x00, 0x00, 0x00, 0x00, 0x00, 0x00, 0x00, 0x00, 0x00, 0x00, 0x00, 0x00, 
0x00, 0x00, 0x00, 0x00, 0x00, 0x00, 0x00, 0x00, 0x00, 0x00, 0x00, 0x00, 0x00, 0x00, 0x00, 0x00, 0x00, 0x00, 0x00, 0x00, 0x00, 0x00, 0x00, 0x00, 0x00, 0x00, 0x00, 0x00, 0x00, 0x00, 0x00, 0x00, 0x00, 0x00, 0x00, 0x00, 
0x00, 0x00, 0x00, 0x00, 0x00, 0x00, 0x00, 0x00, 0x00, 0x00, 0x00, 0x00, 0x00, 0x00, 0x00, 0x00, 0x00, 0x00, 0x00, 0x00, 0x00, 0x00, 0x00, 0x00, 0x00, 0x00, 0x00, 0x00, 0x00, 0x00, 0x00, 0x00, 0x00, 0x00, 0x00, 0x00, 
0x00, 0x00, 0x00, 0x00, 0x00, 0x00, 0x00, 0x00, 0x00, 0x00, 0x00, 0x00, 0x00, 0x00, 0x00, 0x00, 0x00, 0x00, 0x00, 0x00, 0x00, 0x00, 0x00, 0x00, 0x00, 0x00, 0x00, 0x00, 0x00, 0x00, 0x00, 0x00, 0x00, 0x00, 0x00, 0x00, 
0x00, 0x00, 0x00, 0x00, 0x00, 0x00, 0x00, 0x00, 0x00, 0x00, 0x00, 0x00, 0x00, 0x00, 0x00, 0x00, 0x00, 0x00, 0x00, 0x00, 0x00, 0x00, 0x00, 0x00, 0x00, 0x00, 0x00, 0x00, 0x00, 0x00, 0x00, 0x00, 0x00, 0x00, 0x00, 0x00, 
0x00, 0x00, 0x00, 0x00, 0x00, 0x00, 0x00, 0x00, 0x00, 0x00, 0x00, 0x00, 0x00, 0x00, 0x00, 0x00, 0x00, 0x00, 0x00, 0x00, 0x00, 0x00, 0x00, 0x00, 0x00, 0x00, 0x00, 0x00, 0x00, 0x00, 0x00, 0x00, 0x00, 0x00, 0x00, 0x00, 
0x00, 0x00, 0x00, 0x00, 0x00, 0x00, 0x00, 0x00, 0x00, 0x00, 0x00, 0x00, 0x00, 0x00, 0x00, 0x00, 0x00, 0x00, 0x00, 0x00, 0x00, 0x00, 0x00, 0x00, 0x00, 0x00, 0x00, 0x00, 0x00, 0x00, 0x00, 0x00, 0x00, 0x00, 0x00, 0x00, 
0x00, 0x00, 0x00, 0x00, 0x00, 0x00, 0x00, 0x00, 0x00, 0x00, 0x00, 0x00, 0x00, 0x00, 0x00, 0x00, 0x00, 0x00, 0x00, 0x00, 0x00, 0x00, 0x00, 0x00, 0x00, 0x00, 0x00, 0x00, 0x00, 0x00, 0x00, 0x00, 0x00, 0x00, 0x00, 0x00, 
0x00, 0x00, 0x00, 0x00, 0x00, 0x00, 0x00, 0x00, 0x00, 0x00, 0x00, 0x00, 0x00, 0x00, 0x00, 0x00, 0x00, 0x00, 0x00, 0x00, 0x00, 0x00, 0x00, 0x00, 0x00, 0x00, 0x00, 0x00, 0x00, 0x00, 0x00, 0x00, 0x00, 0x00, 0x00, 0x00, 
0x00, 0x00, 0x00, 0x00, 0x00, 0x00, 0x00, 0x00, 0x00, 0x00, 0x00, 0x00, 0x00, 0x00, 0x00, 0x00, 0x00, 0x00, 0x00, 0x00, 0x00, 0x00, 0x00, 0x00, 0x00, 0x00, 0x00, 0x00, 0x00, 0x00, 0x00, 0x00, 0x00, 0x00, 0x00, 0x00, 
0x00, 0x00, 0x00, 0x00, 0x00, 0x00, 0x00, 0x00, 0x00, 0x00, 0x00, 0x00, 0x00, 0x00, 0x00, 0x00, 0x00, 0x00, 0x00, 0x00, 0x00, 0x00, 0x00, 0x00, 0x00, 0x00, 0x00, 0x00, 0x00, 0x00, 0x00, 0x00, 0x00, 0x00, 0x00, 0x00, 
0x00, 0x00, 0x00, 0x00, 0x00, 0x00, 0x00, 0x00, 0x00, 0x00, 0x00, 0x00, 0x00, 0x00, 0x00, 0x00, 0x00, 0x00, 0x00, 0x00, 0x00, 0x00, 0x00, 0x00, 0x00, 0x00, 0x00, 0x00, 0x00, 0x00, 0x00, 0x00, 0x00, 0x00, 0x00, 0x00, 
0x00, 0x00, 0x00, 0x00, 0x00, 0x00, 0x00, 0x00, 0x00, 0x00, 0x00, 0x00, 0x00, 0x00, 0x00, 0x00, 0x00, 0x00, 0x00, 0x00, 0x00, 0x00, 0x00, 0x00, 0x00, 0x00, 0x00, 0x00, 0x00, 0x00, 0x00, 0x00, 0x00, 0x00, 0x00, 0x00, 
0x00, 0x00, 0x00, 0x00, 0x00, 0x00, 0x00, 0x00, 0x00, 0x00, 0x00, 0x00, 0x00, 0x00, 0x00, 0x00, 0x00, 0x00, 0x00, 0x00, 0x00, 0x00, 0x00, 0x00, 0x00, 0x00, 0x00, 0x00, 0x00, 0x00, 0x00, 0x00, 0x00, 0x00, 0x00, 0x00, 
0x00, 0x00, 0x00, 0x00, 0x00, 0x00, 0x00, 0x00, 0x00, 0x00, 0x00, 0x00, 0x00, 0x00, 0x00, 0x00, 0x00, 0x00, 0x00, 0x00, 0x00, 0x00, 0x00, 0x00, 0x00, 0x00, 0x00, 0x00, 0x00, 0x00, 0x00, 0x00, 0x00, 0x00, 0x00, 0x00, 
0x00, 0x00, 0x00, 0x00, 0x00, 0x00, 0x00, 0x00, 0x00, 0x00, 0x00, 0x00, 0x00, 0x00, 0x00, 0x00, 0x00, 0x00, 0x00, 0x00, 0x00, 0x00, 0x00, 0x00, 0x00, 0x00, 0x00, 0x00, 0x00, 0x00, 0x00, 0x00, 0x00, 0x00, 0x00, 0x00, 
0x00, 0x00, 0x00, 0x00, 0x00, 0x00, 0x00, 0x00, 0x00, 0x00, 0x00, 0x00, 0x00, 0x00, 0x00, 0x00, 0x00, 0x00, 0x00, 0x00, 0x00, 0x00, 0x00, 0x00, 0x00, 0x00, 0x00, 0x00, 0x00, 0x00, 0x00, 0x00, 0x00, 0x00, 0x00, 0x00, 
0x00, 0x00, 0x00, 0x00, 0x00, 0x00, 0x00, 0x00, 0x00, 0x00, 0x00, 0x00, 0x00, 0x00, 0x00, 0x00, 0x00, 0x00, 0x00, 0x00, 0x00, 0x00, 0x00, 0x00, 0x00, 0x00, 0x00, 0xe0, 0x7b, 0x02, 0xe0, 0x7b, 0x02, 0xe0, 0x7b, 0x02, 
0xe0, 0x7b, 0x02, 0xe0, 0x7b, 0x02, 0xe0, 0x7b, 0x02, 0xe0, 0x7b, 0x02, 0x00, 0x00, 0x01, 0x00, 0x00, 0x00, 0x00, 0x00, 0x00, 0x00, 0x00, 0x00, 0x00, 0x00, 0x00, 0x00, 0x00, 0x00, 0x00, 0x00, 0x00, 0x00, 0x00, 0x00, 
0x00, 0x00, 0x00, 0x00, 0x00, 0x00, 0x00, 0x00, 0x00, 0x00, 0x00, 0x00, 0x00, 0x00, 0x00, 0x00, 0x00, 0x00, 0x00, 0x00, 0x00, 0x00, 0x00, 0x00, 0x00, 0x00, 0x00, 0x00, 0x00, 0x00, 0x00, 0x00, 0x00, 0x00, 0x00, 0x00, 
0x00, 0x00, 0x00, 0x00, 0x00, 0x00, 0x00, 0x00, 0x00, 0xe0, 0x07, 0x01, 0xe0, 0x7b, 0x02, 0xe0, 0x7b, 0x02, 0xe0, 0x7b, 0x02, 0xef, 0x7b, 0x02, 0xef, 0x7b, 0x02, 0xe0, 0x7b, 0x02, 0x00, 0x00, 0x00, 0x00, 0x00, 0x00, 
0x00, 0x00, 0x00, 0x00, 0x00, 0x00, 0x00, 0x00, 0x00, 0x00, 0x00, 0x00, 0x00, 0x00, 0x00, 0x00, 0x00, 0x00, 0x00, 0x00, 0x00, 0x00, 0x00, 0x00, 0x00, 0x00, 0x00, 0x00, 0x00, 0x00, 0x00, 0x00, 0x00, 0x00, 0x00, 0x00, 
0x00, 0x00, 0x00, 0x00, 0x00, 0x00, 0x00, 0x00, 0x00, 0x00, 0x00, 0x00, 0x00, 0x00, 0x00, 0x00, 0x00, 0x00, 0x00, 0x00, 0x00, 0x00, 0x00, 0x00, 0x00, 0x00, 0x00, 0x00, 0x00, 0x00, 0x00, 0x00, 0x00, 0x00, 0x00, 0x00, 
0x00, 0x00, 0x00, 0x00, 0x00, 0x00, 0x00, 0x00, 0x00, 0x00, 0x00, 0x00, 0x00, 0x00, 0x00, 0x00, 0x00, 0x00, 0x00, 0x00, 0x00, 0x00, 0x00, 0x00, 0x00, 0x00, 0x00, 0x00, 0x00, 0x00, 0x00, 0x00, 0x00, 0x00, 0x00, 0x00, 
0x00, 0x00, 0x00, 0x00, 0x00, 0x00, 0x00, 0x00, 0x00, 0x00, 0x00, 0x00, 0x00, 0x00, 0x00, 0x00, 0x00, 0x00, 0x00, 0x00, 0x00, 0x00, 0x00, 0x00, 0x00, 0x00, 0x00, 0x00, 0x00, 0x00, 0x00, 0x00, 0x00, 0x00, 0x00, 0x00, 
0x00, 0x00, 0x00, 0x00, 0x00, 0x00, 0x00, 0x00, 0x00, 0x00, 0x00, 0x00, 0x00, 0x00, 0x00, 0x00, 0x00, 0x00, 0x00, 0x00, 0x00, 0x00, 0x00, 0x00, 0x00, 0x00, 0x00, 0x00, 0x00, 0x00, 0x00, 0x00, 0x00, 0x00, 0x00, 0x00, 
0x00, 0x00, 0x00, 0x00, 0x00, 0x00, 0x00, 0x00, 0x00, 0x00, 0x00, 0x00, 0x00, 0x00, 0x00, 0x00, 0x00, 0x00, 0x00, 0x00, 0x00, 0xef, 0xfb, 0x02, 0xef, 0xff, 0x02, 0xef, 0xff, 0x02, 0xef, 0xff, 0x02, 0xef, 0xff, 0x02, 
0xef, 0xff, 0x02, 0xef, 0xff, 0x02, 0xef, 0xff, 0x02, 0xef, 0xff, 0x02, 0xef, 0xff, 0x02, 0xef, 0xff, 0x02, 0xef, 0xff, 0x02, 0xef, 0xff, 0x02, 0xef, 0xff, 0x02, 0xef, 0xff, 0x02, 0xef, 0xfb, 0x02, 0xe0, 0xfb, 0x02, 
0xe0, 0xfb, 0x02, 0xe0, 0xfb, 0x02, 0xe0, 0xff, 0x01, 0xe0, 0xff, 0x01, 0x00, 0x00, 0x00, 0x00, 0x00, 0x00, 0x00, 0x00, 0x00, 0x00, 0x00, 0x00, 0x00, 0x00, 0x00, 0x00, 0x00, 0x00, 0x00, 0x00, 0x00, 0x00, 0x00, 0x00, 
0x00, 0x00, 0x00, 0x00, 0x00, 0x00, 0x00, 0x00, 0x00, 0x00, 0x00, 0x00, 0x00, 0x00, 0x00, 0x00, 0x00, 0x00, 0x00, 0x00, 0x00, 0x00, 0x00, 0x00, 0x00, 0x00, 0x00, 0x00, 0x00, 0x00, 0x00, 0x00, 0x00, 0x00, 0x00, 0x00, 
0x00, 0x00, 0x00, 0x00, 0x00, 0x00, 0x00, 0x00, 0x00, 0x00, 0x00, 0x00, 0x00, 0x00, 0x00, 0x00, 0x00, 0x00, 0x00, 0x00, 0x00, 0x00, 0x00, 0x00, 0x00, 0x00, 0x00, 0x00, 0x00, 0x00, 0x00, 0x00, 0x00, 0x00, 0x00, 0x00, 
0x00, 0x00, 0x00, 0x00, 0x00, 0x00, 0x00, 0x00, 0x00, 0x00, 0x00, 0x00, 0x00, 0x00, 0x00, 0x00, 0x00, 0x00, 0x00, 0x00, 0x00, 0x00, 0x00, 0x00, 0x00, 0x00, 0x00, 0x00, 0x00, 0x00, 0x00, 0x00, 0x00, 0x00, 0x00, 0x00, 
0x00, 0x00, 0x00, 0x00, 0x00, 0x00, 0x00, 0x00, 0x00, 0x00, 0x00, 0x00, 0x00, 0x00, 0x00, 0x00, 0x00, 0x00, 0x00, 0x00, 0x00, 0x00, 0x00, 0x00, 0x00, 0x00, 0x00, 0x00, 0x00, 0x00, 0x00, 0x00, 0x00, 0x00, 0x00, 0x00, 
0x00, 0x00, 0x00, 0x00, 0x00, 0x00, 0x00, 0x00, 0x00, 0x00, 0x00, 0x00, 0x00, 0x00, 0x00, 0x00, 0x00, 0x00, 0x00, 0x00, 0x00, 0x00, 0x00, 0x00, 0x00, 0x00, 0x00, 0x00, 0x00, 0x00, 0x00, 0x00, 0x00, 0x00, 0x00, 0x00, 
0x00, 0x00, 0x00, 0x00, 0x00, 0x00, 0x00, 0x00, 0x00, 0x00, 0x00, 0x00, 0x00, 0x00, 0x00, 0x00, 0x00, 0x00, 0x00, 0x00, 0x00, 0x00, 0x00, 0x00, 0x00, 0x00, 0x00, 0x00, 0x00, 0x00, 0x00, 0x00, 0x00, 0x00, 0x00, 0x00, 
0x00, 0x00, 0x00, 0x00, 0x00, 0x00, 0x00, 0x00, 0x00, 0x00, 0x00, 0x00, 0x00, 0x00, 0x00, 0x00, 0x00, 0x00, 0x00, 0x00, 0x00, 0x00, 0x00, 0x00, 0x00, 0x00, 0x00, 0x00, 0x00, 0x00, 0x00, 0x00, 0x00, 0x00, 0x00, 0x00, 
0x00, 0x00, 0x00, 0x00, 0x00, 0x00, 0x00, 0x00, 0x00, 0x00, 0x00, 0x00, 0x00, 0x00, 0x00, 0x00, 0x00, 0x00, 0x00, 0x00, 0x00, 0x00, 0x00, 0x00, 0x00, 0x00, 0x00, 0x00, 0x00, 0x00, 0x00, 0x00, 0x00, 0x00, 0x00, 0x00, 
0x00, 0x00, 0x00, 0x00, 0x00, 0x00, 0x00, 0x00, 0x00, 0x00, 0x00, 0x00, 0x00, 0x00, 0x00, 0x00, 0x00, 0x00, 0x00, 0x00, 0x00, 0x00, 0x00, 0x00, 0x00, 0x00, 0x00, 0x00, 0x00, 0x00, 0x00, 0x00, 0x00, 0x00, 0x00, 0x00, 
0x00, 0x00, 0x00, 0x00, 0x00, 0x00, 0x00, 0x00, 0x00, 0x00, 0x00, 0x00, 0x00, 0x00, 0x00, 0x00, 0x00, 0x00, 0x00, 0x00, 0x00, 0x00, 0x00, 0x00, 0x00, 0x00, 0x00, 0x00, 0x00, 0x00, 0x00, 0x00, 0x00, 0x00, 0x00, 0x00, 
0x00, 0x00, 0x00, 0x00, 0x00, 0x00, 0x00, 0x00, 0x00, 0x00, 0x00, 0x00, 0x00, 0x00, 0x00, 0x00, 0x00, 0x00, 0x00, 0x00, 0x00, 0x00, 0x00, 0x00, 0x00, 0x00, 0x00, 0x00, 0x00, 0x00, 0x00, 0x00, 0x00, 0x00, 0x00, 0x00, 
0x00, 0x00, 0x00, 0x00, 0x00, 0x00, 0x00, 0x00, 0x00, 0x00, 0x00, 0x00, 0x00, 0x00, 0x00, 0x00, 0x00, 0x00, 0x00, 0x00, 0x00, 0x00, 0x00, 0x00, 0x00, 0x00, 0x00, 0x00, 0x00, 0x00, 0x00, 0x00, 0x00, 0x00, 0x00, 0x00, 
0x00, 0x00, 0x00, 0x00, 0x00, 0x00, 0x00, 0x00, 0x00, 0x00, 0x00, 0x00, 0x00, 0x00, 0x00, 0x00, 0x00, 0x00, 0x00, 0x00, 0x00, 0x00, 0x00, 0x00, 0x00, 0x00, 0x00, 0x00, 0x00, 0x00, 0x00, 0x00, 0x00, 0x00, 0x00, 0x00, 
0x00, 0x00, 0x00, 0x00, 0x00, 0x00, 0x00, 0x00, 0x00, 0x00, 0x00, 0x00, 0x00, 0x00, 0x00, 0x00, 0x00, 0x00, 0x00, 0x00, 0x00, 0x00, 0x00, 0x00, 0x00, 0x00, 0x00, 0x00, 0x00, 0x00, 0x00, 0x00, 0x00, 0x00, 0x00, 0x00, 
0x00, 0x00, 0x00, 0x00, 0x00, 0x00, 0x00, 0x00, 0x00, 0x00, 0x00, 0x00, 0x00, 0x00, 0x00, 0x00, 0x00, 0x00, 0x00, 0x00, 0x00, 0x00, 0x00, 0x00, 0x00, 0x00, 0x00, 0x00, 0x00, 0x00, 0x00, 0x00, 0x00, 0x00, 0x00, 0x00, 
0x00, 0x00, 0x00, 0x00, 0x00, 0x00, 0x00, 0x00, 0x00, 0x00, 0x00, 0x00, 0x00, 0x00, 0x00, 0x00, 0x00, 0x00, 0x00, 0x00, 0x00, 0x00, 0x00, 0x00, 0x00, 0x00, 0x00, 0x00, 0x00, 0x00, 0x00, 0x00, 0x00, 0x00, 0x00, 0x00, 
0x00, 0x00, 0x00, 0x00, 0x00, 0x00, 0x00, 0x00, 0x00, 0x00, 0x00, 0x00, 0x00, 0x00, 0x00, 0x00, 0x00, 0x00, 0x00, 0x00, 0x00, 0x00, 0x00, 0x00, 0x00, 0x00, 0x00, 0x00, 0x00, 0x00, 0x00, 0x00, 0x00, 0x00, 0x00, 0x00, 
0x00, 0x00, 0x00, 0x00, 0x00, 0x00, 0x00, 0x00, 0x00, 0x00, 0x00, 0x00, 0x00, 0x00, 0x00, 0x00, 0x00, 0x00, 0x00, 0x00, 0x00, 0x00, 0x00, 0x00, 0x00, 0x00, 0x00, 0x00, 0x00, 0x00, 0x00, 0x00, 0x00, 0x00, 0x00, 0x00, 
0x00, 0x00, 0x00, 0x00, 0x00, 0x00, 0x00, 0x00, 0x00, 0x00, 0x00, 0x00, 0x00, 0x00, 0x00, 0x00, 0x00, 0x00, 0x00, 0x00, 0x00, 0x00, 0x00, 0x00, 0x00, 0x00, 0x00, 0x00, 0x00, 0x00, 0x00, 0x00, 0x00, 0x00, 0x00, 0x00, 
0x00, 0x00, 0x00, 0x00, 0x00, 0x00, 0x00, 0x00, 0x00, 0x00, 0x00, 0x00, 0x00, 0x00, 0x00, 0x00, 0x00, 0x00, 0x00, 0x00, 0x00, 0x00, 0x00, 0x00, 0x00, 0x00, 0x00, 0x00, 0x00, 0x00, 0x00, 0x00, 0x00, 0x00, 0x00, 0x00, 
0x00, 0x00, 0x00, 0x00, 0x00, 0x00, 0x4a, 0xad, 0x03, 0x4a, 0xfd, 0x03, 0xe0, 0xff, 0x01, 0x00, 0x00, 0x00, 0x00, 0x00, 0x00, 0x00, 0x00, 0x00, 0x00, 0x00, 0x00, 0x00, 0x00, 0x00, 0x00, 0x00, 0x00, 0x00, 0x00, 0x00, 
0x00, 0x00, 0x00, 0x00, 0x00, 0x00, 0x00, 0x00, 0x00, 0x00, 0x00, 0x00, 0x00, 0x00, 0x00, 0x00, 0x00, 0x00, 0x00, 0x00, 0x00, 0x00, 0x00, 0x00, 0x00, 0x00, 0x00, 0x00, 0x00, 0x00, 0x00, 0x00, 0x00, 0x00, 0x00, 0x00, 
0x00, 0x00, 0x00, 0x00, 0x00, 0x00, 0x00, 0x00, 0x00, 0x00, 0x00, 0x00, 0x00, 0x00, 0x00, 0x00, 0x00, 0x00, 0x00, 0x00, 0x00, 0x00, 0x00, 0x00, 0x00, 0x00, 0x00, 0x00, 0x00, 0x00, 0x00, 0x00, 0x00, 0x00, 0x00, 0x00, 
0x00, 0x00, 0x00, 0x00, 0x00, 0x00, 0x00, 0x00, 0x00, 0x00, 0x00, 0x00, 0x00, 0x00, 0x00, 0x00, 0x00, 0x00, 0x00, 0x00, 0x00, 0x00, 0x00, 0x00, 0x00, 0x00, 0x00, 0x00, 0x00, 0x00, 0x00, 0x00, 0x00, 0x00, 0x00, 0x00, 
0x00, 0x00, 0x00, 0x00, 0x00, 0x00, 0x00, 0x00, 0x00, 0x00, 0x00, 0x00, 0x00, 0x00, 0x00, 0x00, 0x00, 0x00, 0x00, 0x00, 0x00, 0x00, 0x00, 0x00, 0x00, 0x00, 0x00, 0x00, 0x00, 0x00, 0x00, 0x00, 0x00, 0x00, 0x00, 0x00, 
0x00, 0x00, 0x00, 0x00, 0x00, 0x00, 0x00, 0x00, 0x00, 0x00, 0x00, 0x00, 0x00, 0x00, 0x00, 0x00, 0x00, 0x00, 0x00, 0x00, 0x00, 0x00, 0x00, 0x00, 0x00, 0x00, 0x00, 0x00, 0x00, 0x00, 0x00, 0x00, 0x00, 0x00, 0x00, 0x00, 
0x00, 0x00, 0x00, 0x00, 0x00, 0x00, 0x00, 0x00, 0x00, 0x00, 0x00, 0x00, 0x00, 0x00, 0x00, 0x00, 0x00, 0x00, 0x00, 0x00, 0x00, 0x00, 0x00, 0x00, 0x00, 0x00, 0x00, 0x00, 0x00, 0x00, 0x00, 0x00, 0x00, 0x00, 0x00, 0x00, 
0x00, 0x00, 0x00, 0x00, 0x00, 0x00, 0x00, 0x00, 0x00, 0x00, 0x00, 0x00, 0x00, 0x00, 0x00, 0x00, 0x00, 0x00, 0x00, 0x00, 0x00, 0x00, 0x00, 0x00, 0x00, 0x00, 0x00, 0x00, 0x00, 0x00, 0x00, 0x00, 0x00, 0x00, 0x00, 0x00, 
0x00, 0x00, 0x00, 0x00, 0x00, 0x00, 0x00, 0x00, 0x00, 0x00, 0x00, 0x00, 0x00, 0x00, 0x00, 0x00, 0x00, 0x00, 0x00, 0x00, 0x00, 0x00, 0x00, 0x00, 0x00, 0x00, 0x00, 0x00, 0x00, 0x00, 0x00, 0x00, 0x00, 0x00, 0x00, 0x00, 
0x00, 0x00, 0x00, 0x00, 0x00, 0x00, 0x00, 0x00, 0x00, 0x00, 0x00, 0x00, 0x00, 0x00, 0x00, 0x00, 0x00, 0x00, 0x00, 0x00, 0x00, 0x00, 0x00, 0x00, 0x00, 0x00, 0x00, 0x00, 0x00, 0x00, 0x00, 0x00, 0x00, 0x00, 0x00, 0x00, 
0x00, 0x00, 0x00, 0x00, 0x00, 0x00, 0x00, 0x00, 0x00, 0x00, 0x00, 0x00, 0x67, 0x3c, 0x09, 0x67, 0x4c, 0x24, 0x88, 0x54, 0x25, 0x88, 0x54, 0x25, 0x88, 0x54, 0x25, 0x88, 0x54, 0x26, 0x88, 0x54, 0x26, 0x68, 0x4c, 0x27, 
0x48, 0x44, 0x0f, 0x00, 0x00, 0x00, 0x00, 0x00, 0x01, 0x00, 0x00, 0x00, 0x00, 0x00, 0x00, 0x00, 0x00, 0x00, 0x00, 0x00, 0x00, 0x00, 0x00, 0x00, 0x00, 0x00, 0x00, 0x00, 0x00, 0x00, 0x00, 0x00, 0x00, 0x00, 0x00, 0x00, 
0x00, 0x00, 0x00, 0x00, 0x00, 0x00, 0x00, 0x00, 0x00, 0x00, 0x00, 0x00, 0x00, 0x00, 0x00, 0x00, 0x00, 0x00, 0x00, 0x00, 0x00, 0x00, 0x00, 0x00, 0x00, 0x00, 0x00, 0x00, 0x00, 0x00, 0x00, 0x00, 0x00, 0x67, 0x54, 0x19, 
0x67, 0x54, 0x28, 0x88, 0x5c, 0x28, 0xa9, 0x5c, 0x2a, 0xc9, 0x5c, 0x2b, 0xa9, 0x5c, 0x2c, 0x89, 0x5c, 0x25, 0x26, 0x33, 0x05, 0x00, 0x00, 0x00, 0x00, 0x00, 0x00, 0x00, 0x00, 0x00, 0x00, 0x00, 0x00, 0x00, 0x00, 0x00, 
0x00, 0x00, 0x00, 0x00, 0x00, 0x00, 0x00, 0x00, 0x00, 0x00, 0x00, 0x00, 0x00, 0x00, 0x00, 0x00, 0x00, 0x00, 0x00, 0x00, 0x00, 0x00, 0x00, 0x00, 0x00, 0x00, 0x00, 0x00, 0x00, 0x00, 0x00, 0x00, 0x00, 0x00, 0x00, 0x00, 
0x00, 0x00, 0x00, 0x00, 0x00, 0x00, 0x00, 0x00, 0x00, 0x00, 0x00, 0x00, 0x00, 0x00, 0x00, 0x00, 0x00, 0x00, 0x00, 0x00, 0x00, 0x00, 0x00, 0x00, 0x00, 0x00, 0x00, 0x00, 0x00, 0x00, 0x00, 0x00, 0x00, 0x00, 0x00, 0x00, 
0x00, 0x00, 0x00, 0x00, 0x00, 0x00, 0x00, 0x00, 0x00, 0x00, 0x00, 0x00, 0x00, 0x00, 0x00, 0x00, 0x00, 0x00, 0x00, 0x00, 0x00, 0x00, 0x00, 0x00, 0x00, 0x00, 0x00, 0x00, 0x00, 0x00, 0x00, 0x00, 0x00, 0x00, 0x00, 0x00, 
0x00, 0x00, 0x00, 0x00, 0x00, 0x00, 0x00, 0x00, 0x00, 0x00, 0x00, 0x00, 0x00, 0x00, 0x00, 0x00, 0x00, 0x00, 0x00, 0x00, 0x00, 0x00, 0x00, 0x00, 0x00, 0x00, 0x00, 0x00, 0x00, 0x00, 0x00, 0x00, 0x00, 0x00, 0x00, 0x00, 
0x00, 0x00, 0x00, 0x00, 0x00, 0x00, 0x00, 0x00, 0x00, 0x00, 0x00, 0x00, 0x00, 0x00, 0x00, 0x00, 0x00, 0x00, 0x00, 0x00, 0x00, 0x00, 0x00, 0x00, 0x00, 0x00, 0x00, 0x00, 0x00, 0x00, 0x00, 0x00, 0x00, 0x00, 0x00, 0x00, 
0x00, 0x00, 0x00, 0x00, 0x00, 0x00, 0xe0, 0x7b, 0x02, 0xcb, 0xdd, 0x25, 0xeb, 0xe5, 0x33, 0xea, 0xe5, 0x2f, 0xea, 0xe5, 0x2f, 0xea, 0xed, 0x30, 0xea, 0xed, 0x30, 0xea, 0xed, 0x30, 0xea, 0xed, 0x30, 0xc9, 0xe5, 0x30, 
0xc9, 0xe5, 0x30, 0xea, 0xe5, 0x2f, 0xea, 0xe5, 0x2f, 0x0a, 0xee, 0x2e, 0xe9, 0xe5, 0x2e, 0xc9, 0xe5, 0x2d, 0xe9, 0xe5, 0x2b, 0xa9, 0xe5, 0x27, 0xca, 0xe5, 0x26, 0x2a, 0xe6, 0x20, 0x0b, 0xe6, 0x19, 0xf3, 0xff, 0x05, 
0x00, 0x00, 0x00, 0x00, 0x00, 0x00, 0x00, 0x00, 0x00, 0x4a, 0xad, 0x03, 0xe0, 0xff, 0x01, 0x00, 0x00, 0x00, 0x00, 0x00, 0x00, 0x00, 0x00, 0x00, 0x00, 0x00, 0x00, 0x00, 0x00, 0x00, 0x00, 0x00, 0x00, 0x00, 0x00, 0x00, 
0x00, 0x00, 0x00, 0x00, 0x00, 0x00, 0x00, 0x00, 0x00, 0x00, 0x00, 0x00, 0x00, 0x00, 0x00, 0x00, 0x00, 0x00, 0x00, 0x00, 0x00, 0x00, 0x00, 0x00, 0x00, 0x00, 0x00, 0x00, 0x00, 0x00, 0x00, 0x00, 0x00, 0x00, 0x00, 0x00, 
0x00, 0x00, 0x00, 0x00, 0x00, 0x00, 0x00, 0x00, 0x00, 0x00, 0x00, 0x00, 0x00, 0x00, 0x00, 0x00, 0x00, 0x00, 0x00, 0x00, 0x00, 0x00, 0x00, 0x00, 0x00, 0x00, 0x00, 0x00, 0x00, 0x00, 0x00, 0x00, 0x00, 0x00, 0x00, 0x00, 
0x00, 0x00, 0x00, 0x00, 0x00, 0x00, 0x00, 0x00, 0x00, 0x00, 0x00, 0x00, 0x00, 0x00, 0x00, 0x00, 0x00, 0x00, 0x00, 0x00, 0x00, 0x00, 0x00, 0x00, 0x00, 0x00, 0x00, 0x00, 0x00, 0x00, 0x00, 0x00, 0x00, 0x00, 0x00, 0x00, 
0x00, 0x00, 0x00, 0x00, 0x00, 0x00, 0x00, 0x00, 0x00, 0x00, 0x00, 0x00, 0x00, 0x00, 0x00, 0x00, 0x00, 0x00, 0x00, 0x00, 0x00, 0x00, 0x00, 0x00, 0x00, 0x00, 0x00, 0x00, 0x00, 0x00, 0x00, 0x00, 0x00, 0x00, 0x00, 0x00, 
0x00, 0x00, 0x00, 0x00, 0x00, 0x00, 0x00, 0x00, 0x00, 0x00, 0x00, 0x00, 0x00, 0x00, 0x00, 0x00, 0x00, 0x00, 0x00, 0x00, 0x00, 0x00, 0x00, 0x00, 0x00, 0x00, 0x00, 0x00, 0x00, 0x00, 0x00, 0x00, 0x00, 0x00, 0x00, 0x00, 
0x00, 0x00, 0x00, 0x00, 0x00, 0x00, 0x00, 0x00, 0x00, 0x00, 0x00, 0x00, 0x00, 0x00, 0x00, 0x00, 0x00, 0x00, 0x00, 0x00, 0x00, 0x00, 0x00, 0x00, 0x00, 0x00, 0x00, 0x00, 0x00, 0x00, 0x00, 0x00, 0x00, 0x00, 0x00, 0x00, 
0x00, 0x00, 0x00, 0x00, 0x00, 0x00, 0x00, 0x00, 0x00, 0x00, 0x00, 0x00, 0x00, 0x00, 0x00, 0x00, 0x00, 0x00, 0x00, 0x00, 0x00, 0x00, 0x00, 0x00, 0x00, 0x00, 0x00, 0x00, 0x00, 0x00, 0x00, 0x00, 0x00, 0x00, 0x00, 0x00, 
0x00, 0x00, 0x00, 0x00, 0x00, 0x00, 0x00, 0x00, 0x00, 0x00, 0x00, 0x00, 0x00, 0x00, 0x00, 0x00, 0x00, 0x00, 0x00, 0x00, 0x00, 0x00, 0x00, 0x00, 0x00, 0x00, 0x00, 0x00, 0x00, 0x00, 0x00, 0x00, 0x00, 0x00, 0x00, 0x00, 
0x00, 0x00, 0x00, 0x00, 0x00, 0x00, 0x00, 0x00, 0x00, 0x00, 0x00, 0x00, 0x00, 0x00, 0x00, 0x00, 0x00, 0x00, 0x00, 0x00, 0x00, 0x00, 0x00, 0x00, 0x00, 0x00, 0x00, 0x00, 0x00, 0x00, 0x00, 0x00, 0x00, 0x00, 0x00, 0x00, 
0xa0, 0x52, 0x03, 0x00, 0x00, 0x00, 0x85, 0x3b, 0x41, 0xa4, 0x33, 0xf3, 0xc3, 0x33, 0xf2, 0xc3, 0x33, 0xf3, 0xc3, 0x33, 0xf3, 0xc3, 0x33, 0xf3, 0xc3, 0x33, 0xf1, 0xe4, 0x33, 0xf5, 0x63, 0x2b, 0xa8, 0x00, 0x00, 0x00, 
0xe0, 0x03, 0x02, 0x00, 0x00, 0x00, 0x00, 0x00, 0x00, 0x00, 0x00, 0x00, 0x00, 0x00, 0x00, 0x00, 0x00, 0x00, 0x00, 0x00, 0x00, 0x00, 0x00, 0x00, 0x00, 0x00, 0x00, 0x00, 0x00, 0x00, 0x00, 0x00, 0x00, 0x00, 0x00, 0x00, 
0x00, 0x00, 0x00, 0x00, 0x00, 0x00, 0x00, 0x00, 0x00, 0x00, 0x00, 0x00, 0x00, 0x00, 0x00, 0x00, 0x00, 0x00, 0xe0, 0x07, 0x01, 0x00, 0x00, 0x00, 0x63, 0x2b, 0x1c, 0x84, 0x33, 0xdf, 0xe4, 0x33, 0xf5, 0xc4, 0x33, 0xf3, 
0xc4, 0x33, 0xf6, 0xe4, 0x33, 0xf6, 0xe4, 0x33, 0xf7, 0xa4, 0x3b, 0xf1, 0x84, 0x3b, 0x2f, 0x00, 0x00, 0x00, 0xe0, 0x03, 0x02, 0x00, 0x00, 0x00, 0x00, 0x00, 0x00, 0x00, 0x00, 0x00, 0x00, 0x00, 0x00, 0x00, 0x00, 0x00, 
0x00, 0x00, 0x00, 0x00, 0x00, 0x00, 0x00, 0x00, 0x00, 0x00, 0x00, 0x00, 0x00, 0x00, 0x00, 0x00, 0x00, 0x00, 0x00, 0x00, 0x00, 0x00, 0x00, 0x00, 0x00, 0x00, 0x00, 0x00, 0x00, 0x00, 0x00, 0x00, 0x00, 0x00, 0x00, 0x00, 
0x00, 0x00, 0x00, 0x00, 0x00, 0x00, 0x00, 0x00, 0x00, 0x00, 0x00, 0x00, 0x00, 0x00, 0x00, 0x00, 0x00, 0x00, 0x00, 0x00, 0x00, 0x00, 0x00, 0x00, 0x00, 0x00, 0x00, 0x00, 0x00, 0x00, 0x00, 0x00, 0x00, 0x00, 0x00, 0x00, 
0x00, 0x00, 0x00, 0x00, 0x00, 0x00, 0x00, 0x00, 0x00, 0x00, 0x00, 0x00, 0x00, 0x00, 0x00, 0x00, 0x00, 0x00, 0x00, 0x00, 0x00, 0x00, 0x00, 0x00, 0x00, 0x00, 0x00, 0x00, 0x00, 0x00, 0x00, 0x00, 0x00, 0x00, 0x00, 0x00, 
0x00, 0x00, 0x00, 0x00, 0x00, 0x00, 0x00, 0x00, 0x00, 0x00, 0x00, 0x00, 0x00, 0x00, 0x00, 0x00, 0x00, 0x00, 0x00, 0x00, 0x00, 0x00, 0x00, 0x00, 0x00, 0x00, 0x00, 0x00, 0x00, 0x00, 0x00, 0x00, 0x00, 0x00, 0x00, 0x00, 
0x00, 0x00, 0x00, 0x00, 0x00, 0x00, 0x00, 0x00, 0x00, 0x00, 0x00, 0x00, 0x00, 0x00, 0x00, 0x00, 0x00, 0x00, 0x00, 0x00, 0x00, 0x00, 0x00, 0x00, 0x00, 0x00, 0x00, 0x00, 0x00, 0x00, 0xe0, 0xff, 0x01, 0x00, 0x00, 0x00, 
0xab, 0xd5, 0x11, 0x69, 0xd5, 0xda, 0x66, 0xe5, 0xfc, 0x65, 0xdd, 0xf7, 0x66, 0xdd, 0xf9, 0x66, 0xdd, 0xf9, 0x66, 0xdd, 0xf9, 0x66, 0xdd, 0xf9, 0x66, 0xdd, 0xf9, 0x66, 0xdd, 0xf9, 0x66, 0xdd, 0xf9, 0x66, 0xdd, 0xf9, 
0x46, 0xdd, 0xf8, 0x46, 0xdd, 0xf8, 0x45, 0xdd, 0xf8, 0x65, 0xdd, 0xf7, 0x45, 0xdd, 0xf6, 0x46, 0xdd, 0xf4, 0x66, 0xdd, 0xf3, 0x67, 0xdd, 0xef, 0x67, 0xdd, 0xe5, 0x67, 0xdd, 0xc8, 0x67, 0xdd, 0x95, 0xa8, 0xdd, 0x5d, 
0xeb, 0xd5, 0x17, 0x00, 0x00, 0x00, 0x00, 0x00, 0x00, 0xef, 0xff, 0x02, 0x00, 0x00, 0x00, 0x00, 0x00, 0x00, 0x00, 0x00, 0x00, 0x00, 0x00, 0x00, 0x00, 0x00, 0x00, 0x00, 0x00, 0x00, 0x00, 0x00, 0x00, 0x00, 0x00, 0x00, 
0x00, 0x00, 0x00, 0x00, 0x00, 0x00, 0x00, 0x00, 0x00, 0x00, 0x00, 0x00, 0x00, 0x00, 0x00, 0x00, 0x00, 0x00, 0x00, 0x00, 0x00, 0x00, 0x00, 0x00, 0x00, 0x00, 0x00, 0x00, 0x00, 0x00, 0x00, 0x00, 0x00, 0x00, 0x00, 0x00, 
0x00, 0x00, 0x00, 0x00, 0x00, 0x00, 0x00, 0x00, 0x00, 0x00, 0x00, 0x00, 0x00, 0x00, 0x00, 0x00, 0x00, 0x00, 0x00, 0x00, 0x00, 0x00, 0x00, 0x00, 0x00, 0x00, 0x00, 0x00, 0x00, 0x00, 0x00, 0x00, 0x00, 0x00, 0x00, 0x00, 
0x00, 0x00, 0x00, 0x00, 0x00, 0x00, 0x00, 0x00, 0x00, 0x00, 0x00, 0x00, 0x00, 0x00, 0x00, 0x00, 0x00, 0x00, 0x00, 0x00, 0x00, 0x00, 0x00, 0x00, 0x00, 0x00, 0x00, 0x00, 0x00, 0x00, 0x00, 0x00, 0x00, 0x00, 0x00, 0x00, 
0x00, 0x00, 0x00, 0x00, 0x00, 0x00, 0x00, 0x00, 0x00, 0x00, 0x00, 0x00, 0x00, 0x00, 0x00, 0x00, 0x00, 0x00, 0x00, 0x00, 0x00, 0x00, 0x00, 0x00, 0x00, 0x00, 0x00, 0x00, 0x00, 0x00, 0x00, 0x00, 0x00, 0x00, 0x00, 0x00, 
0x00, 0x00, 0x00, 0x00, 0x00, 0x00, 0x00, 0x00, 0x00, 0x00, 0x00, 0x00, 0x00, 0x00, 0x00, 0x00, 0x00, 0x00, 0x00, 0x00, 0x00, 0x00, 0x00, 0x00, 0x00, 0x00, 0x00, 0x00, 0x00, 0x00, 0x00, 0x00, 0x00, 0x00, 0x00, 0x00, 
0x00, 0x00, 0x00, 0x00, 0x00, 0x00, 0x00, 0x00, 0x00, 0x00, 0x00, 0x00, 0x00, 0x00, 0x00, 0x00, 0x00, 0x00, 0x00, 0x00, 0x00, 0x00, 0x00, 0x00, 0x00, 0x00, 0x00, 0x00, 0x00, 0x00, 0x00, 0x00, 0x00, 0x00, 0x00, 0x00, 
0x00, 0x00, 0x00, 0x00, 0x00, 0x00, 0x00, 0x00, 0x00, 0x00, 0x00, 0x00, 0x00, 0x00, 0x00, 0x00, 0x00, 0x00, 0x00, 0x00, 0x00, 0x00, 0x00, 0x00, 0x00, 0x00, 0x00, 0x00, 0x00, 0x00, 0x00, 0x00, 0x00, 0x00, 0x00, 0x00, 
0x00, 0x00, 0x00, 0x00, 0x00, 0x00, 0x00, 0x00, 0x00, 0x00, 0x00, 0x00, 0x00, 0x00, 0x00, 0x00, 0x00, 0x00, 0x00, 0x00, 0x00, 0x00, 0x00, 0x00, 0x00, 0x00, 0x00, 0x00, 0x00, 0x00, 0x00, 0x00, 0x00, 0x00, 0x00, 0x00, 
0x00, 0x00, 0x00, 0x00, 0x00, 0x00, 0x00, 0x00, 0x00, 0x00, 0x00, 0x00, 0x00, 0x00, 0x00, 0x00, 0x00, 0x00, 0x00, 0x00, 0x00, 0x00, 0x00, 0x00, 0x00, 0x00, 0x00, 0x00, 0x00, 0x00, 0xa0, 0x02, 0x03, 0x00, 0x00, 0x00, 
0x43, 0x2b, 0x40, 0xc2, 0x2b, 0xff, 0x01, 0x2c, 0xff, 0xe1, 0x2b, 0xff, 0xe1, 0x2b, 0xff, 0xe1, 0x2b, 0xff, 0xe1, 0x2b, 0xff, 0x01, 0x2c, 0xff, 0xa2, 0x2b, 0xf1, 0x82, 0x2b, 0x1b, 0x00, 0x00, 0x00, 0xe0, 0x03, 0x02, 
0x00, 0x00, 0x00, 0x00, 0x00, 0x00, 0x00, 0x00, 0x00, 0x00, 0x00, 0x00, 0x00, 0x00, 0x00, 0x00, 0x00, 0x00, 0x00, 0x00, 0x00, 0x00, 0x00, 0x00, 0x00, 0x00, 0x00, 0x00, 0x00, 0x00, 0x00, 0x00, 0x00, 0x00, 0x00, 0x00, 
0x00, 0x00, 0x00, 0x00, 0x00, 0x00, 0x00, 0x00, 0x00, 0x00, 0x00, 0x00, 0xa0, 0x52, 0x03, 0x00, 0x00, 0x00, 0x22, 0x23, 0x55, 0xe2, 0x2b, 0xff, 0x01, 0x2c, 0xff, 0xe1, 0x2b, 0xff, 0xe1, 0x2b, 0xff, 0xe1, 0x23, 0xff, 
0x01, 0x2c, 0xff, 0xa2, 0x2b, 0xfd, 0x63, 0x2b, 0x31, 0x00, 0x00, 0x00, 0xe0, 0x03, 0x02, 0x00, 0x00, 0x00, 0x00, 0x00, 0x00, 0x00, 0x00, 0x00, 0x00, 0x00, 0x00, 0x00, 0x00, 0x00, 0x00, 0x00, 0x00, 0x00, 0x00, 0x00, 
0x00, 0x00, 0x00, 0x00, 0x00, 0x00, 0x00, 0x00, 0x00, 0x00, 0x00, 0x00, 0x00, 0x00, 0x00, 0x00, 0x00, 0x00, 0x00, 0x00, 0x00, 0x00, 0x00, 0x00, 0x00, 0x00, 0x00, 0x00, 0x00, 0x00, 0x00, 0x00, 0x00, 0x00, 0x00, 0x00, 
0x00, 0x00, 0x00, 0x00, 0x00, 0x00, 0x00, 0x00, 0x00, 0x00, 0x00, 0x00, 0x00, 0x00, 0x00, 0x00, 0x00, 0x00, 0x00, 0x00, 0x00, 0x00, 0x00, 0x00, 0x00, 0x00, 0x00, 0x00, 0x00, 0x00, 0x00, 0x00, 0x00, 0x00, 0x00, 0x00, 
0x00, 0x00, 0x00, 0x00, 0x00, 0x00, 0x00, 0x00, 0x00, 0x00, 0x00, 0x00, 0x00, 0x00, 0x00, 0x00, 0x00, 0x00, 0x00, 0x00, 0x00, 0x00, 0x00, 0x00, 0x00, 0x00, 0x00, 0x00, 0x00, 0x00, 0x00, 0x00, 0x00, 0x00, 0x00, 0x00, 
0x00, 0x00, 0x00, 0x00, 0x00, 0x00, 0x00, 0x00, 0x00, 0x00, 0x00, 0x00, 0x00, 0x00, 0x00, 0x00, 0x00, 0x00, 0x00, 0x00, 0x00, 0x00, 0x00, 0x00, 0x00, 0x00, 0x00, 0x00, 0x00, 0x00, 0x00, 0x00, 0x00, 0x00, 0x00, 0x00, 
0x00, 0x00, 0x00, 0x00, 0x00, 0x00, 0x00, 0x00, 0x00, 0x00, 0x00, 0x00, 0x00, 0x00, 0x00, 0x00, 0x00, 0x00, 0x00, 0x00, 0x00, 0x00, 0x00, 0x00, 0xe0, 0xff, 0x01, 0x00, 0x00, 0x00, 0xab, 0xd5, 0x11, 0x46, 0xdd, 0xe1, 
0x62, 0xed, 0xff, 0x42, 0xe5, 0xfd, 0x42, 0xe5, 0xff, 0x42, 0xe5, 0xff, 0x42, 0xe5, 0xff, 0x42, 0xe5, 0xff, 0x42, 0xe5, 0xff, 0x42, 0xe5, 0xff, 0x42, 0xe5, 0xff, 0x42, 0xe5, 0xff, 0x42, 0xe5, 0xff, 0x42, 0xe5, 0xff, 
0x42, 0xe5, 0xff, 0x42, 0xe5, 0xff, 0x42, 0xe5, 0xff, 0x42, 0xed, 0xff, 0x42, 0xed, 0xff, 0x42, 0xed, 0xff, 0x62, 0xed, 0xff, 0x63, 0xed, 0xff, 0x83, 0xf5, 0xff, 0x85, 0xe5, 0xff, 0x66, 0xdd, 0xe3, 0x88, 0xdd, 0x88, 
0xc8, 0xd5, 0x12, 0x00, 0x00, 0x00, 0xef, 0xfb, 0x02, 0x00, 0x00, 0x00, 0x00, 0x00, 0x00, 0x00, 0x00, 0x00, 0x00, 0x00, 0x00, 0x00, 0x00, 0x00, 0x00, 0x00, 0x00, 0x00, 0x00, 0x00, 0x00, 0x00, 0x00, 0x00, 0x00, 0x00, 
0x00, 0x00, 0x00, 0x00, 0x00, 0x00, 0x00, 0x00, 0x00, 0x00, 0x00, 0x00, 0x00, 0x00, 0x00, 0x00, 0x00, 0x00, 0x00, 0x00, 0x00, 0x00, 0x00, 0x00, 0x00, 0x00, 0x00, 0x00, 0x00, 0x00, 0x00, 0x00, 0x00, 0x00, 0x00, 0x00, 
0x00, 0x00, 0x00, 0x00, 0x00, 0x00, 0x00, 0x00, 0x00, 0x00, 0x00, 0x00, 0x00, 0x00, 0x00, 0x00, 0x00, 0x00, 0x00, 0x00, 0x00, 0x00, 0x00, 0x00, 0x00, 0x00, 0x00, 0x00, 0x00, 0x00, 0x00, 0x00, 0x00, 0x00, 0x00, 0x00, 
0x00, 0x00, 0x00, 0x00, 0x00, 0x00, 0x00, 0x00, 0x00, 0x00, 0x00, 0x00, 0x00, 0x00, 0x00, 0x00, 0x00, 0x00, 0x00, 0x00, 0x00, 0x00, 0x00, 0x00, 0x00, 0x00, 0x00, 0x00, 0x00, 0x00, 0x00, 0x00, 0x00, 0x00, 0x00, 0x00, 
0x00, 0x00, 0x00, 0x00, 0x00, 0x00, 0x00, 0x00, 0x00, 0x00, 0x00, 0x00, 0x00, 0x00, 0x00, 0x00, 0x00, 0x00, 0x00, 0x00, 0x00, 0x00, 0x00, 0x00, 0x00, 0x00, 0x00, 0x00, 0x00, 0x00, 0x00, 0x00, 0x00, 0x00, 0x00, 0x00, 
0x00, 0x00, 0x00, 0x00, 0x00, 0x00, 0x00, 0x00, 0x00, 0x00, 0x00, 0x00, 0x00, 0x00, 0x00, 0x00, 0x00, 0x00, 0x00, 0x00, 0x00, 0x00, 0x00, 0x00, 0x00, 0x00, 0x00, 0x00, 0x00, 0x00, 0x00, 0x00, 0x00, 0x00, 0x00, 0x00, 
0x00, 0x00, 0x00, 0x00, 0x00, 0x00, 0x00, 0x00, 0x00, 0x00, 0x00, 0x00, 0x00, 0x00, 0x00, 0x00, 0x00, 0x00, 0x00, 0x00, 0x00, 0x00, 0x00, 0x00, 0x00, 0x00, 0x00, 0x00, 0x00, 0x00, 0x00, 0x00, 0x00, 0x00, 0x00, 0x00, 
0x00, 0x00, 0x00, 0x00, 0x00, 0x00, 0x00, 0x00, 0x00, 0x00, 0x00, 0x00, 0x00, 0x00, 0x00, 0x00, 0x00, 0x00, 0x00, 0x00, 0x00, 0x00, 0x00, 0x00, 0x00, 0x00, 0x00, 0x00, 0x00, 0x00, 0x00, 0x00, 0x00, 0x00, 0x00, 0x00, 
0x00, 0x00, 0x00, 0x00, 0x00, 0x00, 0x00, 0x00, 0x00, 0x00, 0x00, 0x00, 0x00, 0x00, 0x00, 0x00, 0x00, 0x00, 0x00, 0x00, 0x00, 0x00, 0x00, 0x00, 0x00, 0x00, 0x00, 0x00, 0x00, 0x00, 0x00, 0x00, 0x00, 0x00, 0x00, 0x00, 
0x00, 0x00, 0x00, 0x00, 0x00, 0x00, 0x00, 0x00, 0x00, 0x00, 0x00, 0x00, 0x00, 0x00, 0x00, 0x00, 0x00, 0x00, 0x00, 0x00, 0x00, 0x00, 0x00, 0x00, 0xa0, 0x02, 0x03, 0x00, 0x00, 0x00, 0x43, 0x2b, 0x3e, 0xa2, 0x2b, 0xfe, 
0x01, 0x2c, 0xfd, 0xe1, 0x23, 0xfd, 0x01, 0x2c, 0xfd, 0xe1, 0x2b, 0xfd, 0x01, 0x2c, 0xfd, 0x01, 0x24, 0xfb, 0xe2, 0x2b, 0xff, 0x42, 0x23, 0x5d, 0x00, 0x00, 0x00, 0xa0, 0x02, 0x03, 0x00, 0x00, 0x00, 0x00, 0x00, 0x00, 
0x00, 0x00, 0x00, 0x00, 0x00, 0x00, 0x00, 0x00, 0x00, 0x00, 0x00, 0x00, 0x00, 0x00, 0x00, 0x00, 0x00, 0x00, 0x00, 0x00, 0x00, 0x00, 0x00, 0x00, 0x00, 0x00, 0x00, 0x00, 0x00, 0x00, 0x00, 0x00, 0x00, 0x00, 0x00, 0x00, 
0x00, 0x00, 0x00, 0x00, 0x00, 0x00, 0xe0, 0x03, 0x02, 0x00, 0x00, 0x00, 0x62, 0x23, 0xa0, 0x22, 0x2c, 0xfe, 0xe1, 0x23, 0xfa, 0xe1, 0x2b, 0xfd, 0xe1, 0x2b, 0xfd, 0x01, 0x2c, 0xfc, 0x01, 0x2c, 0xfe, 0xa2, 0x2b, 0xf9, 
0x62, 0x2b, 0x30, 0x00, 0x00, 0x00, 0xe0, 0x03, 0x02, 0x00, 0x00, 0x00, 0x00, 0x00, 0x00, 0x00, 0x00, 0x00, 0x00, 0x00, 0x00, 0x00, 0x00, 0x00, 0x00, 0x00, 0x00, 0x00, 0x00, 0x00, 0x00, 0x00, 0x00, 0x00, 0x00, 0x00, 
0x00, 0x00, 0x00, 0x00, 0x00, 0x00, 0x00, 0x00, 0x00, 0x00, 0x00, 0x00, 0x00, 0x00, 0x00, 0x00, 0x00, 0x00, 0x00, 0x00, 0x00, 0x00, 0x00, 0x00, 0x00, 0x00, 0x00, 0x00, 0x00, 0x00, 0x00, 0x00, 0x00, 0x00, 0x00, 0x00, 
0x00, 0x00, 0x00, 0x00, 0x00, 0x00, 0x00, 0x00, 0x00, 0x00, 0x00, 0x00, 0x00, 0x00, 0x00, 0x00, 0x00, 0x00, 0x00, 0x00, 0x00, 0x00, 0x00, 0x00, 0x00, 0x00, 0x00, 0x00, 0x00, 0x00, 0x00, 0x00, 0x00, 0x00, 0x00, 0x00, 
0x00, 0x00, 0x00, 0x00, 0x00, 0x00, 0x00, 0x00, 0x00, 0x00, 0x00, 0x00, 0x00, 0x00, 0x00, 0x00, 0x00, 0x00, 0x00, 0x00, 0x00, 0x00, 0x00, 0x00, 0x00, 0x00, 0x00, 0x00, 0x00, 0x00, 0x00, 0x00, 0x00, 0x00, 0x00, 0x00, 
0x00, 0x00, 0x00, 0x00, 0x00, 0x00, 0x00, 0x00, 0x00, 0x00, 0x00, 0x00, 0x00, 0x00, 0x00, 0x00, 0x00, 0x00, 0x00, 0x00, 0x00, 0x00, 0x00, 0x00, 0x00, 0x00, 0x00, 0x00, 0x00, 0x00, 0x00, 0x00, 0x00, 0x00, 0x00, 0x00, 
0x00, 0x00, 0x00, 0x00, 0x00, 0x00, 0x00, 0x00, 0x00, 0x00, 0x00, 0x00, 0x00, 0x00, 0x00, 0x00, 0x00, 0x00, 0xe0, 0xff, 0x01, 0x00, 0x00, 0x00, 0x48, 0xcd, 0x0f, 0x45, 0xdd, 0xdd, 0x62, 0xed, 0xfe, 0x42, 0xe5, 0xfb, 
0x42, 0xe5, 0xfd, 0x42, 0xe5, 0xfd, 0x42, 0xe5, 0xfc, 0x42, 0xe5, 0xfb, 0x42, 0xe5, 0xfb, 0x42, 0xe5, 0xfb, 0x42, 0xe5, 0xfb, 0x42, 0xe5, 0xfb, 0x42, 0xe5, 0xfb, 0x42, 0xe5, 0xfb, 0x42, 0xe5, 0xfb, 0x42, 0xe5, 0xfb, 
0x42, 0xed, 0xfb, 0x42, 0xe5, 0xfb, 0x42, 0xe5, 0xfb, 0x42, 0xe5, 0xfc, 0x42, 0xe5, 0xfc, 0x42, 0xe5, 0xfc, 0x42, 0xe5, 0xfb, 0x41, 0xe5, 0xfc, 0x42, 0xed, 0xff, 0xa4, 0xed, 0xff, 0x66, 0xdd, 0xd6, 0x48, 0xd5, 0x37, 
0x00, 0x00, 0x00, 0xef, 0xff, 0x02, 0x00, 0x00, 0x00, 0x00, 0x00, 0x00, 0x00, 0x00, 0x00, 0x00, 0x00, 0x00, 0x00, 0x00, 0x00, 0x00, 0x00, 0x00, 0x00, 0x00, 0x00, 0x00, 0x00, 0x00, 0x00, 0x00, 0x00, 0x00, 0x00, 0x00, 
0x00, 0x00, 0x00, 0x00, 0x00, 0x00, 0x00, 0x00, 0x00, 0x00, 0x00, 0x00, 0x00, 0x00, 0x00, 0x00, 0x00, 0x00, 0x00, 0x00, 0x00, 0x00, 0x00, 0x00, 0x00, 0x00, 0x00, 0x00, 0x00, 0x00, 0x00, 0x00, 0x00, 0x00, 0x00, 0x00, 
0x00, 0x00, 0x00, 0x00, 0x00, 0x00, 0x00, 0x00, 0x00, 0x00, 0x00, 0x00, 0x00, 0x00, 0x00, 0x00, 0x00, 0x00, 0x00, 0x00, 0x00, 0x00, 0x00, 0x00, 0x00, 0x00, 0x00, 0x00, 0x00, 0x00, 0x00, 0x00, 0x00, 0x00, 0x00, 0x00, 
0x00, 0x00, 0x00, 0x00, 0x00, 0x00, 0x00, 0x00, 0x00, 0x00, 0x00, 0x00, 0x00, 0x00, 0x00, 0x00, 0x00, 0x00, 0x00, 0x00, 0x00, 0x00, 0x00, 0x00, 0x00, 0x00, 0x00, 0x00, 0x00, 0x00, 0x00, 0x00, 0x00, 0x00, 0x00, 0x00, 
0x00, 0x00, 0x00, 0x00, 0x00, 0x00, 0x00, 0x00, 0x00, 0x00, 0x00, 0x00, 0x00, 0x00, 0x00, 0x00, 0x00, 0x00, 0x00, 0x00, 0x00, 0x00, 0x00, 0x00, 0x00, 0x00, 0x00, 0x00, 0x00, 0x00, 0x00, 0x00, 0x00, 0x00, 0x00, 0x00, 
0x00, 0x00, 0x00, 0x00, 0x00, 0x00, 0x00, 0x00, 0x00, 0x00, 0x00, 0x00, 0x00, 0x00, 0x00, 0x00, 0x00, 0x00, 0x00, 0x00, 0x00, 0x00, 0x00, 0x00, 0x00, 0x00, 0x00, 0x00, 0x00, 0x00, 0x00, 0x00, 0x00, 0x00, 0x00, 0x00, 
0x00, 0x00, 0x00, 0x00, 0x00, 0x00, 0x00, 0x00, 0x00, 0x00, 0x00, 0x00, 0x00, 0x00, 0x00, 0x00, 0x00, 0x00, 0x00, 0x00, 0x00, 0x00, 0x00, 0x00, 0x00, 0x00, 0x00, 0x00, 0x00, 0x00, 0x00, 0x00, 0x00, 0x00, 0x00, 0x00, 
0x00, 0x00, 0x00, 0x00, 0x00, 0x00, 0x00, 0x00, 0x00, 0x00, 0x00, 0x00, 0x00, 0x00, 0x00, 0x00, 0x00, 0x00, 0x00, 0x00, 0x00, 0x00, 0x00, 0x00, 0x00, 0x00, 0x00, 0x00, 0x00, 0x00, 0x00, 0x00, 0x00, 0x00, 0x00, 0x00, 
0x00, 0x00, 0x00, 0x00, 0x00, 0x00, 0x00, 0x00, 0x00, 0x00, 0x00, 0x00, 0x00, 0x00, 0x00, 0x00, 0x00, 0x00, 0x00, 0x00, 0x00, 0x00, 0x00, 0x00, 0x00, 0x00, 0x00, 0x00, 0x00, 0x00, 0x00, 0x00, 0x00, 0x00, 0x00, 0x00, 
0x00, 0x00, 0x00, 0x00, 0x00, 0x00, 0x00, 0x00, 0x00, 0x00, 0x00, 0x00, 0x00, 0x00, 0x00, 0x00, 0x00, 0x00, 0xa0, 0x02, 0x03, 0x00, 0x00, 0x00, 0x43, 0x2b, 0x3f, 0xc2, 0x2b, 0xff, 0x01, 0x2c, 0xfe, 0xe1, 0x2b, 0xfe, 
0xe1, 0x2b, 0xfe, 0xe1, 0x2b, 0xfe, 0xe1, 0x2b, 0xfe, 0x01, 0x24, 0xfb, 0x02, 0x2c, 0xff, 0x62, 0x23, 0xab, 0x00, 0x00, 0x00, 0x00, 0x00, 0x02, 0x00, 0x00, 0x00, 0x00, 0x00, 0x00, 0x00, 0x00, 0x00, 0x00, 0x00, 0x00, 
0x00, 0x00, 0x00, 0x00, 0x00, 0x00, 0x00, 0x00, 0x00, 0x00, 0x00, 0x00, 0x00, 0x00, 0x00, 0x00, 0x00, 0x00, 0x00, 0x00, 0x00, 0x00, 0x00, 0x00, 0x00, 0x00, 0x00, 0x00, 0x00, 0x00, 0x00, 0x00, 0x00, 0xe0, 0x07, 0x01, 
0x00, 0x00, 0x00, 0xa1, 0x1a, 0x12, 0x82, 0x23, 0xe6, 0x01, 0x2c, 0xff, 0xe1, 0x2b, 0xfc, 0xe1, 0x2b, 0xfe, 0xe1, 0x2b, 0xfe, 0x01, 0x2c, 0xfd, 0x01, 0x2c, 0xff, 0xa2, 0x2b, 0xfa, 0x62, 0x2b, 0x30, 0x00, 0x00, 0x00, 
0xe0, 0x03, 0x02, 0x00, 0x00, 0x00, 0x00, 0x00, 0x00, 0x00, 0x00, 0x00, 0x00, 0x00, 0x00, 0x00, 0x00, 0x00, 0x00, 0x00, 0x00, 0x00, 0x00, 0x00, 0x00, 0x00, 0x00, 0x00, 0x00, 0x00, 0x00, 0x00, 0x00, 0x00, 0x00, 0x00, 
0x00, 0x00, 0x00, 0x00, 0x00, 0x00, 0x00, 0x00, 0x00, 0x00, 0x00, 0x00, 0x00, 0x00, 0x00, 0x00, 0x00, 0x00, 0x00, 0x00, 0x00, 0x00, 0x00, 0x00, 0x00, 0x00, 0x00, 0x00, 0x00, 0x00, 0x00, 0x00, 0x00, 0x00, 0x00, 0x00, 
0x00, 0x00, 0x00, 0x00, 0x00, 0x00, 0x00, 0x00, 0x00, 0x00, 0x00, 0x00, 0x00, 0x00, 0x00, 0x00, 0x00, 0x00, 0x00, 0x00, 0x00, 0x00, 0x00, 0x00, 0x00, 0x00, 0x00, 0x00, 0x00, 0x00, 0x00, 0x00, 0x00, 0x00, 0x00, 0x00, 
0x00, 0x00, 0x00, 0x00, 0x00, 0x00, 0x00, 0x00, 0x00, 0x00, 0x00, 0x00, 0x00, 0x00, 0x00, 0x00, 0x00, 0x00, 0x00, 0x00, 0x00, 0x00, 0x00, 0x00, 0x00, 0x00, 0x00, 0x00, 0x00, 0x00, 0x00, 0x00, 0x00, 0x00, 0x00, 0x00, 
0x00, 0x00, 0x00, 0x00, 0x00, 0x00, 0x00, 0x00, 0x00, 0x00, 0x00, 0x00, 0x00, 0x00, 0x00, 0x00, 0x00, 0x00, 0x00, 0x00, 0x00, 0x00, 0x00, 0x00, 0x00, 0x00, 0x00, 0x00, 0x00, 0x00, 0x00, 0x00, 0x00, 0x00, 0x00, 0x00, 
0x00, 0x00, 0x00, 0x00, 0x00, 0x00, 0x00, 0x00, 0x00, 0x00, 0x00, 0x00, 0xe0, 0xff, 0x01, 0x00, 0x00, 0x00, 0x48, 0xcd, 0x0f, 0x45, 0xdd, 0xdd, 0x62, 0xed, 0xff, 0x42, 0xe5, 0xfc, 0x42, 0xe5, 0xfe, 0x42, 0xe5, 0xfe, 
0x62, 0xed, 0xff, 0x82, 0xed, 0xff, 0x62, 0xed, 0xff, 0x82, 0xed, 0xff, 0x62, 0xed, 0xff, 0x82, 0xed, 0xff, 0x82, 0xed, 0xff, 0x62, 0xed, 0xff, 0x82, 0xed, 0xff, 0x82, 0xed, 0xff, 0x82, 0xed, 0xff, 0x62, 0xed, 0xff, 
0x62, 0xed, 0xff, 0x62, 0xed, 0xff, 0x42, 0xe5, 0xff, 0x42, 0xed, 0xfb, 0x42, 0xe5, 0xfc, 0x42, 0xe5, 0xfe, 0x42, 0xe5, 0xfd, 0x41, 0xed, 0xf9, 0x83, 0xed, 0xff, 0x66, 0xdd, 0xed, 0x67, 0xdd, 0x2f, 0x00, 0x00, 0x00, 
0xef, 0xff, 0x02, 0x00, 0x00, 0x00, 0x00, 0x00, 0x00, 0x00, 0x00, 0x00, 0x00, 0x00, 0x00, 0x00, 0x00, 0x00, 0x00, 0x00, 0x00, 0x00, 0x00, 0x00, 0x00, 0x00, 0x00, 0x00, 0x00, 0x00, 0x00, 0x00, 0x00, 0x00, 0x00, 0x00, 
0x00, 0x00, 0x00, 0x00, 0x00, 0x00, 0x00, 0x00, 0x00, 0x00, 0x00, 0x00, 0x00, 0x00, 0x00, 0x00, 0x00, 0x00, 0x00, 0x00, 0x00, 0x00, 0x00, 0x00, 0x00, 0x00, 0x00, 0x00, 0x00, 0x00, 0x00, 0x00, 0x00, 0x00, 0x00, 0x00, 
0x00, 0x00, 0x00, 0x00, 0x00, 0x00, 0x00, 0x00, 0x00, 0x00, 0x00, 0x00, 0x00, 0x00, 0x00, 0x00, 0x00, 0x00, 0x00, 0x00, 0x00, 0x00, 0x00, 0x00, 0x00, 0x00, 0x00, 0x00, 0x00, 0x00, 0x00, 0x00, 0x00, 0x00, 0x00, 0x00, 
0x00, 0x00, 0x00, 0x00, 0x00, 0x00, 0x00, 0x00, 0x00, 0x00, 0x00, 0x00, 0x00, 0x00, 0x00, 0x00, 0x00, 0x00, 0x00, 0x00, 0x00, 0x00, 0x00, 0x00, 0x00, 0x00, 0x00, 0x00, 0x00, 0x00, 0x00, 0x00, 0x00, 0x00, 0x00, 0x00, 
0x00, 0x00, 0x00, 0x00, 0x00, 0x00, 0x00, 0x00, 0x00, 0x00, 0x00, 0x00, 0x00, 0x00, 0x00, 0x00, 0x00, 0x00, 0x00, 0x00, 0x00, 0x00, 0x00, 0x00, 0x00, 0x00, 0x00, 0x00, 0x00, 0x00, 0x00, 0x00, 0x00, 0x00, 0x00, 0x00, 
0x00, 0x00, 0x00, 0x00, 0x00, 0x00, 0x00, 0x00, 0x00, 0x00, 0x00, 0x00, 0x00, 0x00, 0x00, 0x00, 0x00, 0x00, 0x00, 0x00, 0x00, 0x00, 0x00, 0x00, 0x00, 0x00, 0x00, 0x00, 0x00, 0x00, 0x00, 0x00, 0x00, 0x00, 0x00, 0x00, 
0x00, 0x00, 0x00, 0x00, 0x00, 0x00, 0x00, 0x00, 0x00, 0x00, 0x00, 0x00, 0x00, 0x00, 0x00, 0x00, 0x00, 0x00, 0x00, 0x00, 0x00, 0x00, 0x00, 0x00, 0x00, 0x00, 0x00, 0x00, 0x00, 0x00, 0x00, 0x00, 0x00, 0x00, 0x00, 0x00, 
0x00, 0x00, 0x00, 0x00, 0x00, 0x00, 0x00, 0x00, 0x00, 0x00, 0x00, 0x00, 0x00, 0x00, 0x00, 0x00, 0x00, 0x00, 0x00, 0x00, 0x00, 0x00, 0x00, 0x00, 0x00, 0x00, 0x00, 0x00, 0x00, 0x00, 0x00, 0x00, 0x00, 0x00, 0x00, 0x00, 
0x00, 0x00, 0x00, 0x00, 0x00, 0x00, 0x00, 0x00, 0x00, 0x00, 0x00, 0x00, 0x00, 0x00, 0x00, 0x00, 0x00, 0x00, 0x00, 0x00, 0x00, 0x00, 0x00, 0x00, 0x00, 0x00, 0x00, 0x00, 0x00, 0x00, 0x00, 0x00, 0x00, 0x00, 0x00, 0x00, 
0x00, 0x00, 0x00, 0x00, 0x00, 0x00, 0x00, 0x00, 0x00, 0x00, 0x00, 0x00, 0xa0, 0x02, 0x03, 0x00, 0x00, 0x00, 0x43, 0x2b, 0x3f, 0xc2, 0x2b, 0xff, 0x01, 0x2c, 0xfe, 0xe1, 0x2b, 0xfd, 0xe1, 0x2b, 0xfe, 0x01, 0x2c, 0xfd, 
0x01, 0x2c, 0xfd, 0xe1, 0x23, 0xfd, 0x01, 0x2c, 0xff, 0x82, 0x2b, 0xe8, 0x42, 0x23, 0x16, 0x00, 0x00, 0x00, 0xe0, 0x07, 0x01, 0x00, 0x00, 0x00, 0x00, 0x00, 0x00, 0x00, 0x00, 0x00, 0x00, 0x00, 0x00, 0x00, 0x00, 0x00, 
0x00, 0x00, 0x00, 0x00, 0x00, 0x00, 0x00, 0x00, 0x00, 0x00, 0x00, 0x00, 0x00, 0x00, 0x00, 0x00, 0x00, 0x00, 0x00, 0x00, 0x00, 0x00, 0x00, 0x00, 0x00, 0x00, 0x00, 0xa0, 0x02, 0x03, 0x00, 0x00, 0x00, 0x41, 0x23, 0x56, 
0xe2, 0x2b, 0xff, 0x01, 0x2c, 0xfc, 0xe1, 0x2b, 0xfe, 0xe1, 0x2b, 0xfe, 0xe1, 0x2b, 0xfe, 0x01, 0x2c, 0xfd, 0x01, 0x2c, 0xff, 0xa2, 0x2b, 0xfa, 0x63, 0x2b, 0x31, 0x00, 0x00, 0x00, 0xe0, 0x03, 0x02, 0x00, 0x00, 0x00, 
0x00, 0x00, 0x00, 0x00, 0x00, 0x00, 0x00, 0x00, 0x00, 0x00, 0x00, 0x00, 0x00, 0x00, 0x00, 0x00, 0x00, 0x00, 0x00, 0x00, 0x00, 0x00, 0x00, 0x00, 0x00, 0x00, 0x00, 0x00, 0x00, 0x00, 0x00, 0x00, 0x00, 0x00, 0x00, 0x00, 
0x00, 0x00, 0x00, 0x00, 0x00, 0x00, 0x00, 0x00, 0x00, 0x00, 0x00, 0x00, 0x00, 0x00, 0x00, 0x00, 0x00, 0x00, 0x00, 0x00, 0x00, 0x00, 0x00, 0x00, 0x00, 0x00, 0x00, 0x00, 0x00, 0x00, 0x00, 0x00, 0x00, 0x00, 0x00, 0x00, 
0x00, 0x00, 0x00, 0x00, 0x00, 0x00, 0x00, 0x00, 0x00, 0x00, 0x00, 0x00, 0x00, 0x00, 0x00, 0x00, 0x00, 0x00, 0x00, 0x00, 0x00, 0x00, 0x00, 0x00, 0x00, 0x00, 0x00, 0x00, 0x00, 0x00, 0x00, 0x00, 0x00, 0x00, 0x00, 0x00, 
0x00, 0x00, 0x00, 0x00, 0x00, 0x00, 0x00, 0x00, 0x00, 0x00, 0x00, 0x00, 0x00, 0x00, 0x00, 0x00, 0x00, 0x00, 0x00, 0x00, 0x00, 0x00, 0x00, 0x00, 0x00, 0x00, 0x00, 0x00, 0x00, 0x00, 0x00, 0x00, 0x00, 0x00, 0x00, 0x00, 
0x00, 0x00, 0x00, 0x00, 0x00, 0x00, 0x00, 0x00, 0x00, 0x00, 0x00, 0x00, 0x00, 0x00, 0x00, 0x00, 0x00, 0x00, 0x00, 0x00, 0x00, 0x00, 0x00, 0x00, 0x00, 0x00, 0x00, 0x00, 0x00, 0x00, 0x00, 0x00, 0x00, 0x00, 0x00, 0x00, 
0x00, 0x00, 0x00, 0x00, 0x00, 0x00, 0xe0, 0xff, 0x01, 0x00, 0x00, 0x00, 0xa9, 0xdd, 0x0e, 0x45, 0xdd, 0xdd, 0x62, 0xed, 0xff, 0x42, 0xe5, 0xfc, 0x42, 0xe5, 0xfd, 0x42, 0xed, 0xfe, 0x44, 0xe5, 0xe5, 0x44, 0xdd, 0xd0, 
0x44, 0xdd, 0xd4, 0x24, 0xdd, 0xd3, 0x24, 0xdd, 0xd1, 0x24, 0xdd, 0xd2, 0x24, 0xdd, 0xd2, 0x24, 0xdd, 0xd2, 0x24, 0xdd, 0xd2, 0x24, 0xdd, 0xd2, 0x44, 0xdd, 0xd0, 0x24, 0xdd, 0xd4, 0x45, 0xdd, 0xde, 0x45, 0xdd, 0xe8, 
0x45, 0xdd, 0xf8, 0x84, 0xed, 0xff, 0x62, 0xed, 0xff, 0x22, 0xed, 0xfc, 0x42, 0xe5, 0xfe, 0x42, 0xe5, 0xfe, 0x42, 0xed, 0xfa, 0x83, 0xed, 0xff, 0x26, 0xd5, 0xd2, 0x47, 0xd5, 0x0c, 0xe0, 0x7b, 0x02, 0xe0, 0xff, 0x01, 
0x00, 0x00, 0x00, 0x00, 0x00, 0x00, 0x00, 0x00, 0x00, 0x00, 0x00, 0x00, 0x00, 0x00, 0x00, 0x00, 0x00, 0x00, 0x00, 0x00, 0x00, 0x00, 0x00, 0x00, 0x00, 0x00, 0x00, 0x00, 0x00, 0x00, 0x00, 0x00, 0x00, 0x00, 0x00, 0x00, 
0x00, 0x00, 0x00, 0x00, 0x00, 0x00, 0x00, 0x00, 0x00, 0x00, 0x00, 0x00, 0x00, 0x00, 0x00, 0x00, 0x00, 0x00, 0x00, 0x00, 0x00, 0x00, 0x00, 0x00, 0x00, 0x00, 0x00, 0x00, 0x00, 0x00, 0x00, 0x00, 0x00, 0x00, 0x00, 0x00, 
0x00, 0x00, 0x00, 0x00, 0x00, 0x00, 0x00, 0x00, 0x00, 0x00, 0x00, 0x00, 0x00, 0x00, 0x00, 0x00, 0x00, 0x00, 0x00, 0x00, 0x00, 0x00, 0x00, 0x00, 0x00, 0x00, 0x00, 0x00, 0x00, 0x00, 0x00, 0x00, 0x00, 0x00, 0x00, 0x00, 
0x00, 0x00, 0x00, 0x00, 0x00, 0x00, 0x00, 0x00, 0x00, 0x00, 0x00, 0x00, 0x00, 0x00, 0x00, 0x00, 0x00, 0x00, 0x00, 0x00, 0x00, 0x00, 0x00, 0x00, 0x00, 0x00, 0x00, 0x00, 0x00, 0x00, 0x00, 0x00, 0x00, 0x00, 0x00, 0x00, 
0x00, 0x00, 0x00, 0x00, 0x00, 0x00, 0x00, 0x00, 0x00, 0x00, 0x00, 0x00, 0x00, 0x00, 0x00, 0x00, 0x00, 0x00, 0x00, 0x00, 0x00, 0x00, 0x00, 0x00, 0x00, 0x00, 0x00, 0x00, 0x00, 0x00, 0x00, 0x00, 0x00, 0x00, 0x00, 0x00, 
0x00, 0x00, 0x00, 0x00, 0x00, 0x00, 0x00, 0x00, 0x00, 0x00, 0x00, 0x00, 0x00, 0x00, 0x00, 0x00, 0x00, 0x00, 0xe0, 0x03, 0x02, 0xa0, 0x52, 0x03, 0xe0, 0x03, 0x02, 0xe0, 0x03, 0x02, 0xe0, 0x03, 0x02, 0xe0, 0x03, 0x02, 
0xe0, 0x03, 0x02, 0xe0, 0x03, 0x02, 0xe0, 0x03, 0x02, 0xe0, 0x03, 0x02, 0x00, 0x00, 0x00, 0x00, 0x00, 0x00, 0x00, 0x00, 0x00, 0xe0, 0x03, 0x02, 0xa0, 0x52, 0x03, 0xa0, 0x02, 0x03, 0xa0, 0x52, 0x03, 0xa0, 0x02, 0x03, 
0xa0, 0x02, 0x03, 0xa0, 0x02, 0x03, 0xa0, 0x02, 0x03, 0xe0, 0x03, 0x02, 0xa0, 0x02, 0x03, 0xe0, 0x03, 0x02, 0x00, 0x00, 0x00, 0x00, 0x00, 0x00, 0x00, 0x00, 0x00, 0x00, 0x00, 0x00, 0x00, 0x00, 0x00, 0x00, 0x00, 0x00, 
0x00, 0x00, 0x00, 0x00, 0x00, 0x00, 0x00, 0x00, 0x00, 0x00, 0x00, 0x00, 0x00, 0x00, 0x00, 0x00, 0x00, 0x00, 0x00, 0x00, 0x00, 0x00, 0x00, 0x00, 0x00, 0x00, 0x00, 0x00, 0x00, 0x00, 0x00, 0x00, 0x00, 0x00, 0x00, 0x00, 
0x00, 0x00, 0x00, 0x00, 0x00, 0x00, 0xa0, 0x02, 0x03, 0x00, 0x00, 0x00, 0x63, 0x2b, 0x3f, 0xc2, 0x2b, 0xff, 0x01, 0x2c, 0xfe, 0xe1, 0x2b, 0xfe, 0xe1, 0x2b, 0xfe, 0x02, 0x2c, 0xff, 0x01, 0x2c, 0xff, 0xe1, 0x2b, 0xfe, 
0x01, 0x2c, 0xfc, 0xe2, 0x2b, 0xff, 0x41, 0x23, 0x56, 0x00, 0x00, 0x01, 0xe0, 0x01, 0x04, 0x00, 0x00, 0x00, 0x00, 0x00, 0x00, 0x00, 0x00, 0x00, 0x00, 0x00, 0x00, 0x00, 0x00, 0x00, 0x00, 0x00, 0x00, 0x00, 0x00, 0x00, 
0x00, 0x00, 0x00, 0x00, 0x00, 0x00, 0x00, 0x00, 0x00, 0x00, 0x00, 0x00, 0x00, 0x00, 0x00, 0x00, 0x00, 0x00, 0x00, 0x00, 0x00, 0xe0, 0x03, 0x02, 0x00, 0x00, 0x00, 0x62, 0x23, 0xa2, 0x22, 0x2c, 0xff, 0xe1, 0x2b, 0xfb, 
0x01, 0x2c, 0xfd, 0xe1, 0x23, 0xfe, 0xe1, 0x2b, 0xfe, 0xe1, 0x2b, 0xfd, 0x01, 0x2c, 0xff, 0xa2, 0x2b, 0xfa, 0x62, 0x2b, 0x30, 0x00, 0x00, 0x00, 0xe0, 0x03, 0x02, 0x00, 0x00, 0x00, 0x00, 0x00, 0x00, 0x00, 0x00, 0x00, 
0x00, 0x00, 0x00, 0x00, 0x00, 0x00, 0x00, 0x00, 0x00, 0x00, 0x00, 0x00, 0x00, 0x00, 0x00, 0x00, 0x00, 0x00, 0x00, 0x00, 0x00, 0x00, 0x00, 0x00, 0x00, 0x00, 0x00, 0x00, 0x00, 0x00, 0x00, 0x00, 0x00, 0x00, 0x00, 0x00, 
0x00, 0x00, 0x00, 0x00, 0x00, 0x00, 0x00, 0x00, 0x00, 0x00, 0x00, 0x00, 0x00, 0x00, 0x00, 0x00, 0x00, 0x00, 0x00, 0x00, 0x00, 0x00, 0x00, 0x00, 0x00, 0x00, 0x00, 0x00, 0x00, 0x00, 0x00, 0x00, 0x00, 0x00, 0x00, 0x00, 
0x00, 0x00, 0x00, 0x00, 0x00, 0x00, 0x00, 0x00, 0x00, 0x00, 0x00, 0x00, 0x00, 0x00, 0x00, 0x00, 0x00, 0x00, 0x00, 0x00, 0x00, 0x00, 0x00, 0x00, 0x00, 0x00, 0x00, 0x00, 0x00, 0x00, 0x00, 0x00, 0x00, 0x00, 0x00, 0x00, 
0x00, 0x00, 0x00, 0x00, 0x00, 0x00, 0x00, 0x00, 0x00, 0x00, 0x00, 0x00, 0x00, 0x00, 0x00, 0x00, 0x00, 0x00, 0x00, 0x00, 0x00, 0x00, 0x00, 0x00, 0x00, 0x00, 0x00, 0x00, 0x00, 0x00, 0x00, 0x00, 0x00, 0x00, 0x00, 0x00, 
0x00, 0x00, 0x00, 0x00, 0x00, 0x00, 0x00, 0x00, 0x00, 0x00, 0x00, 0x00, 0x00, 0x00, 0x00, 0x00, 0x00, 0x00, 0x00, 0x00, 0x00, 0x00, 0x00, 0x00, 0x00, 0x00, 0x00, 0x00, 0x00, 0x00, 0x00, 0x00, 0x00, 0x00, 0x00, 0x00, 
0xe0, 0xff, 0x01, 0x00, 0x00, 0x00, 0x89, 0xdd, 0x14, 0x66, 0xdd, 0xe4, 0x62, 0xed, 0xff, 0x42, 0xe5, 0xfc, 0x42, 0xe5, 0xfb, 0x83, 0xed, 0xff, 0x66, 0xdd, 0x6a, 0xe7, 0xfd, 0x04, 0xe7, 0xed, 0x0c, 0xe7, 0xdd, 0x08, 
0xa9, 0xdd, 0x07, 0xe7, 0xdd, 0x08, 0xe7, 0xdd, 0x08, 0xe7, 0xdd, 0x08, 0xe7, 0xdd, 0x08, 0xe7, 0xdd, 0x08, 0xa9, 0xdd, 0x07, 0x89, 0xe5, 0x0a, 0x68, 0xd5, 0x13, 0x47, 0xcd, 0x1e, 0x47, 0xd5, 0x36, 0x86, 0xdd, 0x6f, 
0x66, 0xdd, 0xda, 0x84, 0xed, 0xff, 0x42, 0xe5, 0xfc, 0x42, 0xe5, 0xfe, 0x42, 0xe5, 0xfe, 0x42, 0xe5, 0xfa, 0x84, 0xed, 0xff, 0x46, 0xd5, 0x7c, 0x00, 0x00, 0x00, 0x4a, 0xad, 0x03, 0x00, 0x00, 0x00, 0x00, 0x00, 0x00, 
0x00, 0x00, 0x00, 0x00, 0x00, 0x00, 0x00, 0x00, 0x00, 0x00, 0x00, 0x00, 0x00, 0x00, 0x00, 0x00, 0x00, 0x00, 0x00, 0x00, 0x00, 0x00, 0x00, 0x00, 0x00, 0x00, 0x00, 0x00, 0x00, 0x00, 0x00, 0x00, 0x00, 0x00, 0x00, 0x00, 
0x00, 0x00, 0x00, 0x00, 0x00, 0x00, 0x00, 0x00, 0x00, 0x00, 0x00, 0x00, 0x00, 0x00, 0x00, 0x00, 0x00, 0x00, 0x00, 0x00, 0x00, 0x00, 0x00, 0x00, 0x00, 0x00, 0x00, 0x00, 0x00, 0x00, 0x00, 0x00, 0x00, 0x00, 0x00, 0x00, 
0x00, 0x00, 0x00, 0x00, 0x00, 0x00, 0x00, 0x00, 0x00, 0x00, 0x00, 0x00, 0x00, 0x00, 0x00, 0x00, 0x00, 0x00, 0x00, 0x00, 0x00, 0x00, 0x00, 0x00, 0x00, 0x00, 0x00, 0x00, 0x00, 0x00, 0x00, 0x00, 0x00, 0x00, 0x00, 0x00, 
0x00, 0x00, 0x00, 0x00, 0x00, 0x00, 0x00, 0x00, 0x00, 0x00, 0x00, 0x00, 0x00, 0x00, 0x00, 0x00, 0x00, 0x00, 0x00, 0x00, 0x00, 0x00, 0x00, 0x00, 0x00, 0x00, 0x00, 0x00, 0x00, 0x00, 0x00, 0x00, 0x00, 0x00, 0x00, 0x00, 
0x00, 0x00, 0x00, 0x00, 0x00, 0x00, 0x00, 0x00, 0x00, 0x00, 0x00, 0x00, 0x00, 0x00, 0x00, 0x00, 0x00, 0x00, 0x00, 0x00, 0x00, 0x00, 0x00, 0x00, 0x00, 0x00, 0x00, 0x00, 0x00, 0x00, 0x00, 0x00, 0x00, 0x00, 0x00, 0x00, 
0x00, 0x00, 0x00, 0x00, 0x00, 0x00, 0x00, 0x00, 0x00, 0x00, 0x00, 0x00, 0x00, 0x00, 0x00, 0x00, 0x00, 0x00, 0x00, 0x00, 0x00, 0x00, 0x00, 0x00, 0x00, 0x00, 0x00, 0x00, 0x00, 0x00, 0x00, 0x00, 0x00, 0x00, 0x00, 0x00, 
0x00, 0x00, 0x00, 0x00, 0x00, 0x00, 0x00, 0x00, 0x00, 0x00, 0x00, 0x00, 0x00, 0x00, 0x01, 0x00, 0x00, 0x00, 0x00, 0x00, 0x00, 0x00, 0x00, 0x00, 0x00, 0x00, 0x00, 0x00, 0x00, 0x00, 0x00, 0x00, 0x00, 0x00, 0x00, 0x00, 
0x00, 0x00, 0x00, 0x00, 0x00, 0x00, 0x00, 0x00, 0x00, 0x00, 0x00, 0x00, 0x00, 0x00, 0x00, 0x00, 0x00, 0x00, 0x00, 0x00, 0x00, 0x00, 0x00, 0x00, 0x00, 0x00, 0x00, 0x00, 0x00, 0x00, 0x00, 0x00, 0x00, 0x00, 0x00, 0x00, 
0x00, 0x00, 0x00, 0x00, 0x00, 0x00, 0x00, 0x00, 0x00, 0x00, 0x00, 0x00, 0x00, 0x00, 0x00, 0x00, 0x00, 0x00, 0x00, 0x00, 0x00, 0x00, 0x00, 0x00, 0x00, 0x00, 0x00, 0x00, 0x00, 0x00, 0x00, 0x00, 0x00, 0x00, 0x00, 0x00, 
0xa0, 0x02, 0x03, 0x00, 0x00, 0x00, 0x63, 0x2b, 0x40, 0xc2, 0x2b, 0xff, 0x01, 0x2c, 0xfe, 0x01, 0x2c, 0xfd, 0x01, 0x2c, 0xff, 0x02, 0x2c, 0xeb, 0xe1, 0x2b, 0xf4, 0x01, 0x2c, 0xff, 0xe1, 0x23, 0xfa, 0x22, 0x2c, 0xff, 
0x62, 0x23, 0xa2, 0x00, 0x00, 0x00, 0xe0, 0x03, 0x02, 0x00, 0x00, 0x00, 0x00, 0x00, 0x00, 0x00, 0x00, 0x00, 0x00, 0x00, 0x00, 0x00, 0x00, 0x00, 0x00, 0x00, 0x00, 0x00, 0x00, 0x00, 0x00, 0x00, 0x00, 0x00, 0x00, 0x00, 
0x00, 0x00, 0x00, 0x00, 0x00, 0x00, 0x00, 0x00, 0x00, 0x00, 0x00, 0x00, 0xe0, 0x07, 0x01, 0x00, 0x00, 0x00, 0xe1, 0x1a, 0x13, 0x82, 0x23, 0xe5, 0x02, 0x2c, 0xff, 0xe1, 0x2b, 0xfd, 0x02, 0x2c, 0xff, 0x02, 0x2c, 0xff, 
0xe1, 0x2b, 0xfe, 0xe1, 0x2b, 0xfd, 0x01, 0x2c, 0xff, 0xa2, 0x2b, 0xfa, 0x63, 0x2b, 0x30, 0x00, 0x00, 0x00, 0xe0, 0x03, 0x02, 0x00, 0x00, 0x00, 0x00, 0x00, 0x00, 0x00, 0x00, 0x00, 0x00, 0x00, 0x00, 0x00, 0x00, 0x00, 
0x00, 0x00, 0x00, 0x00, 0x00, 0x00, 0x00, 0x00, 0x00, 0x00, 0x00, 0x00, 0x00, 0x00, 0x00, 0x00, 0x00, 0x00, 0x00, 0x00, 0x00, 0x00, 0x00, 0x00, 0x00, 0x00, 0x00, 0x00, 0x00, 0x00, 0x00, 0x00, 0x00, 0x00, 0x00, 0x00, 
0x00, 0x00, 0x00, 0x00, 0x00, 0x00, 0x00, 0x00, 0x00, 0x00, 0x00, 0x00, 0x00, 0x00, 0x00, 0x00, 0x00, 0x00, 0x00, 0x00, 0x00, 0x00, 0x00, 0x00, 0x00, 0x00, 0x00, 0x00, 0x00, 0x00, 0x00, 0x00, 0x00, 0x00, 0x00, 0x00, 
0x00, 0x00, 0x00, 0x00, 0x00, 0x00, 0x00, 0x00, 0x00, 0x00, 0x00, 0x00, 0x00, 0x00, 0x00, 0x00, 0x00, 0x00, 0x00, 0x00, 0x00, 0x00, 0x00, 0x00, 0x00, 0x00, 0x00, 0x00, 0x00, 0x00, 0x00, 0x00, 0x00, 0x00, 0x00, 0x00, 
0x00, 0x00, 0x00, 0x00, 0x00, 0x00, 0x00, 0x00, 0x00, 0x00, 0x00, 0x00, 0x00, 0x00, 0x00, 0x00, 0x00, 0x00, 0x00, 0x00, 0x00, 0x00, 0x00, 0x00, 0x00, 0x00, 0x00, 0x00, 0x00, 0x00, 0x00, 0x00, 0x00, 0x00, 0x00, 0x00, 
0x00, 0x00, 0x00, 0x00, 0x00, 0x00, 0x00, 0x00, 0x00, 0x00, 0x00, 0x00, 0x00, 0x00, 0x00, 0x00, 0x00, 0x00, 0x00, 0x00, 0x00, 0x00, 0x00, 0x00, 0x00, 0x00, 0x00, 0x00, 0x00, 0x00, 0xe0, 0xff, 0x01, 0x00, 0x00, 0x00, 
0xe9, 0xd5, 0x17, 0x66, 0xdd, 0xe8, 0x62, 0xed, 0xff, 0x42, 0xe5, 0xfc, 0x42, 0xe5, 0xfb, 0x84, 0xed, 0xff, 0x66, 0xd5, 0x67, 0x00, 0x00, 0x00, 0xe0, 0x7b, 0x02, 0x00, 0x00, 0x00, 0x00, 0x00, 0x00, 0x00, 0x00, 0x00, 
0x00, 0x00, 0x00, 0x00, 0x00, 0x00, 0x00, 0x00, 0x00, 0x00, 0x00, 0x00, 0x00, 0x00, 0x00, 0x00, 0x00, 0x00, 0x00, 0x00, 0x00, 0x00, 0x00, 0x00, 0x00, 0x00, 0x00, 0x00, 0x00, 0x00, 0x2b, 0xf6, 0x16, 0x88, 0xdd, 0xb3, 
0x84, 0xed, 0xff, 0x42, 0xe5, 0xfc, 0x42, 0xe5, 0xfe, 0x42, 0xe5, 0xfc, 0x62, 0xed, 0xfe, 0x25, 0xdd, 0xe4, 0x66, 0xcd, 0x13, 0x00, 0x00, 0x00, 0xe0, 0xff, 0x01, 0x00, 0x00, 0x00, 0x00, 0x00, 0x00, 0x00, 0x00, 0x00, 
0x00, 0x00, 0x00, 0x00, 0x00, 0x00, 0x00, 0x00, 0x00, 0x00, 0x00, 0x00, 0x00, 0x00, 0x00, 0x00, 0x00, 0x00, 0x00, 0x00, 0x00, 0x00, 0x00, 0x00, 0x00, 0x00, 0x00, 0x00, 0x00, 0x00, 0x00, 0x00, 0x00, 0x00, 0x00, 0x00, 
0x00, 0x00, 0x00, 0x00, 0x00, 0x00, 0x00, 0x00, 0x00, 0x00, 0x00, 0x00, 0x00, 0x00, 0x00, 0x00, 0x00, 0x00, 0x00, 0x00, 0x00, 0x00, 0x00, 0x00, 0x00, 0x00, 0x00, 0x00, 0x00, 0x00, 0x00, 0x00, 0x00, 0x00, 0x00, 0x00, 
0x00, 0x00, 0x00, 0x00, 0x00, 0x00, 0x00, 0x00, 0x00, 0x00, 0x00, 0x00, 0x00, 0x00, 0x00, 0x00, 0x00, 0x00, 0x00, 0x00, 0x00, 0x00, 0x00, 0x00, 0x00, 0x00, 0x00, 0x00, 0x00, 0x00, 0x00, 0x00, 0x00, 0x00, 0x00, 0x00, 
0x00, 0x00, 0x00, 0x00, 0x00, 0x00, 0x00, 0x00, 0x00, 0x00, 0x00, 0x00, 0x00, 0x00, 0x00, 0x00, 0x00, 0x00, 0x00, 0x00, 0x00, 0x00, 0x00, 0x00, 0x00, 0x00, 0x00, 0x00, 0x00, 0x00, 0x00, 0x00, 0x00, 0x00, 0x00, 0x00, 
0x00, 0x00, 0x00, 0x00, 0x00, 0x00, 0x00, 0x00, 0x00, 0x00, 0x00, 0x00, 0x00, 0x00, 0x00, 0x00, 0x00, 0x00, 0x00, 0x00, 0x00, 0x00, 0x00, 0x00, 0x00, 0x00, 0x00, 0x00, 0x00, 0x00, 0x00, 0x00, 0x00, 0x00, 0x00, 0x00, 
0xe0, 0x03, 0x02, 0x00, 0x00, 0x00, 0x43, 0x2b, 0x31, 0x06, 0x4c, 0x9e, 0x47, 0x4c, 0xa1, 0x47, 0x4c, 0xa3, 0x47, 0x4c, 0xa5, 0x47, 0x4c, 0xa3, 0x27, 0x4c, 0xa3, 0x47, 0x4c, 0xa5, 0x47, 0x54, 0xa8, 0xe6, 0x43, 0x9a, 
0xe3, 0x2a, 0x18, 0x00, 0x00, 0x00, 0x00, 0x00, 0x00, 0x85, 0x3b, 0x6c, 0x27, 0x4c, 0xa1, 0x06, 0x4c, 0x9b, 0x26, 0x4c, 0x9e, 0x27, 0x4c, 0x9f, 0x27, 0x4c, 0x9f, 0x26, 0x4c, 0xa0, 0x27, 0x4c, 0xa0, 0x47, 0x4c, 0xa3, 
0x27, 0x4c, 0xa2, 0x84, 0x33, 0x34, 0x00, 0x00, 0x00, 0xe0, 0x7b, 0x02, 0x00, 0x00, 0x00, 0x00, 0x00, 0x00, 0x00, 0x00, 0x00, 0x00, 0x00, 0x00, 0x00, 0x00, 0x00, 0x00, 0x00, 0x00, 0x00, 0x00, 0x00, 0x00, 0x00, 0x00, 
0x00, 0x00, 0x00, 0x00, 0x00, 0x00, 0x00, 0x00, 0x00, 0x00, 0x00, 0x00, 0x00, 0x00, 0x00, 0x00, 0x00, 0x00, 0x00, 0x00, 0x00, 0x00, 0x00, 0x00, 0x00, 0x00, 0x00, 0x00, 0x00, 0x00, 0xa0, 0x02, 0x03, 0x00, 0x00, 0x00, 
0x63, 0x2b, 0x41, 0xc2, 0x2b, 0xff, 0x01, 0x2c, 0xfd, 0xe1, 0x2b, 0xfb, 0x22, 0x2c, 0xff, 0xa1, 0x23, 0xb0, 0xa1, 0x23, 0xb3, 0x02, 0x2c, 0xff, 0xe1, 0x2b, 0xfa, 0x01, 0x2c, 0xff, 0x82, 0x2b, 0xdf, 0xa0, 0x12, 0x0f, 
0x00, 0x00, 0x00, 0x00, 0x00, 0x01, 0x00, 0x00, 0x00, 0x00, 0x00, 0x00, 0x00, 0x00, 0x00, 0x00, 0x00, 0x00, 0x00, 0x00, 0x00, 0x00, 0x00, 0x00, 0x00, 0x00, 0x00, 0x00, 0x00, 0x00, 0x00, 0x00, 0x00, 0x00, 0x00, 0x00, 
0x00, 0x00, 0x00, 0x00, 0x00, 0x00, 0xe0, 0x3b, 0x04, 0x00, 0x00, 0x01, 0x22, 0x23, 0x55, 0xe2, 0x2b, 0xff, 0x01, 0x2c, 0xfb, 0x01, 0x2c, 0xff, 0xc2, 0x2b, 0xd8, 0xc2, 0x23, 0xda, 0x02, 0x2c, 0xff, 0xe1, 0x2b, 0xfc, 
0x01, 0x2c, 0xff, 0xa2, 0x2b, 0xfa, 0x63, 0x2b, 0x31, 0x00, 0x00, 0x00, 0xe0, 0x03, 0x02, 0x00, 0x00, 0x00, 0x00, 0x00, 0x00, 0x00, 0x00, 0x00, 0x00, 0x00, 0x00, 0x00, 0x00, 0x00, 0x00, 0x00, 0x00, 0x00, 0x00, 0x00, 
0x00, 0x00, 0x00, 0x00, 0x00, 0x00, 0x00, 0x00, 0x00, 0x00, 0x00, 0x00, 0x00, 0x00, 0x00, 0x00, 0x00, 0x00, 0x00, 0x00, 0x00, 0x00, 0x00, 0x00, 0x00, 0x00, 0x00, 0x00, 0x00, 0x00, 0x00, 0x00, 0x00, 0x00, 0x00, 0x00, 
0x00, 0x00, 0x00, 0x00, 0x00, 0x00, 0x00, 0x00, 0x00, 0x00, 0x00, 0x00, 0x00, 0x00, 0x00, 0x00, 0x00, 0x00, 0x00, 0x00, 0x00, 0x00, 0x00, 0x00, 0x00, 0x00, 0x00, 0x00, 0x00, 0x00, 0x00, 0x00, 0x00, 0x00, 0x00, 0x00, 
0x00, 0x00, 0x00, 0x00, 0x00, 0x00, 0x00, 0x00, 0x00, 0x00, 0x00, 0x00, 0x00, 0x00, 0x00, 0x00, 0x00, 0x00, 0x00, 0x00, 0x00, 0x00, 0x00, 0x00, 0x00, 0x00, 0x00, 0x00, 0x00, 0x00, 0x00, 0x00, 0x00, 0x00, 0x00, 0x00, 
0x00, 0x00, 0x00, 0x00, 0x00, 0x00, 0x00, 0x00, 0x00, 0x00, 0x00, 0x00, 0x00, 0x00, 0x00, 0x00, 0x00, 0x00, 0x00, 0x00, 0x00, 0x00, 0x00, 0x00, 0x00, 0x00, 0x00, 0x00, 0x00, 0x00, 0x00, 0x00, 0x00, 0x00, 0x00, 0x00, 
0x00, 0x00, 0x00, 0x00, 0x00, 0x00, 0x00, 0x00, 0x00, 0x00, 0x00, 0x00, 0x00, 0x00, 0x00, 0x00, 0x00, 0x00, 0x00, 0x00, 0x00, 0x00, 0x00, 0x00, 0xe0, 0xff, 0x01, 0x00, 0x00, 0x00, 0xca, 0xdd, 0x16, 0x66, 0xdd, 0xe8, 
0x62, 0xed, 0xff, 0x42, 0xe5, 0xfc, 0x42, 0xe5, 0xfb, 0x84, 0xed, 0xff, 0x66, 0xdd, 0x69, 0xe0, 0xff, 0x01, 0xc6, 0xcc, 0x05, 0xe0, 0xff, 0x01, 0xe0, 0xff, 0x01, 0xe0, 0xff, 0x01, 0xe0, 0xff, 0x01, 0xe0, 0xff, 0x01, 
0xe0, 0xff, 0x01, 0xe0, 0xff, 0x01, 0xe0, 0xff, 0x01, 0xe0, 0xff, 0x01, 0xe0, 0xff, 0x01, 0xe0, 0x7b, 0x02, 0xe0, 0xff, 0x02, 0xe7, 0xbd, 0x04, 0x00, 0x00, 0x00, 0xef, 0xfe, 0x08, 0x67, 0xdd, 0xbd, 0x83, 0xed, 0xff, 
0x42, 0xe5, 0xfc, 0x42, 0xe5, 0xfe, 0x41, 0xe5, 0xfc, 0x84, 0xed, 0xff, 0x25, 0xd5, 0x62, 0x00, 0x00, 0x00, 0x4a, 0xfd, 0x03, 0x00, 0x00, 0x00, 0x00, 0x00, 0x00, 0x00, 0x00, 0x00, 0x00, 0x00, 0x00, 0x00, 0x00, 0x00, 
0x00, 0x00, 0x00, 0x00, 0x00, 0x00, 0x00, 0x00, 0x00, 0x00, 0x00, 0x00, 0x00, 0x00, 0x00, 0x00, 0x00, 0x00, 0x00, 0x00, 0x00, 0x00, 0x00, 0x00, 0x00, 0x00, 0x00, 0x00, 0x00, 0x00, 0x00, 0x00, 0x00, 0x00, 0x00, 0x00, 
0x00, 0x00, 0x00, 0x00, 0x00, 0x00, 0x00, 0x00, 0x00, 0x00, 0x00, 0x00, 0x00, 0x00, 0x00, 0x00, 0x00, 0x00, 0x00, 0x00, 0x00, 0x00, 0x00, 0x00, 0x00, 0x00, 0x00, 0x00, 0x00, 0x00, 0x00, 0x00, 0x00, 0x00, 0x00, 0x00, 
0x00, 0x00, 0x00, 0x00, 0x00, 0x00, 0x00, 0x00, 0x00, 0x00, 0x00, 0x00, 0x00, 0x00, 0x00, 0x00, 0x00, 0x00, 0x00, 0x00, 0x00, 0x00, 0x00, 0x00, 0x00, 0x00, 0x00, 0x00, 0x00, 0x00, 0x00, 0x00, 0x00, 0x00, 0x00, 0x00, 
0x00, 0x00, 0x00, 0x00, 0x00, 0x00, 0x00, 0x00, 0x00, 0x00, 0x00, 0x00, 0x00, 0x00, 0x00, 0x00, 0x00, 0x00, 0x00, 0x00, 0x00, 0x00, 0x00, 0x00, 0x00, 0x00, 0x00, 0x00, 0x00, 0x00, 0x00, 0x00, 0x00, 0x00, 0x00, 0x00, 
0x00, 0x00, 0x00, 0x00, 0x00, 0x00, 0x00, 0x00, 0x00, 0x00, 0x00, 0x00, 0x00, 0x00, 0x00, 0x00, 0x00, 0x00, 0x00, 0x00, 0x00, 0x00, 0x00, 0x00, 0x00, 0x00, 0x00, 0x00, 0x00, 0x00, 0xe0, 0x03, 0x02, 0x00, 0x00, 0x00, 
0x42, 0x2b, 0xb4, 0x23, 0x34, 0xff, 0x02, 0x2c, 0xff, 0x02, 0x34, 0xff, 0x02, 0x34, 0xff, 0x02, 0x2c, 0xff, 0x02, 0x2c, 0xff, 0x02, 0x2c, 0xff, 0x23, 0x34, 0xff, 0x63, 0x2b, 0xd7, 0x45, 0x2b, 0x0c, 0x00, 0x00, 0x01, 
0xe2, 0x22, 0x26, 0x82, 0x2b, 0xfb, 0x23, 0x34, 0xff, 0x02, 0x2c, 0xff, 0x02, 0x34, 0xff, 0x02, 0x2c, 0xff, 0x02, 0x34, 0xff, 0x02, 0x34, 0xff, 0x02, 0x34, 0xff, 0x02, 0x2c, 0xff, 0x23, 0x34, 0xff, 0x62, 0x2b, 0xbc, 
0x00, 0x00, 0x00, 0x00, 0x00, 0x01, 0x00, 0x00, 0x00, 0x00, 0x00, 0x00, 0x00, 0x00, 0x00, 0x00, 0x00, 0x00, 0x00, 0x00, 0x00, 0x00, 0x00, 0x00, 0x00, 0x00, 0x00, 0x00, 0x00, 0x00, 0x00, 0x00, 0x00, 0x00, 0x00, 0x00, 
0x00, 0x00, 0x00, 0x00, 0x00, 0x00, 0x00, 0x00, 0x00, 0x00, 0x00, 0x00, 0x00, 0x00, 0x00, 0x00, 0x00, 0x00, 0x00, 0x00, 0x00, 0x00, 0x00, 0x00, 0xa0, 0x02, 0x03, 0x00, 0x00, 0x00, 0x63, 0x2b, 0x40, 0xc2, 0x2b, 0xff, 
0x01, 0x2c, 0xfe, 0xe1, 0x23, 0xfb, 0x21, 0x2c, 0xff, 0xa2, 0x2b, 0xac, 0x41, 0x1b, 0x68, 0x02, 0x2c, 0xff, 0x01, 0x2c, 0xfb, 0x01, 0x2c, 0xfd, 0xc2, 0x2b, 0xff, 0x61, 0x23, 0x46, 0x00, 0x00, 0x00, 0xa0, 0x02, 0x03, 
0x00, 0x00, 0x00, 0x00, 0x00, 0x00, 0x00, 0x00, 0x00, 0x00, 0x00, 0x00, 0x00, 0x00, 0x00, 0x00, 0x00, 0x00, 0x00, 0x00, 0x00, 0x00, 0x00, 0x00, 0x00, 0x00, 0x00, 0x00, 0x00, 0x00, 0x00, 0x00, 0x00, 0x00, 0x00, 0x00, 
0xe0, 0x03, 0x02, 0x00, 0x00, 0x00, 0x42, 0x23, 0xa4, 0x02, 0x2c, 0xff, 0x01, 0x2c, 0xf8, 0x02, 0x2c, 0xff, 0x62, 0x23, 0x8a, 0x81, 0x1b, 0xbc, 0x22, 0x2c, 0xff, 0xe1, 0x23, 0xfb, 0x01, 0x2c, 0xff, 0xa2, 0x2b, 0xfa, 
0x63, 0x2b, 0x30, 0x00, 0x00, 0x00, 0xe0, 0x03, 0x02, 0x00, 0x00, 0x00, 0x00, 0x00, 0x00, 0x00, 0x00, 0x00, 0x00, 0x00, 0x00, 0x00, 0x00, 0x00, 0x00, 0x00, 0x00, 0x00, 0x00, 0x00, 0x00, 0x00, 0x00, 0x00, 0x00, 0x00, 
0x00, 0x00, 0x00, 0x00, 0x00, 0x00, 0x00, 0x00, 0x01, 0xe0, 0x7b, 0x02, 0x4a, 0x55, 0x03, 0xa0, 0x02, 0x03, 0xa0, 0x52, 0x03, 0xa0, 0x52, 0x03, 0xa0, 0x52, 0x03, 0xa0, 0x02, 0x03, 0xa0, 0x52, 0x03, 0xaa, 0x52, 0x03, 
0xe0, 0x03, 0x02, 0x00, 0x00, 0x00, 0x00, 0x00, 0x00, 0x00, 0x00, 0x00, 0x00, 0x00, 0x00, 0x00, 0x00, 0x00, 0x00, 0x00, 0x00, 0x00, 0x00, 0x00, 0x00, 0x00, 0x00, 0x00, 0x00, 0x00, 0x00, 0x00, 0x00, 0x00, 0x00, 0x00, 
0x00, 0x00, 0x00, 0x00, 0x00, 0x00, 0x00, 0x00, 0x01, 0xe0, 0x07, 0x01, 0xe0, 0x07, 0x01, 0xe0, 0x07, 0x01, 0x00, 0x00, 0x00, 0x00, 0x00, 0x00, 0x00, 0x00, 0x00, 0x00, 0x00, 0x00, 0x00, 0x00, 0x00, 0x00, 0x00, 0x01, 
0xaa, 0x52, 0x03, 0x40, 0x55, 0x03, 0xa0, 0x52, 0x03, 0x40, 0x55, 0x03, 0xa0, 0x02, 0x03, 0xa0, 0x52, 0x03, 0xe0, 0x7b, 0x02, 0x00, 0x00, 0x01, 0x00, 0x00, 0x00, 0x00, 0x00, 0x00, 0x00, 0x00, 0x00, 0x00, 0x00, 0x00, 
0x00, 0x00, 0x00, 0x00, 0x00, 0x00, 0x00, 0x00, 0x00, 0x00, 0x00, 0x00, 0x00, 0x00, 0x00, 0x00, 0x00, 0x00, 0xe0, 0xff, 0x01, 0x00, 0x00, 0x00, 0x0a, 0xde, 0x15, 0x66, 0xdd, 0xe6, 0x62, 0xed, 0xff, 0x42, 0xe5, 0xfc, 
0x42, 0xe5, 0xfb, 0x84, 0xed, 0xff, 0x66, 0xdd, 0x67, 0x00, 0x00, 0x00, 0xe7, 0xbb, 0x04, 0x00, 0x00, 0x00, 0x00, 0x00, 0x00, 0x00, 0x00, 0x00, 0x00, 0x00, 0x00, 0x00, 0x00, 0x00, 0x00, 0x00, 0x00, 0x00, 0x00, 0x00, 
0x00, 0x00, 0x00, 0x00, 0x00, 0x00, 0x00, 0x00, 0x00, 0x00, 0x00, 0x00, 0x00, 0x00, 0x00, 0x00, 0x00, 0x00, 0xe7, 0xfd, 0x04, 0x00, 0x00, 0x00, 0x67, 0xdd, 0x2f, 0x65, 0xe5, 0xf6, 0x42, 0xed, 0xfe, 0x42, 0xe5, 0xfd, 
0x42, 0xe5, 0xfb, 0x82, 0xf5, 0xfe, 0x25, 0xdd, 0x9d, 0x00, 0x00, 0x00, 0xe0, 0xff, 0x02, 0x00, 0x00, 0x00, 0x00, 0x00, 0x00, 0x00, 0x00, 0x00, 0x00, 0x00, 0x00, 0xef, 0x7b, 0x02, 0xef, 0xff, 0x02, 0xef, 0xff, 0x02, 
0xef, 0xfb, 0x02, 0x00, 0x00, 0x00, 0x00, 0x00, 0x00, 0x00, 0x00, 0x00, 0x00, 0x00, 0x01, 0x4a, 0xad, 0x03, 0x4a, 0xfd, 0x03, 0xe0, 0xff, 0x02, 0x4a, 0xfd, 0x03, 0x4a, 0xfd, 0x03, 0xe0, 0xff, 0x01, 0x00, 0x00, 0x00, 
0x00, 0x00, 0x00, 0x00, 0x00, 0x00, 0x00, 0x00, 0x00, 0x00, 0x00, 0x00, 0x00, 0x00, 0x00, 0x00, 0x00, 0x00, 0x00, 0x00, 0x00, 0x00, 0x00, 0x00, 0x00, 0x00, 0x00, 0x00, 0x00, 0x00, 0xe0, 0x7b, 0x02, 0x4a, 0xfd, 0x03, 
0x4a, 0xfd, 0x03, 0x4a, 0xfd, 0x03, 0xe0, 0xff, 0x02, 0x40, 0xad, 0x03, 0x4a, 0xfd, 0x03, 0x4a, 0xfd, 0x03, 0xef, 0xfb, 0x02, 0x00, 0x00, 0x00, 0x00, 0x00, 0x00, 0x00, 0x00, 0x00, 0x00, 0x00, 0x00, 0x00, 0x00, 0x00, 
0x00, 0x00, 0x00, 0x00, 0x00, 0x00, 0x00, 0x00, 0x00, 0x00, 0x00, 0x00, 0x00, 0x00, 0x00, 0x00, 0x00, 0x00, 0x00, 0x00, 0x00, 0x00, 0x00, 0x00, 0x00, 0x00, 0x00, 0x00, 0x00, 0x00, 0x00, 0x00, 0x00, 0x00, 0x00, 0x00, 
0x00, 0x00, 0x00, 0x00, 0x00, 0x00, 0x00, 0x00, 0x00, 0x00, 0x00, 0x00, 0x00, 0x00, 0x00, 0x00, 0x00, 0x00, 0x00, 0x00, 0x00, 0xa0, 0x02, 0x03, 0x00, 0x00, 0x00, 0x01, 0x23, 0x36, 0xa2, 0x2b, 0xf9, 0x01, 0x24, 0xfa, 
0xe1, 0x23, 0xfa, 0x01, 0x2c, 0xfb, 0x01, 0x2c, 0xfa, 0x01, 0x24, 0xfb, 0x01, 0x24, 0xfb, 0x01, 0x24, 0xf9, 0xe2, 0x2b, 0xfe, 0x41, 0x23, 0x57, 0x00, 0x00, 0x00, 0x00, 0x00, 0x00, 0x62, 0x23, 0x90, 0x02, 0x2c, 0xff, 
0xe1, 0x23, 0xf8, 0x01, 0x2c, 0xfb, 0x01, 0x24, 0xfb, 0x01, 0x24, 0xfb, 0x01, 0x24, 0xfb, 0xe1, 0x2b, 0xfb, 0x01, 0x24, 0xfb, 0x01, 0x24, 0xfb, 0x01, 0x24, 0xfa, 0xc2, 0x2b, 0xfc, 0x21, 0x23, 0x3d, 0x00, 0x00, 0x00, 
0xe0, 0x03, 0x02, 0x00, 0x00, 0x00, 0x00, 0x00, 0x00, 0x00, 0x00, 0x00, 0x00, 0x00, 0x00, 0x00, 0x00, 0x00, 0x00, 0x00, 0x00, 0x00, 0x00, 0x00, 0x00, 0x00, 0x00, 0x00, 0x00, 0x00, 0x00, 0x00, 0x00, 0x00, 0x00, 0x00, 
0x00, 0x00, 0x00, 0x00, 0x00, 0x00, 0x00, 0x00, 0x00, 0x00, 0x00, 0x00, 0x00, 0x00, 0x00, 0x00, 0x00, 0x00, 0xa0, 0x02, 0x03, 0x00, 0x00, 0x00, 0x63, 0x2b, 0x40, 0xc2, 0x2b, 0xff, 0x01, 0x2c, 0xfe, 0xe1, 0x2b, 0xfb, 
0x21, 0x2c, 0xff, 0xa2, 0x2b, 0xb7, 0xa0, 0x12, 0x21, 0xa2, 0x2b, 0xf5, 0x01, 0x2c, 0xff, 0xe1, 0x23, 0xfa, 0x02, 0x2c, 0xff, 0x62, 0x23, 0x93, 0x00, 0x00, 0x00, 0xa0, 0x02, 0x03, 0x00, 0x00, 0x00, 0x00, 0x00, 0x00, 
0x00, 0x00, 0x00, 0x00, 0x00, 0x00, 0x00, 0x00, 0x00, 0x00, 0x00, 0x00, 0x00, 0x00, 0x00, 0x00, 0x00, 0x00, 0x00, 0x00, 0x00, 0x00, 0x00, 0x00, 0x00, 0x00, 0x00, 0x00, 0x00, 0x01, 0x00, 0x00, 0x00, 0xe1, 0x1a, 0x13, 
0xa2, 0x2b, 0xe6, 0x01, 0x2c, 0xff, 0x01, 0x2c, 0xfd, 0xa2, 0x2b, 0xfb, 0x00, 0x1b, 0x34, 0x82, 0x23, 0xc2, 0x22, 0x2c, 0xff, 0xe1, 0x23, 0xfb, 0x01, 0x2c, 0xff, 0xa2, 0x2b, 0xfa, 0x62, 0x2b, 0x30, 0x00, 0x00, 0x00, 
0xe0, 0x03, 0x02, 0x00, 0x00, 0x00, 0x00, 0x00, 0x00, 0x00, 0x00, 0x00, 0x00, 0x00, 0x00, 0x00, 0x00, 0x00, 0x00, 0x00, 0x00, 0x00, 0x00, 0x00, 0x00, 0x00, 0x00, 0x00, 0x00, 0x00, 0xe0, 0x7b, 0x02, 0xa0, 0x52, 0x03, 
0x00, 0x00, 0x00, 0x00, 0x00, 0x00, 0x00, 0x00, 0x00, 0x00, 0x00, 0x00, 0x00, 0x00, 0x00, 0x00, 0x00, 0x00, 0x00, 0x00, 0x00, 0x00, 0x00, 0x00, 0x00, 0x00, 0x00, 0x00, 0x00, 0x00, 0x00, 0x00, 0x00, 0xe0, 0x03, 0x02, 
0xa0, 0x52, 0x03, 0x00, 0x00, 0x00, 0x00, 0x00, 0x00, 0x00, 0x00, 0x00, 0x00, 0x00, 0x00, 0x00, 0x00, 0x00, 0x00, 0x00, 0x00, 0x00, 0x00, 0x00, 0x00, 0x00, 0x00, 0x00, 0x00, 0x00, 0x00, 0x00, 0x00, 0x00, 0x00, 0x00, 
0x00, 0x00, 0x00, 0x00, 0x00, 0x00, 0x00, 0x00, 0x00, 0x00, 0x00, 0x00, 0x00, 0x00, 0x00, 0x00, 0x00, 0x00, 0x00, 0x00, 0x00, 0x00, 0x00, 0x01, 0xa0, 0x52, 0x03, 0x00, 0x00, 0x00, 0x00, 0x00, 0x00, 0x00, 0x00, 0x00, 
0x00, 0x00, 0x00, 0x00, 0x00, 0x00, 0x00, 0x00, 0x00, 0x00, 0x00, 0x00, 0x00, 0x00, 0x00, 0x00, 0x00, 0x00, 0xa0, 0x52, 0x03, 0x00, 0x00, 0x01, 0x00, 0x00, 0x00, 0x00, 0x00, 0x00, 0x00, 0x00, 0x00, 0x00, 0x00, 0x00, 
0x00, 0x00, 0x00, 0x00, 0x00, 0x00, 0x00, 0x00, 0x00, 0x00, 0x00, 0x00, 0xe0, 0xff, 0x01, 0x00, 0x00, 0x00, 0xaa, 0xdd, 0x15, 0x66, 0xdd, 0xe5, 0x62, 0xed, 0xff, 0x42, 0xe5, 0xfc, 0x42, 0xe5, 0xfb, 0x84, 0xed, 0xff, 
0x66, 0xdd, 0x67, 0x00, 0x00, 0x00, 0xe7, 0xbb, 0x04, 0x00, 0x00, 0x00, 0x00, 0x00, 0x00, 0x00, 0x00, 0x00, 0x00, 0x00, 0x00, 0x00, 0x00, 0x00, 0x00, 0x00, 0x00, 0x00, 0x00, 0x00, 0x00, 0x00, 0x00, 0x00, 0x00, 0x00, 
0x00, 0x00, 0x00, 0x00, 0x00, 0x00, 0x00, 0x00, 0x00, 0x00, 0x00, 0x00, 0x00, 0x00, 0x00, 0xe0, 0xff, 0x01, 0xe0, 0xff, 0x01, 0x46, 0xdd, 0xc4, 0x83, 0xed, 0xff, 0x42, 0xed, 0xfb, 0x42, 0xed, 0xfc, 0x82, 0xed, 0xff, 
0x45, 0xd5, 0xcd, 0xe0, 0xbd, 0x04, 0x00, 0x00, 0x00, 0x00, 0x00, 0x01, 0x00, 0x00, 0x00, 0x00, 0x00, 0x00, 0x00, 0x00, 0x00, 0x00, 0x00, 0x00, 0x00, 0x00, 0x00, 0x00, 0x00, 0x00, 0x00, 0x00, 0x00, 0x00, 0x00, 0x00, 
0x00, 0x00, 0x00, 0xe0, 0xff, 0x01, 0x00, 0x00, 0x00, 0x00, 0x00, 0x00, 0x00, 0x00, 0x00, 0x00, 0x00, 0x00, 0x00, 0x00, 0x00, 0x00, 0x00, 0x00, 0x00, 0x00, 0x00, 0x4a, 0xad, 0x03, 0x00, 0x00, 0x00, 0x00, 0x00, 0x00, 
0x00, 0x00, 0x00, 0x00, 0x00, 0x00, 0x00, 0x00, 0x00, 0x00, 0x00, 0x00, 0x00, 0x00, 0x00, 0x00, 0x00, 0x00, 0xef, 0xff, 0x02, 0xe0, 0xff, 0x01, 0x00, 0x00, 0x00, 0x00, 0x00, 0x00, 0x00, 0x00, 0x00, 0x00, 0x00, 0x00, 
0x00, 0x00, 0x00, 0x00, 0x00, 0x00, 0x00, 0x00, 0x00, 0x00, 0x00, 0x00, 0x00, 0x00, 0x00, 0x00, 0xf8, 0x01, 0x4a, 0xad, 0x03, 0x00, 0x00, 0x00, 0x00, 0x00, 0x00, 0x00, 0x00, 0x00, 0x00, 0x00, 0x00, 0x00, 0x00, 0x00, 
0x00, 0x00, 0x00, 0x00, 0x00, 0x00, 0x00, 0x00, 0x00, 0x00, 0x00, 0x00, 0x00, 0x00, 0x00, 0x00, 0x00, 0x00, 0x00, 0x00, 0x00, 0x00, 0x00, 0x00, 0x00, 0x00, 0x00, 0x00, 0x00, 0x00, 0x00, 0x00, 0x00, 0x00, 0x00, 0x00, 
0x00, 0x00, 0x00, 0x00, 0x00, 0x00, 0x00, 0x00, 0x00, 0x00, 0x00, 0x00, 0x00, 0x00, 0x00, 0xe0, 0x03, 0x02, 0x00, 0x00, 0x00, 0x42, 0x23, 0xa6, 0x02, 0x2c, 0xff, 0x01, 0x2c, 0xfb, 0xe1, 0x2b, 0xfe, 0xe1, 0x2b, 0xfe, 
0xe1, 0x2b, 0xfe, 0xe1, 0x2b, 0xfe, 0xe1, 0x2b, 0xfc, 0x02, 0x2c, 0xfe, 0x82, 0x2b, 0xd2, 0xa0, 0x1a, 0x09, 0xe0, 0x07, 0x01, 0xe2, 0x22, 0x1e, 0xa2, 0x2b, 0xed, 0x01, 0x2c, 0xfe, 0xe1, 0x2b, 0xfd, 0xe1, 0x2b, 0xfe, 
0xe1, 0x2b, 0xfe, 0xe1, 0x2b, 0xfe, 0xe1, 0x2b, 0xfe, 0xe1, 0x2b, 0xfe, 0xe1, 0x2b, 0xfe, 0xe1, 0x2b, 0xfe, 0x01, 0x2c, 0xfb, 0x22, 0x2c, 0xff, 0x82, 0x23, 0xad, 0x00, 0x00, 0x00, 0xe0, 0x03, 0x02, 0x00, 0x00, 0x00, 
0x00, 0x00, 0x00, 0x00, 0x00, 0x00, 0x00, 0x00, 0x00, 0x00, 0x00, 0x00, 0x00, 0x00, 0x00, 0x00, 0x00, 0x00, 0x00, 0x00, 0x00, 0x00, 0x00, 0x00, 0x00, 0x00, 0x00, 0x00, 0x00, 0x00, 0x00, 0x00, 0x00, 0x00, 0x00, 0x00, 
0x00, 0x00, 0x00, 0x00, 0x00, 0x00, 0x00, 0x00, 0x00, 0x00, 0x00, 0x00, 0xa0, 0x02, 0x03, 0x00, 0x00, 0x00, 0x63, 0x2b, 0x40, 0xc2, 0x2b, 0xff, 0x01, 0x2c, 0xfe, 0xe1, 0x23, 0xfb, 0x21, 0x2c, 0xff, 0xa2, 0x2b, 0xc1, 
0x00, 0x00, 0x01, 0x82, 0x2b, 0xc3, 0x22, 0x2c, 0xff, 0xe1, 0x23, 0xfa, 0x02, 0x2c, 0xff, 0x82, 0x23, 0xda, 0x80, 0x1b, 0x09, 0x00, 0x00, 0x00, 0x00, 0x00, 0x01, 0x00, 0x00, 0x00, 0x00, 0x00, 0x00, 0x00, 0x00, 0x00, 
0x00, 0x00, 0x00, 0x00, 0x00, 0x00, 0x00, 0x00, 0x00, 0x00, 0x00, 0x00, 0x00, 0x00, 0x00, 0x00, 0x00, 0x00, 0x00, 0x00, 0x00, 0xa0, 0x52, 0x03, 0x00, 0x00, 0x01, 0x62, 0x23, 0x57, 0xe2, 0x2b, 0xff, 0xe1, 0x2b, 0xfa, 
0x22, 0x2c, 0xff, 0x62, 0x23, 0xcb, 0xe0, 0x01, 0x04, 0x62, 0x23, 0xcb, 0x02, 0x2c, 0xff, 0xe1, 0x23, 0xfb, 0x01, 0x2c, 0xff, 0xa2, 0x2b, 0xf9, 0x62, 0x2b, 0x2f, 0x00, 0x00, 0x00, 0xe0, 0x03, 0x02, 0x00, 0x00, 0x00, 
0x00, 0x00, 0x00, 0x00, 0x00, 0x00, 0x00, 0x00, 0x00, 0x00, 0x00, 0x00, 0x00, 0x00, 0x00, 0x00, 0x00, 0x00, 0xe0, 0x07, 0x01, 0xe0, 0x03, 0x02, 0x00, 0x00, 0x00, 0x00, 0x00, 0x00, 0xc9, 0x64, 0x0a, 0x27, 0x4c, 0x35, 
0xc5, 0x3b, 0x5a, 0x63, 0x23, 0x6a, 0xa3, 0x2b, 0x83, 0xc4, 0x33, 0x8c, 0xc4, 0x33, 0x89, 0x83, 0x2b, 0x79, 0x63, 0x2b, 0x65, 0xe6, 0x43, 0x4e, 0x07, 0x44, 0x1d, 0x00, 0x00, 0x00, 0x00, 0x00, 0x00, 0xe0, 0x03, 0x02, 
0xe0, 0x07, 0x01, 0x00, 0x00, 0x00, 0x00, 0x00, 0x00, 0x00, 0x00, 0x00, 0x00, 0x00, 0x00, 0x00, 0x00, 0x00, 0x00, 0x00, 0x00, 0x00, 0x00, 0x00, 0x00, 0x00, 0x00, 0x00, 0x00, 0x00, 0xaa, 0x6c, 0x0c, 0x0b, 0x6d, 0x16, 
0x0b, 0x6d, 0x13, 0xab, 0x5c, 0x11, 0xe5, 0x53, 0x06, 0x00, 0x00, 0x00, 0xe0, 0x03, 0x02, 0x00, 0x00, 0x00, 0x00, 0x00, 0x00, 0xcc, 0x7c, 0x0a, 0x07, 0x4c, 0x43, 0xa4, 0x33, 0x67, 0xa3, 0x2b, 0x80, 0xe4, 0x33, 0x8b, 
0x83, 0x2b, 0x7e, 0x83, 0x33, 0x62, 0xe6, 0x4b, 0x38, 0xe7, 0x7b, 0x04, 0x00, 0x00, 0x00, 0x00, 0x00, 0x00, 0xe0, 0x03, 0x02, 0x00, 0x00, 0x00, 0x00, 0x00, 0x00, 0x00, 0x00, 0x00, 0x00, 0x00, 0x00, 0x00, 0x00, 0x00, 
0x00, 0x00, 0x00, 0x00, 0x00, 0x00, 0xe0, 0xff, 0x01, 0x00, 0x00, 0x00, 0x89, 0xdd, 0x14, 0x46, 0xdd, 0xe5, 0x62, 0xed, 0xff, 0x42, 0xe5, 0xfc, 0x42, 0xe5, 0xfb, 0x84, 0xed, 0xff, 0x66, 0xd5, 0x66, 0x00, 0x00, 0x00, 
0x4a, 0xfd, 0x03, 0x00, 0x00, 0x00, 0x00, 0x00, 0x00, 0x00, 0x00, 0x00, 0x00, 0x00, 0x00, 0x00, 0x00, 0x00, 0x00, 0x00, 0x00, 0x00, 0x00, 0x00, 0x00, 0x00, 0x00, 0x00, 0x00, 0x00, 0x00, 0x00, 0x00, 0x00, 0x00, 0x00, 
0x00, 0x00, 0x00, 0x00, 0x00, 0x00, 0x00, 0x00, 0x00, 0x4a, 0xfd, 0x03, 0x00, 0x00, 0x00, 0x87, 0xdd, 0x90, 0xa3, 0xed, 0xff, 0x41, 0xed, 0xfb, 0x42, 0xed, 0xfd, 0x62, 0xed, 0xff, 0x24, 0xd5, 0xe2, 0x63, 0xdd, 0x10, 
0x00, 0x00, 0x00, 0xe0, 0xff, 0x01, 0x00, 0x00, 0x00, 0x00, 0x00, 0x00, 0xe0, 0xfb, 0x02, 0x6e, 0xe6, 0x1f, 0x8f, 0xee, 0x2c, 0x8f, 0xee, 0x2d, 0x4e, 0xe6, 0x21, 0xe7, 0xfd, 0x04, 0x00, 0x00, 0x01, 0x00, 0x00, 0x00, 
0x00, 0x00, 0x00, 0xa8, 0xdd, 0x4b, 0x67, 0xdd, 0x82, 0x67, 0xdd, 0x98, 0x67, 0xdd, 0x7a, 0x89, 0xdd, 0x53, 0xca, 0xdd, 0x0f, 0x00, 0x00, 0x00, 0x00, 0x00, 0x00, 0x00, 0x00, 0x00, 0x00, 0x00, 0x00, 0x00, 0x00, 0x00, 
0x00, 0x00, 0x00, 0x00, 0x00, 0x00, 0xe0, 0xff, 0x01, 0xe0, 0xfb, 0x02, 0x00, 0x00, 0x00, 0x00, 0x00, 0x00, 0x0b, 0xe6, 0x21, 0xaa, 0xdd, 0x58, 0x66, 0xdd, 0x72, 0x66, 0xdd, 0x8a, 0x67, 0xdd, 0x97, 0x66, 0xdd, 0x8f, 
0x46, 0xdd, 0x74, 0x89, 0xdd, 0x5f, 0xab, 0xdd, 0x2e, 0x00, 0x00, 0x00, 0x00, 0x00, 0x00, 0x00, 0x00, 0x01, 0xe0, 0xfb, 0x02, 0x00, 0x00, 0x00, 0x00, 0x00, 0x00, 0x00, 0x00, 0x00, 0x00, 0x00, 0x00, 0x00, 0x00, 0x00, 
0x00, 0x00, 0x00, 0x00, 0x00, 0x00, 0x00, 0x00, 0x00, 0x00, 0x00, 0x00, 0x00, 0x00, 0x00, 0x00, 0x00, 0x00, 0x00, 0x00, 0x00, 0x00, 0x00, 0x00, 0x00, 0x00, 0x00, 0x00, 0x00, 0x00, 0x00, 0x00, 0x00, 0x00, 0x00, 0x00, 
0x00, 0x00, 0x00, 0x00, 0x00, 0x00, 0xe0, 0x03, 0x02, 0x00, 0x00, 0x00, 0x01, 0x1b, 0x2d, 0xa2, 0x2b, 0xf7, 0x01, 0x2c, 0xfe, 0xe1, 0x23, 0xfd, 0xe1, 0x2b, 0xfe, 0xe1, 0x2b, 0xfe, 0xe1, 0x2b, 0xfe, 0xe1, 0x2b, 0xfe, 
0xe1, 0x2b, 0xfc, 0x02, 0x2c, 0xff, 0x61, 0x23, 0x65, 0x00, 0x00, 0x00, 0x00, 0x00, 0x00, 0x41, 0x23, 0x85, 0x02, 0x2c, 0xff, 0x01, 0x24, 0xfb, 0xe1, 0x2b, 0xfe, 0xe1, 0x2b, 0xfe, 0xe1, 0x2b, 0xfe, 0xe1, 0x2b, 0xfe, 
0xe1, 0x2b, 0xfe, 0xe1, 0x2b, 0xfe, 0xe1, 0x2b, 0xfe, 0xe1, 0x2b, 0xfe, 0x01, 0x2c, 0xfd, 0x01, 0x2c, 0xfd, 0xa2, 0x2b, 0xf8, 0x42, 0x23, 0x35, 0x00, 0x00, 0x01, 0xe0, 0x03, 0x02, 0x00, 0x00, 0x00, 0x00, 0x00, 0x00, 
0x00, 0x00, 0x00, 0x00, 0x00, 0x00, 0x00, 0x00, 0x00, 0x00, 0x00, 0x00, 0x00, 0x00, 0x00, 0x00, 0x00, 0x00, 0x00, 0x00, 0x00, 0x00, 0x00, 0x00, 0x00, 0x00, 0x00, 0x00, 0x00, 0x00, 0x00, 0x00, 0x00, 0x00, 0x00, 0x00, 
0x00, 0x00, 0x00, 0x00, 0x00, 0x00, 0xa0, 0x02, 0x03, 0x00, 0x00, 0x00, 0x63, 0x2b, 0x40, 0xc2, 0x2b, 0xff, 0x01, 0x2c, 0xfe, 0xe1, 0x23, 0xfb, 0x21, 0x2c, 0xff, 0xa2, 0x2b, 0xc0, 0x00, 0x00, 0x00, 0x62, 0x2b, 0x75, 
0x02, 0x2c, 0xff, 0x01, 0x2c, 0xfb, 0x01, 0x2c, 0xfc, 0xc2, 0x2b, 0xfe, 0x21, 0x23, 0x45, 0x00, 0x00, 0x00, 0xa0, 0x02, 0x03, 0x00, 0x00, 0x00, 0x00, 0x00, 0x00, 0x00, 0x00, 0x00, 0x00, 0x00, 0x00, 0x00, 0x00, 0x00, 
0x00, 0x00, 0x00, 0x00, 0x00, 0x00, 0x00, 0x00, 0x00, 0x00, 0x00, 0x00, 0x00, 0x00, 0x00, 0xe0, 0x03, 0x02, 0x00, 0x00, 0x00, 0x62, 0x23, 0xa1, 0x02, 0x2c, 0xff, 0x01, 0x2c, 0xf7, 0x02, 0x2c, 0xff, 0x82, 0x2b, 0x7c, 
0x00, 0x00, 0x00, 0x82, 0x23, 0xcf, 0x02, 0x2c, 0xff, 0xe1, 0x2b, 0xfb, 0x01, 0x2c, 0xff, 0xa2, 0x2b, 0xf9, 0x62, 0x2b, 0x2f, 0x00, 0x00, 0x00, 0xe0, 0x03, 0x02, 0x00, 0x00, 0x00, 0x00, 0x00, 0x00, 0x00, 0x00, 0x00, 
0x00, 0x00, 0x00, 0x00, 0x00, 0x00, 0x00, 0x00, 0x00, 0xe0, 0x03, 0x02, 0x00, 0x00, 0x00, 0x00, 0x00, 0x00, 0xa5, 0x3b, 0x32, 0xc4, 0x33, 0x93, 0xa3, 0x2b, 0xd8, 0xc3, 0x33, 0xfb, 0xe3, 0x33, 0xff, 0xe2, 0x2b, 0xff, 
0x02, 0x2c, 0xff, 0x02, 0x2c, 0xff, 0x02, 0x2c, 0xff, 0xe2, 0x2b, 0xff, 0xe2, 0x2b, 0xff, 0xe3, 0x33, 0xff, 0xc3, 0x33, 0xec, 0xa3, 0x33, 0xae, 0x63, 0x33, 0x48, 0x00, 0x00, 0x00, 0x00, 0x00, 0x00, 0x00, 0x00, 0x01, 
0x00, 0x00, 0x00, 0x00, 0x00, 0x00, 0x00, 0x00, 0x00, 0x00, 0x00, 0x00, 0x00, 0x00, 0x00, 0x00, 0x00, 0x01, 0x00, 0x00, 0x00, 0xe0, 0x07, 0x01, 0x63, 0x2b, 0xb2, 0xe4, 0x33, 0xe8, 0xc4, 0x2b, 0xdf, 0xe4, 0x33, 0xe3, 
0x63, 0x2b, 0x6e, 0xe0, 0x07, 0x01, 0x00, 0x00, 0x00, 0x67, 0x54, 0x09, 0xa4, 0x3b, 0x76, 0xc3, 0x33, 0xd8, 0xe3, 0x33, 0xff, 0xe2, 0x2b, 0xff, 0x02, 0x2c, 0xff, 0x02, 0x2c, 0xff, 0xe2, 0x2b, 0xff, 0xe2, 0x2b, 0xff, 
0xc3, 0x33, 0xfd, 0xa3, 0x2b, 0xcd, 0x63, 0x2b, 0x69, 0xc0, 0x64, 0x05, 0x00, 0x00, 0x00, 0xe0, 0x03, 0x02, 0x00, 0x00, 0x00, 0x00, 0x00, 0x00, 0x00, 0x00, 0x00, 0x00, 0x00, 0x00, 0x00, 0x00, 0x00, 0x00, 0x00, 0x00, 
0xe0, 0xff, 0x01, 0x00, 0x00, 0x00, 0xe9, 0xdd, 0x14, 0x46, 0xdd, 0xe5, 0x62, 0xed, 0xff, 0x42, 0xe5, 0xfc, 0x42, 0xe5, 0xfb, 0x84, 0xed, 0xff, 0x46, 0xd5, 0x66, 0x00, 0x00, 0x00, 0x4a, 0xfd, 0x03, 0x00, 0x00, 0x00, 
0x00, 0x00, 0x00, 0x00, 0x00, 0x00, 0x00, 0x00, 0x00, 0x00, 0x00, 0x00, 0x00, 0x00, 0x00, 0x00, 0x00, 0x00, 0x00, 0x00, 0x00, 0x00, 0x00, 0x00, 0x00, 0x00, 0x00, 0x00, 0x00, 0x00, 0x00, 0x00, 0x00, 0x00, 0x00, 0x00, 
0x00, 0x00, 0x00, 0xe7, 0xbb, 0x04, 0x00, 0x00, 0x00, 0x67, 0xdd, 0x73, 0x84, 0xed, 0xff, 0x41, 0xed, 0xfb, 0x42, 0xe5, 0xfd, 0x62, 0xed, 0xff, 0x24, 0xdd, 0xec, 0x05, 0xdd, 0x1c, 0x00, 0x00, 0x00, 0xe0, 0x7b, 0x02, 
0xef, 0xff, 0x02, 0x00, 0x00, 0x00, 0x89, 0xd5, 0x34, 0x68, 0xd5, 0xea, 0x87, 0xdd, 0xf3, 0x87, 0xe5, 0xf2, 0x88, 0xdd, 0xee, 0x68, 0xd5, 0x47, 0x00, 0x00, 0x00, 0x47, 0xdd, 0x15, 0x67, 0xdd, 0xb3, 0x85, 0xe5, 0xff, 
0x84, 0xed, 0xff, 0x83, 0xed, 0xff, 0x84, 0xed, 0xff, 0x85, 0xe5, 0xff, 0x46, 0xdd, 0xda, 0x67, 0xd5, 0x6f, 0x47, 0xc5, 0x09, 0x00, 0xf8, 0x01, 0x00, 0x00, 0x00, 0x00, 0x00, 0x00, 0x00, 0x00, 0x00, 0xef, 0xfb, 0x02, 
0x00, 0x00, 0x00, 0x00, 0x00, 0x00, 0x68, 0xd5, 0x40, 0x87, 0xdd, 0xad, 0x66, 0xdd, 0xed, 0x85, 0xed, 0xff, 0x84, 0xed, 0xff, 0x83, 0xed, 0xff, 0x83, 0xed, 0xff, 0x83, 0xed, 0xff, 0x84, 0xed, 0xff, 0x85, 0xed, 0xff, 
0x66, 0xdd, 0xf5, 0x66, 0xdd, 0xba, 0x88, 0xdd, 0x56, 0x00, 0x00, 0x00, 0x00, 0x00, 0x00, 0x4a, 0xad, 0x03, 0x00, 0x00, 0x00, 0x00, 0x00, 0x00, 0x00, 0x00, 0x00, 0x00, 0x00, 0x00, 0x00, 0x00, 0x00, 0x00, 0x00, 0x00, 
0x00, 0x00, 0x00, 0x00, 0x00, 0x00, 0x00, 0x00, 0x00, 0x00, 0x00, 0x00, 0x00, 0x00, 0x00, 0x00, 0x00, 0x00, 0x00, 0x00, 0x00, 0x00, 0x00, 0x00, 0x00, 0x00, 0x00, 0x00, 0x00, 0x00, 0x00, 0x00, 0x00, 0x00, 0x00, 0x00, 
0xe0, 0x03, 0x02, 0x00, 0x00, 0x00, 0x42, 0x23, 0x9d, 0x02, 0x2c, 0xff, 0x01, 0x2c, 0xfb, 0xe1, 0x2b, 0xfe, 0xe1, 0x2b, 0xfe, 0xe1, 0x2b, 0xfe, 0xe1, 0x2b, 0xfe, 0xe1, 0x2b, 0xfc, 0x02, 0x2c, 0xfe, 0x82, 0x23, 0xda, 
0xa0, 0x02, 0x0c, 0x00, 0x00, 0x01, 0xe1, 0x12, 0x16, 0x82, 0x2b, 0xe8, 0x02, 0x2c, 0xfe, 0xe1, 0x2b, 0xfc, 0xe1, 0x2b, 0xfe, 0xe1, 0x2b, 0xfe, 0xe1, 0x2b, 0xfe, 0xe1, 0x2b, 0xfe, 0xe1, 0x2b, 0xfe, 0xe1, 0x2b, 0xfe, 
0xe1, 0x2b, 0xfe, 0xe1, 0x2b, 0xfe, 0xe1, 0x2b, 0xfe, 0x01, 0x24, 0xfb, 0x22, 0x2c, 0xff, 0x42, 0x23, 0xa6, 0x00, 0x00, 0x00, 0xe0, 0x7b, 0x02, 0x00, 0x00, 0x00, 0x00, 0x00, 0x00, 0x00, 0x00, 0x00, 0x00, 0x00, 0x00, 
0x00, 0x00, 0x00, 0x00, 0x00, 0x00, 0x00, 0x00, 0x00, 0x00, 0x00, 0x00, 0x00, 0x00, 0x00, 0x00, 0x00, 0x00, 0x00, 0x00, 0x00, 0x00, 0x00, 0x00, 0x00, 0x00, 0x00, 0x00, 0x00, 0x00, 0x00, 0x00, 0x00, 0x00, 0x00, 0x00, 
0xa0, 0x02, 0x03, 0x00, 0x00, 0x00, 0x63, 0x2b, 0x3f, 0xc2, 0x2b, 0xff, 0x01, 0x2c, 0xfe, 0xe1, 0x23, 0xfb, 0x21, 0x2c, 0xff, 0xa2, 0x2b, 0xbe, 0x00, 0x00, 0x00, 0x42, 0x1b, 0x30, 0xa2, 0x2b, 0xfa, 0xe1, 0x2b, 0xfe, 
0xe1, 0x23, 0xfa, 0x02, 0x2c, 0xff, 0x83, 0x2b, 0x92, 0x00, 0x00, 0x00, 0xa0, 0x52, 0x03, 0x00, 0x00, 0x00, 0x00, 0x00, 0x00, 0x00, 0x00, 0x00, 0x00, 0x00, 0x00, 0x00, 0x00, 0x00, 0x00, 0x00, 0x00, 0x00, 0x00, 0x00, 
0x00, 0x00, 0x00, 0x00, 0x00, 0x00, 0x00, 0x00, 0x02, 0x00, 0x00, 0x00, 0xe1, 0x12, 0x16, 0x82, 0x2b, 0xe7, 0x02, 0x2c, 0xff, 0xe1, 0x2b, 0xfe, 0xa2, 0x2b, 0xf7, 0x21, 0x23, 0x2d, 0x00, 0x00, 0x00, 0x82, 0x23, 0xcd, 
0x02, 0x2c, 0xff, 0xe1, 0x2b, 0xfb, 0x01, 0x2c, 0xff, 0xa2, 0x2b, 0xf9, 0x62, 0x2b, 0x2f, 0x00, 0x00, 0x00, 0xe0, 0x03, 0x02, 0x00, 0x00, 0x00, 0x00, 0x00, 0x00, 0x00, 0x00, 0x00, 0x00, 0x00, 0x00, 0x00, 0x00, 0x00, 
0xe0, 0x03, 0x02, 0x00, 0x00, 0x00, 0x84, 0x3b, 0x16, 0x83, 0x33, 0x9a, 0xa3, 0x2b, 0xfb, 0x02, 0x2c, 0xff, 0x02, 0x2c, 0xff, 0xe1, 0x23, 0xfe, 0xe1, 0x23, 0xfa, 0x01, 0x2c, 0xf8, 0x01, 0x2c, 0xf8, 0x01, 0x2c, 0xf7, 
0x01, 0x2c, 0xf8, 0x01, 0x2c, 0xf9, 0x01, 0x2c, 0xfb, 0xe1, 0x2b, 0xfc, 0xe1, 0x2b, 0xff, 0x02, 0x2c, 0xff, 0xc3, 0x2b, 0xff, 0x82, 0x2b, 0xab, 0x62, 0x2b, 0x17, 0x00, 0x00, 0x00, 0xe0, 0x07, 0x01, 0x00, 0x00, 0x00, 
0x00, 0x00, 0x00, 0x00, 0x00, 0x00, 0x00, 0x00, 0x00, 0x00, 0x00, 0x01, 0x00, 0x00, 0x00, 0x00, 0x00, 0x00, 0x82, 0x23, 0xcc, 0x22, 0x2c, 0xff, 0xe1, 0x23, 0xfe, 0x22, 0x2c, 0xff, 0x62, 0x23, 0x81, 0x00, 0x00, 0x00, 
0x02, 0x23, 0x24, 0x83, 0x2b, 0xc6, 0x03, 0x34, 0xff, 0x02, 0x2c, 0xff, 0xe1, 0x23, 0xfc, 0x01, 0x2c, 0xf9, 0x01, 0x2c, 0xf9, 0x01, 0x24, 0xf9, 0x01, 0x2c, 0xfa, 0x01, 0x2c, 0xfb, 0xe1, 0x2b, 0xfe, 0x02, 0x2c, 0xff, 
0x02, 0x2c, 0xff, 0x82, 0x2b, 0xc5, 0x23, 0x33, 0x2a, 0x00, 0x00, 0x00, 0xe0, 0x07, 0x01, 0x00, 0x00, 0x00, 0x00, 0x00, 0x00, 0x00, 0x00, 0x00, 0x00, 0x00, 0x00, 0x00, 0x00, 0x00, 0xe0, 0xff, 0x01, 0x00, 0x00, 0x00, 
0xaa, 0xcd, 0x15, 0x46, 0xdd, 0xe5, 0x62, 0xed, 0xff, 0x42, 0xe5, 0xfc, 0x42, 0xe5, 0xfb, 0x84, 0xed, 0xff, 0x46, 0xd5, 0x66, 0x00, 0x00, 0x00, 0x4a, 0xfd, 0x03, 0x00, 0x00, 0x00, 0x00, 0x00, 0x00, 0x00, 0x00, 0x00, 
0x00, 0x00, 0x00, 0x00, 0x00, 0x00, 0x00, 0x00, 0x00, 0x00, 0x00, 0x00, 0x00, 0x00, 0x00, 0x00, 0x00, 0x00, 0x00, 0x00, 0x00, 0x00, 0x00, 0x00, 0x00, 0x00, 0x00, 0x00, 0x00, 0x00, 0x00, 0x00, 0x00, 0x4a, 0xfd, 0x03, 
0x00, 0x00, 0x00, 0x67, 0xd5, 0x77, 0x84, 0xed, 0xff, 0x41, 0xed, 0xfb, 0x42, 0xe5, 0xfd, 0x62, 0xed, 0xff, 0x24, 0xdd, 0xea, 0x65, 0xe5, 0x19, 0x00, 0x00, 0x00, 0xe0, 0x7b, 0x02, 0x4a, 0xad, 0x03, 0x00, 0x00, 0x00, 
0x89, 0xd5, 0x45, 0x65, 0xe5, 0xff, 0x42, 0xe5, 0xff, 0x21, 0xe5, 0xfe, 0x84, 0xed, 0xff, 0x46, 0xd5, 0x4f, 0xe7, 0xbd, 0x04, 0x46, 0xd5, 0xc2, 0xa4, 0xf5, 0xff, 0x41, 0xed, 0xfb, 0x42, 0xe5, 0xfb, 0x42, 0xed, 0xfb, 
0x42, 0xed, 0xfb, 0x41, 0xed, 0xfb, 0x62, 0xed, 0xff, 0x66, 0xdd, 0xff, 0x47, 0xd5, 0x30, 0x00, 0x00, 0x00, 0x40, 0xad, 0x03, 0x00, 0x00, 0x00, 0x4a, 0xad, 0x03, 0x00, 0x00, 0x00, 0x48, 0xcd, 0x1b, 0x87, 0xdd, 0x9f, 
0x65, 0xdd, 0xfe, 0x83, 0xed, 0xff, 0x42, 0xed, 0xff, 0x42, 0xe5, 0xfc, 0x42, 0xed, 0xf9, 0x42, 0xed, 0xf8, 0x42, 0xed, 0xf8, 0x41, 0xed, 0xf8, 0x42, 0xed, 0xf9, 0x42, 0xed, 0xfb, 0x42, 0xed, 0xff, 0x83, 0xed, 0xff, 
0x85, 0xed, 0xff, 0x66, 0xdd, 0xb9, 0x47, 0xd5, 0x27, 0x00, 0x00, 0x00, 0x40, 0xfd, 0x03, 0x00, 0x00, 0x00, 0x00, 0x00, 0x00, 0x00, 0x00, 0x00, 0x00, 0x00, 0x00, 0x00, 0x00, 0x00, 0x00, 0x00, 0x00, 0x00, 0x00, 0x00, 
0x00, 0x00, 0x00, 0x00, 0x00, 0x00, 0x00, 0x00, 0x00, 0x00, 0x00, 0x00, 0x00, 0x00, 0x00, 0x00, 0x00, 0x00, 0x00, 0x00, 0x00, 0x00, 0x00, 0x00, 0x00, 0x00, 0x00, 0xe0, 0x03, 0x02, 0x00, 0x00, 0x01, 0x22, 0x23, 0x28, 
0xa2, 0x2b, 0xf4, 0x01, 0x2c, 0xfe, 0xe1, 0x2b, 0xfd, 0xe1, 0x2b, 0xfe, 0xe1, 0x2b, 0xfe, 0xe1, 0x2b, 0xfe, 0xe1, 0x2b, 0xfe, 0x01, 0x2c, 0xfc, 0x02, 0x2c, 0xff, 0x21, 0x23, 0x6f, 0x00, 0x00, 0x00, 0x00, 0x00, 0x00, 
0x42, 0x23, 0x78, 0x02, 0x2c, 0xff, 0x01, 0x2c, 0xfb, 0xe1, 0x2b, 0xfe, 0xe1, 0x2b, 0xfe, 0xe1, 0x2b, 0xfe, 0xe1, 0x2b, 0xfe, 0xe1, 0x2b, 0xfe, 0xe1, 0x2b, 0xfe, 0xe1, 0x23, 0xfe, 0xe1, 0x2b, 0xfe, 0xe1, 0x2b, 0xfe, 
0xe1, 0x2b, 0xfe, 0xe1, 0x2b, 0xfd, 0x01, 0x2c, 0xfd, 0xa2, 0x2b, 0xf6, 0x02, 0x23, 0x2e, 0x00, 0x00, 0x01, 0xe0, 0x03, 0x02, 0x00, 0x00, 0x00, 0x00, 0x00, 0x00, 0x00, 0x00, 0x00, 0x00, 0x00, 0x00, 0x00, 0x00, 0x00, 
0x00, 0x00, 0x00, 0x00, 0x00, 0x00, 0x00, 0x00, 0x00, 0x00, 0x00, 0x00, 0x00, 0x00, 0x00, 0x00, 0x00, 0x00, 0x00, 0x00, 0x00, 0x00, 0x00, 0x00, 0x00, 0x00, 0x00, 0x00, 0x00, 0x00, 0xa0, 0x02, 0x03, 0x00, 0x00, 0x00, 
0x63, 0x2b, 0x3f, 0xc2, 0x2b, 0xff, 0x01, 0x2c, 0xfe, 0xe1, 0x23, 0xfb, 0x21, 0x2c, 0xff, 0xa2, 0x2b, 0xbe, 0x00, 0x00, 0x00, 0xe0, 0x01, 0x04, 0x82, 0x2b, 0xc8, 0x02, 0x2c, 0xff, 0xe1, 0x23, 0xfa, 0x02, 0x2c, 0xff, 
0x82, 0x2b, 0xd7, 0x63, 0x1a, 0x0a, 0x00, 0x00, 0x00, 0x00, 0x00, 0x01, 0x00, 0x00, 0x00, 0x00, 0x00, 0x00, 0x00, 0x00, 0x00, 0x00, 0x00, 0x00, 0x00, 0x00, 0x00, 0x00, 0x00, 0x00, 0x00, 0x00, 0x00, 0x00, 0x00, 0x00, 
0xa0, 0x02, 0x03, 0x00, 0x00, 0x00, 0x01, 0x23, 0x55, 0xe2, 0x2b, 0xff, 0x01, 0x24, 0xfa, 0x02, 0x2c, 0xff, 0x82, 0x2b, 0xc8, 0x00, 0x00, 0x02, 0x00, 0x00, 0x01, 0x62, 0x23, 0xcb, 0x02, 0x2c, 0xff, 0xe1, 0x23, 0xfb, 
0x01, 0x2c, 0xff, 0xa2, 0x2b, 0xf9, 0x62, 0x2b, 0x2f, 0x00, 0x00, 0x00, 0xe0, 0x03, 0x02, 0x00, 0x00, 0x00, 0x00, 0x00, 0x00, 0x00, 0x00, 0x00, 0x00, 0x00, 0x00, 0xe0, 0x03, 0x02, 0x00, 0x00, 0x00, 0x82, 0x2b, 0x24, 
0xa3, 0x2b, 0xd5, 0x02, 0x2c, 0xff, 0x01, 0x2c, 0xfe, 0xe1, 0x23, 0xfa, 0x01, 0x2c, 0xf9, 0x01, 0x2c, 0xfd, 0x01, 0x2c, 0xff, 0x22, 0x2c, 0xff, 0x22, 0x2c, 0xff, 0x22, 0x2c, 0xff, 0x02, 0x2c, 0xff, 0x02, 0x2c, 0xff, 
0x01, 0x2c, 0xfd, 0xe1, 0x2b, 0xfb, 0xe1, 0x2b, 0xfd, 0x01, 0x24, 0xfb, 0x01, 0x24, 0xfb, 0x22, 0x2c, 0xff, 0x62, 0x2b, 0xc9, 0xc0, 0x22, 0x0e, 0xe0, 0x03, 0x02, 0x00, 0x00, 0x01, 0x00, 0x00, 0x00, 0x00, 0x00, 0x00, 
0x00, 0x00, 0x00, 0x00, 0x00, 0x01, 0x00, 0x00, 0x00, 0x00, 0x00, 0x00, 0x82, 0x23, 0xc6, 0x22, 0x2c, 0xfe, 0x01, 0x2c, 0xf6, 0x02, 0x2c, 0xfd, 0x40, 0x1b, 0x69, 0xe1, 0x1a, 0x1b, 0x82, 0x2b, 0xde, 0x02, 0x2c, 0xff, 
0xe1, 0x2b, 0xf8, 0x01, 0x24, 0xf9, 0x01, 0x2c, 0xff, 0x01, 0x2c, 0xff, 0x01, 0x2c, 0xff, 0x01, 0x2c, 0xff, 0x01, 0x2c, 0xfe, 0x01, 0x24, 0xfb, 0x01, 0x2c, 0xfd, 0xe1, 0x23, 0xfc, 0x01, 0x24, 0xfa, 0x22, 0x2c, 0xff, 
0x82, 0x2b, 0xe0, 0xe2, 0x22, 0x1e, 0x00, 0x00, 0x01, 0xe0, 0x03, 0x02, 0x00, 0x00, 0x00, 0x00, 0x00, 0x00, 0x00, 0x00, 0x00, 0x00, 0x00, 0x00, 0xe0, 0xff, 0x01, 0x00, 0x00, 0x00, 0xca, 0xdd, 0x16, 0x66, 0xdd, 0xe6, 
0x62, 0xed, 0xff, 0x42, 0xe5, 0xfc, 0x42, 0xe5, 0xfb, 0x84, 0xed, 0xff, 0x46, 0xd5, 0x66, 0x00, 0x00, 0x00, 0x4a, 0xfd, 0x03, 0x00, 0x00, 0x00, 0x00, 0x00, 0x00, 0x00, 0x00, 0x00, 0x00, 0x00, 0x00, 0x00, 0x00, 0x00, 
0x00, 0x00, 0x00, 0x00, 0x00, 0x00, 0x00, 0x00, 0x00, 0x00, 0x00, 0x00, 0x00, 0x00, 0x00, 0x00, 0x00, 0x00, 0x00, 0x00, 0x00, 0x00, 0x00, 0x00, 0x00, 0x00, 0x00, 0x4a, 0xfd, 0x03, 0x00, 0x00, 0x01, 0x67, 0xdd, 0x93, 
0xa3, 0xed, 0xff, 0x42, 0xed, 0xfb, 0x42, 0xe5, 0xfc, 0x62, 0xed, 0xff, 0x45, 0xdd, 0xdf, 0x04, 0xcd, 0x0e, 0x00, 0x00, 0x00, 0xe0, 0xff, 0x01, 0x4a, 0xad, 0x03, 0x00, 0x00, 0x00, 0x87, 0xd5, 0x3c, 0x45, 0xdd, 0xfe, 
0x42, 0xed, 0xfc, 0x42, 0xe5, 0xfb, 0x84, 0xed, 0xfe, 0x25, 0xdd, 0x43, 0x26, 0xd5, 0x7b, 0xa4, 0xf5, 0xff, 0x42, 0xed, 0xf9, 0x42, 0xed, 0xfd, 0x42, 0xe5, 0xfb, 0x42, 0xed, 0xfb, 0x42, 0xed, 0xfc, 0x42, 0xe5, 0xfb, 
0x62, 0xed, 0xfd, 0x45, 0xdd, 0xc9, 0x47, 0xe5, 0x09, 0x00, 0xf8, 0x01, 0x00, 0xf8, 0x01, 0xe0, 0xfb, 0x02, 0x00, 0x00, 0x00, 0x68, 0xd5, 0x2d, 0x66, 0xdd, 0xda, 0xa4, 0xed, 0xff, 0x42, 0xe5, 0xfd, 0x42, 0xed, 0xfb, 
0x42, 0xed, 0xfb, 0x42, 0xed, 0xfc, 0x62, 0xed, 0xff, 0x82, 0xf5, 0xff, 0x82, 0xf5, 0xff, 0x82, 0xf5, 0xff, 0x62, 0xed, 0xff, 0x42, 0xe5, 0xfc, 0x42, 0xe5, 0xfb, 0x42, 0xed, 0xfb, 0x41, 0xed, 0xfb, 0x83, 0xed, 0xff, 
0x45, 0xdd, 0xeb, 0x27, 0xd5, 0x47, 0x00, 0x00, 0x00, 0x4a, 0xfd, 0x03, 0x00, 0x00, 0x00, 0x00, 0x00, 0x00, 0x00, 0x00, 0x00, 0x00, 0x00, 0x00, 0x00, 0x00, 0x00, 0x00, 0x00, 0x00, 0x00, 0x00, 0x00, 0x00, 0x00, 0x00, 
0x00, 0x00, 0x00, 0x00, 0x00, 0x00, 0x00, 0x00, 0x00, 0x00, 0x00, 0x00, 0x00, 0x00, 0x00, 0x00, 0x00, 0x00, 0x00, 0x00, 0x00, 0xe0, 0x03, 0x02, 0x00, 0x00, 0x00, 0x62, 0x23, 0x91, 0x02, 0x2c, 0xff, 0x01, 0x2c, 0xfb, 
0xe1, 0x2b, 0xfe, 0xe1, 0x2b, 0xfe, 0xe1, 0x2b, 0xfe, 0xe1, 0x2b, 0xfe, 0xe1, 0x23, 0xfc, 0x02, 0x2c, 0xfe, 0x82, 0x2b, 0xdf, 0xa0, 0x12, 0x0f, 0xe0, 0x07, 0x01, 0xe0, 0x1a, 0x13, 0x82, 0x23, 0xe0, 0x02, 0x2c, 0xfe, 
0xe1, 0x2b, 0xfc, 0xe1, 0x2b, 0xfe, 0xe1, 0x2b, 0xfe, 0xe1, 0x2b, 0xfe, 0xe1, 0x2b, 0xfe, 0xe1, 0x2b, 0xfe, 0xe1, 0x2b, 0xfe, 0xe1, 0x2b, 0xfe, 0xe1, 0x23, 0xfe, 0xe1, 0x2b, 0xfe, 0xe1, 0x2b, 0xfe, 0xe1, 0x2b, 0xfe, 
0x01, 0x2c, 0xfb, 0x02, 0x2c, 0xff, 0x62, 0x23, 0x97, 0x00, 0x00, 0x00, 0xe0, 0x03, 0x02, 0x00, 0x00, 0x00, 0x00, 0x00, 0x00, 0x00, 0x00, 0x00, 0x00, 0x00, 0x00, 0x00, 0x00, 0x00, 0x00, 0x00, 0x00, 0x00, 0x00, 0x00, 
0x00, 0x00, 0x00, 0x00, 0x00, 0x00, 0x00, 0x00, 0x00, 0x00, 0x00, 0x00, 0x00, 0x00, 0x00, 0x00, 0x00, 0x00, 0x00, 0x00, 0x00, 0x00, 0x00, 0x00, 0xa0, 0x02, 0x03, 0x00, 0x00, 0x00, 0x63, 0x2b, 0x3f, 0xc2, 0x2b, 0xff, 
0x01, 0x2c, 0xfe, 0xe1, 0x23, 0xfb, 0x21, 0x2c, 0xff, 0xa2, 0x2b, 0xbf, 0x00, 0x00, 0x00, 0x00, 0x00, 0x00, 0x42, 0x23, 0x7f, 0x02, 0x2c, 0xff, 0xe1, 0x2b, 0xfa, 0x01, 0x2c, 0xfe, 0xc2, 0x2b, 0xfe, 0x63, 0x2b, 0x3f, 
0x00, 0x00, 0x00, 0xa0, 0x02, 0x03, 0x00, 0x00, 0x00, 0x00, 0x00, 0x00, 0x00, 0x00, 0x00, 0x00, 0x00, 0x00, 0x00, 0x00, 0x00, 0x00, 0x00, 0x00, 0x00, 0x00, 0x00, 0x00, 0x00, 0x00, 0xe0, 0x7b, 0x02, 0x00, 0x00, 0x00, 
0x82, 0x2b, 0xa6, 0x02, 0x2c, 0xfe, 0x01, 0x24, 0xf8, 0x02, 0x2c, 0xff, 0x41, 0x23, 0x78, 0x00, 0x00, 0x00, 0x80, 0x01, 0x05, 0x62, 0x23, 0xcb, 0x02, 0x2c, 0xff, 0xe1, 0x2b, 0xfb, 0x01, 0x2c, 0xff, 0xa2, 0x2b, 0xf9, 
0x62, 0x2b, 0x2f, 0x00, 0x00, 0x00, 0xe0, 0x03, 0x02, 0x00, 0x00, 0x00, 0x00, 0x00, 0x00, 0x00, 0x00, 0x00, 0xe0, 0x07, 0x01, 0xe0, 0x03, 0x02, 0x02, 0x13, 0x0d, 0x62, 0x2b, 0xcb, 0x22, 0x2c, 0xff, 0x01, 0x24, 0xf9, 
0xe1, 0x2b, 0xfd, 0xe1, 0x2b, 0xfc, 0x22, 0x2c, 0xff, 0xc2, 0x2b, 0xff, 0xa2, 0x2b, 0xd9, 0x82, 0x23, 0xbb, 0x81, 0x23, 0xb1, 0x61, 0x23, 0xb1, 0x82, 0x2b, 0xbc, 0xa3, 0x2b, 0xdd, 0xc2, 0x2b, 0xff, 0x02, 0x2c, 0xff, 
0x01, 0x2c, 0xfd, 0xe1, 0x2b, 0xfe, 0xe1, 0x2b, 0xfe, 0x01, 0x2c, 0xf9, 0x02, 0x2c, 0xff, 0x42, 0x23, 0x85, 0x00, 0x00, 0x00, 0xe0, 0x03, 0x02, 0x00, 0x00, 0x00, 0x00, 0x00, 0x00, 0x00, 0x00, 0x00, 0x00, 0x00, 0x01, 
0x00, 0x00, 0x00, 0x00, 0x00, 0x00, 0x82, 0x2b, 0xc9, 0x22, 0x2c, 0xff, 0x01, 0x2c, 0xf9, 0x02, 0x2c, 0xff, 0x80, 0x1b, 0x86, 0x82, 0x23, 0xc1, 0x22, 0x2c, 0xff, 0x01, 0x2c, 0xf7, 0x02, 0x2c, 0xff, 0x02, 0x2c, 0xff, 
0xa2, 0x2b, 0xf7, 0xa2, 0x2b, 0xdb, 0xa3, 0x33, 0xd9, 0xa2, 0x2b, 0xe1, 0xa2, 0x2b, 0xff, 0x02, 0x2c, 0xff, 0xe1, 0x23, 0xfe, 0x01, 0x2c, 0xfd, 0xe1, 0x2b, 0xfe, 0xe1, 0x2b, 0xf8, 0x22, 0x2c, 0xff, 0x42, 0x23, 0xad, 
0x00, 0x00, 0x00, 0xe0, 0x03, 0x02, 0x00, 0x00, 0x01, 0x00, 0x00, 0x00, 0x00, 0x00, 0x00, 0x00, 0x00, 0x00, 0xe0, 0xff, 0x01, 0x00, 0x00, 0x00, 0xeb, 0xdd, 0x17, 0x66, 0xdd, 0xe8, 0x62, 0xed, 0xff, 0x42, 0xe5, 0xfd, 
0x42, 0xe5, 0xfb, 0x84, 0xed, 0xff, 0x66, 0xdd, 0x66, 0x00, 0x00, 0x00, 0xe7, 0xbb, 0x04, 0x00, 0x00, 0x00, 0x00, 0x00, 0x00, 0x00, 0x00, 0x00, 0x00, 0x00, 0x00, 0x00, 0x00, 0x00, 0x00, 0x00, 0x00, 0x00, 0x00, 0x00, 
0x00, 0x00, 0x00, 0x00, 0x00, 0x00, 0x00, 0x00, 0x00, 0x00, 0x00, 0x00, 0x00, 0x00, 0x00, 0x00, 0x00, 0x00, 0x00, 0x00, 0x00, 0xe0, 0xff, 0x01, 0x00, 0x00, 0x00, 0x46, 0xdd, 0xbd, 0x83, 0xed, 0xff, 0x42, 0xe5, 0xfb, 
0x42, 0xe5, 0xfc, 0x82, 0xed, 0xff, 0x25, 0xd5, 0xbe, 0xe0, 0xff, 0x01, 0xe0, 0x07, 0x01, 0x00, 0x00, 0x01, 0x4a, 0xad, 0x03, 0x00, 0x00, 0x00, 0x47, 0xd5, 0x3a, 0x44, 0xdd, 0xff, 0x42, 0xe5, 0xfe, 0x42, 0xe5, 0xfd, 
0x43, 0xe5, 0xfe, 0x85, 0xdd, 0x95, 0x24, 0xdd, 0xee, 0x62, 0xed, 0xfd, 0x42, 0xe5, 0xfb, 0x42, 0xed, 0xff, 0x82, 0xed, 0xff, 0x83, 0xf5, 0xff, 0x62, 0xed, 0xff, 0x41, 0xed, 0xfa, 0x84, 0xed, 0xfe, 0x25, 0xd5, 0x70, 
0x00, 0x00, 0x00, 0xe7, 0xbb, 0x04, 0xef, 0xfb, 0x02, 0x00, 0x00, 0x00, 0x47, 0xd5, 0x27, 0x66, 0xdd, 0xe2, 0x83, 0xed, 0xff, 0x41, 0xe5, 0xfa, 0x42, 0xe5, 0xfe, 0x42, 0xed, 0xfc, 0x62, 0xed, 0xff, 0x84, 0xed, 0xff, 
0x24, 0xdd, 0xe1, 0x24, 0xdd, 0xbb, 0x24, 0xdd, 0xb3, 0x24, 0xdd, 0xc0, 0x44, 0xdd, 0xe2, 0x64, 0xe5, 0xff, 0x83, 0xed, 0xff, 0x42, 0xed, 0xfc, 0x42, 0xe5, 0xfe, 0x42, 0xed, 0xfa, 0x62, 0xed, 0xff, 0x65, 0xe5, 0xf5, 
0x46, 0xd5, 0x45, 0x00, 0x00, 0x00, 0xe0, 0xfb, 0x02, 0x00, 0x00, 0x00, 0x00, 0x00, 0x00, 0x00, 0x00, 0x00, 0x00, 0x00, 0x00, 0x00, 0x00, 0x00, 0x00, 0x00, 0x00, 0x00, 0x00, 0x00, 0x00, 0x00, 0x00, 0x00, 0x00, 0x00, 
0x00, 0x00, 0x00, 0x00, 0x00, 0x00, 0x00, 0x00, 0x00, 0x00, 0x00, 0x00, 0xe0, 0x03, 0x02, 0x00, 0x00, 0x01, 0x22, 0x23, 0x1c, 0xa2, 0x2b, 0xed, 0x02, 0x2c, 0xfe, 0xe1, 0x2b, 0xfd, 0xe1, 0x2b, 0xfe, 0xe1, 0x2b, 0xfe, 
0xe1, 0x2b, 0xfe, 0xe1, 0x2b, 0xfe, 0x01, 0x24, 0xfb, 0x02, 0x2c, 0xff, 0x62, 0x23, 0x7c, 0x00, 0x00, 0x00, 0x00, 0x00, 0x00, 0x21, 0x23, 0x70, 0x02, 0x2c, 0xff, 0x01, 0x2c, 0xfb, 0xe1, 0x2b, 0xfe, 0xe1, 0x2b, 0xfe, 
0xe1, 0x2b, 0xfe, 0xe1, 0x2b, 0xfe, 0xe1, 0x2b, 0xfe, 0x01, 0x2c, 0xfd, 0xe1, 0x2b, 0xfc, 0xe1, 0x2b, 0xfe, 0xe1, 0x2b, 0xfe, 0xe1, 0x2b, 0xfe, 0xe1, 0x2b, 0xfe, 0xe1, 0x2b, 0xfe, 0xe1, 0x2b, 0xfd, 0x02, 0x2c, 0xfe, 
0xa2, 0x2b, 0xef, 0xe0, 0x12, 0x21, 0x00, 0x00, 0x01, 0xe0, 0x03, 0x02, 0x00, 0x00, 0x00, 0x00, 0x00, 0x00, 0x00, 0x00, 0x00, 0x00, 0x00, 0x00, 0x00, 0x00, 0x00, 0x00, 0x00, 0x00, 0x00, 0x00, 0x00, 0x00, 0x00, 0x00, 
0x00, 0x00, 0x00, 0x00, 0x00, 0x00, 0x00, 0x00, 0x00, 0x00, 0x00, 0x00, 0x00, 0x00, 0x00, 0x00, 0x00, 0x00, 0xa0, 0x02, 0x03, 0x00, 0x00, 0x00, 0x63, 0x2b, 0x3f, 0xc2, 0x2b, 0xff, 0x01, 0x2c, 0xfe, 0xe1, 0x23, 0xfb, 
0x21, 0x2c, 0xff, 0xa2, 0x2b, 0xbf, 0x00, 0x00, 0x00, 0x00, 0x00, 0x00, 0x42, 0x23, 0x35, 0xa2, 0x2b, 0xfa, 0x01, 0x2c, 0xfe, 0x01, 0x2c, 0xfa, 0x02, 0x2c, 0xff, 0x42, 0x23, 0x86, 0x00, 0x00, 0x00, 0xa0, 0x02, 0x03, 
0x00, 0x00, 0x00, 0x00, 0x00, 0x00, 0x00, 0x00, 0x00, 0x00, 0x00, 0x00, 0x00, 0x00, 0x00, 0x00, 0x00, 0x00, 0x00, 0x00, 0x00, 0xe0, 0x07, 0x01, 0x00, 0x00, 0x00, 0x01, 0x2b, 0x12, 0x82, 0x23, 0xe6, 0x01, 0x2c, 0xff, 
0x01, 0x2c, 0xfd, 0xa2, 0x2b, 0xfa, 0x01, 0x1b, 0x2d, 0x00, 0x00, 0x00, 0xe0, 0x01, 0x04, 0x82, 0x23, 0xcc, 0x02, 0x2c, 0xff, 0x01, 0x2c, 0xfb, 0x01, 0x2c, 0xff, 0xa2, 0x2b, 0xfa, 0x62, 0x2b, 0x30, 0x00, 0x00, 0x00, 
0xe0, 0x03, 0x02, 0x00, 0x00, 0x00, 0x00, 0x00, 0x00, 0x00, 0x00, 0x00, 0xe0, 0x03, 0x02, 0x00, 0x00, 0x00, 0x62, 0x2b, 0x84, 0x02, 0x2c, 0xff, 0x01, 0x2c, 0xfa, 0xe1, 0x2b, 0xfe, 0x01, 0x2c, 0xfd, 0xe2, 0x2b, 0xff, 
0x83, 0x2b, 0xae, 0x83, 0x2b, 0x42, 0x85, 0x2b, 0x0b, 0x00, 0x00, 0x00, 0x00, 0x00, 0x00, 0x00, 0x00, 0x00, 0x00, 0x00, 0x00, 0xc3, 0x2b, 0x11, 0xc4, 0x33, 0x47, 0xa3, 0x33, 0xad, 0xc2, 0x2b, 0xff, 0x01, 0x2c, 0xfd, 
0xe1, 0x2b, 0xfe, 0xe1, 0x2b, 0xfd, 0x02, 0x2c, 0xfd, 0x82, 0x2b, 0xed, 0x41, 0x23, 0x1a, 0x00, 0x00, 0x00, 0xe0, 0x03, 0x02, 0x00, 0x00, 0x00, 0x00, 0x00, 0x00, 0x00, 0x00, 0x01, 0x00, 0x00, 0x00, 0x00, 0x00, 0x00, 
0x82, 0x2b, 0xc9, 0x22, 0x2c, 0xff, 0xe1, 0x2b, 0xfb, 0xe1, 0x2b, 0xfe, 0xe2, 0x2b, 0xfa, 0xe2, 0x2b, 0xff, 0x01, 0x2c, 0xfa, 0x02, 0x2c, 0xff, 0xa2, 0x2b, 0xe0, 0x83, 0x2b, 0x78, 0x82, 0x2b, 0x2b, 0x64, 0x33, 0x0e, 
0x66, 0x4b, 0x0e, 0xc5, 0x43, 0x13, 0xa3, 0x2b, 0x3d, 0xa3, 0x2b, 0xa2, 0xc2, 0x2b, 0xfe, 0x02, 0x2c, 0xfe, 0xe1, 0x2b, 0xfd, 0xe1, 0x2b, 0xfe, 0x01, 0x2c, 0xfc, 0xc2, 0x2b, 0xfe, 0x42, 0x2b, 0x3d, 0x00, 0x00, 0x00, 
0xa0, 0x02, 0x03, 0x00, 0x00, 0x00, 0x00, 0x00, 0x00, 0x00, 0x00, 0x00, 0xe0, 0xff, 0x01, 0x00, 0x00, 0x00, 0xea, 0xd5, 0x18, 0x66, 0xdd, 0xe9, 0x62, 0xed, 0xff, 0x42, 0xe5, 0xfd, 0x42, 0xe5, 0xfb, 0x84, 0xed, 0xff, 
0x46, 0xd5, 0x68, 0x00, 0x00, 0x00, 0xe7, 0xbb, 0x04, 0x00, 0x00, 0x00, 0x00, 0x00, 0x00, 0x00, 0x00, 0x00, 0x00, 0x00, 0x00, 0x00, 0x00, 0x00, 0x00, 0x00, 0x00, 0x00, 0x00, 0x00, 0x00, 0x00, 0x00, 0x00, 0x00, 0x00, 
0x00, 0x00, 0x00, 0x00, 0x00, 0x00, 0x00, 0x00, 0x00, 0x00, 0x00, 0x00, 0xe7, 0xfb, 0x04, 0x00, 0x00, 0x00, 0x06, 0xd5, 0x29, 0x44, 0xe5, 0xf3, 0x42, 0xed, 0xfe, 0x42, 0xe5, 0xfd, 0x42, 0xe5, 0xfa, 0x83, 0xf5, 0xff, 
0x24, 0xd5, 0x8b, 0x00, 0x00, 0x00, 0x4a, 0xfd, 0x03, 0x00, 0x00, 0x00, 0x4a, 0xad, 0x03, 0x00, 0x00, 0x00, 0x67, 0xd5, 0x3a, 0x45, 0xdd, 0xff, 0x42, 0xed, 0xfe, 0x42, 0xe5, 0xfe, 0x43, 0xe5, 0xfd, 0x64, 0xe5, 0xfc, 
0x42, 0xe5, 0xff, 0x42, 0xe5, 0xfd, 0x83, 0xed, 0xff, 0x44, 0xdd, 0xf0, 0x25, 0xd5, 0xc2, 0x25, 0xd5, 0xbb, 0x44, 0xdd, 0xd9, 0x64, 0xe5, 0xff, 0x25, 0xdd, 0xfb, 0xe3, 0xcc, 0x20, 0x00, 0x00, 0x00, 0x40, 0xad, 0x03, 
0xef, 0x7b, 0x02, 0xa5, 0xbc, 0x0c, 0x25, 0xd5, 0xcd, 0x83, 0xed, 0xff, 0x42, 0xe5, 0xfa, 0x42, 0xe5, 0xfe, 0x42, 0xe5, 0xfb, 0x83, 0xed, 0xff, 0x45, 0xdd, 0xda, 0x24, 0xd5, 0x5b, 0x25, 0xdd, 0x17, 0x00, 0x00, 0x00, 
0x00, 0x00, 0x00, 0x00, 0x00, 0x00, 0x86, 0xe5, 0x21, 0x46, 0xdd, 0x5b, 0x46, 0xdd, 0xc2, 0x84, 0xed, 0xff, 0x42, 0xe5, 0xfc, 0x42, 0xe5, 0xfe, 0x42, 0xe5, 0xfb, 0x62, 0xed, 0xff, 0x45, 0xdd, 0xec, 0x66, 0xd5, 0x25, 
0x00, 0x00, 0x00, 0xe0, 0xfb, 0x02, 0x00, 0x00, 0x00, 0x00, 0x00, 0x00, 0x00, 0x00, 0x00, 0x00, 0x00, 0x00, 0x00, 0x00, 0x00, 0x00, 0x00, 0x00, 0x00, 0x00, 0x00, 0x00, 0x00, 0x00, 0x00, 0x00, 0x00, 0x00, 0x00, 0x00, 
0x00, 0x00, 0x00, 0x00, 0x00, 0x00, 0xa0, 0x02, 0x03, 0x00, 0x00, 0x00, 0x42, 0x23, 0x84, 0x02, 0x2c, 0xff, 0x01, 0x24, 0xfb, 0xe1, 0x2b, 0xfe, 0xe1, 0x2b, 0xfe, 0xe1, 0x2b, 0xfe, 0xe1, 0x2b, 0xfe, 0xe1, 0x2b, 0xfd, 
0x01, 0x2c, 0xfe, 0xa2, 0x2b, 0xeb, 0x21, 0x1b, 0x1c, 0x00, 0x00, 0x01, 0x00, 0x13, 0x0d, 0x82, 0x2b, 0xdc, 0x02, 0x2c, 0xfe, 0xe1, 0x2b, 0xfc, 0xe1, 0x2b, 0xfe, 0xe1, 0x2b, 0xfe, 0xe1, 0x2b, 0xfe, 0xe1, 0x2b, 0xfe, 
0xe1, 0x2b, 0xfe, 0x01, 0x2c, 0xff, 0x02, 0x2c, 0xff, 0x01, 0x2c, 0xfd, 0xe1, 0x2b, 0xfe, 0xe1, 0x2b, 0xfe, 0xe1, 0x2b, 0xfe, 0xe1, 0x2b, 0xfe, 0xe1, 0x2b, 0xfe, 0x01, 0x2c, 0xfb, 0x02, 0x2c, 0xff, 0x62, 0x23, 0x8d, 
0x00, 0x00, 0x00, 0xa0, 0x02, 0x03, 0x00, 0x00, 0x00, 0x00, 0x00, 0x00, 0x00, 0x00, 0x00, 0x00, 0x00, 0x00, 0x00, 0x00, 0x00, 0x00, 0x00, 0x00, 0x00, 0x00, 0x00, 0x00, 0x00, 0x00, 0x00, 0x00, 0x00, 0x00, 0x00, 0x00, 
0x00, 0x00, 0x00, 0x00, 0x00, 0x00, 0x00, 0x00, 0x00, 0x00, 0x00, 0x00, 0xa0, 0x02, 0x03, 0x00, 0x00, 0x00, 0x63, 0x2b, 0x3f, 0xc2, 0x2b, 0xff, 0x01, 0x2c, 0xfe, 0xe1, 0x23, 0xfb, 0x21, 0x2c, 0xff, 0xa2, 0x2b, 0xbf, 
0x00, 0x00, 0x00, 0x00, 0x00, 0x00, 0xe0, 0x01, 0x04, 0x82, 0x2b, 0xcb, 0x02, 0x2c, 0xff, 0xe1, 0x23, 0xfa, 0x22, 0x2c, 0xff, 0x82, 0x23, 0xcf, 0x20, 0x03, 0x05, 0x00, 0x00, 0x00, 0x00, 0x00, 0x01, 0x00, 0x00, 0x00, 
0x00, 0x00, 0x00, 0x00, 0x00, 0x00, 0x00, 0x00, 0x00, 0x00, 0x00, 0x00, 0x00, 0x00, 0x00, 0xa0, 0x02, 0x03, 0x00, 0x00, 0x01, 0x21, 0x23, 0x51, 0xc2, 0x2b, 0xff, 0x01, 0x2c, 0xfb, 0x02, 0x2c, 0xff, 0x82, 0x2b, 0xca, 
0x20, 0x33, 0x05, 0x00, 0x00, 0x00, 0x00, 0x00, 0x02, 0x82, 0x23, 0xcc, 0x02, 0x2c, 0xff, 0xe1, 0x2b, 0xfb, 0x01, 0x2c, 0xff, 0xa2, 0x2b, 0xf9, 0x62, 0x2b, 0x2f, 0x00, 0x00, 0x00, 0xe0, 0x03, 0x02, 0x00, 0x00, 0x00, 
0x00, 0x00, 0x00, 0xe0, 0x03, 0x02, 0x00, 0x00, 0x00, 0x43, 0x2b, 0x1d, 0xa2, 0x2b, 0xee, 0x01, 0x2c, 0xfd, 0xe1, 0x2b, 0xfd, 0x01, 0x2c, 0xfd, 0xe2, 0x2b, 0xff, 0x62, 0x23, 0x82, 0x00, 0x00, 0x00, 0x00, 0x00, 0x00, 
0x00, 0x00, 0x00, 0x00, 0x00, 0x01, 0xe0, 0x03, 0x02, 0xe0, 0x03, 0x02, 0x00, 0x00, 0x01, 0x00, 0x00, 0x00, 0x00, 0x00, 0x00, 0x00, 0x00, 0x00, 0x62, 0x2b, 0x6e, 0xc2, 0x2b, 0xff, 0x01, 0x2c, 0xfd, 0xe1, 0x2b, 0xfe, 
0x01, 0x2c, 0xfb, 0xe2, 0x2b, 0xff, 0xc1, 0x1a, 0x59, 0x00, 0x00, 0x00, 0xe0, 0x01, 0x04, 0x00, 0x00, 0x00, 0x00, 0x00, 0x00, 0x00, 0x00, 0x01, 0x00, 0x00, 0x00, 0x00, 0x00, 0x00, 0x82, 0x2b, 0xc9, 0x22, 0x2c, 0xff, 
0x01, 0x2c, 0xfb, 0xe1, 0x2b, 0xfe, 0xe1, 0x2b, 0xff, 0x01, 0x2c, 0xfa, 0xe2, 0x2b, 0xff, 0x62, 0x2b, 0x9c, 0x41, 0x2b, 0x13, 0x00, 0x00, 0x00, 0x00, 0x00, 0x00, 0x00, 0x00, 0x00, 0x00, 0x00, 0x00, 0x00, 0x00, 0x00, 
0x00, 0x00, 0x00, 0x00, 0x00, 0x00, 0x63, 0x2b, 0x5c, 0xc2, 0x2b, 0xf9, 0x01, 0x2c, 0xfd, 0xe1, 0x2b, 0xfd, 0x01, 0x24, 0xfb, 0x02, 0x2c, 0xff, 0x42, 0x23, 0x8f, 0x00, 0x00, 0x00, 0xa0, 0x02, 0x03, 0x00, 0x00, 0x00, 
0x00, 0x00, 0x00, 0x00, 0x00, 0x00, 0xe0, 0xff, 0x01, 0x00, 0x00, 0x00, 0xea, 0xd5, 0x18, 0x66, 0xdd, 0xe9, 0x62, 0xed, 0xff, 0x42, 0xe5, 0xfd, 0x42, 0xe5, 0xfb, 0x84, 0xed, 0xff, 0x46, 0xd5, 0x68, 0x00, 0x00, 0x00, 
0xe7, 0xbb, 0x04, 0x00, 0x00, 0x00, 0x00, 0x00, 0x00, 0x00, 0x00, 0x00, 0x00, 0x00, 0x00, 0x00, 0x00, 0x00, 0x00, 0x00, 0x00, 0x00, 0x00, 0x00, 0x00, 0x00, 0x00, 0x00, 0x00, 0x00, 0x00, 0xf8, 0x01, 0xe0, 0x7b, 0x02, 
0x4a, 0xad, 0x03, 0x4a, 0xfd, 0x03, 0x00, 0x00, 0x00, 0xeb, 0xdd, 0x08, 0x46, 0xdd, 0xbb, 0x83, 0xed, 0xff, 0x42, 0xe5, 0xfc, 0x42, 0xe5, 0xfe, 0x42, 0xe5, 0xfd, 0x64, 0xe5, 0xfd, 0x45, 0xd5, 0x47, 0x00, 0x00, 0x00, 
0x4a, 0xfd, 0x03, 0x00, 0x00, 0x00, 0x4a, 0xad, 0x03, 0x00, 0x00, 0x00, 0x87, 0xdd, 0x3c, 0x45, 0xdd, 0xff, 0x42, 0xed, 0xfe, 0x42, 0xe5, 0xfe, 0x42, 0xe5, 0xfe, 0x42, 0xe5, 0xfe, 0x42, 0xed, 0xfc, 0x64, 0xe5, 0xff, 
0x45, 0xdd, 0x99, 0x45, 0xdd, 0x24, 0xe0, 0xff, 0x01, 0x00, 0x00, 0x00, 0x42, 0xd5, 0x0c, 0x26, 0xd5, 0x4f, 0x28, 0xcd, 0x7a, 0x00, 0x00, 0x00, 0x00, 0x00, 0x00, 0xef, 0xff, 0x02, 0x00, 0x00, 0x00, 0x46, 0xd5, 0x87, 
0x84, 0xed, 0xff, 0x41, 0xed, 0xfa, 0x42, 0xe5, 0xfe, 0x42, 0xe5, 0xfb, 0x84, 0xed, 0xff, 0x66, 0xdd, 0xb3, 0x47, 0xd5, 0x18, 0x00, 0x00, 0x00, 0x00, 0x00, 0x00, 0x00, 0xf8, 0x01, 0xe0, 0x7b, 0x02, 0x00, 0x00, 0x00, 
0x00, 0x00, 0x00, 0x00, 0x00, 0x00, 0xe7, 0xfd, 0x04, 0x67, 0xdd, 0x95, 0x85, 0xed, 0xff, 0x42, 0xed, 0xfb, 0x42, 0xed, 0xfe, 0x21, 0xe5, 0xfb, 0x83, 0xf5, 0xff, 0x25, 0xd5, 0xb3, 0xe0, 0xff, 0x01, 0xe0, 0xfb, 0x02, 
0x00, 0x00, 0x00, 0x00, 0x00, 0x00, 0x00, 0x00, 0x00, 0x00, 0x00, 0x00, 0x00, 0x00, 0x00, 0x00, 0x00, 0x00, 0x00, 0x00, 0x00, 0x00, 0x00, 0x00, 0x00, 0x00, 0x00, 0x00, 0x00, 0x00, 0x00, 0x00, 0x00, 0xe0, 0x03, 0x02, 
0x00, 0x00, 0x01, 0xe1, 0x2a, 0x18, 0x82, 0x2b, 0xe8, 0x01, 0x2c, 0xfe, 0xe1, 0x2b, 0xfd, 0xe1, 0x2b, 0xfe, 0xe1, 0x2b, 0xfe, 0xe1, 0x2b, 0xfe, 0xe1, 0x2b, 0xfe, 0xe1, 0x2b, 0xfb, 0x02, 0x2c, 0xff, 0x41, 0x23, 0x87, 
0x00, 0x00, 0x00, 0x00, 0x00, 0x00, 0x62, 0x2b, 0x62, 0xe2, 0x2b, 0xff, 0xe1, 0x2b, 0xfc, 0xe1, 0x2b, 0xfe, 0xe1, 0x2b, 0xfe, 0xe1, 0x2b, 0xfe, 0xe1, 0x2b, 0xfe, 0x01, 0x2c, 0xfd, 0x02, 0x2c, 0xff, 0xc2, 0x2b, 0xec, 
0x81, 0x23, 0xad, 0xe2, 0x2b, 0xff, 0xe1, 0x2b, 0xfd, 0xe1, 0x2b, 0xfe, 0xe1, 0x2b, 0xfe, 0xe1, 0x2b, 0xfe, 0xe1, 0x2b, 0xfe, 0x01, 0x2c, 0xfd, 0x01, 0x2c, 0xfe, 0xa2, 0x23, 0xec, 0x01, 0x13, 0x1a, 0x00, 0x00, 0x01, 
0xe0, 0x03, 0x02, 0x00, 0x00, 0x00, 0x00, 0x00, 0x00, 0x00, 0x00, 0x00, 0x00, 0x00, 0x00, 0x00, 0x00, 0x00, 0x00, 0x00, 0x00, 0x00, 0x00, 0x00, 0x00, 0x00, 0x00, 0x00, 0x00, 0x00, 0x00, 0x00, 0x00, 0x00, 0x00, 0x00, 
0x00, 0x00, 0x00, 0x00, 0x00, 0x00, 0xa0, 0x02, 0x03, 0x00, 0x00, 0x00, 0x63, 0x2b, 0x3f, 0xc2, 0x2b, 0xff, 0x01, 0x2c, 0xfe, 0xe1, 0x2b, 0xfb, 0x21, 0x2c, 0xff, 0xa2, 0x2b, 0xc0, 0x00, 0x00, 0x00, 0xe0, 0x3b, 0x04, 
0x00, 0x00, 0x00, 0x61, 0x23, 0x82, 0x02, 0x2c, 0xff, 0xe1, 0x2b, 0xfa, 0x01, 0x2c, 0xfe, 0xa2, 0x2b, 0xfc, 0x22, 0x2b, 0x32, 0x00, 0x00, 0x00, 0xe0, 0x03, 0x02, 0x00, 0x00, 0x00, 0x00, 0x00, 0x00, 0x00, 0x00, 0x00, 
0x00, 0x00, 0x00, 0x00, 0x00, 0x00, 0x00, 0x00, 0x00, 0xe0, 0x03, 0x02, 0x00, 0x00, 0x00, 0x62, 0x23, 0xa2, 0x22, 0x2c, 0xff, 0x01, 0x2c, 0xf7, 0x02, 0x2c, 0xff, 0x62, 0x23, 0x7b, 0x00, 0x00, 0x00, 0xe0, 0x7b, 0x02, 
0x00, 0x00, 0x02, 0x82, 0x23, 0xcc, 0x02, 0x2c, 0xff, 0xe1, 0x2b, 0xfb, 0x01, 0x2c, 0xff, 0xa2, 0x2b, 0xf9, 0x62, 0x2b, 0x2f, 0x00, 0x00, 0x00, 0xe0, 0x03, 0x02, 0x00, 0x00, 0x00, 0x00, 0x00, 0x00, 0xa0, 0x02, 0x03, 
0x00, 0x00, 0x00, 0x62, 0x23, 0x65, 0x02, 0x2c, 0xff, 0x01, 0x2c, 0xfa, 0xe1, 0x23, 0xfa, 0x02, 0x2c, 0xff, 0x62, 0x23, 0xbd, 0x00, 0x00, 0x00, 0xe0, 0x03, 0x02, 0xa0, 0x52, 0x03, 0x00, 0x00, 0x01, 0x00, 0x00, 0x00, 
0x00, 0x00, 0x00, 0x00, 0x00, 0x00, 0x00, 0x00, 0x00, 0x00, 0x00, 0x01, 0xa0, 0x52, 0x03, 0xa0, 0x02, 0x03, 0x00, 0x00, 0x00, 0x62, 0x23, 0xad, 0x02, 0x2c, 0xff, 0x01, 0x2c, 0xfb, 0x01, 0x2c, 0xfa, 0x02, 0x2c, 0xfe, 
0x42, 0x23, 0x8b, 0x00, 0x00, 0x00, 0xe0, 0x03, 0x04, 0x00, 0x00, 0x00, 0x00, 0x00, 0x00, 0x00, 0x00, 0x01, 0x00, 0x00, 0x00, 0x00, 0x00, 0x01, 0x82, 0x2b, 0xc9, 0x22, 0x2c, 0xff, 0x01, 0x24, 0xfb, 0xe1, 0x2b, 0xfe, 
0xe1, 0x2b, 0xfb, 0x02, 0x2c, 0xff, 0x62, 0x2b, 0x9f, 0x00, 0x00, 0x00, 0x00, 0x00, 0x00, 0xe0, 0x3b, 0x04, 0xe0, 0x03, 0x02, 0x00, 0x00, 0x01, 0x00, 0x00, 0x01, 0xe0, 0x07, 0x01, 0xa0, 0x02, 0x03, 0xe0, 0x3b, 0x04, 
0x00, 0x00, 0x00, 0x62, 0x2b, 0x89, 0x02, 0x2c, 0xff, 0x01, 0x24, 0xfb, 0xe1, 0x2b, 0xfc, 0x02, 0x2c, 0xff, 0x82, 0x2b, 0xce, 0x20, 0x33, 0x05, 0x00, 0x00, 0x00, 0x00, 0x00, 0x01, 0x00, 0x00, 0x00, 0x00, 0x00, 0x00, 
0xe0, 0xff, 0x01, 0x00, 0x00, 0x00, 0xeb, 0xdd, 0x17, 0x66, 0xdd, 0xe9, 0x62, 0xed, 0xff, 0x42, 0xe5, 0xfd, 0x42, 0xe5, 0xfb, 0x84, 0xed, 0xff, 0x46, 0xd5, 0x68, 0xe0, 0xff, 0x01, 0xc6, 0xcc, 0x05, 0xe0, 0xff, 0x01, 
0xe0, 0xff, 0x01, 0xe0, 0xff, 0x01, 0xe0, 0xff, 0x01, 0xe0, 0xff, 0x01, 0xe0, 0xff, 0x01, 0xe0, 0x7b, 0x02, 0xe0, 0xff, 0x01, 0x00, 0xf8, 0x01, 0x00, 0x00, 0x00, 0x00, 0x00, 0x00, 0x00, 0x00, 0x00, 0x00, 0x00, 0x00, 
0xc9, 0xe5, 0x21, 0x67, 0xdd, 0xb3, 0x84, 0xed, 0xff, 0x42, 0xe5, 0xfc, 0x42, 0xe5, 0xfe, 0x42, 0xed, 0xfb, 0x62, 0xed, 0xfe, 0x25, 0xdd, 0xce, 0xc6, 0xcc, 0x05, 0x00, 0xf8, 0x01, 0x00, 0x00, 0x00, 0x00, 0x00, 0x00, 
0x4a, 0xad, 0x03, 0x00, 0x00, 0x00, 0x68, 0xd5, 0x3f, 0x45, 0xdd, 0xff, 0x42, 0xed, 0xfe, 0x42, 0xe5, 0xfe, 0x42, 0xe5, 0xfe, 0x42, 0xe5, 0xfc, 0x84, 0xed, 0xff, 0x45, 0xdd, 0x90, 0x00, 0x00, 0x00, 0x00, 0x00, 0x00, 
0x00, 0xf8, 0x01, 0x00, 0x00, 0x00, 0x00, 0x00, 0x00, 0x00, 0x00, 0x00, 0x00, 0x00, 0x00, 0x00, 0x00, 0x00, 0xe0, 0xfb, 0x02, 0x00, 0x00, 0x00, 0x68, 0xcd, 0x1d, 0x45, 0xdd, 0xf2, 0x62, 0xed, 0xfd, 0x42, 0xe5, 0xfd, 
0x42, 0xe5, 0xfc, 0x83, 0xed, 0xff, 0x66, 0xdd, 0xba, 0x2a, 0xe6, 0x09, 0x00, 0x00, 0x00, 0xe7, 0xfd, 0x04, 0xe0, 0xff, 0x01, 0x00, 0x00, 0x00, 0x00, 0x00, 0x00, 0x00, 0xf8, 0x01, 0xe0, 0xff, 0x01, 0xe7, 0xbd, 0x04, 
0x00, 0x00, 0x01, 0x00, 0x00, 0x00, 0x67, 0xdd, 0x9b, 0x84, 0xed, 0xff, 0x42, 0xe5, 0xfc, 0x42, 0xe5, 0xfe, 0x42, 0xed, 0xfc, 0x64, 0xe5, 0xff, 0x26, 0xd5, 0x49, 0x00, 0x00, 0x00, 0x4a, 0xfd, 0x03, 0x00, 0x00, 0x00, 
0x00, 0x00, 0x00, 0x00, 0x00, 0x00, 0x00, 0x00, 0x00, 0x00, 0x00, 0x00, 0x00, 0x00, 0x00, 0x00, 0x00, 0x00, 0x00, 0x00, 0x00, 0x00, 0x00, 0x00, 0x00, 0x00, 0x00, 0xa0, 0x02, 0x03, 0x00, 0x00, 0x00, 0x42, 0x23, 0x7b, 
0x02, 0x2c, 0xff, 0x01, 0x2c, 0xfb, 0xe1, 0x2b, 0xfe, 0xe1, 0x2b, 0xfe, 0xe1, 0x2b, 0xfe, 0xe1, 0x2b, 0xfe, 0xe1, 0x2b, 0xfd, 0x02, 0x2c, 0xfe, 0xa2, 0x2b, 0xf0, 0x01, 0x23, 0x22, 0x00, 0x00, 0x01, 0xe0, 0x1a, 0x08, 
0x62, 0x23, 0xcf, 0x02, 0x2c, 0xfe, 0xe1, 0x23, 0xfc, 0xe1, 0x2b, 0xfe, 0xe1, 0x2b, 0xfe, 0xe1, 0x2b, 0xfe, 0xe1, 0x2b, 0xfe, 0x01, 0x2c, 0xfb, 0x22, 0x2c, 0xff, 0x62, 0x23, 0xa1, 0x80, 0x0a, 0x13, 0x82, 0x2b, 0xec, 
0x02, 0x2c, 0xfe, 0xe1, 0x2b, 0xfd, 0xe1, 0x2b, 0xfe, 0xe1, 0x2b, 0xfe, 0xe1, 0x2b, 0xfe, 0xe1, 0x2b, 0xfe, 0xe1, 0x2b, 0xfb, 0x02, 0x2c, 0xff, 0x62, 0x23, 0x7f, 0x00, 0x00, 0x00, 0xa0, 0x02, 0x03, 0x00, 0x00, 0x00, 
0x00, 0x00, 0x00, 0x00, 0x00, 0x00, 0x00, 0x00, 0x00, 0x00, 0x00, 0x00, 0x00, 0x00, 0x00, 0x00, 0x00, 0x00, 0x00, 0x00, 0x00, 0x00, 0x00, 0x00, 0x00, 0x00, 0x00, 0x00, 0x00, 0x00, 0x00, 0x00, 0x00, 0x00, 0x00, 0x00, 
0xa0, 0x02, 0x03, 0x00, 0x00, 0x00, 0x63, 0x2b, 0x3f, 0xc2, 0x2b, 0xff, 0x01, 0x2c, 0xfe, 0xe1, 0x2b, 0xfb, 0x21, 0x2c, 0xff, 0xa2, 0x2b, 0xc1, 0x00, 0x00, 0x00, 0xa0, 0x02, 0x03, 0x00, 0x00, 0x00, 0x61, 0x23, 0x38, 
0xa2, 0x2b, 0xfc, 0xe1, 0x2b, 0xfe, 0xe1, 0x23, 0xfa, 0x02, 0x2c, 0xff, 0x62, 0x23, 0x7e, 0x00, 0x00, 0x00, 0xa0, 0x02, 0x03, 0x00, 0x00, 0x00, 0x00, 0x00, 0x00, 0x00, 0x00, 0x00, 0x00, 0x00, 0x00, 0x00, 0x00, 0x00, 
0x00, 0x00, 0x01, 0x00, 0x00, 0x00, 0xa2, 0x12, 0x0f, 0x62, 0x23, 0xe3, 0x02, 0x2c, 0xff, 0xe1, 0x23, 0xfd, 0xa2, 0x2b, 0xfb, 0x63, 0x2b, 0x33, 0x00, 0x00, 0x00, 0xe0, 0x7b, 0x02, 0x00, 0x00, 0x02, 0x82, 0x23, 0xcc, 
0x02, 0x2c, 0xff, 0xe1, 0x2b, 0xfb, 0x01, 0x2c, 0xff, 0xa2, 0x2b, 0xf9, 0x62, 0x2b, 0x2f, 0x00, 0x00, 0x00, 0xe0, 0x03, 0x02, 0x00, 0x00, 0x00, 0x00, 0x00, 0x00, 0xe0, 0x07, 0x01, 0xef, 0x7b, 0x02, 0x62, 0x2b, 0xc3, 
0x22, 0x2c, 0xff, 0xe1, 0x2b, 0xff, 0x01, 0x2c, 0xfd, 0xe2, 0x2b, 0xff, 0x01, 0x1b, 0x4b, 0x00, 0x00, 0x01, 0xa0, 0x02, 0x03, 0x00, 0x00, 0x00, 0x00, 0x00, 0x00, 0x00, 0x00, 0x00, 0x00, 0x00, 0x00, 0x00, 0x00, 0x00, 
0x00, 0x00, 0x00, 0x00, 0x00, 0x00, 0x00, 0x00, 0x00, 0xe0, 0x39, 0x04, 0xe0, 0x07, 0x01, 0x62, 0x2b, 0x56, 0xe2, 0x2b, 0xff, 0x01, 0x2c, 0xfc, 0xe1, 0x2b, 0xfb, 0x02, 0x2c, 0xff, 0x82, 0x2b, 0xa3, 0x00, 0x00, 0x00, 
0xa0, 0x02, 0x03, 0x00, 0x00, 0x00, 0x00, 0x00, 0x00, 0x00, 0x00, 0x01, 0x00, 0x00, 0x00, 0x00, 0x00, 0x01, 0x82, 0x2b, 0xc9, 0x22, 0x2c, 0xff, 0x01, 0x24, 0xfb, 0xe1, 0x2b, 0xfd, 0x02, 0x2c, 0xff, 0x82, 0x2b, 0xe5, 
0x00, 0x1b, 0x15, 0x00, 0x00, 0x01, 0xa0, 0x02, 0x03, 0x00, 0x00, 0x00, 0x00, 0x00, 0x00, 0x00, 0x00, 0x00, 0x00, 0x00, 0x00, 0x00, 0x00, 0x00, 0x00, 0x00, 0x00, 0xa0, 0x02, 0x03, 0xe0, 0x03, 0x02, 0x21, 0x23, 0x21, 
0xa2, 0x2b, 0xf2, 0x02, 0x2c, 0xfe, 0xe1, 0x23, 0xfc, 0x02, 0x2c, 0xff, 0xa2, 0x2b, 0xed, 0xa3, 0x33, 0x1c, 0x00, 0x00, 0x00, 0xe0, 0x07, 0x01, 0x00, 0x00, 0x00, 0x00, 0x00, 0x00, 0xe0, 0xff, 0x01, 0x00, 0x00, 0x00, 
0xeb, 0xd5, 0x17, 0x66, 0xdd, 0xe7, 0x62, 0xed, 0xff, 0x42, 0xe5, 0xfc, 0x42, 0xe5, 0xfb, 0x83, 0xed, 0xff, 0x66, 0xdd, 0x64, 0x00, 0x00, 0x00, 0x00, 0x00, 0x00, 0x00, 0x00, 0x00, 0x00, 0x00, 0x00, 0x00, 0x00, 0x00, 
0x00, 0x00, 0x00, 0x00, 0x00, 0x00, 0x00, 0x00, 0x00, 0x00, 0x00, 0x00, 0x00, 0x00, 0x00, 0x00, 0x00, 0x00, 0xf9, 0xff, 0x05, 0xab, 0xd5, 0x1f, 0xa9, 0xdd, 0x48, 0x67, 0xdd, 0x8e, 0x66, 0xdd, 0xe9, 0x63, 0xed, 0xff, 
0x42, 0xed, 0xfc, 0x42, 0xe5, 0xfe, 0x42, 0xe5, 0xfe, 0x41, 0xe5, 0xfb, 0x84, 0xed, 0xff, 0x26, 0xd5, 0x5a, 0x00, 0x00, 0x00, 0x4a, 0xfd, 0x03, 0x00, 0x00, 0x00, 0x00, 0x00, 0x00, 0x4a, 0xad, 0x03, 0x00, 0x00, 0x00, 
0x88, 0xd5, 0x3e, 0x45, 0xdd, 0xff, 0x42, 0xe5, 0xfe, 0x42, 0xe5, 0xfe, 0x42, 0xe5, 0xfc, 0x62, 0xed, 0xff, 0x45, 0xdd, 0xde, 0xc5, 0xe5, 0x0b, 0xe0, 0xff, 0x01, 0xe0, 0xff, 0x03, 0x00, 0x00, 0x00, 0x00, 0x00, 0x00, 
0xe0, 0xff, 0x01, 0x40, 0xad, 0x03, 0xef, 0xfb, 0x02, 0x00, 0x00, 0x00, 0x4a, 0xad, 0x03, 0x00, 0x00, 0x00, 0x46, 0xd5, 0x7d, 0x84, 0xed, 0xff, 0x41, 0xed, 0xfb, 0x42, 0xe5, 0xfd, 0x62, 0xed, 0xfe, 0x45, 0xdd, 0xe8, 
0x66, 0xdd, 0x1c, 0x00, 0x00, 0x00, 0x4a, 0xfd, 0x03, 0x00, 0x00, 0x00, 0x00, 0x00, 0x00, 0x00, 0x00, 0x00, 0x00, 0x00, 0x00, 0x00, 0x00, 0x00, 0x00, 0x00, 0x00, 0x00, 0x00, 0x00, 0xe0, 0xfb, 0x02, 0xe0, 0xff, 0x01, 
0x47, 0xe5, 0x09, 0x46, 0xdd, 0xca, 0x83, 0xed, 0xff, 0x42, 0xed, 0xfc, 0x42, 0xed, 0xfb, 0x83, 0xf5, 0xff, 0x25, 0xdd, 0xb8, 0x00, 0x00, 0x00, 0xe0, 0x7b, 0x02, 0x00, 0x00, 0x00, 0x00, 0x00, 0x00, 0x00, 0x00, 0x00, 
0x00, 0x00, 0x00, 0x00, 0x00, 0x00, 0x00, 0x00, 0x00, 0x00, 0x00, 0x00, 0x00, 0x00, 0x00, 0x00, 0x00, 0x00, 0xe0, 0x07, 0x01, 0x00, 0x00, 0x01, 0xa0, 0x12, 0x0f, 0x82, 0x23, 0xe0, 0x02, 0x2c, 0xfe, 0xe1, 0x23, 0xfd, 
0xe1, 0x2b, 0xfe, 0xe1, 0x2b, 0xfe, 0xe1, 0x2b, 0xfe, 0xe1, 0x2b, 0xfe, 0x01, 0x24, 0xfb, 0x02, 0x2c, 0xff, 0x62, 0x23, 0x95, 0x00, 0x00, 0x00, 0x00, 0x00, 0x00, 0x22, 0x23, 0x56, 0xe2, 0x2b, 0xff, 0x01, 0x2c, 0xfc, 
0xe1, 0x2b, 0xfe, 0xe1, 0x2b, 0xfe, 0xe1, 0x2b, 0xfe, 0xe1, 0x2b, 0xfe, 0x01, 0x2c, 0xfd, 0x01, 0x2c, 0xfd, 0xc2, 0x2b, 0xfa, 0x01, 0x1b, 0x39, 0x00, 0x00, 0x00, 0x62, 0x23, 0x8e, 0x02, 0x2c, 0xff, 0x01, 0x2c, 0xfb, 
0xe1, 0x2b, 0xfe, 0xe1, 0x2b, 0xfe, 0xe1, 0x2b, 0xfe, 0xe1, 0x2b, 0xfe, 0xe1, 0x2b, 0xfd, 0x02, 0x2c, 0xfe, 0x82, 0x2b, 0xe4, 0xc1, 0x1a, 0x14, 0x00, 0x00, 0x01, 0xe0, 0x03, 0x02, 0x00, 0x00, 0x00, 0x00, 0x00, 0x00, 
0x00, 0x00, 0x00, 0x00, 0x00, 0x00, 0x00, 0x00, 0x00, 0x00, 0x00, 0x00, 0x00, 0x00, 0x00, 0x00, 0x00, 0x00, 0x00, 0x00, 0x00, 0x00, 0x00, 0x00, 0x00, 0x00, 0x00, 0x00, 0x00, 0x00, 0xa0, 0x02, 0x03, 0x00, 0x00, 0x00, 
0x63, 0x2b, 0x3f, 0xc2, 0x2b, 0xff, 0x01, 0x2c, 0xfe, 0xe1, 0x2b, 0xfb, 0x21, 0x2c, 0xff, 0xa2, 0x2b, 0xc1, 0x00, 0x00, 0x00, 0x00, 0x00, 0x01, 0xe0, 0x07, 0x01, 0xa0, 0x02, 0x06, 0x62, 0x23, 0xd0, 0x02, 0x2c, 0xff, 
0x01, 0x2c, 0xf9, 0x02, 0x2c, 0xff, 0x82, 0x2b, 0xc8, 0xa0, 0x52, 0x03, 0x00, 0x00, 0x01, 0x00, 0x00, 0x00, 0x00, 0x00, 0x00, 0x00, 0x00, 0x00, 0x00, 0x00, 0x00, 0x00, 0x00, 0x00, 0xe0, 0x01, 0x04, 0x00, 0x00, 0x00, 
0x21, 0x23, 0x51, 0xe2, 0x2b, 0xff, 0xe1, 0x2b, 0xfa, 0x02, 0x2c, 0xff, 0x82, 0x2b, 0xcb, 0x26, 0x03, 0x05, 0xe0, 0x07, 0x01, 0x00, 0x00, 0x00, 0x00, 0x00, 0x02, 0x82, 0x23, 0xcc, 0x02, 0x2c, 0xff, 0xe1, 0x2b, 0xfb, 
0x01, 0x2c, 0xff, 0xa2, 0x2b, 0xf9, 0x62, 0x2b, 0x2f, 0x00, 0x00, 0x00, 0xe0, 0x03, 0x02, 0x00, 0x00, 0x00, 0x00, 0x00, 0x01, 0x00, 0x00, 0x00, 0xe3, 0x3a, 0x08, 0x64, 0x33, 0xa5, 0xc4, 0x33, 0xda, 0xc3, 0x33, 0xe9, 
0xc3, 0x2b, 0xfc, 0x62, 0x2b, 0xdf, 0xa2, 0x12, 0x0c, 0x00, 0x00, 0x00, 0x00, 0x00, 0x01, 0x00, 0x00, 0x00, 0x00, 0x00, 0x00, 0x00, 0x00, 0x00, 0x00, 0x00, 0x00, 0x00, 0x00, 0x00, 0x00, 0x00, 0x00, 0x00, 0x00, 0x00, 
0x00, 0x00, 0x00, 0xe0, 0x03, 0x02, 0x00, 0x00, 0x01, 0x62, 0x2b, 0x3c, 0xa2, 0x2b, 0xfd, 0xe1, 0x2b, 0xfe, 0xe1, 0x23, 0xfa, 0x02, 0x2c, 0xff, 0xa2, 0x2b, 0xab, 0x00, 0x00, 0x00, 0xe0, 0x03, 0x02, 0x00, 0x00, 0x00, 
0x00, 0x00, 0x00, 0x00, 0x00, 0x01, 0x00, 0x00, 0x00, 0x00, 0x00, 0x01, 0x82, 0x2b, 0xc9, 0x22, 0x2c, 0xff, 0xe1, 0x2b, 0xfb, 0xe1, 0x2b, 0xfb, 0x02, 0x2c, 0xff, 0x62, 0x2b, 0x9a, 0x00, 0x00, 0x00, 0xa0, 0x52, 0x03, 
0x00, 0x00, 0x00, 0x00, 0x00, 0x00, 0x00, 0x00, 0x00, 0x00, 0x00, 0x00, 0x00, 0x00, 0x00, 0x00, 0x00, 0x00, 0x00, 0x00, 0x00, 0x00, 0x00, 0x01, 0x00, 0x00, 0x00, 0xe0, 0x01, 0x04, 0x42, 0x23, 0xd1, 0x22, 0x2c, 0xff, 
0xe1, 0x23, 0xfb, 0x01, 0x2c, 0xff, 0xa2, 0x2b, 0xf6, 0xc4, 0x3b, 0x28, 0x00, 0x00, 0x00, 0xe0, 0x03, 0x02, 0x00, 0x00, 0x00, 0x00, 0x00, 0x00, 0xe0, 0xff, 0x01, 0x00, 0x00, 0x00, 0x2a, 0xde, 0x16, 0x66, 0xdd, 0xe6, 
0x62, 0xed, 0xff, 0x42, 0xe5, 0xfd, 0x42, 0xe5, 0xfd, 0x42, 0xe5, 0xfe, 0x65, 0xe5, 0xd8, 0x45, 0xdd, 0xb8, 0x45, 0xdd, 0xba, 0x46, 0xdd, 0xb8, 0x45, 0xdd, 0xb5, 0x45, 0xdd, 0xb4, 0x46, 0xdd, 0xb5, 0x66, 0xdd, 0xb6, 
0x45, 0xdd, 0xb6, 0x45, 0xdd, 0xb6, 0x45, 0xdd, 0xb7, 0x45, 0xdd, 0xbc, 0x45, 0xdd, 0xcd, 0x66, 0xdd, 0xea, 0x65, 0xe5, 0xff, 0xa4, 0xed, 0xff, 0x62, 0xed, 0xff, 0x42, 0xed, 0xfb, 0x42, 0xed, 0xfe, 0x42, 0xe5, 0xfe, 
0x42, 0xe5, 0xf9, 0xa4, 0xf5, 0xff, 0x45, 0xd5, 0xb0, 0xe0, 0x7b, 0x02, 0xef, 0xfb, 0x02, 0xe0, 0xff, 0x01, 0x00, 0x00, 0x00, 0x00, 0x00, 0x00, 0x4a, 0xad, 0x03, 0x00, 0x00, 0x00, 0x87, 0xdd, 0x3c, 0x45, 0xdd, 0xff, 
0x42, 0xed, 0xfe, 0x42, 0xed, 0xfd, 0x42, 0xe5, 0xfb, 0xa4, 0xed, 0xff, 0x46, 0xd5, 0x88, 0x00, 0x00, 0x00, 0x4a, 0xfd, 0x03, 0x00, 0x00, 0x00, 0x00, 0x00, 0x00, 0x00, 0x00, 0x00, 0x00, 0x00, 0x00, 0x00, 0x00, 0x00, 
0x00, 0x00, 0x00, 0x00, 0x00, 0x00, 0x00, 0x00, 0x00, 0x6c, 0xce, 0x05, 0x46, 0xdd, 0xcf, 0x62, 0xed, 0xfe, 0x42, 0xe5, 0xfb, 0x41, 0xe5, 0xfb, 0xa4, 0xed, 0xff, 0x46, 0xdd, 0x83, 0x00, 0x00, 0x00, 0xe7, 0xbd, 0x04, 
0x00, 0x00, 0x00, 0x00, 0x00, 0x00, 0x00, 0x00, 0x00, 0x00, 0x00, 0x00, 0x00, 0x00, 0x00, 0x00, 0x00, 0x00, 0x00, 0x00, 0x00, 0x00, 0x00, 0x00, 0x00, 0x00, 0x00, 0xe0, 0xbb, 0x04, 0x00, 0x00, 0x00, 0x66, 0xdd, 0x4b, 
0x64, 0xe5, 0xfe, 0x42, 0xe5, 0xfd, 0x42, 0xe5, 0xfd, 0x42, 0xed, 0xfe, 0x45, 0xdd, 0xf2, 0x66, 0xcd, 0x25, 0x00, 0x00, 0x00, 0xe0, 0xff, 0x02, 0x00, 0x00, 0x00, 0x00, 0x00, 0x00, 0x00, 0x00, 0x00, 0x00, 0x00, 0x00, 
0x00, 0x00, 0x00, 0x00, 0x00, 0x00, 0x00, 0x00, 0x00, 0x00, 0x00, 0x00, 0xa0, 0x02, 0x03, 0x00, 0x00, 0x00, 0x22, 0x23, 0x6c, 0xe2, 0x2b, 0xff, 0x01, 0x2c, 0xfb, 0xe1, 0x2b, 0xfe, 0xe1, 0x2b, 0xfe, 0xe1, 0x2b, 0xfe, 
0xe1, 0x2b, 0xfe, 0xe1, 0x2b, 0xfd, 0x02, 0x2c, 0xfe, 0xa2, 0x2b, 0xf4, 0xc1, 0x1a, 0x27, 0x00, 0x00, 0x01, 0xa0, 0x02, 0x03, 0x62, 0x23, 0xc5, 0x22, 0x2c, 0xff, 0x01, 0x2c, 0xfb, 0xe1, 0x2b, 0xfe, 0xe1, 0x2b, 0xfe, 
0xe1, 0x2b, 0xfe, 0xe1, 0x2b, 0xfe, 0x01, 0x2c, 0xfb, 0x22, 0x2c, 0xff, 0x62, 0x23, 0xb2, 0x00, 0x00, 0x01, 0x00, 0x00, 0x01, 0x21, 0x1b, 0x23, 0xa2, 0x2b, 0xf2, 0x01, 0x2c, 0xfe, 0xe1, 0x2b, 0xfd, 0xe1, 0x2b, 0xfe, 
0xe1, 0x2b, 0xfe, 0xe1, 0x2b, 0xfe, 0xe1, 0x2b, 0xfe, 0x01, 0x2c, 0xfb, 0x02, 0x2c, 0xff, 0x42, 0x2b, 0x79, 0x00, 0x00, 0x00, 0xa0, 0x52, 0x03, 0x00, 0x00, 0x00, 0x00, 0x00, 0x00, 0x00, 0x00, 0x00, 0x00, 0x00, 0x00, 
0x00, 0x00, 0x00, 0x00, 0x00, 0x00, 0x00, 0x00, 0x00, 0x00, 0x00, 0x00, 0x00, 0x00, 0x00, 0x00, 0x00, 0x00, 0x00, 0x00, 0x00, 0x00, 0x00, 0x00, 0xa0, 0x02, 0x03, 0x00, 0x00, 0x00, 0x63, 0x2b, 0x40, 0xc2, 0x2b, 0xff, 
0x01, 0x2c, 0xfe, 0xe1, 0x2b, 0xfb, 0x21, 0x2c, 0xff, 0xa2, 0x2b, 0xc1, 0x00, 0x00, 0x00, 0x00, 0x00, 0x00, 0xe0, 0x3b, 0x04, 0x00, 0x00, 0x00, 0x62, 0x23, 0x87, 0x02, 0x2c, 0xff, 0xe1, 0x23, 0xfa, 0x01, 0x2c, 0xfe, 
0xa2, 0x2b, 0xf8, 0x41, 0x1b, 0x2e, 0x00, 0x00, 0x00, 0xe0, 0x03, 0x02, 0x00, 0x00, 0x00, 0x00, 0x00, 0x00, 0x00, 0x00, 0x00, 0x00, 0x00, 0x00, 0xe0, 0x7b, 0x02, 0x00, 0x00, 0x00, 0x62, 0x2b, 0xa3, 0x02, 0x2c, 0xff, 
0x01, 0x24, 0xf7, 0x02, 0x2c, 0xff, 0x42, 0x23, 0x79, 0x00, 0x00, 0x00, 0xe0, 0x3b, 0x04, 0x00, 0x00, 0x00, 0x00, 0x00, 0x02, 0x82, 0x23, 0xcc, 0x02, 0x2c, 0xff, 0xe1, 0x2b, 0xfb, 0x01, 0x2c, 0xff, 0xa2, 0x2b, 0xf9, 
0x62, 0x2b, 0x2f, 0x00, 0x00, 0x00, 0xe0, 0x03, 0x02, 0x00, 0x00, 0x00, 0x00, 0x00, 0x00, 0x00, 0x00, 0x00, 0x00, 0x00, 0x00, 0x00, 0x00, 0x00, 0xe7, 0x53, 0x0c, 0x26, 0x44, 0x19, 0x25, 0x3c, 0x32, 0xa4, 0x33, 0x34, 
0x00, 0x00, 0x00, 0x00, 0x00, 0x00, 0x00, 0x00, 0x00, 0x00, 0x00, 0x00, 0x00, 0x00, 0x00, 0x00, 0x00, 0x00, 0x00, 0x00, 0x00, 0x00, 0x00, 0x01, 0x00, 0x00, 0x01, 0xe0, 0x03, 0x02, 0xaa, 0x52, 0x03, 0x20, 0x03, 0x05, 
0x00, 0x00, 0x01, 0x82, 0x2b, 0x2f, 0xa2, 0x2b, 0xfa, 0x01, 0x2c, 0xff, 0xe1, 0x23, 0xfa, 0x22, 0x2c, 0xff, 0xa2, 0x2b, 0xaf, 0x00, 0x00, 0x00, 0xe0, 0x03, 0x02, 0x00, 0x00, 0x00, 0x00, 0x00, 0x00, 0x00, 0x00, 0x01, 
0x00, 0x00, 0x00, 0x00, 0x00, 0x01, 0x82, 0x2b, 0xc9, 0x22, 0x2c, 0xff, 0xe1, 0x23, 0xfb, 0x01, 0x2c, 0xfb, 0xe2, 0x2b, 0xff, 0x62, 0x2b, 0x58, 0x00, 0x00, 0x01, 0x40, 0x05, 0x03, 0x00, 0x00, 0x00, 0x00, 0x00, 0x00, 
0x00, 0x00, 0x00, 0x00, 0x00, 0x00, 0x00, 0x00, 0x00, 0x00, 0x00, 0x00, 0x00, 0x00, 0x00, 0x00, 0x00, 0x00, 0xe0, 0x07, 0x01, 0x00, 0x00, 0x00, 0x62, 0x2b, 0xb5, 0x22, 0x2c, 0xff, 0xe1, 0x2b, 0xfb, 0xe1, 0x2b, 0xff, 
0xa2, 0x2b, 0xfa, 0x64, 0x33, 0x2e, 0x00, 0x00, 0x00, 0xe0, 0x03, 0x02, 0x00, 0x00, 0x00, 0x00, 0x00, 0x00, 0xe0, 0xff, 0x01, 0x00, 0x00, 0x00, 0xeb, 0xd5, 0x17, 0x66, 0xdd, 0xe7, 0x62, 0xed, 0xff, 0x42, 0xe5, 0xfd, 
0x42, 0xe5, 0xfe, 0x42, 0xe5, 0xfe, 0x62, 0xed, 0xff, 0x83, 0xf5, 0xff, 0x82, 0xf5, 0xff, 0x82, 0xf5, 0xff, 0x83, 0xf5, 0xff, 0x82, 0xf5, 0xff, 0x83, 0xf5, 0xff, 0x83, 0xf5, 0xff, 0x83, 0xf5, 0xff, 0x83, 0xf5, 0xff, 
0x83, 0xf5, 0xff, 0x82, 0xf5, 0xff, 0x62, 0xed, 0xff, 0x42, 0xed, 0xff, 0x42, 0xed, 0xfd, 0x42, 0xe5, 0xfb, 0x42, 0xe5, 0xfd, 0x42, 0xe5, 0xfe, 0x42, 0xe5, 0xfc, 0x42, 0xed, 0xfa, 0xa3, 0xf5, 0xff, 0x46, 0xdd, 0xd0, 
0x26, 0xd5, 0x17, 0xe0, 0xff, 0x01, 0xe0, 0xff, 0x01, 0x00, 0x00, 0x00, 0x00, 0x00, 0x00, 0x00, 0x00, 0x00, 0x4a, 0xad, 0x03, 0x00, 0x00, 0x00, 0x67, 0xd5, 0x3c, 0x45, 0xdd, 0xff, 0x42, 0xed, 0xfe, 0x42, 0xed, 0xfd, 
0x42, 0xed, 0xfd, 0x64, 0xe5, 0xff, 0x26, 0xd5, 0x40, 0x00, 0xf8, 0x01, 0x40, 0xad, 0x03, 0x00, 0x00, 0x00, 0x00, 0x00, 0x00, 0x00, 0x00, 0x00, 0x00, 0x00, 0x00, 0x00, 0x00, 0x00, 0x00, 0x00, 0x00, 0xe0, 0xfb, 0x02, 
0x00, 0x00, 0x00, 0x67, 0xd5, 0x28, 0x45, 0xdd, 0xf5, 0x42, 0xed, 0xff, 0x42, 0xe5, 0xfc, 0x42, 0xed, 0xfe, 0x44, 0xe5, 0xf3, 0x67, 0xdd, 0x28, 0xe0, 0xff, 0x01, 0xe0, 0xfb, 0x02, 0x00, 0x00, 0x00, 0x00, 0x00, 0x00, 
0x00, 0x00, 0x00, 0x00, 0x00, 0x00, 0x00, 0x00, 0x00, 0x00, 0x00, 0x00, 0x00, 0x00, 0x00, 0x00, 0x00, 0x00, 0x00, 0x00, 0x00, 0xe0, 0xff, 0x01, 0x00, 0xf8, 0x01, 0xe7, 0xbc, 0x08, 0x45, 0xdd, 0xd4, 0x62, 0xed, 0xff, 
0x42, 0xe5, 0xfb, 0x42, 0xe5, 0xfc, 0x84, 0xed, 0xff, 0x45, 0xdd, 0x58, 0x00, 0x00, 0x00, 0x4a, 0xfd, 0x03, 0x00, 0x00, 0x00, 0x00, 0x00, 0x00, 0x00, 0x00, 0x00, 0x00, 0x00, 0x00, 0x00, 0x00, 0x00, 0x00, 0x00, 0x00, 
0x00, 0x00, 0x00, 0x00, 0x00, 0x01, 0x00, 0x00, 0x01, 0x20, 0x1b, 0x0a, 0x82, 0x2b, 0xd6, 0x02, 0x2c, 0xfe, 0x01, 0x2c, 0xfb, 0xe1, 0x2b, 0xfe, 0xe1, 0x2b, 0xfe, 0xe1, 0x2b, 0xfe, 0xe1, 0x2b, 0xfe, 0x01, 0x2c, 0xfb, 
0x02, 0x2c, 0xff, 0x42, 0x23, 0x9a, 0x00, 0x00, 0x00, 0x00, 0x00, 0x00, 0x22, 0x23, 0x4a, 0xc2, 0x2b, 0xff, 0x01, 0x2c, 0xfd, 0xe1, 0x2b, 0xfe, 0xe1, 0x2b, 0xfe, 0xe1, 0x2b, 0xfe, 0xe1, 0x23, 0xfe, 0xe1, 0x2b, 0xfe, 
0x01, 0x2c, 0xfd, 0xc2, 0x2b, 0xfc, 0x21, 0x1b, 0x41, 0x00, 0x00, 0x00, 0x20, 0x33, 0x05, 0x00, 0x00, 0x00, 0x41, 0x23, 0x94, 0x22, 0x2c, 0xff, 0x01, 0x24, 0xfb, 0xe1, 0x2b, 0xfe, 0xe1, 0x2b, 0xfe, 0xe1, 0x2b, 0xfe, 
0xe1, 0x2b, 0xfe, 0xe1, 0x2b, 0xfc, 0x02, 0x2c, 0xfe, 0x82, 0x2b, 0xe0, 0x03, 0x2b, 0x12, 0x00, 0x00, 0x01, 0x00, 0x00, 0x01, 0x00, 0x00, 0x00, 0x00, 0x00, 0x00, 0x00, 0x00, 0x00, 0x00, 0x00, 0x00, 0x00, 0x00, 0x00, 
0x00, 0x00, 0x00, 0x00, 0x00, 0x00, 0x00, 0x00, 0x00, 0x00, 0x00, 0x00, 0x00, 0x00, 0x00, 0x00, 0x00, 0x00, 0xa0, 0x02, 0x03, 0x00, 0x00, 0x00, 0x63, 0x2b, 0x40, 0xc2, 0x2b, 0xff, 0x01, 0x2c, 0xfe, 0xe1, 0x2b, 0xfb, 
0x21, 0x2c, 0xff, 0xa2, 0x2b, 0xc1, 0x00, 0x00, 0x00, 0x00, 0x00, 0x00, 0xa0, 0x02, 0x03, 0x00, 0x00, 0x00, 0x22, 0x23, 0x39, 0xc2, 0x2b, 0xfc, 0x01, 0x2c, 0xfe, 0x01, 0x2c, 0xfa, 0x02, 0x2c, 0xff, 0x41, 0x23, 0x73, 
0x00, 0x00, 0x00, 0xa0, 0x02, 0x03, 0x00, 0x00, 0x00, 0x00, 0x00, 0x00, 0x00, 0x00, 0x00, 0x00, 0x00, 0x01, 0x00, 0x00, 0x00, 0x81, 0x1b, 0x12, 0x82, 0x2b, 0xe4, 0x02, 0x2c, 0xff, 0x01, 0x2c, 0xfd, 0xc2, 0x2b, 0xfa, 
0x22, 0x23, 0x2d, 0x00, 0x00, 0x00, 0xa0, 0x02, 0x03, 0x00, 0x00, 0x00, 0x00, 0x00, 0x02, 0x62, 0x23, 0xcc, 0x02, 0x2c, 0xff, 0xe1, 0x2b, 0xfb, 0x01, 0x2c, 0xff, 0xa2, 0x2b, 0xf9, 0x62, 0x2b, 0x2f, 0x00, 0x00, 0x00, 
0xe0, 0x03, 0x02, 0x00, 0x00, 0x00, 0x00, 0x00, 0x00, 0x00, 0x00, 0x00, 0x00, 0x00, 0x00, 0x00, 0x00, 0x01, 0x00, 0x00, 0x00, 0x00, 0x00, 0x00, 0x00, 0x00, 0x00, 0x00, 0x00, 0x00, 0x00, 0x00, 0x00, 0x00, 0x00, 0x00, 
0xe0, 0x07, 0x01, 0xe0, 0x03, 0x02, 0x40, 0x55, 0x03, 0x4a, 0x55, 0x03, 0xa0, 0x02, 0x03, 0xe0, 0x03, 0x02, 0x00, 0x00, 0x00, 0x00, 0x00, 0x00, 0x00, 0x00, 0x00, 0x00, 0x00, 0x00, 0x00, 0x00, 0x00, 0xc4, 0x33, 0x47, 
0xc2, 0x2b, 0xfd, 0xe1, 0x2b, 0xfe, 0xe1, 0x23, 0xfb, 0x02, 0x2c, 0xff, 0xa2, 0x2b, 0xae, 0x00, 0x00, 0x00, 0xe0, 0x03, 0x02, 0x00, 0x00, 0x00, 0x00, 0x00, 0x00, 0x00, 0x00, 0x01, 0x00, 0x00, 0x00, 0x00, 0x00, 0x01, 
0x82, 0x2b, 0xc9, 0x22, 0x2c, 0xff, 0xe1, 0x23, 0xfb, 0x01, 0x2c, 0xfe, 0xa2, 0x2b, 0xfa, 0x42, 0x23, 0x2e, 0x00, 0x00, 0x00, 0xe0, 0x03, 0x02, 0x00, 0x00, 0x00, 0x00, 0x00, 0x00, 0x00, 0x00, 0x00, 0x00, 0x00, 0x00, 
0x00, 0x00, 0x00, 0x00, 0x00, 0x00, 0x00, 0x00, 0x00, 0x00, 0x00, 0x00, 0xe0, 0x03, 0x02, 0x00, 0x00, 0x00, 0x82, 0x2b, 0xa6, 0x22, 0x2c, 0xff, 0xe1, 0x2b, 0xfa, 0xe1, 0x2b, 0xfe, 0xa2, 0x2b, 0xfe, 0x43, 0x33, 0x34, 
0x00, 0x00, 0x00, 0xa0, 0x02, 0x03, 0x00, 0x00, 0x00, 0x00, 0x00, 0x00, 0xe0, 0xff, 0x01, 0x00, 0x00, 0x00, 0xca, 0xdd, 0x16, 0x66, 0xdd, 0xe6, 0x62, 0xed, 0xff, 0x42, 0xe5, 0xfd, 0x42, 0xe5, 0xfe, 0x42, 0xe5, 0xfe, 
0x42, 0xe5, 0xfc, 0x42, 0xe5, 0xfa, 0x42, 0xe5, 0xfa, 0x42, 0xe5, 0xfa, 0x42, 0xe5, 0xfa, 0x42, 0xe5, 0xfa, 0x42, 0xe5, 0xfa, 0x42, 0xe5, 0xfa, 0x42, 0xe5, 0xfa, 0x42, 0xe5, 0xfa, 0x42, 0xed, 0xfa, 0x42, 0xed, 0xfa, 
0x42, 0xe5, 0xfb, 0x42, 0xed, 0xfb, 0x42, 0xe5, 0xfc, 0x42, 0xe5, 0xfb, 0x42, 0xed, 0xfb, 0x42, 0xed, 0xfc, 0x62, 0xed, 0xff, 0x84, 0xed, 0xff, 0x45, 0xdd, 0xbe, 0x05, 0xcd, 0x1c, 0x00, 0x00, 0x00, 0xe0, 0x7b, 0x02, 
0x00, 0x00, 0x00, 0x00, 0x00, 0x00, 0x00, 0x00, 0x00, 0x00, 0x00, 0x00, 0x4a, 0xad, 0x03, 0x00, 0x00, 0x00, 0x88, 0xd5, 0x3e, 0x45, 0xdd, 0xff, 0x42, 0xed, 0xfe, 0x42, 0xe5, 0xfd, 0x62, 0xed, 0xff, 0x24, 0xdd, 0xef, 
0x04, 0xcd, 0x1c, 0x00, 0x00, 0x00, 0xe0, 0xff, 0x01, 0x00, 0x00, 0x00, 0x00, 0x00, 0x00, 0x00, 0x00, 0x00, 0x00, 0x00, 0x00, 0x00, 0x00, 0x00, 0x00, 0x00, 0x00, 0x4a, 0xfd, 0x03, 0x00, 0x00, 0x00, 0x46, 0xdd, 0x52, 
0x64, 0xe5, 0xff, 0x42, 0xe5, 0xfd, 0x42, 0xe5, 0xfb, 0x63, 0xed, 0xff, 0x45, 0xdd, 0xd1, 0xe7, 0xfd, 0x04, 0x00, 0x00, 0x00, 0x00, 0xf8, 0x01, 0x00, 0x00, 0x00, 0x00, 0x00, 0x00, 0x00, 0x00, 0x00, 0x00, 0x00, 0x00, 
0x00, 0x00, 0x00, 0x00, 0x00, 0x00, 0x00, 0x00, 0x00, 0x00, 0x00, 0x00, 0x00, 0x00, 0x00, 0x00, 0x00, 0x00, 0xa0, 0xaa, 0x03, 0x00, 0x00, 0x00, 0x25, 0xd5, 0x94, 0x83, 0xf5, 0xff, 0x42, 0xe5, 0xfa, 0x41, 0xe5, 0xfb, 
0x83, 0xf5, 0xff, 0x45, 0xd5, 0x93, 0x00, 0x00, 0x00, 0x4a, 0xfd, 0x03, 0x00, 0x00, 0x00, 0x00, 0x00, 0x00, 0x00, 0x00, 0x00, 0x00, 0x00, 0x00, 0x00, 0x00, 0x00, 0x00, 0x00, 0x00, 0x00, 0x00, 0x00, 0xa0, 0x02, 0x03, 
0x00, 0x00, 0x00, 0x41, 0x23, 0x61, 0xe2, 0x2b, 0xff, 0x01, 0x2c, 0xfb, 0xe1, 0x2b, 0xfe, 0xe1, 0x2b, 0xfe, 0xe1, 0x2b, 0xfe, 0xe1, 0x2b, 0xfe, 0xe1, 0x2b, 0xfd, 0x01, 0x2c, 0xfe, 0xa2, 0x2b, 0xf7, 0x41, 0x23, 0x30, 
0x00, 0x00, 0x01, 0xe0, 0x03, 0x02, 0x42, 0x23, 0xbd, 0x22, 0x2c, 0xff, 0x01, 0x24, 0xfb, 0xe1, 0x2b, 0xfe, 0xe1, 0x2b, 0xfe, 0xe1, 0x2b, 0xfe, 0xe1, 0x2b, 0xfe, 0x01, 0x24, 0xfb, 0x02, 0x2c, 0xff, 0x62, 0x23, 0xbf, 
0x00, 0x00, 0x01, 0x00, 0x00, 0x01, 0xe0, 0x03, 0x02, 0x00, 0x00, 0x01, 0x00, 0x1b, 0x27, 0xa2, 0x2b, 0xf3, 0x01, 0x2c, 0xfe, 0x01, 0x2c, 0xfd, 0xe1, 0x2b, 0xfe, 0xe1, 0x2b, 0xfe, 0xe1, 0x2b, 0xfe, 0xe1, 0x2b, 0xfe, 
0x01, 0x2c, 0xfb, 0x02, 0x2c, 0xff, 0x42, 0x23, 0x6b, 0x00, 0x00, 0x00, 0xa0, 0x02, 0x03, 0x00, 0x00, 0x00, 0x00, 0x00, 0x00, 0x00, 0x00, 0x00, 0x00, 0x00, 0x00, 0x00, 0x00, 0x00, 0x00, 0x00, 0x00, 0x00, 0x00, 0x00, 
0x00, 0x00, 0x00, 0x00, 0x00, 0x00, 0x00, 0x00, 0x00, 0x00, 0x00, 0x00, 0xa0, 0x02, 0x03, 0x00, 0x00, 0x00, 0x63, 0x2b, 0x40, 0xc2, 0x2b, 0xff, 0x01, 0x2c, 0xfe, 0xe1, 0x2b, 0xfb, 0x21, 0x2c, 0xff, 0xa2, 0x2b, 0xc0, 
0x00, 0x00, 0x00, 0x00, 0x00, 0x00, 0xe0, 0x07, 0x01, 0x00, 0x00, 0x00, 0xa0, 0x2a, 0x06, 0x82, 0x23, 0xd1, 0x22, 0x2c, 0xff, 0xe1, 0x23, 0xf9, 0x22, 0x2c, 0xff, 0x82, 0x2b, 0xc5, 0x00, 0x00, 0x01, 0x00, 0x00, 0x01, 
0x00, 0x00, 0x00, 0x00, 0x00, 0x00, 0x00, 0x00, 0x00, 0xa0, 0x52, 0x03, 0x00, 0x00, 0x00, 0x62, 0x2b, 0x57, 0xe2, 0x2b, 0xff, 0x01, 0x24, 0xfa, 0x02, 0x2c, 0xff, 0x62, 0x23, 0xc5, 0xe0, 0x3b, 0x04, 0x00, 0x00, 0x01, 
0xe0, 0x07, 0x01, 0x00, 0x00, 0x00, 0x00, 0x00, 0x02, 0x62, 0x23, 0xcc, 0x02, 0x2c, 0xff, 0xe1, 0x2b, 0xfb, 0x01, 0x2c, 0xff, 0xa2, 0x2b, 0xf9, 0x62, 0x2b, 0x2f, 0x00, 0x00, 0x00, 0xe0, 0x03, 0x02, 0x00, 0x00, 0x00, 
0x00, 0x00, 0x00, 0x00, 0x00, 0x00, 0x00, 0x00, 0x00, 0x00, 0x00, 0x00, 0x00, 0x00, 0x01, 0xe0, 0x07, 0x01, 0xe0, 0x7b, 0x02, 0xe7, 0x3b, 0x04, 0x40, 0x55, 0x03, 0x00, 0x00, 0x01, 0x00, 0x00, 0x00, 0x00, 0x00, 0x00, 
0x00, 0x00, 0x00, 0x00, 0x00, 0x00, 0x00, 0x00, 0x00, 0x00, 0x00, 0x00, 0xcc, 0x9c, 0x05, 0x07, 0x44, 0x1d, 0x06, 0x44, 0x42, 0x83, 0x2b, 0x74, 0xc5, 0x3b, 0xb3, 0xc3, 0x2b, 0xed, 0xe2, 0x2b, 0xfe, 0xe1, 0x2b, 0xfd, 
0xe1, 0x23, 0xfb, 0x22, 0x2c, 0xff, 0xa2, 0x2b, 0xb0, 0x00, 0x00, 0x00, 0xe0, 0x03, 0x02, 0x00, 0x00, 0x00, 0x00, 0x00, 0x00, 0x00, 0x00, 0x01, 0x00, 0x00, 0x00, 0x00, 0x00, 0x01, 0x82, 0x2b, 0xc9, 0x22, 0x2c, 0xff, 
0xe1, 0x23, 0xfa, 0x22, 0x2c, 0xff, 0x82, 0x23, 0xeb, 0xc0, 0x0a, 0x17, 0x00, 0x00, 0x00, 0xe0, 0x07, 0x01, 0x00, 0x00, 0x00, 0x00, 0x00, 0x00, 0x00, 0x00, 0x00, 0x00, 0x00, 0x00, 0x00, 0x00, 0x00, 0x00, 0x00, 0x00, 
0x00, 0x00, 0x00, 0x00, 0x00, 0x00, 0xa0, 0x02, 0x03, 0x00, 0x00, 0x00, 0xa2, 0x2b, 0xa0, 0x22, 0x2c, 0xff, 0xe1, 0x2b, 0xfa, 0x01, 0x2c, 0xfd, 0xc2, 0x2b, 0xff, 0x43, 0x33, 0x3a, 0x00, 0x00, 0x00, 0xa0, 0x02, 0x03, 
0x00, 0x00, 0x00, 0x00, 0x00, 0x00, 0xe0, 0xff, 0x01, 0x00, 0x00, 0x00, 0x0a, 0xde, 0x15, 0x46, 0xdd, 0xe6, 0x62, 0xed, 0xff, 0x42, 0xe5, 0xfd, 0x42, 0xe5, 0xfe, 0x42, 0xe5, 0xfe, 0x42, 0xe5, 0xfe, 0x41, 0xe5, 0xfe, 
0x42, 0xed, 0xfe, 0x41, 0xed, 0xff, 0x41, 0xed, 0xff, 0x42, 0xed, 0xff, 0x42, 0xed, 0xff, 0x42, 0xed, 0xff, 0x42, 0xed, 0xff, 0x42, 0xed, 0xff, 0x42, 0xed, 0xff, 0x42, 0xed, 0xff, 0x42, 0xed, 0xff, 0x62, 0xed, 0xff, 
0x62, 0xed, 0xff, 0x63, 0xed, 0xff, 0x83, 0xed, 0xff, 0x64, 0xe5, 0xff, 0x45, 0xdd, 0xd9, 0x46, 0xd5, 0x70, 0x66, 0xce, 0x05, 0x00, 0x00, 0x00, 0xe0, 0x7b, 0x02, 0x00, 0x00, 0x00, 0x00, 0x00, 0x00, 0x00, 0x00, 0x00, 
0x00, 0x00, 0x00, 0x00, 0x00, 0x00, 0x4a, 0xad, 0x03, 0x00, 0x00, 0x00, 0x68, 0xd5, 0x3e, 0x45, 0xdd, 0xff, 0x42, 0xed, 0xfe, 0x42, 0xed, 0xfc, 0x62, 0xed, 0xff, 0x45, 0xdd, 0xdd, 0x88, 0xfe, 0x0b, 0x00, 0x00, 0x00, 
0xe0, 0xff, 0x01, 0x00, 0x00, 0x00, 0x00, 0x00, 0x00, 0x00, 0x00, 0x00, 0x00, 0x00, 0x00, 0x00, 0x00, 0x00, 0x00, 0x00, 0x00, 0x4a, 0xfd, 0x03, 0x00, 0x00, 0x00, 0x25, 0xdd, 0x78, 0x83, 0xf5, 0xff, 0x42, 0xe5, 0xfb, 
0x41, 0xe5, 0xfb, 0x83, 0xed, 0xff, 0x47, 0xdd, 0xad, 0x00, 0x00, 0x00, 0xe0, 0xfb, 0x02, 0x00, 0x00, 0x00, 0x00, 0x00, 0x00, 0x00, 0x00, 0x00, 0x00, 0x00, 0x00, 0x00, 0x00, 0x00, 0x00, 0x00, 0x00, 0x00, 0x00, 0x00, 
0x00, 0x00, 0x00, 0x00, 0x00, 0x00, 0x00, 0x00, 0x00, 0x00, 0x00, 0x00, 0xe7, 0xbb, 0x04, 0x00, 0x00, 0x00, 0x46, 0xdd, 0x6a, 0x84, 0xed, 0xff, 0x42, 0xe5, 0xfb, 0x42, 0xe5, 0xfb, 0x83, 0xed, 0xff, 0x25, 0xd5, 0xb7, 
0x00, 0x00, 0x00, 0xe0, 0xff, 0x01, 0x00, 0x00, 0x00, 0x00, 0x00, 0x00, 0x00, 0x00, 0x00, 0x00, 0x00, 0x00, 0x00, 0x00, 0x00, 0x00, 0x00, 0x00, 0x00, 0x00, 0x00, 0xe0, 0x07, 0x01, 0x40, 0x22, 0x07, 0x62, 0x23, 0xd2, 
0x02, 0x2c, 0xfe, 0xe1, 0x23, 0xfc, 0xe1, 0x2b, 0xfe, 0xe1, 0x2b, 0xfe, 0xe1, 0x2b, 0xfe, 0xe1, 0x2b, 0xfe, 0x01, 0x2c, 0xfb, 0x02, 0x2c, 0xff, 0x82, 0x2b, 0xaf, 0x00, 0x00, 0x00, 0x00, 0x00, 0x00, 0x21, 0x1b, 0x43, 
0xc2, 0x2b, 0xfe, 0x01, 0x2c, 0xfd, 0xe1, 0x2b, 0xfd, 0xe1, 0x2b, 0xfe, 0xe1, 0x2b, 0xfe, 0xe1, 0x2b, 0xfe, 0xe1, 0x2b, 0xfe, 0x01, 0x24, 0xfd, 0xc2, 0x2b, 0xff, 0x42, 0x23, 0x4f, 0x00, 0x00, 0x00, 0xa0, 0x02, 0x03, 
0x00, 0x00, 0x00, 0xe0, 0x03, 0x02, 0x00, 0x00, 0x00, 0x62, 0x23, 0xa0, 0x02, 0x2c, 0xff, 0x01, 0x24, 0xfb, 0xe1, 0x2b, 0xfe, 0xe1, 0x2b, 0xfe, 0xe1, 0x2b, 0xfe, 0xe1, 0x2b, 0xfe, 0xe1, 0x2b, 0xfc, 0x02, 0x2c, 0xfe, 
0x82, 0x23, 0xd5, 0xa0, 0x1a, 0x09, 0x00, 0x00, 0x01, 0x00, 0x00, 0x01, 0x00, 0x00, 0x00, 0x00, 0x00, 0x00, 0x00, 0x00, 0x00, 0x00, 0x00, 0x00, 0x00, 0x00, 0x00, 0x00, 0x00, 0x00, 0x00, 0x00, 0x00, 0x00, 0x00, 0x00, 
0x00, 0x00, 0x00, 0x00, 0x00, 0x00, 0xa0, 0x02, 0x03, 0x00, 0x00, 0x00, 0x63, 0x2b, 0x40, 0xc2, 0x2b, 0xff, 0x01, 0x2c, 0xfe, 0xe1, 0x2b, 0xfb, 0x21, 0x2c, 0xff, 0xa2, 0x2b, 0xc0, 0x00, 0x00, 0x00, 0x00, 0x00, 0x00, 
0x00, 0x00, 0x00, 0xa0, 0x02, 0x03, 0x00, 0x00, 0x00, 0x82, 0x2b, 0x8c, 0x02, 0x2c, 0xff, 0x01, 0x24, 0xfa, 0x01, 0x2c, 0xfe, 0xa2, 0x2b, 0xf8, 0x01, 0x1b, 0x2a, 0x00, 0x00, 0x00, 0xe0, 0x03, 0x02, 0x00, 0x00, 0x00, 
0x00, 0x00, 0x00, 0xe0, 0x03, 0x02, 0x00, 0x00, 0x00, 0x42, 0x23, 0xa3, 0x22, 0x2c, 0xff, 0x01, 0x2c, 0xf7, 0x02, 0x2c, 0xff, 0x62, 0x23, 0x7a, 0x00, 0x00, 0x00, 0x40, 0x55, 0x03, 0x00, 0x00, 0x01, 0x00, 0x00, 0x00, 
0x00, 0x00, 0x02, 0x82, 0x23, 0xcc, 0x02, 0x2c, 0xff, 0xe1, 0x2b, 0xfb, 0x01, 0x2c, 0xff, 0xa2, 0x2b, 0xf9, 0x62, 0x2b, 0x2f, 0x00, 0x00, 0x00, 0xe0, 0x03, 0x02, 0x00, 0x00, 0x00, 0x00, 0x00, 0x00, 0x00, 0x00, 0x00, 
0x00, 0x00, 0x00, 0x00, 0x00, 0x00, 0x00, 0x00, 0x00, 0xe0, 0x07, 0x01, 0xa0, 0x52, 0x03, 0x00, 0x00, 0x00, 0x00, 0x00, 0x00, 0x00, 0x00, 0x00, 0x6b, 0x64, 0x14, 0x85, 0x3b, 0x32, 0xc5, 0x3b, 0x52, 0xc5, 0x3b, 0x72, 
0xe5, 0x3b, 0x99, 0xc3, 0x33, 0xaf, 0xa3, 0x2b, 0xcc, 0xc4, 0x33, 0xee, 0xc3, 0x33, 0xff, 0xe2, 0x2b, 0xff, 0x02, 0x2c, 0xff, 0x01, 0x2c, 0xff, 0xe1, 0x2b, 0xfe, 0xe1, 0x2b, 0xfe, 0xe1, 0x23, 0xfb, 0x02, 0x2c, 0xff, 
0xa2, 0x2b, 0xb0, 0x00, 0x00, 0x00, 0xe0, 0x03, 0x02, 0x00, 0x00, 0x00, 0x00, 0x00, 0x00, 0x00, 0x00, 0x01, 0x00, 0x00, 0x00, 0x00, 0x00, 0x00, 0x82, 0x2b, 0xc9, 0x22, 0x2c, 0xff, 0xe1, 0x23, 0xfa, 0x21, 0x2c, 0xff, 
0x82, 0x2b, 0xe5, 0x40, 0x0a, 0x11, 0x00, 0x00, 0x00, 0x00, 0x00, 0x01, 0x00, 0x00, 0x00, 0x00, 0x00, 0x00, 0x00, 0x00, 0x00, 0x00, 0x00, 0x00, 0x00, 0x00, 0x00, 0x00, 0x00, 0x00, 0x00, 0x00, 0x00, 0x00, 0x00, 0x00, 
0xa0, 0x02, 0x03, 0x00, 0x00, 0x00, 0x82, 0x2b, 0x9c, 0x22, 0x2c, 0xff, 0x01, 0x2c, 0xfa, 0x01, 0x2c, 0xfd, 0xc2, 0x2b, 0xff, 0x43, 0x33, 0x39, 0x00, 0x00, 0x00, 0xa0, 0x02, 0x03, 0x00, 0x00, 0x00, 0x00, 0x00, 0x00, 
0xe0, 0xff, 0x01, 0x00, 0x00, 0x00, 0xe9, 0xdd, 0x14, 0x46, 0xdd, 0xe5, 0x62, 0xed, 0xff, 0x42, 0xe5, 0xfc, 0x42, 0xe5, 0xfe, 0x42, 0xe5, 0xfe, 0x44, 0xe5, 0xff, 0x44, 0xdd, 0xff, 0x44, 0xdd, 0xff, 0x44, 0xdd, 0xfe, 
0x44, 0xdd, 0xfd, 0x44, 0xdd, 0xfd, 0x44, 0xdd, 0xfd, 0x44, 0xdd, 0xfd, 0x44, 0xdd, 0xfd, 0x44, 0xdd, 0xfc, 0x44, 0xdd, 0xfb, 0x44, 0xdd, 0xfa, 0x44, 0xdd, 0xf6, 0x45, 0xdd, 0xed, 0x45, 0xdd, 0xe0, 0x45, 0xdd, 0xc3, 
0x45, 0xdd, 0x8c, 0x66, 0xdd, 0x50, 0x87, 0xd5, 0x0d, 0x00, 0x00, 0x00, 0x00, 0x00, 0x00, 0xe0, 0x7b, 0x02, 0x00, 0x00, 0x00, 0x00, 0x00, 0x00, 0x00, 0x00, 0x00, 0x00, 0x00, 0x00, 0x00, 0x00, 0x00, 0x00, 0x00, 0x00, 
0x4a, 0xad, 0x03, 0x00, 0x00, 0x00, 0x68, 0xd5, 0x3e, 0x45, 0xdd, 0xff, 0x42, 0xe5, 0xfe, 0x42, 0xe5, 0xfc, 0x63, 0xed, 0xff, 0x66, 0xdd, 0xd5, 0xeb, 0xfe, 0x08, 0x00, 0x00, 0x00, 0xe0, 0xff, 0x01, 0x00, 0x00, 0x00, 
0x00, 0x00, 0x00, 0x00, 0x00, 0x00, 0x00, 0x00, 0x00, 0x00, 0x00, 0x00, 0x00, 0x00, 0x00, 0x40, 0xfd, 0x03, 0x00, 0x00, 0x00, 0x25, 0xdd, 0x92, 0x83, 0xf5, 0xff, 0x42, 0xe5, 0xfb, 0x41, 0xed, 0xfb, 0x83, 0xf5, 0xff, 
0x66, 0xdd, 0x87, 0x00, 0x00, 0x00, 0x4a, 0xfd, 0x03, 0x00, 0x00, 0x00, 0x00, 0x00, 0x00, 0x00, 0x00, 0x00, 0x00, 0x00, 0x00, 0x00, 0x00, 0x00, 0x00, 0x00, 0x00, 0x00, 0x00, 0x00, 0x00, 0x00, 0x00, 0x00, 0x00, 0x00, 
0x00, 0x00, 0x00, 0x00, 0x00, 0x00, 0x4a, 0xfd, 0x03, 0x00, 0x00, 0x00, 0x67, 0xdd, 0x4f, 0x65, 0xe5, 0xff, 0x42, 0xe5, 0xfd, 0x42, 0xe5, 0xfc, 0x62, 0xed, 0xff, 0x45, 0xdd, 0xd0, 0xef, 0xfd, 0x04, 0x00, 0x00, 0x00, 
0x00, 0x00, 0x00, 0x00, 0x00, 0x00, 0x00, 0x00, 0x00, 0x00, 0x00, 0x00, 0x00, 0x00, 0x00, 0x00, 0x00, 0x00, 0xa0, 0x02, 0x03, 0x00, 0x00, 0x00, 0x42, 0x23, 0x58, 0xe2, 0x2b, 0xff, 0x01, 0x2c, 0xfc, 0xe1, 0x2b, 0xfe, 
0xe1, 0x2b, 0xfe, 0xe1, 0x2b, 0xfe, 0xe1, 0x2b, 0xfe, 0xe1, 0x2b, 0xfe, 0x01, 0x2c, 0xfd, 0xc2, 0x2b, 0xfd, 0x22, 0x23, 0x3e, 0x00, 0x00, 0x01, 0x00, 0x00, 0x01, 0x62, 0x23, 0xb4, 0x22, 0x2c, 0xff, 0x01, 0x2c, 0xfb, 
0xe1, 0x2b, 0xfe, 0xe1, 0x2b, 0xfe, 0xe1, 0x2b, 0xfe, 0xe1, 0x2b, 0xfe, 0xe1, 0x2b, 0xfc, 0x22, 0x2c, 0xff, 0x82, 0x2b, 0xcb, 0x20, 0x33, 0x05, 0xe0, 0x07, 0x01, 0x00, 0x00, 0x00, 0x00, 0x00, 0x00, 0xe0, 0x03, 0x02, 
0x00, 0x00, 0x00, 0x01, 0x1b, 0x31, 0xa2, 0x2b, 0xf8, 0x01, 0x2c, 0xfe, 0xe1, 0x2b, 0xfd, 0xe1, 0x2b, 0xfe, 0xe1, 0x2b, 0xfe, 0xe1, 0x2b, 0xfe, 0xe1, 0x2b, 0xfe, 0x01, 0x24, 0xfc, 0x02, 0x2c, 0xff, 0x42, 0x23, 0x61, 
0x00, 0x00, 0x00, 0x40, 0x05, 0x03, 0x00, 0x00, 0x00, 0x00, 0x00, 0x00, 0x00, 0x00, 0x00, 0x00, 0x00, 0x00, 0x00, 0x00, 0x00, 0x00, 0x00, 0x00, 0x00, 0x00, 0x00, 0x00, 0x00, 0x00, 0x00, 0x00, 0x00, 0x00, 0x00, 0x00, 
0xa0, 0x02, 0x03, 0x00, 0x00, 0x00, 0x63, 0x2b, 0x41, 0xc2, 0x2b, 0xff, 0x01, 0x2c, 0xfe, 0xe1, 0x2b, 0xfb, 0x21, 0x2c, 0xff, 0xa2, 0x2b, 0xc0, 0x00, 0x00, 0x00, 0x00, 0x00, 0x00, 0x00, 0x00, 0x00, 0xa0, 0x02, 0x03, 
0x00, 0x00, 0x00, 0x22, 0x23, 0x3f, 0xc2, 0x2b, 0xfe, 0x01, 0x2c, 0xfd, 0x01, 0x2c, 0xfb, 0x02, 0x2c, 0xff, 0x83, 0x2b, 0x78, 0x00, 0x00, 0x00, 0xa0, 0x52, 0x03, 0x00, 0x00, 0x00, 0x00, 0x00, 0x01, 0x00, 0x00, 0x00, 
0xc1, 0x1a, 0x14, 0x82, 0x2b, 0xe6, 0x02, 0x2c, 0xff, 0x01, 0x2c, 0xfd, 0xa2, 0x2b, 0xf8, 0x41, 0x1b, 0x30, 0x00, 0x00, 0x00, 0xe0, 0x03, 0x02, 0x00, 0x00, 0x01, 0x00, 0x00, 0x00, 0x00, 0x00, 0x02, 0x82, 0x23, 0xcc, 
0x02, 0x2c, 0xff, 0xe1, 0x2b, 0xfb, 0x01, 0x2c, 0xff, 0xa2, 0x2b, 0xf9, 0x62, 0x2b, 0x2f, 0x00, 0x00, 0x00, 0xe0, 0x03, 0x02, 0x00, 0x00, 0x00, 0x00, 0x00, 0x00, 0x00, 0x00, 0x00, 0x00, 0x00, 0x00, 0x00, 0x00, 0x00, 
0xe0, 0x03, 0x02, 0x00, 0x00, 0x00, 0x00, 0x00, 0x00, 0xc5, 0x3b, 0x21, 0xa4, 0x33, 0x73, 0x63, 0x2b, 0xbe, 0xc4, 0x33, 0xe7, 0xa3, 0x2b, 0xfc, 0xc2, 0x2b, 0xff, 0x03, 0x34, 0xff, 0x02, 0x2c, 0xff, 0x02, 0x2c, 0xff, 
0x01, 0x2c, 0xff, 0x01, 0x2c, 0xff, 0xe1, 0x2b, 0xfc, 0x01, 0x2c, 0xf8, 0x01, 0x2c, 0xf8, 0x01, 0x2c, 0xfd, 0xe1, 0x2b, 0xfe, 0xe1, 0x2b, 0xfe, 0x01, 0x24, 0xfb, 0x02, 0x2c, 0xff, 0xa2, 0x2b, 0xb0, 0x00, 0x00, 0x00, 
0xe0, 0x03, 0x02, 0x00, 0x00, 0x00, 0x00, 0x00, 0x00, 0x00, 0x00, 0x01, 0x00, 0x00, 0x00, 0x00, 0x00, 0x01, 0x82, 0x2b, 0xc9, 0x22, 0x2c, 0xff, 0xe1, 0x23, 0xfa, 0x21, 0x2c, 0xff, 0x81, 0x23, 0xe3, 0xe0, 0x09, 0x10, 
0x00, 0x00, 0x00, 0x00, 0x00, 0x01, 0x00, 0x00, 0x00, 0x00, 0x00, 0x00, 0x00, 0x00, 0x00, 0x00, 0x00, 0x00, 0x00, 0x00, 0x00, 0x00, 0x00, 0x00, 0x00, 0x00, 0x00, 0x00, 0x00, 0x00, 0xe0, 0x03, 0x02, 0x00, 0x00, 0x00, 
0x82, 0x2b, 0x9d, 0x22, 0x2c, 0xff, 0x01, 0x24, 0xfa, 0x01, 0x24, 0xfd, 0xc2, 0x2b, 0xff, 0x43, 0x33, 0x39, 0x00, 0x00, 0x00, 0xa0, 0x02, 0x03, 0x00, 0x00, 0x00, 0x00, 0x00, 0x00, 0xe0, 0xff, 0x01, 0x00, 0x00, 0x00, 
0xaa, 0xdd, 0x15, 0x66, 0xdd, 0xe5, 0x62, 0xed, 0xff, 0x42, 0xe5, 0xfc, 0x42, 0xe5, 0xfc, 0x83, 0xed, 0xff, 0x66, 0xdd, 0x91, 0x66, 0xdd, 0x38, 0x46, 0xd5, 0x3f, 0x45, 0xd5, 0x39, 0x45, 0xd5, 0x38, 0x45, 0xd5, 0x38, 
0x45, 0xdd, 0x39, 0x25, 0xd5, 0x3a, 0x25, 0xdd, 0x39, 0x45, 0xdd, 0x36, 0x05, 0xdd, 0x35, 0x05, 0xd5, 0x32, 0x45, 0xd5, 0x2c, 0x26, 0xcd, 0x20, 0x68, 0xd5, 0x13, 0xea, 0xff, 0x03, 0x00, 0x00, 0x00, 0x00, 0x00, 0x00, 
0x00, 0x00, 0x00, 0x4a, 0xfd, 0x03, 0x00, 0xf8, 0x01, 0x00, 0x00, 0x00, 0x00, 0x00, 0x00, 0x00, 0x00, 0x00, 0x00, 0x00, 0x00, 0x00, 0x00, 0x00, 0x00, 0x00, 0x00, 0x00, 0x00, 0x00, 0x4a, 0xad, 0x03, 0x00, 0x00, 0x00, 
0x88, 0xdd, 0x3e, 0x45, 0xdd, 0xff, 0x42, 0xe5, 0xfe, 0x42, 0xe5, 0xfb, 0x63, 0xed, 0xff, 0x67, 0xdd, 0xcf, 0xef, 0xff, 0x04, 0x00, 0x00, 0x00, 0xe0, 0xff, 0x01, 0x00, 0x00, 0x00, 0x00, 0x00, 0x00, 0x00, 0x00, 0x00, 
0x00, 0x00, 0x00, 0x00, 0x00, 0x00, 0x00, 0x00, 0x00, 0xe0, 0xff, 0x02, 0x00, 0x00, 0x00, 0x45, 0xdd, 0xa5, 0x83, 0xf5, 0xff, 0x42, 0xe5, 0xfb, 0x41, 0xe5, 0xfb, 0xa4, 0xed, 0xff, 0x67, 0xdd, 0x76, 0x00, 0x00, 0x00, 
0x4a, 0xfd, 0x03, 0x00, 0x00, 0x00, 0x00, 0x00, 0x00, 0x00, 0x00, 0x00, 0x00, 0x00, 0x00, 0x00, 0x00, 0x00, 0x00, 0x00, 0x00, 0x00, 0x00, 0x00, 0x00, 0x00, 0x00, 0x00, 0x00, 0x00, 0x00, 0x00, 0x00, 0x00, 0x00, 0x00, 
0x4a, 0xad, 0x03, 0x00, 0x00, 0x00, 0x89, 0xd5, 0x3b, 0x65, 0xdd, 0xff, 0x42, 0xe5, 0xfe, 0x42, 0xe5, 0xfc, 0x62, 0xed, 0xff, 0x46, 0xdd, 0xdb, 0x08, 0xbd, 0x0b, 0x00, 0x00, 0x00, 0x00, 0x00, 0x00, 0x00, 0x00, 0x00, 
0x00, 0x00, 0x00, 0x00, 0x00, 0x00, 0x00, 0x00, 0x00, 0x00, 0x00, 0x01, 0x00, 0x00, 0x01, 0xe0, 0x3b, 0x04, 0x82, 0x23, 0xc8, 0x02, 0x2c, 0xff, 0x01, 0x2c, 0xfb, 0xe1, 0x2b, 0xfe, 0xe1, 0x2b, 0xfe, 0xe1, 0x2b, 0xfe, 
0xe1, 0x2b, 0xfe, 0x01, 0x24, 0xfb, 0x22, 0x2c, 0xff, 0x82, 0x2b, 0xb6, 0x00, 0x00, 0x00, 0x00, 0x00, 0x01, 0x21, 0x23, 0x39, 0xa2, 0x2b, 0xfb, 0x01, 0x2c, 0xfe, 0x01, 0x2c, 0xfd, 0xe1, 0x2b, 0xfe, 0xe1, 0x2b, 0xfe, 
0xe1, 0x2b, 0xfe, 0xe1, 0x2b, 0xfe, 0x01, 0x2c, 0xfc, 0xe2, 0x2b, 0xff, 0x42, 0x23, 0x59, 0x00, 0x00, 0x00, 0xa0, 0x02, 0x03, 0x00, 0x00, 0x00, 0x00, 0x00, 0x00, 0x00, 0x00, 0x00, 0xe0, 0x03, 0x02, 0x00, 0x00, 0x00, 
0x42, 0x23, 0xaf, 0x22, 0x2c, 0xff, 0xe1, 0x23, 0xfb, 0xe1, 0x2b, 0xfe, 0xe1, 0x2b, 0xfe, 0xe1, 0x2b, 0xfe, 0xe1, 0x2b, 0xfe, 0xe1, 0x23, 0xfc, 0x02, 0x2c, 0xfe, 0x83, 0x2b, 0xd3, 0xe0, 0x1a, 0x08, 0x00, 0x00, 0x01, 
0x00, 0x00, 0x01, 0x00, 0x00, 0x00, 0x00, 0x00, 0x00, 0x00, 0x00, 0x00, 0x00, 0x00, 0x00, 0x00, 0x00, 0x00, 0x00, 0x00, 0x00, 0x00, 0x00, 0x00, 0x00, 0x00, 0x00, 0x00, 0x00, 0x00, 0xa0, 0x02, 0x03, 0x00, 0x00, 0x00, 
0x63, 0x2b, 0x41, 0xc2, 0x2b, 0xff, 0x01, 0x2c, 0xfe, 0xe1, 0x2b, 0xfb, 0x21, 0x2c, 0xff, 0xa2, 0x2b, 0xc0, 0x00, 0x00, 0x00, 0x00, 0x00, 0x00, 0x00, 0x00, 0x00, 0x00, 0x00, 0x01, 0x00, 0x00, 0x00, 0x23, 0x1b, 0x0a, 
0x82, 0x2b, 0xdb, 0x02, 0x2c, 0xff, 0x01, 0x2c, 0xfa, 0x22, 0x2c, 0xff, 0x82, 0x2b, 0xbe, 0x00, 0x00, 0x01, 0xe0, 0x07, 0x01, 0x00, 0x00, 0x00, 0xa0, 0x02, 0x03, 0x00, 0x00, 0x00, 0x21, 0x1b, 0x51, 0xe2, 0x2b, 0xff, 
0x01, 0x2c, 0xfa, 0x02, 0x2c, 0xff, 0x62, 0x2b, 0xc8, 0x00, 0x00, 0x02, 0x00, 0x00, 0x01, 0x00, 0x00, 0x00, 0x00, 0x00, 0x01, 0x00, 0x00, 0x00, 0x00, 0x00, 0x02, 0x82, 0x23, 0xcc, 0x02, 0x2c, 0xff, 0xe1, 0x2b, 0xfb, 
0x01, 0x2c, 0xff, 0xa2, 0x2b, 0xf9, 0x62, 0x2b, 0x2f, 0x00, 0x00, 0x00, 0xe0, 0x03, 0x02, 0x00, 0x00, 0x00, 0x00, 0x00, 0x00, 0x00, 0x00, 0x00, 0x00, 0x00, 0x00, 0xe0, 0x03, 0x02, 0x00, 0x00, 0x00, 0x65, 0x3b, 0x10, 
0x84, 0x33, 0x8b, 0xa3, 0x2b, 0xef, 0x02, 0x2c, 0xff, 0x02, 0x2c, 0xff, 0x01, 0x2c, 0xff, 0x01, 0x24, 0xff, 0x01, 0x24, 0xfb, 0x01, 0x24, 0xf9, 0xe1, 0x23, 0xf8, 0x01, 0x2c, 0xf8, 0x01, 0x2c, 0xf9, 0x01, 0x2c, 0xfd, 
0x01, 0x2c, 0xff, 0x02, 0x2c, 0xff, 0x02, 0x2c, 0xff, 0xc2, 0x2b, 0xfd, 0xe2, 0x2b, 0xfd, 0xe1, 0x2b, 0xfe, 0x01, 0x24, 0xfb, 0x02, 0x2c, 0xff, 0xa2, 0x2b, 0xb0, 0x00, 0x00, 0x00, 0xe0, 0x03, 0x02, 0x00, 0x00, 0x00, 
0x00, 0x00, 0x00, 0x00, 0x00, 0x01, 0x00, 0x00, 0x00, 0x00, 0x00, 0x01, 0x82, 0x2b, 0xcb, 0x22, 0x2c, 0xff, 0xe1, 0x23, 0xfa, 0x01, 0x2c, 0xff, 0x81, 0x23, 0xe1, 0xa0, 0x01, 0x0e, 0x00, 0x00, 0x00, 0x00, 0x00, 0x01, 
0x00, 0x00, 0x00, 0x00, 0x00, 0x00, 0x00, 0x00, 0x00, 0x00, 0x00, 0x00, 0x00, 0x00, 0x00, 0x00, 0x00, 0x00, 0x00, 0x00, 0x00, 0x00, 0x00, 0x00, 0xe0, 0x03, 0x02, 0x00, 0x00, 0x00, 0xa2, 0x2b, 0x9e, 0x22, 0x2c, 0xff, 
0x01, 0x2c, 0xfa, 0x01, 0x24, 0xfd, 0xc2, 0x2b, 0xff, 0x43, 0x33, 0x39, 0x00, 0x00, 0x00, 0xa0, 0x02, 0x03, 0x00, 0x00, 0x00, 0x00, 0x00, 0x00, 0xe0, 0xff, 0x01, 0x00, 0x00, 0x00, 0xe9, 0xd5, 0x17, 0x66, 0xdd, 0xe7, 
0x62, 0xed, 0xff, 0x42, 0xe5, 0xfc, 0x42, 0xe5, 0xfb, 0x84, 0xed, 0xff, 0x47, 0xd5, 0x62, 0x00, 0x00, 0x00, 0x00, 0x00, 0x00, 0x00, 0x00, 0x00, 0x00, 0x00, 0x00, 0x00, 0x00, 0x00, 0x00, 0x00, 0x00, 0x00, 0x00, 0x00, 
0x00, 0x00, 0x00, 0x00, 0x00, 0x00, 0x00, 0x00, 0x00, 0x00, 0x00, 0x00, 0x00, 0x00, 0x00, 0x00, 0x00, 0x00, 0x00, 0x00, 0x00, 0x00, 0x00, 0x00, 0x40, 0xad, 0x03, 0x4a, 0xfd, 0x03, 0xe0, 0xff, 0x01, 0x00, 0x00, 0x00, 
0x00, 0x00, 0x00, 0x00, 0x00, 0x00, 0x00, 0x00, 0x00, 0x00, 0x00, 0x00, 0x00, 0x00, 0x00, 0x00, 0x00, 0x00, 0x00, 0x00, 0x00, 0x00, 0x00, 0x00, 0x4a, 0xad, 0x03, 0x00, 0x00, 0x00, 0x88, 0xd5, 0x3e, 0x45, 0xdd, 0xff, 
0x42, 0xe5, 0xfe, 0x42, 0xe5, 0xfb, 0x63, 0xed, 0xff, 0x67, 0xdd, 0xce, 0xef, 0xff, 0x04, 0x00, 0x00, 0x00, 0xe0, 0xff, 0x01, 0x00, 0x00, 0x00, 0x00, 0x00, 0x00, 0x00, 0x00, 0x00, 0x00, 0x00, 0x00, 0x00, 0x00, 0x00, 
0x00, 0x00, 0x00, 0xe0, 0xfb, 0x02, 0x00, 0x00, 0x00, 0x46, 0xdd, 0xaa, 0x82, 0xf5, 0xff, 0x42, 0xed, 0xfb, 0x41, 0xed, 0xfb, 0xa4, 0xed, 0xff, 0x67, 0xd5, 0x6f, 0x00, 0x00, 0x00, 0x4a, 0xfd, 0x03, 0x00, 0x00, 0x00, 
0x00, 0x00, 0x00, 0x00, 0x00, 0x00, 0x00, 0x00, 0x00, 0x00, 0x00, 0x00, 0x00, 0x00, 0x00, 0x00, 0x00, 0x00, 0x00, 0x00, 0x00, 0x00, 0x00, 0x00, 0x00, 0x00, 0x00, 0x00, 0x00, 0x00, 0xef, 0xff, 0x02, 0x00, 0x00, 0x00, 
0x69, 0xd5, 0x33, 0x45, 0xdd, 0xfd, 0x41, 0xe5, 0xfe, 0x42, 0xe5, 0xfc, 0x62, 0xed, 0xff, 0x45, 0xdd, 0xdf, 0xea, 0xd5, 0x0c, 0x00, 0x00, 0x00, 0x00, 0x00, 0x00, 0x00, 0x00, 0x00, 0x00, 0x00, 0x00, 0x00, 0x00, 0x00, 
0x00, 0x00, 0x00, 0xa0, 0x02, 0x03, 0x00, 0x00, 0x00, 0x21, 0x23, 0x4c, 0xc2, 0x2b, 0xff, 0x01, 0x2c, 0xfd, 0xe1, 0x2b, 0xfe, 0xe1, 0x2b, 0xfe, 0xe1, 0x2b, 0xfe, 0xe1, 0x2b, 0xfe, 0xe1, 0x2b, 0xfe, 0x01, 0x2c, 0xfd, 
0xc2, 0x2b, 0xff, 0x61, 0x23, 0x44, 0x00, 0x00, 0x00, 0x00, 0x00, 0x00, 0x62, 0x23, 0xa9, 0x02, 0x2c, 0xff, 0x01, 0x24, 0xfb, 0xe1, 0x2b, 0xfe, 0xe1, 0x2b, 0xfe, 0xe1, 0x2b, 0xfe, 0xe1, 0x2b, 0xfe, 0xe1, 0x23, 0xfc, 
0x02, 0x2c, 0xfe, 0x82, 0x2b, 0xd2, 0xe0, 0x1a, 0x08, 0x00, 0x00, 0x01, 0x00, 0x00, 0x01, 0x00, 0x00, 0x00, 0x00, 0x00, 0x00, 0x00, 0x00, 0x00, 0xe0, 0x03, 0x02, 0x00, 0x00, 0x00, 0x42, 0x23, 0x3e, 0xc2, 0x2b, 0xfc, 
0x01, 0x2c, 0xfd, 0xe1, 0x2b, 0xfd, 0xe1, 0x2b, 0xfe, 0xe1, 0x2b, 0xfe, 0xe1, 0x2b, 0xfe, 0xe1, 0x2b, 0xfe, 0x01, 0x2c, 0xfc, 0xe2, 0x2b, 0xff, 0x42, 0x2b, 0x5a, 0x00, 0x00, 0x00, 0xa0, 0x02, 0x03, 0x00, 0x00, 0x00, 
0x00, 0x00, 0x00, 0x00, 0x00, 0x00, 0x00, 0x00, 0x00, 0x00, 0x00, 0x00, 0x00, 0x00, 0x00, 0x00, 0x00, 0x00, 0x00, 0x00, 0x00, 0x00, 0x00, 0x00, 0xa0, 0x02, 0x03, 0x00, 0x00, 0x00, 0x63, 0x2b, 0x41, 0xc2, 0x2b, 0xff, 
0x01, 0x2c, 0xfe, 0xe1, 0x2b, 0xfb, 0x21, 0x2c, 0xff, 0xa2, 0x2b, 0xc0, 0x00, 0x00, 0x00, 0x00, 0x00, 0x00, 0x00, 0x00, 0x00, 0x00, 0x00, 0x00, 0xa0, 0x02, 0x03, 0x00, 0x00, 0x00, 0x62, 0x2b, 0x92, 0x02, 0x2c, 0xff, 
0xe1, 0x23, 0xfa, 0x02, 0x2c, 0xff, 0xa2, 0x2b, 0xf2, 0xa2, 0x23, 0x23, 0x00, 0x00, 0x00, 0xe0, 0x03, 0x02, 0xe0, 0x03, 0x02, 0x00, 0x00, 0x00, 0x62, 0x23, 0x9f, 0x02, 0x2c, 0xff, 0x01, 0x2c, 0xf7, 0x02, 0x2c, 0xff, 
0x42, 0x2b, 0x7b, 0x00, 0x00, 0x00, 0xa0, 0x52, 0x03, 0x00, 0x00, 0x00, 0x00, 0x00, 0x01, 0x00, 0x00, 0x00, 0x00, 0x00, 0x02, 0x82, 0x23, 0xcc, 0x02, 0x2c, 0xff, 0xe1, 0x2b, 0xfb, 0x01, 0x2c, 0xff, 0xa2, 0x2b, 0xf9, 
0x62, 0x2b, 0x2f, 0x00, 0x00, 0x00, 0xe0, 0x03, 0x02, 0x00, 0x00, 0x00, 0x00, 0x00, 0x00, 0x00, 0x00, 0x00, 0xe0, 0x03, 0x02, 0x00, 0x00, 0x00, 0x43, 0x2b, 0x24, 0x83, 0x2b, 0xd0, 0x02, 0x2c, 0xff, 0x01, 0x2c, 0xff, 
0xe1, 0x2b, 0xfb, 0xe1, 0x2b, 0xfa, 0x01, 0x2c, 0xfa, 0x01, 0x2c, 0xfb, 0x01, 0x2c, 0xff, 0x02, 0x2c, 0xff, 0x22, 0x2c, 0xff, 0x02, 0x2c, 0xff, 0xe2, 0x2b, 0xff, 0xa2, 0x2b, 0xff, 0xa3, 0x2b, 0xe3, 0xa2, 0x2b, 0xb8, 
0xc4, 0x3b, 0x72, 0xc3, 0x33, 0x5f, 0xc2, 0x2b, 0xfb, 0x01, 0x2c, 0xff, 0x01, 0x24, 0xfa, 0x02, 0x2c, 0xff, 0xa2, 0x2b, 0xb0, 0x00, 0x00, 0x00, 0xe0, 0x03, 0x02, 0x00, 0x00, 0x00, 0x00, 0x00, 0x00, 0x00, 0x00, 0x01, 
0x00, 0x00, 0x00, 0x00, 0x00, 0x01, 0x82, 0x2b, 0xca, 0x22, 0x2c, 0xff, 0xe1, 0x23, 0xfa, 0x21, 0x2c, 0xff, 0x81, 0x23, 0xe1, 0xa0, 0x01, 0x0e, 0x00, 0x00, 0x00, 0x00, 0x00, 0x01, 0x00, 0x00, 0x00, 0x00, 0x00, 0x00, 
0x00, 0x00, 0x00, 0x00, 0x00, 0x00, 0x00, 0x00, 0x00, 0x00, 0x00, 0x00, 0x00, 0x00, 0x00, 0x00, 0x00, 0x00, 0xe0, 0x03, 0x02, 0x00, 0x00, 0x00, 0xa2, 0x2b, 0x9e, 0x22, 0x2c, 0xff, 0x01, 0x2c, 0xfa, 0x01, 0x24, 0xfd, 
0xc2, 0x2b, 0xff, 0x43, 0x33, 0x3a, 0x00, 0x00, 0x00, 0xa0, 0x02, 0x03, 0x00, 0x00, 0x00, 0x00, 0x00, 0x00, 0xe0, 0xff, 0x01, 0x00, 0x00, 0x00, 0xca, 0xdd, 0x16, 0x66, 0xdd, 0xe7, 0x62, 0xed, 0xff, 0x42, 0xe5, 0xfc, 
0x42, 0xe5, 0xfb, 0x84, 0xed, 0xff, 0x46, 0xdd, 0x6a, 0x40, 0xad, 0x03, 0x84, 0xb4, 0x07, 0x40, 0xad, 0x03, 0xe0, 0xff, 0x02, 0xe0, 0xff, 0x02, 0xe0, 0xff, 0x02, 0xe0, 0xff, 0x02, 0xe0, 0xff, 0x02, 0xe0, 0xff, 0x02, 
0xe0, 0xff, 0x02, 0xe0, 0xff, 0x02, 0xe0, 0xfb, 0x02, 0xe0, 0x7b, 0x02, 0xe0, 0xff, 0x01, 0x00, 0xf8, 0x01, 0x00, 0x00, 0x00, 0x00, 0x00, 0x00, 0x00, 0x00, 0x00, 0x00, 0x00, 0x00, 0x00, 0x00, 0x00, 0x00, 0x00, 0x00, 
0x00, 0x00, 0x00, 0x00, 0x00, 0x00, 0x00, 0x00, 0x00, 0x00, 0x00, 0x00, 0x00, 0x00, 0x00, 0x00, 0x00, 0x00, 0x4a, 0xad, 0x03, 0x00, 0x00, 0x00, 0x88, 0xdd, 0x3b, 0x45, 0xdd, 0xff, 0x42, 0xe5, 0xfe, 0x42, 0xe5, 0xfb, 
0x83, 0xed, 0xff, 0x87, 0xdd, 0xcf, 0xef, 0xff, 0x04, 0x00, 0x00, 0x00, 0xe0, 0xff, 0x01, 0x00, 0x00, 0x00, 0x00, 0x00, 0x00, 0x00, 0x00, 0x00, 0x00, 0x00, 0x00, 0x00, 0x00, 0x00, 0x00, 0x00, 0x00, 0xe0, 0xfb, 0x02, 
0x00, 0x00, 0x00, 0x46, 0xdd, 0xa9, 0x83, 0xf5, 0xff, 0x42, 0xe5, 0xfb, 0x41, 0xed, 0xfb, 0x84, 0xed, 0xff, 0x67, 0xd5, 0x73, 0x00, 0x00, 0x00, 0x4a, 0xfd, 0x03, 0x00, 0x00, 0x00, 0x00, 0x00, 0x00, 0x00, 0x00, 0x00, 
0x00, 0x00, 0x00, 0x00, 0x00, 0x00, 0x00, 0x00, 0x00, 0x00, 0x00, 0x00, 0x00, 0x00, 0x00, 0x00, 0x00, 0x00, 0x00, 0x00, 0x00, 0x00, 0x00, 0x00, 0xef, 0xff, 0x02, 0x00, 0x00, 0x00, 0x8a, 0xd5, 0x38, 0x45, 0xdd, 0xfe, 
0x42, 0xed, 0xfe, 0x42, 0xe5, 0xfc, 0x62, 0xed, 0xff, 0x45, 0xdd, 0xdc, 0xcb, 0xd5, 0x0b, 0x00, 0x00, 0x00, 0x00, 0x00, 0x00, 0x00, 0x00, 0x00, 0x00, 0x00, 0x00, 0x00, 0x00, 0x00, 0x00, 0x00, 0x00, 0xe0, 0x07, 0x01, 
0x00, 0x00, 0x02, 0x62, 0x23, 0xbe, 0x22, 0x2c, 0xff, 0xe1, 0x2b, 0xfb, 0xe1, 0x2b, 0xfe, 0xe1, 0x2b, 0xfe, 0xe1, 0x2b, 0xfe, 0xe1, 0x2b, 0xfe, 0xe1, 0x2b, 0xfb, 0x02, 0x2c, 0xff, 0x62, 0x2b, 0xbf, 0xa0, 0x02, 0x03, 
0x00, 0x00, 0x01, 0xe1, 0x22, 0x30, 0xa2, 0x2b, 0xf9, 0x01, 0x2c, 0xfe, 0xe1, 0x2b, 0xfd, 0xe1, 0x2b, 0xfe, 0xe1, 0x2b, 0xfe, 0xe1, 0x2b, 0xfe, 0xe1, 0x2b, 0xfe, 0x01, 0x24, 0xfb, 0x02, 0x2c, 0xff, 0x41, 0x23, 0x64, 
0x00, 0x00, 0x00, 0xe0, 0x03, 0x04, 0x00, 0x00, 0x00, 0x00, 0x00, 0x00, 0x00, 0x00, 0x00, 0x00, 0x00, 0x00, 0x00, 0x00, 0x00, 0xe0, 0x03, 0x02, 0x00, 0x00, 0x01, 0x62, 0x2b, 0xb9, 0x02, 0x2c, 0xff, 0x01, 0x24, 0xfb, 
0xe1, 0x2b, 0xfe, 0xe1, 0x2b, 0xfe, 0xe1, 0x2b, 0xfe, 0xe1, 0x2b, 0xfe, 0x01, 0x2c, 0xfb, 0x02, 0x2c, 0xff, 0x82, 0x2b, 0xcd, 0x20, 0x03, 0x05, 0x00, 0x00, 0x01, 0x00, 0x00, 0x00, 0x00, 0x00, 0x00, 0x00, 0x00, 0x00, 
0x00, 0x00, 0x00, 0x00, 0x00, 0x00, 0x00, 0x00, 0x00, 0x00, 0x00, 0x00, 0x00, 0x00, 0x00, 0x00, 0x00, 0x00, 0xa0, 0x02, 0x03, 0x00, 0x00, 0x00, 0x63, 0x2b, 0x41, 0xc2, 0x2b, 0xff, 0x01, 0x2c, 0xfe, 0xe1, 0x2b, 0xfb, 
0x21, 0x2c, 0xff, 0xa2, 0x2b, 0xc1, 0x00, 0x00, 0x00, 0x00, 0x00, 0x00, 0x00, 0x00, 0x00, 0x00, 0x00, 0x00, 0xa0, 0x02, 0x03, 0x00, 0x00, 0x00, 0x42, 0x2b, 0x47, 0xc2, 0x2b, 0xff, 0x01, 0x2c, 0xfd, 0x01, 0x24, 0xfb, 
0x02, 0x2c, 0xff, 0x42, 0x23, 0x66, 0x00, 0x00, 0x00, 0x20, 0x33, 0x05, 0x00, 0x00, 0x00, 0xe1, 0x2a, 0x13, 0x82, 0x23, 0xe6, 0x02, 0x2c, 0xff, 0x01, 0x2c, 0xfe, 0xa2, 0x2b, 0xf8, 0x22, 0x23, 0x2d, 0x00, 0x00, 0x00, 
0xe0, 0x03, 0x02, 0x00, 0x00, 0x00, 0x00, 0x00, 0x01, 0x00, 0x00, 0x00, 0x00, 0x00, 0x02, 0x82, 0x23, 0xcc, 0x02, 0x2c, 0xff, 0xe1, 0x2b, 0xfb, 0x01, 0x2c, 0xff, 0xa2, 0x2b, 0xf9, 0x42, 0x2b, 0x30, 0x00, 0x00, 0x00, 
0xe0, 0x03, 0x02, 0x00, 0x00, 0x00, 0x00, 0x00, 0x00, 0x00, 0x00, 0x01, 0xe0, 0x07, 0x01, 0x43, 0x2b, 0x13, 0x82, 0x2b, 0xd6, 0x22, 0x2c, 0xff, 0x01, 0x24, 0xf9, 0xe1, 0x2b, 0xfd, 0xe1, 0x2b, 0xfc, 0x02, 0x2c, 0xff, 
0x02, 0x2c, 0xff, 0xe3, 0x2b, 0xff, 0xc3, 0x33, 0xf3, 0xa3, 0x2b, 0xda, 0x62, 0x23, 0xb7, 0xa3, 0x2b, 0x8c, 0x62, 0x2b, 0x66, 0x83, 0x33, 0x3d, 0x25, 0x34, 0x13, 0x00, 0x00, 0x00, 0x00, 0x00, 0x00, 0x83, 0x2b, 0x2d, 
0xc2, 0x2b, 0xfb, 0x01, 0x2c, 0xff, 0xe1, 0x23, 0xfa, 0x02, 0x2c, 0xff, 0xa2, 0x2b, 0xb0, 0x00, 0x00, 0x00, 0xe0, 0x03, 0x02, 0x00, 0x00, 0x00, 0x00, 0x00, 0x00, 0x00, 0x00, 0x01, 0x00, 0x00, 0x00, 0xe0, 0x07, 0x01, 
0xa2, 0x2b, 0xca, 0x22, 0x2c, 0xff, 0xe1, 0x23, 0xfa, 0x21, 0x2c, 0xff, 0x81, 0x23, 0xe1, 0xa0, 0x01, 0x0e, 0x00, 0x00, 0x00, 0x00, 0x00, 0x01, 0x00, 0x00, 0x00, 0x00, 0x00, 0x00, 0x00, 0x00, 0x00, 0x00, 0x00, 0x00, 
0x00, 0x00, 0x00, 0x00, 0x00, 0x00, 0x00, 0x00, 0x00, 0x00, 0x00, 0x00, 0xe0, 0x03, 0x02, 0x00, 0x00, 0x00, 0x82, 0x2b, 0x9f, 0x22, 0x2c, 0xff, 0x01, 0x2c, 0xfa, 0x01, 0x24, 0xfd, 0xc2, 0x2b, 0xff, 0x43, 0x33, 0x3a, 
0x00, 0x00, 0x00, 0xa0, 0x02, 0x03, 0x00, 0x00, 0x00, 0x00, 0x00, 0x00, 0xe0, 0xff, 0x01, 0x00, 0x00, 0x00, 0xca, 0xdd, 0x16, 0x66, 0xdd, 0xe7, 0x62, 0xed, 0xff, 0x42, 0xe5, 0xfc, 0x42, 0xe5, 0xfb, 0x84, 0xed, 0xff, 
0x66, 0xdd, 0x69, 0x00, 0x00, 0x00, 0xe7, 0xbb, 0x04, 0x00, 0x00, 0x00, 0x00, 0x00, 0x00, 0x00, 0x00, 0x00, 0x00, 0x00, 0x00, 0x00, 0x00, 0x00, 0x00, 0x00, 0x00, 0x00, 0x00, 0x00, 0x00, 0x00, 0x00, 0x00, 0x00, 0x00, 
0x00, 0x00, 0x00, 0x00, 0x00, 0x00, 0x00, 0x00, 0x00, 0x00, 0x00, 0x00, 0x00, 0x00, 0x00, 0x00, 0x00, 0x00, 0x00, 0x00, 0x00, 0x00, 0x00, 0x00, 0x00, 0x00, 0x00, 0x00, 0x00, 0x00, 0x00, 0x00, 0x00, 0x00, 0x00, 0x00, 
0x00, 0x00, 0x00, 0x00, 0x00, 0x00, 0x00, 0x00, 0x00, 0x00, 0x00, 0x00, 0x4a, 0xad, 0x03, 0x00, 0x00, 0x00, 0x68, 0xd5, 0x3b, 0x45, 0xdd, 0xff, 0x42, 0xe5, 0xfe, 0x42, 0xe5, 0xfb, 0x63, 0xed, 0xff, 0x87, 0xdd, 0xd1, 
0xf3, 0xff, 0x05, 0x00, 0x00, 0x00, 0xe0, 0xff, 0x01, 0x00, 0x00, 0x00, 0x00, 0x00, 0x00, 0x00, 0x00, 0x00, 0x00, 0x00, 0x00, 0x00, 0x00, 0x00, 0x00, 0x00, 0x00, 0x40, 0xad, 0x03, 0x00, 0x00, 0x00, 0x45, 0xdd, 0xa1, 
0x82, 0xf5, 0xff, 0x42, 0xed, 0xfb, 0x42, 0xed, 0xfb, 0x84, 0xed, 0xff, 0x67, 0xdd, 0x7e, 0x00, 0x00, 0x00, 0xe7, 0xbb, 0x04, 0x00, 0x00, 0x00, 0x00, 0x00, 0x00, 0x00, 0x00, 0x00, 0x00, 0x00, 0x00, 0x00, 0x00, 0x00, 
0x00, 0x00, 0x00, 0x00, 0x00, 0x00, 0x00, 0x00, 0x00, 0x00, 0x00, 0x00, 0x00, 0x00, 0x00, 0x00, 0x00, 0x00, 0x4a, 0xad, 0x03, 0x00, 0x00, 0x00, 0x69, 0xd5, 0x42, 0x65, 0xe5, 0xff, 0x41, 0xe5, 0xfd, 0x42, 0xe5, 0xfc, 
0x62, 0xed, 0xff, 0x46, 0xdd, 0xda, 0x0e, 0xff, 0x09, 0x00, 0x00, 0x00, 0x00, 0x00, 0x00, 0x00, 0x00, 0x00, 0x00, 0x00, 0x00, 0x00, 0x00, 0x00, 0xa0, 0x02, 0x03, 0x00, 0x00, 0x00, 0x42, 0x23, 0x46, 0xc2, 0x2b, 0xfe, 
0xe1, 0x2b, 0xfd, 0xe1, 0x2b, 0xfe, 0xe1, 0x2b, 0xfe, 0xe1, 0x2b, 0xfe, 0xe1, 0x2b, 0xfe, 0xe1, 0x2b, 0xfe, 0x01, 0x2c, 0xfd, 0xc2, 0x2b, 0xff, 0x21, 0x23, 0x4a, 0x00, 0x00, 0x00, 0x00, 0x00, 0x00, 0x62, 0x2b, 0x9e, 
0x02, 0x2c, 0xff, 0x01, 0x24, 0xfb, 0xe1, 0x2b, 0xfe, 0xe1, 0x2b, 0xfe, 0xe1, 0x2b, 0xfe, 0xe1, 0x2b, 0xfe, 0xe1, 0x2b, 0xfc, 0x02, 0x2c, 0xfe, 0x82, 0x2b, 0xdd, 0x60, 0x12, 0x0d, 0x00, 0x00, 0x01, 0x00, 0x00, 0x01, 
0x00, 0x00, 0x00, 0x00, 0x00, 0x00, 0x00, 0x00, 0x00, 0x00, 0x00, 0x00, 0x00, 0x00, 0x00, 0xa0, 0x02, 0x03, 0x00, 0x00, 0x00, 0x01, 0x23, 0x45, 0xc2, 0x2b, 0xff, 0x01, 0x2c, 0xfd, 0xe1, 0x2b, 0xfe, 0xe1, 0x2b, 0xfe, 
0xe1, 0x2b, 0xfe, 0xe1, 0x2b, 0xfe, 0xe1, 0x2b, 0xfe, 0x01, 0x2c, 0xfc, 0xe2, 0x2b, 0xff, 0x42, 0x2b, 0x4f, 0x00, 0x00, 0x00, 0x40, 0x55, 0x03, 0x00, 0x00, 0x00, 0x00, 0x00, 0x00, 0x00, 0x00, 0x00, 0x00, 0x00, 0x00, 
0x00, 0x00, 0x00, 0x00, 0x00, 0x00, 0x00, 0x00, 0x00, 0x00, 0x00, 0x00, 0xa0, 0x02, 0x03, 0x00, 0x00, 0x00, 0x63, 0x2b, 0x41, 0xc2, 0x2b, 0xff, 0x01, 0x2c, 0xfe, 0xe1, 0x2b, 0xfb, 0x21, 0x2c, 0xff, 0xa2, 0x2b, 0xc1, 
0x00, 0x00, 0x00, 0x00, 0x00, 0x00, 0x00, 0x00, 0x00, 0x00, 0x00, 0x00, 0x00, 0x00, 0x01, 0x00, 0x00, 0x00, 0x62, 0x23, 0x0e, 0xa2, 0x2b, 0xdd, 0x02, 0x2c, 0xff, 0x01, 0x24, 0xf9, 0x22, 0x2c, 0xff, 0x82, 0x2b, 0xb1, 
0x00, 0x00, 0x00, 0xe0, 0x3b, 0x04, 0x00, 0x00, 0x00, 0x22, 0x23, 0x4f, 0xc2, 0x2b, 0xff, 0x01, 0x2c, 0xfa, 0x02, 0x2c, 0xff, 0xa2, 0x2b, 0xcb, 0x26, 0x33, 0x05, 0x00, 0x00, 0x01, 0x00, 0x00, 0x01, 0x00, 0x00, 0x00, 
0x00, 0x00, 0x01, 0x00, 0x00, 0x00, 0x00, 0x00, 0x03, 0x62, 0x23, 0xcd, 0x02, 0x2c, 0xff, 0xe1, 0x2b, 0xfb, 0x01, 0x2c, 0xff, 0xa2, 0x2b, 0xf9, 0x62, 0x2b, 0x2f, 0x00, 0x00, 0x00, 0xe0, 0x03, 0x02, 0x00, 0x00, 0x00, 
0x00, 0x00, 0x00, 0xe0, 0x03, 0x02, 0x00, 0x00, 0x00, 0x62, 0x2b, 0x98, 0x02, 0x2c, 0xff, 0x01, 0x2c, 0xf9, 0xe1, 0x2b, 0xfe, 0x01, 0x2c, 0xfd, 0x02, 0x2c, 0xff, 0xa3, 0x2b, 0xeb, 0xa3, 0x2b, 0x96, 0x63, 0x2b, 0x52, 
0xa5, 0x33, 0x25, 0xc9, 0x4c, 0x0a, 0x00, 0x00, 0x00, 0x00, 0x00, 0x00, 0x00, 0x00, 0x00, 0x00, 0x00, 0x00, 0x00, 0x00, 0x00, 0x40, 0x05, 0x03, 0xa0, 0x52, 0x03, 0x82, 0x2b, 0x3b, 0xa2, 0x2b, 0xfe, 0x01, 0x2c, 0xff, 
0xe1, 0x2b, 0xfb, 0x02, 0x2c, 0xff, 0xa2, 0x2b, 0xb1, 0x00, 0x00, 0x00, 0xe0, 0x03, 0x02, 0x00, 0x00, 0x00, 0x00, 0x00, 0x00, 0x00, 0x00, 0x01, 0x00, 0x00, 0x00, 0xe0, 0x07, 0x01, 0x82, 0x2b, 0xcb, 0x22, 0x2c, 0xff, 
0xe1, 0x23, 0xfa, 0x21, 0x2c, 0xff, 0x81, 0x23, 0xe2, 0x80, 0x01, 0x0f, 0x00, 0x00, 0x00, 0x00, 0x00, 0x01, 0x00, 0x00, 0x00, 0x00, 0x00, 0x00, 0x00, 0x00, 0x00, 0x00, 0x00, 0x00, 0x00, 0x00, 0x00, 0x00, 0x00, 0x00, 
0x00, 0x00, 0x00, 0x00, 0x00, 0x00, 0xe0, 0x03, 0x02, 0x00, 0x00, 0x00, 0xa2, 0x2b, 0xa0, 0x22, 0x2c, 0xff, 0x01, 0x2c, 0xfa, 0x01, 0x24, 0xfd, 0xc2, 0x2b, 0xff, 0x43, 0x33, 0x3a, 0x00, 0x00, 0x00, 0xa0, 0x02, 0x03, 
0x00, 0x00, 0x00, 0x00, 0x00, 0x00, 0xe0, 0xff, 0x01, 0x00, 0x00, 0x00, 0xca, 0xdd, 0x16, 0x66, 0xdd, 0xe7, 0x62, 0xed, 0xff, 0x42, 0xe5, 0xfc, 0x42, 0xe5, 0xfb, 0x84, 0xed, 0xff, 0x66, 0xdd, 0x69, 0x00, 0x00, 0x00, 
0xe7, 0xbb, 0x04, 0x00, 0x00, 0x00, 0x00, 0x00, 0x00, 0x00, 0x00, 0x00, 0x00, 0x00, 0x00, 0x00, 0x00, 0x00, 0x00, 0x00, 0x00, 0x00, 0x00, 0x00, 0x00, 0x00, 0x00, 0x00, 0x00, 0x00, 0x00, 0x00, 0x00, 0x00, 0x00, 0x00, 
0x00, 0x00, 0x00, 0x00, 0x00, 0x00, 0x00, 0x00, 0x00, 0x00, 0x00, 0x00, 0x00, 0x00, 0x00, 0x00, 0x00, 0x00, 0x00, 0x00, 0x00, 0x00, 0x00, 0x00, 0x00, 0x00, 0x00, 0x00, 0x00, 0x00, 0x00, 0x00, 0x00, 0x00, 0x00, 0x00, 
0x00, 0x00, 0x00, 0x00, 0x00, 0x00, 0x4a, 0xad, 0x03, 0x00, 0x00, 0x00, 0x47, 0xd5, 0x3a, 0x45, 0xdd, 0xff, 0x42, 0xe5, 0xfe, 0x42, 0xe5, 0xfb, 0x63, 0xed, 0xff, 0x87, 0xdd, 0xd2, 0xf5, 0xff, 0x06, 0x00, 0x00, 0x00, 
0xe0, 0xff, 0x01, 0x00, 0x00, 0x00, 0x00, 0x00, 0x00, 0x00, 0x00, 0x00, 0x00, 0x00, 0x00, 0x00, 0x00, 0x00, 0x00, 0x00, 0x00, 0x40, 0xfd, 0x03, 0x00, 0x00, 0x00, 0x25, 0xdd, 0x8b, 0xa3, 0xf5, 0xff, 0x42, 0xe5, 0xfb, 
0x42, 0xed, 0xfb, 0x84, 0xf5, 0xff, 0x67, 0xdd, 0x93, 0x00, 0x00, 0x00, 0xe7, 0xbb, 0x04, 0x00, 0x00, 0x00, 0x00, 0x00, 0x00, 0x00, 0x00, 0x00, 0x00, 0x00, 0x00, 0x00, 0x00, 0x00, 0x00, 0x00, 0x00, 0x00, 0x00, 0x00, 
0x00, 0x00, 0x00, 0x00, 0x00, 0x00, 0x00, 0x00, 0x00, 0x00, 0x00, 0x00, 0x4a, 0xfd, 0x03, 0x00, 0x00, 0x00, 0x87, 0xdd, 0x58, 0x85, 0xe5, 0xff, 0x42, 0xe5, 0xfc, 0x42, 0xe5, 0xfc, 0x63, 0xed, 0xff, 0x45, 0xdd, 0xcb, 
0xff, 0xff, 0x02, 0x00, 0x00, 0x00, 0x00, 0x00, 0x00, 0x00, 0x00, 0x00, 0x00, 0x00, 0x00, 0x00, 0x00, 0x01, 0xe0, 0x03, 0x02, 0x00, 0x00, 0x00, 0x82, 0x2b, 0xb5, 0x02, 0x2c, 0xff, 0x01, 0x24, 0xfb, 0xe1, 0x2b, 0xfe, 
0xe1, 0x2b, 0xfe, 0xe1, 0x2b, 0xfe, 0xe1, 0x2b, 0xfe, 0xe1, 0x23, 0xfc, 0x02, 0x2c, 0xff, 0x62, 0x23, 0xc8, 0x20, 0x03, 0x05, 0x00, 0x00, 0x01, 0x02, 0x23, 0x27, 0xa2, 0x2b, 0xf3, 0x01, 0x2c, 0xfe, 0xe1, 0x2b, 0xfd, 
0xe1, 0x2b, 0xfe, 0xe1, 0x2b, 0xfe, 0xe1, 0x2b, 0xfe, 0xe1, 0x2b, 0xfe, 0x01, 0x24, 0xfb, 0x02, 0x2c, 0xff, 0x62, 0x2b, 0x74, 0x00, 0x00, 0x00, 0xa0, 0x02, 0x03, 0x00, 0x00, 0x00, 0x00, 0x00, 0x00, 0x00, 0x00, 0x00, 
0x00, 0x00, 0x00, 0x00, 0x00, 0x00, 0x00, 0x00, 0x00, 0x00, 0x00, 0x01, 0x00, 0x00, 0x02, 0x00, 0x00, 0x02, 0x62, 0x23, 0xc0, 0x02, 0x2c, 0xff, 0xe1, 0x2b, 0xfb, 0xe1, 0x2b, 0xfe, 0xe1, 0x2b, 0xfe, 0xe1, 0x2b, 0xfe, 
0xe1, 0x2b, 0xfe, 0x01, 0x24, 0xfb, 0x02, 0x2c, 0xff, 0x82, 0x2b, 0xbc, 0xe0, 0x07, 0x01, 0x00, 0x00, 0x02, 0x00, 0x00, 0x00, 0x00, 0x00, 0x00, 0x00, 0x00, 0x00, 0x00, 0x00, 0x00, 0x00, 0x00, 0x00, 0x00, 0x00, 0x00, 
0x00, 0x00, 0x00, 0x00, 0x00, 0x00, 0xa0, 0x02, 0x03, 0x00, 0x00, 0x00, 0x63, 0x2b, 0x41, 0xc2, 0x2b, 0xff, 0x01, 0x2c, 0xfe, 0xe1, 0x2b, 0xfb, 0x21, 0x2c, 0xff, 0xa2, 0x2b, 0xc1, 0x00, 0x00, 0x00, 0x00, 0x00, 0x00, 
0x00, 0x00, 0x00, 0x00, 0x00, 0x00, 0x00, 0x00, 0x00, 0xa0, 0x02, 0x03, 0x00, 0x00, 0x00, 0x62, 0x2b, 0x97, 0x02, 0x2c, 0xff, 0xe1, 0x2b, 0xfa, 0x01, 0x2c, 0xff, 0xa2, 0x2b, 0xef, 0x01, 0x1b, 0x1d, 0x00, 0x00, 0x00, 
0x00, 0x00, 0x00, 0x62, 0x23, 0xa0, 0x02, 0x2c, 0xff, 0x01, 0x24, 0xf7, 0x02, 0x2c, 0xff, 0x62, 0x23, 0x7f, 0x00, 0x00, 0x00, 0xa0, 0x02, 0x03, 0x00, 0x00, 0x00, 0x00, 0x00, 0x00, 0x00, 0x00, 0x01, 0x00, 0x00, 0x00, 
0x00, 0x00, 0x03, 0x62, 0x23, 0xcd, 0x02, 0x2c, 0xff, 0xe1, 0x2b, 0xfb, 0x01, 0x2c, 0xff, 0xa2, 0x2b, 0xf9, 0x62, 0x2b, 0x2f, 0x00, 0x00, 0x00, 0xe0, 0x03, 0x02, 0x00, 0x00, 0x00, 0xe0, 0x03, 0x02, 0x00, 0x00, 0x00, 
0x22, 0x23, 0x2d, 0xa2, 0x2b, 0xfa, 0x01, 0x2c, 0xfc, 0xe1, 0x2b, 0xfd, 0xe1, 0x23, 0xfc, 0x02, 0x2c, 0xff, 0xa2, 0x2b, 0xba, 0x63, 0x2b, 0x1e, 0x00, 0x00, 0x00, 0x00, 0x00, 0x00, 0x00, 0x00, 0x00, 0x00, 0x00, 0x00, 
0x00, 0x00, 0x01, 0x40, 0x55, 0x03, 0xa0, 0x52, 0x03, 0xa0, 0x02, 0x03, 0xe0, 0x07, 0x01, 0xa0, 0x02, 0x03, 0x00, 0x00, 0x00, 0x62, 0x2b, 0x43, 0xc2, 0x2b, 0xff, 0x01, 0x2c, 0xfd, 0x01, 0x24, 0xfb, 0x22, 0x2c, 0xff, 
0xc2, 0x2b, 0xb0, 0x00, 0x00, 0x00, 0xe0, 0x03, 0x02, 0x00, 0x00, 0x00, 0x00, 0x00, 0x00, 0x00, 0x00, 0x01, 0x00, 0x00, 0x00, 0xe0, 0x03, 0x02, 0x82, 0x2b, 0xcb, 0x22, 0x2c, 0xff, 0xe1, 0x23, 0xfa, 0x21, 0x2c, 0xff, 
0x81, 0x23, 0xe2, 0x80, 0x01, 0x0f, 0x00, 0x00, 0x00, 0x00, 0x00, 0x01, 0x00, 0x00, 0x00, 0x00, 0x00, 0x00, 0x00, 0x00, 0x00, 0x00, 0x00, 0x00, 0x00, 0x00, 0x00, 0x00, 0x00, 0x00, 0x00, 0x00, 0x00, 0x00, 0x00, 0x00, 
0xe0, 0x03, 0x02, 0x00, 0x00, 0x00, 0xa2, 0x2b, 0xa0, 0x22, 0x2c, 0xff, 0x01, 0x2c, 0xfa, 0x01, 0x24, 0xfd, 0xc2, 0x2b, 0xff, 0x43, 0x33, 0x3a, 0x00, 0x00, 0x00, 0xa0, 0x02, 0x03, 0x00, 0x00, 0x00, 0x00, 0x00, 0x00, 
0xe0, 0xff, 0x01, 0x00, 0x00, 0x00, 0xca, 0xdd, 0x16, 0x66, 0xdd, 0xe7, 0x62, 0xed, 0xff, 0x42, 0xe5, 0xfc, 0x42, 0xe5, 0xfb, 0x84, 0xed, 0xff, 0x66, 0xdd, 0x69, 0x00, 0x00, 0x00, 0xe7, 0xbb, 0x04, 0x00, 0x00, 0x00, 
0x00, 0x00, 0x00, 0x00, 0x00, 0x00, 0x00, 0x00, 0x00, 0x00, 0x00, 0x00, 0x00, 0x00, 0x00, 0x00, 0x00, 0x00, 0x00, 0x00, 0x00, 0x00, 0x00, 0x00, 0x00, 0x00, 0x00, 0x00, 0x00, 0x00, 0x00, 0x00, 0x00, 0x00, 0x00, 0x00, 
0x00, 0x00, 0x00, 0x00, 0x00, 0x00, 0x00, 0x00, 0x00, 0x00, 0x00, 0x00, 0x00, 0x00, 0x00, 0x00, 0x00, 0x00, 0x00, 0x00, 0x00, 0x00, 0x00, 0x00, 0x00, 0x00, 0x00, 0x00, 0x00, 0x00, 0x00, 0x00, 0x00, 0x00, 0x00, 0x00, 
0x4a, 0xad, 0x03, 0x00, 0x00, 0x00, 0x47, 0xd5, 0x3a, 0x45, 0xdd, 0xff, 0x42, 0xe5, 0xfe, 0x42, 0xe5, 0xfb, 0x63, 0xed, 0xff, 0x87, 0xdd, 0xd4, 0xf2, 0xff, 0x07, 0x00, 0x00, 0x00, 0xe0, 0xff, 0x01, 0x00, 0x00, 0x00, 
0x00, 0x00, 0x00, 0x00, 0x00, 0x00, 0x00, 0x00, 0x00, 0x00, 0x00, 0x00, 0x00, 0x00, 0x00, 0x4a, 0xfd, 0x03, 0x00, 0x00, 0x00, 0x45, 0xdd, 0x71, 0x83, 0xed, 0xff, 0x42, 0xe5, 0xfb, 0x42, 0xed, 0xfb, 0x83, 0xed, 0xff, 
0x67, 0xdd, 0xc2, 0xff, 0xff, 0x01, 0x00, 0x00, 0x01, 0x00, 0x00, 0x01, 0x00, 0x00, 0x00, 0x00, 0x00, 0x00, 0x00, 0x00, 0x00, 0x00, 0x00, 0x00, 0x00, 0x00, 0x00, 0x00, 0x00, 0x00, 0x00, 0x00, 0x00, 0x00, 0x00, 0x00, 
0x00, 0x00, 0x00, 0x00, 0x00, 0x00, 0xe7, 0xbb, 0x04, 0x00, 0x00, 0x01, 0x45, 0xdd, 0x74, 0x83, 0xed, 0xff, 0x42, 0xe5, 0xfb, 0x42, 0xe5, 0xfb, 0x83, 0xf5, 0xff, 0x25, 0xd5, 0xaf, 0x00, 0x00, 0x00, 0xe0, 0xfb, 0x02, 
0x00, 0x00, 0x00, 0x00, 0x00, 0x00, 0x00, 0x00, 0x00, 0xa0, 0x02, 0x03, 0x00, 0x00, 0x00, 0x01, 0x23, 0x3b, 0xa2, 0x2b, 0xfb, 0x02, 0x2c, 0xfd, 0xe1, 0x2b, 0xfd, 0xe1, 0x2b, 0xfe, 0xe1, 0x2b, 0xfe, 0xe1, 0x2b, 0xfe, 
0xe1, 0x2b, 0xfe, 0xe1, 0x2b, 0xfc, 0xe2, 0x2b, 0xff, 0x62, 0x2b, 0x5d, 0x00, 0x00, 0x00, 0x00, 0x00, 0x00, 0x41, 0x23, 0x93, 0x02, 0x2c, 0xff, 0xe1, 0x2b, 0xfb, 0xe1, 0x2b, 0xfe, 0xe1, 0x2b, 0xfe, 0xe1, 0x2b, 0xfe, 
0xe1, 0x2b, 0xfe, 0xe1, 0x2b, 0xfd, 0x01, 0x2c, 0xfe, 0xa2, 0x2b, 0xe4, 0x21, 0x23, 0x14, 0x00, 0x00, 0x01, 0xe0, 0x03, 0x02, 0x00, 0x00, 0x00, 0x00, 0x00, 0x00, 0x00, 0x00, 0x00, 0x00, 0x00, 0x00, 0x00, 0x00, 0x00, 
0x00, 0x00, 0x00, 0x00, 0x00, 0x00, 0xa0, 0x02, 0x03, 0x00, 0x00, 0x00, 0x41, 0x1b, 0x53, 0xc2, 0x2b, 0xff, 0x01, 0x2c, 0xfc, 0xe1, 0x2b, 0xfe, 0xe1, 0x2b, 0xfe, 0xe1, 0x2b, 0xfe, 0xe1, 0x2b, 0xfe, 0xe1, 0x23, 0xfd, 
0x01, 0x2c, 0xfd, 0xc2, 0x2b, 0xfc, 0x21, 0x23, 0x3d, 0x00, 0x00, 0x00, 0xa0, 0x02, 0x03, 0x00, 0x00, 0x00, 0x00, 0x00, 0x00, 0x00, 0x00, 0x00, 0x00, 0x00, 0x00, 0x00, 0x00, 0x00, 0x00, 0x00, 0x00, 0x00, 0x00, 0x00, 
0xa0, 0x02, 0x03, 0x00, 0x00, 0x00, 0x63, 0x2b, 0x42, 0xc2, 0x2b, 0xff, 0x01, 0x2c, 0xfe, 0xe1, 0x2b, 0xfb, 0x21, 0x2c, 0xff, 0xa2, 0x2b, 0xc1, 0x00, 0x00, 0x00, 0x00, 0x00, 0x00, 0x00, 0x00, 0x00, 0x00, 0x00, 0x00, 
0x00, 0x00, 0x00, 0xa0, 0x02, 0x03, 0x00, 0x00, 0x00, 0x42, 0x23, 0x48, 0xe2, 0x2b, 0xff, 0xe1, 0x2b, 0xfd, 0xe1, 0x2b, 0xfc, 0xe2, 0x2b, 0xff, 0x62, 0x23, 0x5c, 0x00, 0x00, 0x01, 0x60, 0x12, 0x17, 0x82, 0x2b, 0xe6, 
0x02, 0x2c, 0xff, 0x01, 0x2c, 0xfd, 0xa2, 0x2b, 0xf9, 0x02, 0x23, 0x2c, 0x00, 0x00, 0x00, 0xe0, 0x03, 0x02, 0x00, 0x00, 0x00, 0x00, 0x00, 0x00, 0x00, 0x00, 0x01, 0x00, 0x00, 0x00, 0xa0, 0x02, 0x03, 0x62, 0x23, 0xce, 
0x02, 0x2c, 0xff, 0x01, 0x2c, 0xfb, 0x01, 0x2c, 0xff, 0xa2, 0x2b, 0xf9, 0x62, 0x2b, 0x2f, 0x00, 0x00, 0x00, 0xe0, 0x03, 0x02, 0x00, 0x00, 0x00, 0xa0, 0x52, 0x03, 0x00, 0x00, 0x00, 0x62, 0x2b, 0x7f, 0x02, 0x2c, 0xff, 
0x01, 0x24, 0xfb, 0xe1, 0x2b, 0xfd, 0x02, 0x2c, 0xfe, 0xa2, 0x2b, 0xe0, 0xc1, 0x1a, 0x11, 0x00, 0x00, 0x00, 0xe0, 0x3b, 0x04, 0xa0, 0x52, 0x03, 0xe0, 0x03, 0x02, 0xe0, 0x07, 0x01, 0x00, 0x00, 0x00, 0x00, 0x00, 0x00, 
0x00, 0x00, 0x00, 0x00, 0x00, 0x00, 0x00, 0x00, 0x00, 0xa0, 0x52, 0x03, 0x00, 0x00, 0x00, 0x83, 0x33, 0x55, 0xe2, 0x2b, 0xff, 0xe1, 0x2b, 0xfc, 0x01, 0x24, 0xfb, 0x02, 0x2c, 0xff, 0xa2, 0x2b, 0xb6, 0x00, 0x00, 0x00, 
0xe0, 0x03, 0x02, 0x00, 0x00, 0x00, 0x00, 0x00, 0x00, 0x00, 0x00, 0x01, 0x00, 0x00, 0x00, 0xe0, 0x03, 0x02, 0x82, 0x2b, 0xcb, 0x22, 0x2c, 0xff, 0xe1, 0x23, 0xfa, 0x21, 0x2c, 0xff, 0x81, 0x23, 0xe2, 0x80, 0x01, 0x0f, 
0x00, 0x00, 0x00, 0x00, 0x00, 0x01, 0x00, 0x00, 0x00, 0x00, 0x00, 0x00, 0x00, 0x00, 0x00, 0x00, 0x00, 0x00, 0x00, 0x00, 0x00, 0x00, 0x00, 0x00, 0x00, 0x00, 0x00, 0x00, 0x00, 0x00, 0xe0, 0x03, 0x02, 0x00, 0x00, 0x00, 
0xa2, 0x2b, 0xa0, 0x22, 0x2c, 0xff, 0x01, 0x2c, 0xfa, 0x01, 0x24, 0xfd, 0xc2, 0x2b, 0xff, 0x23, 0x33, 0x3b, 0x00, 0x00, 0x00, 0xa0, 0x52, 0x03, 0x00, 0x00, 0x00, 0x00, 0x00, 0x00, 0xe0, 0xff, 0x01, 0x00, 0x00, 0x00, 
0xca, 0xdd, 0x16, 0x66, 0xdd, 0xe6, 0x62, 0xed, 0xff, 0x42, 0xe5, 0xfc, 0x42, 0xe5, 0xfb, 0x84, 0xed, 0xff, 0x66, 0xdd, 0x69, 0x00, 0x00, 0x00, 0xe7, 0xbb, 0x04, 0x00, 0x00, 0x00, 0x00, 0x00, 0x00, 0x00, 0x00, 0x00, 
0x00, 0x00, 0x00, 0x00, 0x00, 0x00, 0x00, 0x00, 0x00, 0x00, 0x00, 0x00, 0x00, 0x00, 0x00, 0x00, 0x00, 0x00, 0x00, 0x00, 0x00, 0x00, 0x00, 0x00, 0x00, 0x00, 0x00, 0x00, 0x00, 0x00, 0x00, 0x00, 0x00, 0x00, 0x00, 0x00, 
0x00, 0x00, 0x00, 0x00, 0x00, 0x00, 0x00, 0x00, 0x00, 0x00, 0x00, 0x00, 0x00, 0x00, 0x00, 0x00, 0x00, 0x00, 0x00, 0x00, 0x00, 0x00, 0x00, 0x00, 0x00, 0x00, 0x00, 0x00, 0x00, 0x00, 0x4a, 0xad, 0x03, 0x00, 0x00, 0x00, 
0x47, 0xd5, 0x3a, 0x45, 0xdd, 0xff, 0x42, 0xe5, 0xfe, 0x42, 0xe5, 0xfb, 0x63, 0xed, 0xff, 0x87, 0xdd, 0xd3, 0xf5, 0xff, 0x06, 0x00, 0x00, 0x00, 0xe0, 0xff, 0x01, 0x00, 0x00, 0x00, 0x00, 0x00, 0x00, 0x00, 0x00, 0x00, 
0x00, 0x00, 0x00, 0x00, 0x00, 0x00, 0x00, 0x00, 0x00, 0x4a, 0xfd, 0x03, 0x00, 0x00, 0x00, 0x46, 0xdd, 0x4c, 0x64, 0xe5, 0xff, 0x42, 0xe5, 0xfd, 0x42, 0xe5, 0xfc, 0x62, 0xed, 0xff, 0x45, 0xdd, 0xda, 0x2a, 0xe6, 0x09, 
0x00, 0x00, 0x00, 0xe0, 0xff, 0x01, 0x00, 0x00, 0x00, 0x00, 0x00, 0x00, 0x00, 0x00, 0x00, 0x00, 0x00, 0x00, 0x00, 0x00, 0x00, 0x00, 0x00, 0x00, 0x00, 0x00, 0x00, 0x00, 0x00, 0x00, 0x00, 0x00, 0x00, 0x00, 0x00, 0x00, 
0xe0, 0xfb, 0x02, 0x00, 0x00, 0x00, 0x25, 0xdd, 0xa4, 0x82, 0xf5, 0xff, 0x42, 0xed, 0xfa, 0x42, 0xed, 0xfa, 0x83, 0xed, 0xfe, 0x45, 0xdd, 0x83, 0x00, 0x00, 0x00, 0x4a, 0xfd, 0x03, 0x00, 0x00, 0x00, 0x00, 0x00, 0x00, 
0x00, 0x00, 0x00, 0xe0, 0x03, 0x02, 0x00, 0x00, 0x00, 0x62, 0x2b, 0xa9, 0x02, 0x2c, 0xff, 0xe1, 0x2b, 0xfb, 0xe1, 0x2b, 0xfe, 0xe1, 0x2b, 0xfe, 0xe1, 0x2b, 0xfe, 0xe1, 0x2b, 0xfe, 0xe1, 0x2b, 0xfc, 0x02, 0x2c, 0xfe, 
0x82, 0x2b, 0xd7, 0xe2, 0x2a, 0x0b, 0x00, 0x00, 0x01, 0xe1, 0x1a, 0x1e, 0xa2, 0x2b, 0xef, 0x02, 0x2c, 0xfe, 0xe1, 0x2b, 0xfd, 0xe1, 0x2b, 0xfe, 0xe1, 0x2b, 0xfe, 0xe1, 0x2b, 0xfe, 0xe1, 0x2b, 0xfe, 0xe1, 0x23, 0xfb, 
0x02, 0x2c, 0xff, 0x62, 0x2b, 0x81, 0x00, 0x00, 0x00, 0xa0, 0x02, 0x03, 0x00, 0x00, 0x00, 0x00, 0x00, 0x00, 0x00, 0x00, 0x00, 0x00, 0x00, 0x00, 0x00, 0x00, 0x00, 0x00, 0x00, 0x00, 0x00, 0x00, 0x00, 0x00, 0x00, 0x00, 
0x00, 0x00, 0x01, 0x00, 0x00, 0x01, 0x60, 0x23, 0x07, 0x82, 0x2b, 0xcf, 0x02, 0x2c, 0xff, 0xe1, 0x2b, 0xfc, 0xe1, 0x2b, 0xfe, 0xe1, 0x2b, 0xfe, 0xe1, 0x2b, 0xfe, 0xe1, 0x2b, 0xfe, 0x01, 0x24, 0xfb, 0x22, 0x2c, 0xff, 
0x62, 0x23, 0xb2, 0x00, 0x00, 0x00, 0xe0, 0x03, 0x02, 0x00, 0x00, 0x00, 0x00, 0x00, 0x00, 0x00, 0x00, 0x00, 0x00, 0x00, 0x00, 0x00, 0x00, 0x00, 0x00, 0x00, 0x00, 0x00, 0x00, 0x00, 0xa0, 0x02, 0x03, 0x00, 0x00, 0x00, 
0x63, 0x2b, 0x42, 0xc2, 0x2b, 0xff, 0x01, 0x2c, 0xfe, 0xe1, 0x2b, 0xfb, 0x21, 0x2c, 0xff, 0xa2, 0x2b, 0xc1, 0x00, 0x00, 0x00, 0x00, 0x00, 0x00, 0x00, 0x00, 0x00, 0x00, 0x00, 0x00, 0x00, 0x00, 0x00, 0x00, 0x00, 0x01, 
0x00, 0x00, 0x00, 0x02, 0x13, 0x0d, 0x82, 0x2b, 0xdf, 0x02, 0x2c, 0xff, 0x01, 0x2c, 0xf9, 0x02, 0x2c, 0xfe, 0x62, 0x23, 0xa5, 0x00, 0x00, 0x00, 0x42, 0x23, 0x51, 0xe2, 0x2b, 0xff, 0xe1, 0x2b, 0xfa, 0x22, 0x2c, 0xff, 
0x62, 0x23, 0xc0, 0x00, 0x00, 0x02, 0xe0, 0x07, 0x01, 0x00, 0x00, 0x00, 0x00, 0x00, 0x00, 0x00, 0x00, 0x00, 0x00, 0x00, 0x01, 0x00, 0x00, 0x00, 0xa0, 0x02, 0x03, 0x62, 0x23, 0xce, 0x02, 0x2c, 0xff, 0x01, 0x2c, 0xfb, 
0x01, 0x2c, 0xff, 0xa2, 0x2b, 0xf9, 0x62, 0x2b, 0x2f, 0x00, 0x00, 0x00, 0xe0, 0x03, 0x02, 0x00, 0x00, 0x00, 0xe0, 0x03, 0x02, 0x00, 0x00, 0x00, 0x62, 0x23, 0xae, 0x02, 0x2c, 0xff, 0x01, 0x2c, 0xfb, 0x01, 0x2c, 0xfb, 
0x02, 0x2c, 0xff, 0x61, 0x23, 0x83, 0x00, 0x00, 0x00, 0xe0, 0x3b, 0x04, 0x00, 0x00, 0x00, 0x00, 0x00, 0x00, 0x00, 0x00, 0x00, 0x00, 0x00, 0x00, 0x00, 0x00, 0x00, 0x00, 0x00, 0x00, 0x00, 0x00, 0x00, 0x00, 0x00, 0x00, 
0x00, 0x00, 0x00, 0xa0, 0x02, 0x03, 0x00, 0x00, 0x00, 0x62, 0x23, 0x83, 0x02, 0x2c, 0xff, 0x01, 0x2c, 0xfb, 0x01, 0x24, 0xfb, 0x02, 0x2c, 0xff, 0x82, 0x2b, 0xb7, 0x00, 0x00, 0x00, 0xe0, 0x03, 0x02, 0x00, 0x00, 0x00, 
0x00, 0x00, 0x00, 0x00, 0x00, 0x01, 0x00, 0x00, 0x00, 0xe0, 0x03, 0x02, 0x82, 0x2b, 0xcb, 0x22, 0x2c, 0xff, 0xe1, 0x23, 0xfa, 0x21, 0x2c, 0xff, 0x81, 0x23, 0xe1, 0x80, 0x01, 0x0f, 0x00, 0x00, 0x00, 0x00, 0x00, 0x01, 
0x00, 0x00, 0x00, 0x00, 0x00, 0x00, 0x00, 0x00, 0x00, 0x00, 0x00, 0x00, 0x00, 0x00, 0x00, 0x00, 0x00, 0x00, 0x00, 0x00, 0x00, 0x00, 0x00, 0x00, 0xe0, 0x03, 0x02, 0x00, 0x00, 0x00, 0xa2, 0x2b, 0xa0, 0x22, 0x2c, 0xff, 
0x01, 0x2c, 0xfa, 0x01, 0x24, 0xfd, 0xc2, 0x2b, 0xff, 0x23, 0x33, 0x3b, 0x00, 0x00, 0x00, 0xa0, 0x52, 0x03, 0x00, 0x00, 0x00, 0x00, 0x00, 0x00, 0xe0, 0xff, 0x01, 0x00, 0x00, 0x00, 0xca, 0xdd, 0x16, 0x66, 0xdd, 0xe6, 
0x62, 0xed, 0xff, 0x42, 0xe5, 0xfc, 0x42, 0xe5, 0xfb, 0x84, 0xed, 0xff, 0x66, 0xdd, 0x69, 0x00, 0x00, 0x00, 0xe7, 0xbb, 0x04, 0x00, 0x00, 0x00, 0x00, 0x00, 0x00, 0x00, 0x00, 0x00, 0x00, 0x00, 0x00, 0x00, 0x00, 0x00, 
0x00, 0x00, 0x00, 0x00, 0x00, 0x00, 0x00, 0x00, 0x00, 0x00, 0x00, 0x00, 0x00, 0x00, 0x00, 0x00, 0x00, 0x00, 0x00, 0x00, 0x00, 0x00, 0x00, 0x00, 0x00, 0x00, 0x00, 0x00, 0x00, 0x00, 0x00, 0x00, 0x00, 0x00, 0x00, 0x00, 
0x00, 0x00, 0x00, 0x00, 0x00, 0x00, 0x00, 0x00, 0x00, 0x00, 0x00, 0x00, 0x00, 0x00, 0x00, 0x00, 0x00, 0x00, 0x00, 0x00, 0x00, 0x00, 0x00, 0x00, 0x4a, 0xad, 0x03, 0x00, 0x00, 0x00, 0x47, 0xd5, 0x3a, 0x45, 0xdd, 0xff, 
0x42, 0xe5, 0xfe, 0x42, 0xe5, 0xfb, 0x63, 0xed, 0xff, 0x87, 0xdd, 0xd3, 0xf5, 0xff, 0x06, 0x00, 0x00, 0x00, 0xe0, 0xff, 0x01, 0x00, 0x00, 0x00, 0x00, 0x00, 0x00, 0x00, 0x00, 0x00, 0x00, 0x00, 0x00, 0x00, 0x00, 0x00, 
0x00, 0x00, 0x00, 0xe0, 0x7b, 0x02, 0x00, 0x00, 0x00, 0x47, 0xd5, 0x1e, 0x45, 0xdd, 0xed, 0x62, 0xed, 0xff, 0x42, 0xed, 0xfc, 0x41, 0xed, 0xfe, 0x64, 0xdd, 0xf9, 0x67, 0xdd, 0x35, 0xe0, 0xff, 0x01, 0x4a, 0xad, 0x03, 
0x00, 0x00, 0x00, 0x00, 0x00, 0x00, 0x00, 0x00, 0x00, 0x00, 0x00, 0x00, 0x00, 0x00, 0x00, 0x00, 0x00, 0x00, 0x00, 0x00, 0x00, 0x00, 0x00, 0x00, 0x00, 0x00, 0x00, 0xe0, 0xff, 0x01, 0xe0, 0xff, 0x01, 0x48, 0xc5, 0x12, 
0x46, 0xdd, 0xe3, 0x62, 0xed, 0xff, 0x42, 0xed, 0xfc, 0x42, 0xe5, 0xfd, 0x64, 0xe5, 0xff, 0x45, 0xdd, 0x50, 0x00, 0x00, 0x00, 0x4a, 0xfd, 0x03, 0x00, 0x00, 0x00, 0x00, 0x00, 0x00, 0xe0, 0x03, 0x02, 0x00, 0x00, 0x00, 
0x42, 0x23, 0x30, 0xc2, 0x2b, 0xf8, 0x01, 0x2c, 0xfe, 0xe1, 0x2b, 0xfd, 0xe1, 0x2b, 0xfe, 0xe1, 0x2b, 0xfe, 0xe1, 0x2b, 0xfe, 0xe1, 0x2b, 0xfe, 0x01, 0x2c, 0xfb, 0x02, 0x2c, 0xff, 0x62, 0x23, 0x6b, 0x00, 0x00, 0x00, 
0x00, 0x00, 0x00, 0x62, 0x23, 0x88, 0x02, 0x2c, 0xff, 0xe1, 0x23, 0xfb, 0xe1, 0x23, 0xfe, 0xe1, 0x2b, 0xfe, 0xe1, 0x2b, 0xfe, 0xe1, 0x2b, 0xfe, 0xe1, 0x2b, 0xfc, 0x02, 0x2c, 0xfe, 0x82, 0x2b, 0xe9, 0xe1, 0x12, 0x18, 
0x00, 0x00, 0x01, 0xe0, 0x03, 0x02, 0x00, 0x00, 0x00, 0x00, 0x00, 0x00, 0x00, 0x00, 0x00, 0x00, 0x00, 0x00, 0x00, 0x00, 0x00, 0x00, 0x00, 0x00, 0x00, 0x00, 0x00, 0x00, 0x00, 0x00, 0x00, 0x00, 0x00, 0xa0, 0x02, 0x03, 
0x00, 0x00, 0x00, 0x22, 0x23, 0x63, 0xe2, 0x2b, 0xff, 0x01, 0x2c, 0xfc, 0xe1, 0x2b, 0xfe, 0xe1, 0x2b, 0xfe, 0xe1, 0x2b, 0xfe, 0xe1, 0x2b, 0xfe, 0x01, 0x2c, 0xfd, 0x01, 0x2c, 0xfd, 0xc2, 0x2b, 0xfc, 0x42, 0x23, 0x3a, 
0x00, 0x00, 0x00, 0xe0, 0x03, 0x02, 0x00, 0x00, 0x00, 0x00, 0x00, 0x00, 0x00, 0x00, 0x00, 0x00, 0x00, 0x00, 0x00, 0x00, 0x00, 0x00, 0x00, 0x00, 0xa0, 0x02, 0x03, 0x00, 0x00, 0x00, 0x63, 0x2b, 0x42, 0xc2, 0x2b, 0xff, 
0x01, 0x2c, 0xfe, 0xe1, 0x2b, 0xfb, 0x21, 0x2c, 0xff, 0xa2, 0x2b, 0xc1, 0x00, 0x00, 0x00, 0x00, 0x00, 0x00, 0x00, 0x00, 0x00, 0x00, 0x00, 0x00, 0x00, 0x00, 0x00, 0x00, 0x00, 0x00, 0xa0, 0x02, 0x03, 0x00, 0x00, 0x00, 
0x62, 0x23, 0x98, 0x22, 0x2c, 0xff, 0x01, 0x24, 0xf9, 0x02, 0x2c, 0xff, 0x82, 0x2b, 0xe5, 0x83, 0x1b, 0x09, 0x62, 0x23, 0x97, 0x22, 0x2c, 0xff, 0x01, 0x2c, 0xf7, 0xe2, 0x2b, 0xff, 0x21, 0x1b, 0x70, 0x00, 0x00, 0x00, 
0xa0, 0x02, 0x03, 0x00, 0x00, 0x00, 0x00, 0x00, 0x00, 0x00, 0x00, 0x00, 0x00, 0x00, 0x01, 0x00, 0x00, 0x00, 0xa0, 0x02, 0x03, 0x62, 0x23, 0xce, 0x02, 0x2c, 0xff, 0x01, 0x2c, 0xfb, 0x01, 0x2c, 0xff, 0xa2, 0x2b, 0xf9, 
0x62, 0x2b, 0x2f, 0x00, 0x00, 0x00, 0xe0, 0x03, 0x02, 0x00, 0x00, 0x01, 0x00, 0x00, 0x00, 0x00, 0x00, 0x00, 0x82, 0x2b, 0xc1, 0x02, 0x2c, 0xff, 0x01, 0x2c, 0xfb, 0x01, 0x24, 0xfc, 0xe2, 0x2b, 0xff, 0x62, 0x2b, 0x5d, 
0x00, 0x00, 0x01, 0xa0, 0x52, 0x03, 0x00, 0x00, 0x00, 0x00, 0x00, 0x00, 0x00, 0x00, 0x00, 0x00, 0x00, 0x00, 0x00, 0x00, 0x00, 0x00, 0x00, 0x00, 0x00, 0x00, 0x00, 0x00, 0x00, 0x00, 0x00, 0x00, 0x01, 0xa0, 0x02, 0x03, 
0xe0, 0x01, 0x04, 0x62, 0x23, 0xcd, 0x22, 0x2c, 0xff, 0x01, 0x24, 0xfb, 0xe1, 0x23, 0xfb, 0x02, 0x2c, 0xff, 0xa2, 0x2b, 0xba, 0x00, 0x00, 0x00, 0xe0, 0x03, 0x02, 0x00, 0x00, 0x00, 0x00, 0x00, 0x00, 0x00, 0x00, 0x01, 
0x00, 0x00, 0x00, 0xe0, 0x03, 0x02, 0x82, 0x2b, 0xcb, 0x22, 0x2c, 0xff, 0xe1, 0x23, 0xfa, 0x21, 0x2c, 0xff, 0x81, 0x23, 0xe1, 0x80, 0x01, 0x0f, 0x00, 0x00, 0x00, 0x00, 0x00, 0x01, 0x00, 0x00, 0x00, 0x00, 0x00, 0x00, 
0x00, 0x00, 0x00, 0x00, 0x00, 0x00, 0x00, 0x00, 0x00, 0x00, 0x00, 0x00, 0x00, 0x00, 0x00, 0x00, 0x00, 0x00, 0xe0, 0x03, 0x02, 0x00, 0x00, 0x00, 0xa2, 0x2b, 0xa0, 0x22, 0x2c, 0xff, 0x01, 0x2c, 0xfa, 0x01, 0x24, 0xfd, 
0xc2, 0x2b, 0xff, 0x43, 0x33, 0x3a, 0x00, 0x00, 0x00, 0xa0, 0x02, 0x03, 0x00, 0x00, 0x00, 0x00, 0x00, 0x00, 0xe0, 0xff, 0x01, 0x00, 0x00, 0x00, 0xca, 0xd5, 0x16, 0x46, 0xdd, 0xe6, 0x62, 0xed, 0xff, 0x42, 0xe5, 0xfc, 
0x42, 0xe5, 0xfb, 0x84, 0xed, 0xff, 0x66, 0xdd, 0x69, 0x00, 0x00, 0x00, 0xe7, 0xbb, 0x04, 0x00, 0x00, 0x00, 0x00, 0x00, 0x00, 0x00, 0x00, 0x00, 0x00, 0x00, 0x00, 0x00, 0x00, 0x00, 0x00, 0x00, 0x00, 0x00, 0x00, 0x00, 
0x00, 0x00, 0x00, 0x00, 0x00, 0x00, 0x00, 0x00, 0x00, 0x00, 0x00, 0x00, 0x00, 0x00, 0x00, 0x00, 0x00, 0x00, 0x00, 0x00, 0x00, 0x00, 0x00, 0x00, 0x00, 0x00, 0x00, 0x00, 0x00, 0x00, 0x00, 0x00, 0x00, 0x00, 0x00, 0x00, 
0x00, 0x00, 0x00, 0x00, 0x00, 0x00, 0x00, 0x00, 0x00, 0x00, 0x00, 0x00, 0x00, 0x00, 0x00, 0x00, 0x00, 0x00, 0x4a, 0xad, 0x03, 0x00, 0x00, 0x00, 0x47, 0xd5, 0x3a, 0x45, 0xdd, 0xff, 0x42, 0xe5, 0xfe, 0x42, 0xe5, 0xfb, 
0x63, 0xed, 0xff, 0x87, 0xdd, 0xd3, 0xf5, 0xff, 0x06, 0x00, 0x00, 0x00, 0xe0, 0xff, 0x01, 0x00, 0x00, 0x00, 0x00, 0x00, 0x00, 0x00, 0x00, 0x00, 0x00, 0x00, 0x00, 0x00, 0x00, 0x00, 0x00, 0x00, 0x00, 0x00, 0x00, 0x01, 
0x00, 0x00, 0x01, 0x1f, 0x00, 0x01, 0x45, 0xdd, 0xc1, 0x83, 0xed, 0xfe, 0x42, 0xed, 0xfb, 0x41, 0xe5, 0xfb, 0xa3, 0xed, 0xff, 0x46, 0xdd, 0x94, 0x00, 0x00, 0x00, 0xe7, 0xbb, 0x04, 0x00, 0x00, 0x00, 0x00, 0x00, 0x00, 
0x00, 0x00, 0x00, 0x00, 0x00, 0x00, 0x00, 0x00, 0x00, 0x00, 0x00, 0x00, 0x00, 0x00, 0x00, 0x00, 0x00, 0x00, 0x00, 0x00, 0x00, 0xe7, 0xbd, 0x04, 0x00, 0x00, 0x00, 0x67, 0xdd, 0x60, 0x84, 0xed, 0xff, 0x42, 0xed, 0xfc, 
0x42, 0xe5, 0xfd, 0x62, 0xed, 0xff, 0x44, 0xdd, 0xec, 0x05, 0xd5, 0x1c, 0x00, 0x00, 0x00, 0xe0, 0xfb, 0x02, 0x00, 0x00, 0x00, 0x00, 0x00, 0x00, 0xe0, 0x03, 0x02, 0x00, 0x00, 0x00, 0x42, 0x23, 0x9c, 0x02, 0x2c, 0xff, 
0x01, 0x24, 0xfb, 0xe1, 0x2b, 0xfe, 0xe1, 0x2b, 0xfe, 0xe1, 0x2b, 0xfe, 0xe1, 0x2b, 0xfe, 0xe1, 0x2b, 0xfc, 0x02, 0x2c, 0xfe, 0x82, 0x23, 0xda, 0x20, 0x13, 0x0f, 0xe0, 0x07, 0x01, 0x21, 0x1b, 0x19, 0xa2, 0x2b, 0xe9, 
0x02, 0x2c, 0xfe, 0xe1, 0x23, 0xfd, 0xe1, 0x2b, 0xfe, 0xe1, 0x2b, 0xfe, 0xe1, 0x2b, 0xfe, 0xe1, 0x2b, 0xfe, 0x01, 0x24, 0xfb, 0x02, 0x2c, 0xff, 0x41, 0x23, 0x83, 0x00, 0x00, 0x00, 0xa0, 0x02, 0x03, 0x00, 0x00, 0x00, 
0x00, 0x00, 0x00, 0x00, 0x00, 0x00, 0x00, 0x00, 0x00, 0x00, 0x00, 0x00, 0x00, 0x00, 0x00, 0x00, 0x00, 0x00, 0x00, 0x00, 0x00, 0x00, 0x00, 0x00, 0x00, 0x00, 0x00, 0x00, 0x00, 0x01, 0x00, 0x00, 0x01, 0x60, 0x1a, 0x0a, 
0x62, 0x23, 0xd5, 0x02, 0x2c, 0xfe, 0xe1, 0x23, 0xfc, 0xe1, 0x2b, 0xfe, 0xe1, 0x2b, 0xfe, 0xe1, 0x2b, 0xfe, 0xe1, 0x2b, 0xfe, 0xe1, 0x2b, 0xfb, 0x02, 0x2c, 0xff, 0x62, 0x23, 0xa7, 0x00, 0x00, 0x00, 0xe0, 0x03, 0x02, 
0x00, 0x00, 0x00, 0x00, 0x00, 0x00, 0x00, 0x00, 0x00, 0x00, 0x00, 0x00, 0x00, 0x00, 0x00, 0x00, 0x00, 0x00, 0xa0, 0x02, 0x03, 0x00, 0x00, 0x00, 0x63, 0x2b, 0x41, 0xc2, 0x2b, 0xff, 0x01, 0x2c, 0xfe, 0xe1, 0x2b, 0xfb, 
0x21, 0x2c, 0xff, 0xa2, 0x2b, 0xc1, 0x00, 0x00, 0x00, 0x00, 0x00, 0x00, 0x00, 0x00, 0x00, 0x00, 0x00, 0x00, 0x00, 0x00, 0x00, 0x00, 0x00, 0x00, 0xa0, 0x02, 0x03, 0x00, 0x00, 0x01, 0x21, 0x1b, 0x4a, 0xc2, 0x2b, 0xff, 
0x01, 0x2c, 0xfd, 0x01, 0x2c, 0xfc, 0xe2, 0x2b, 0xff, 0x01, 0x1b, 0x55, 0x82, 0x2b, 0xcb, 0x02, 0x2c, 0xff, 0x01, 0x2c, 0xfd, 0xa2, 0x2b, 0xf8, 0x42, 0x23, 0x2c, 0x00, 0x00, 0x00, 0xe0, 0x03, 0x02, 0x00, 0x00, 0x00, 
0x00, 0x00, 0x00, 0x00, 0x00, 0x00, 0x00, 0x00, 0x01, 0x00, 0x00, 0x00, 0x00, 0x00, 0x03, 0x62, 0x23, 0xcd, 0x02, 0x2c, 0xff, 0xe1, 0x2b, 0xfb, 0x01, 0x2c, 0xff, 0xa2, 0x2b, 0xf9, 0x62, 0x2b, 0x2f, 0x00, 0x00, 0x00, 
0xe0, 0x03, 0x02, 0x00, 0x00, 0x01, 0x00, 0x00, 0x00, 0x00, 0x00, 0x00, 0x82, 0x2b, 0xc0, 0x01, 0x2c, 0xff, 0x01, 0x2c, 0xfb, 0x01, 0x2c, 0xfb, 0x02, 0x2c, 0xff, 0x62, 0x2b, 0x67, 0xe0, 0x07, 0x01, 0xa0, 0x52, 0x03, 
0x00, 0x00, 0x00, 0x00, 0x00, 0x00, 0x00, 0x00, 0x00, 0x00, 0x00, 0x00, 0x00, 0x00, 0x00, 0x00, 0x00, 0x00, 0x00, 0x00, 0x00, 0x00, 0x00, 0x00, 0x20, 0x03, 0x05, 0x00, 0x00, 0x00, 0x22, 0x23, 0x5f, 0xe2, 0x2b, 0xff, 
0xe1, 0x2b, 0xfc, 0xe1, 0x2b, 0xfe, 0xe1, 0x2b, 0xfc, 0x02, 0x2c, 0xff, 0xa2, 0x2b, 0xc4, 0x00, 0x00, 0x00, 0x00, 0x00, 0x00, 0x00, 0x00, 0x00, 0x00, 0x00, 0x00, 0x00, 0x00, 0x01, 0x00, 0x00, 0x00, 0xe0, 0x03, 0x02, 
0x82, 0x2b, 0xcb, 0x22, 0x2c, 0xff, 0xe1, 0x23, 0xfa, 0x21, 0x2c, 0xff, 0x81, 0x23, 0xe1, 0x80, 0x01, 0x0f, 0x00, 0x00, 0x00, 0x00, 0x00, 0x01, 0x00, 0x00, 0x00, 0x00, 0x00, 0x00, 0x00, 0x00, 0x00, 0x00, 0x00, 0x00, 
0x00, 0x00, 0x00, 0x00, 0x00, 0x00, 0x00, 0x00, 0x00, 0x00, 0x00, 0x00, 0xe0, 0x03, 0x02, 0x00, 0x00, 0x00, 0x82, 0x2b, 0x9f, 0x22, 0x2c, 0xff, 0x01, 0x2c, 0xfa, 0x01, 0x2c, 0xfd, 0xc2, 0x2b, 0xff, 0x43, 0x33, 0x3a, 
0x00, 0x00, 0x00, 0xa0, 0x02, 0x03, 0x00, 0x00, 0x00, 0x00, 0x00, 0x00, 0xe0, 0xff, 0x01, 0x00, 0x00, 0x00, 0x0a, 0xde, 0x15, 0x46, 0xdd, 0xe6, 0x62, 0xed, 0xff, 0x42, 0xe5, 0xfc, 0x42, 0xe5, 0xfb, 0x84, 0xed, 0xff, 
0x66, 0xdd, 0x69, 0x00, 0x00, 0x00, 0xe7, 0xbb, 0x04, 0x00, 0x00, 0x00, 0x00, 0x00, 0x00, 0x00, 0x00, 0x00, 0x00, 0x00, 0x00, 0x00, 0x00, 0x00, 0x00, 0x00, 0x00, 0x00, 0x00, 0x00, 0x00, 0x00, 0x00, 0x00, 0x00, 0x00, 
0x00, 0x00, 0x00, 0x00, 0x00, 0x00, 0x00, 0x00, 0x00, 0x00, 0x00, 0x00, 0x00, 0x00, 0x00, 0x00, 0x00, 0x00, 0x00, 0x00, 0x00, 0x00, 0x00, 0x00, 0x00, 0x00, 0x00, 0x00, 0x00, 0x00, 0x00, 0x00, 0x00, 0x00, 0x00, 0x00, 
0x00, 0x00, 0x00, 0x00, 0x00, 0x00, 0x00, 0x00, 0x00, 0x00, 0x00, 0x00, 0x4a, 0xad, 0x03, 0x00, 0x00, 0x00, 0x67, 0xd5, 0x39, 0x45, 0xdd, 0xff, 0x42, 0xe5, 0xfe, 0x42, 0xe5, 0xfb, 0x63, 0xed, 0xff, 0x87, 0xdd, 0xd3, 
0xf5, 0xff, 0x06, 0x00, 0x00, 0x00, 0xe0, 0xff, 0x01, 0x00, 0x00, 0x00, 0x00, 0x00, 0x00, 0x00, 0x00, 0x00, 0x00, 0x00, 0x00, 0x00, 0x00, 0x00, 0x00, 0x00, 0x00, 0x00, 0x00, 0x00, 0x4a, 0xfd, 0x03, 0x00, 0x00, 0x00, 
0x47, 0xd5, 0x6f, 0x84, 0xed, 0xff, 0x41, 0xed, 0xfb, 0x42, 0xe5, 0xfd, 0x62, 0xed, 0xfd, 0x65, 0xdd, 0xf3, 0x67, 0xd5, 0x2f, 0x00, 0x00, 0x00, 0xc6, 0xcc, 0x05, 0x00, 0x00, 0x00, 0x00, 0x00, 0x00, 0x00, 0x00, 0x00, 
0x00, 0x00, 0x00, 0x00, 0x00, 0x00, 0x00, 0x00, 0x00, 0x00, 0x00, 0x00, 0xef, 0xff, 0x02, 0x00, 0x00, 0x00, 0x87, 0xed, 0x0d, 0x46, 0xdd, 0xd4, 0x62, 0xed, 0xfe, 0x42, 0xe5, 0xfc, 0x42, 0xe5, 0xfa, 0x83, 0xf5, 0xff, 
0x24, 0xdd, 0xaf, 0x00, 0x00, 0x00, 0xe0, 0x7b, 0x02, 0x00, 0x00, 0x00, 0x00, 0x00, 0x00, 0xe0, 0x03, 0x02, 0x00, 0x00, 0x01, 0xc0, 0x1a, 0x22, 0x82, 0x23, 0xf1, 0x02, 0x2c, 0xfe, 0xe1, 0x2b, 0xfd, 0xe1, 0x2b, 0xfe, 
0xe1, 0x2b, 0xfe, 0xe1, 0x2b, 0xfe, 0xe1, 0x2b, 0xfe, 0xe1, 0x2b, 0xfc, 0x02, 0x2c, 0xff, 0x41, 0x23, 0x71, 0x00, 0x00, 0x00, 0x00, 0x00, 0x00, 0x21, 0x23, 0x79, 0x02, 0x2c, 0xff, 0x01, 0x2c, 0xfb, 0xe1, 0x2b, 0xfe, 
0xe1, 0x2b, 0xfe, 0xe1, 0x2b, 0xfe, 0xe1, 0x2b, 0xfe, 0xe1, 0x2b, 0xfd, 0x01, 0x2c, 0xfe, 0xa2, 0x2b, 0xef, 0x41, 0x23, 0x1f, 0x00, 0x00, 0x01, 0xe0, 0x03, 0x02, 0x00, 0x00, 0x00, 0x00, 0x00, 0x00, 0x00, 0x00, 0x00, 
0x00, 0x00, 0x00, 0x00, 0x00, 0x00, 0x00, 0x00, 0x00, 0x00, 0x00, 0x00, 0x00, 0x00, 0x00, 0x00, 0x00, 0x00, 0x00, 0x00, 0x00, 0x00, 0x00, 0x00, 0xa0, 0x02, 0x03, 0x00, 0x00, 0x00, 0x22, 0x23, 0x6c, 0xe2, 0x2b, 0xff, 
0xe1, 0x23, 0xfc, 0xe1, 0x2b, 0xfe, 0xe1, 0x2b, 0xfe, 0xe1, 0x2b, 0xfe, 0xe1, 0x2b, 0xfe, 0xe1, 0x23, 0xfd, 0x01, 0x2c, 0xfd, 0xa2, 0x2b, 0xf6, 0x21, 0x1b, 0x2b, 0x00, 0x00, 0x01, 0xe0, 0x03, 0x02, 0x00, 0x00, 0x00, 
0x00, 0x00, 0x00, 0x00, 0x00, 0x00, 0x00, 0x00, 0x00, 0x00, 0x00, 0x00, 0xa0, 0x02, 0x03, 0x00, 0x00, 0x00, 0x63, 0x2b, 0x41, 0xc2, 0x2b, 0xff, 0x01, 0x2c, 0xfe, 0xe1, 0x2b, 0xfb, 0x21, 0x2c, 0xff, 0xa2, 0x2b, 0xc1, 
0x00, 0x00, 0x00, 0x00, 0x00, 0x00, 0x00, 0x00, 0x00, 0x00, 0x00, 0x00, 0x00, 0x00, 0x00, 0x00, 0x00, 0x00, 0xe0, 0x07, 0x01, 0x00, 0x00, 0x00, 0x22, 0x23, 0x0f, 0x82, 0x23, 0xe0, 0x01, 0x2c, 0xff, 0xe1, 0x2b, 0xfc, 
0xe2, 0x2b, 0xfe, 0xa1, 0x23, 0xd7, 0xc1, 0x23, 0xf5, 0x01, 0x2c, 0xfd, 0x02, 0x2c, 0xff, 0x82, 0x2b, 0xc3, 0xa0, 0x52, 0x03, 0x00, 0x00, 0x01, 0x00, 0x00, 0x01, 0x00, 0x00, 0x00, 0x00, 0x00, 0x00, 0x00, 0x00, 0x00, 
0x00, 0x00, 0x01, 0x00, 0x00, 0x00, 0x00, 0x00, 0x03, 0x62, 0x23, 0xcd, 0x02, 0x2c, 0xff, 0xe1, 0x2b, 0xfb, 0x01, 0x2c, 0xff, 0xa2, 0x2b, 0xf9, 0x62, 0x23, 0x2e, 0x00, 0x00, 0x00, 0xe0, 0x03, 0x02, 0x00, 0x00, 0x00, 
0xe0, 0x03, 0x02, 0x00, 0x00, 0x00, 0x62, 0x23, 0xa8, 0x22, 0x2c, 0xfe, 0x01, 0x2c, 0xfb, 0x01, 0x2c, 0xfb, 0x02, 0x2c, 0xff, 0x82, 0x2b, 0xab, 0x00, 0x00, 0x00, 0xe0, 0x3b, 0x04, 0xe0, 0x03, 0x02, 0x00, 0x00, 0x00, 
0x00, 0x00, 0x00, 0x00, 0x00, 0x00, 0x00, 0x00, 0x00, 0x00, 0x00, 0x01, 0xa0, 0x52, 0x03, 0xe0, 0x03, 0x02, 0x00, 0x00, 0x00, 0x42, 0x2b, 0x33, 0xa2, 0x2b, 0xea, 0x02, 0x2c, 0xfd, 0xe1, 0x23, 0xfd, 0xe1, 0x2b, 0xfe, 
0xe1, 0x2b, 0xfc, 0x01, 0x2c, 0xff, 0xc2, 0x2b, 0xcc, 0xe0, 0x01, 0x04, 0x00, 0x00, 0x00, 0x00, 0x00, 0x01, 0x00, 0x00, 0x00, 0x00, 0x00, 0x01, 0x00, 0x00, 0x00, 0xe0, 0x03, 0x02, 0x82, 0x2b, 0xcb, 0x22, 0x2c, 0xff, 
0xe1, 0x23, 0xfa, 0x21, 0x2c, 0xff, 0x81, 0x23, 0xe1, 0xa0, 0x01, 0x0e, 0x00, 0x00, 0x00, 0x00, 0x00, 0x01, 0x00, 0x00, 0x00, 0x00, 0x00, 0x00, 0x00, 0x00, 0x00, 0x00, 0x00, 0x00, 0x00, 0x00, 0x00, 0x00, 0x00, 0x00, 
0x00, 0x00, 0x00, 0x00, 0x00, 0x00, 0xe0, 0x03, 0x02, 0x00, 0x00, 0x00, 0x82, 0x2b, 0x9f, 0x22, 0x2c, 0xff, 0x01, 0x2c, 0xfa, 0x01, 0x2c, 0xfd, 0xc2, 0x2b, 0xff, 0x43, 0x33, 0x3a, 0x00, 0x00, 0x00, 0xa0, 0x02, 0x03, 
0x00, 0x00, 0x00, 0x00, 0x00, 0x00, 0xe0, 0xff, 0x01, 0x00, 0x00, 0x00, 0xaa, 0xdd, 0x15, 0x66, 0xdd, 0xe5, 0x62, 0xed, 0xff, 0x42, 0xe5, 0xfc, 0x42, 0xe5, 0xfb, 0x84, 0xed, 0xff, 0x46, 0xd5, 0x68, 0x00, 0x00, 0x00, 
0xe7, 0xbb, 0x04, 0x00, 0x00, 0x00, 0x00, 0x00, 0x00, 0x00, 0x00, 0x00, 0x00, 0x00, 0x00, 0x00, 0x00, 0x00, 0x00, 0x00, 0x00, 0x00, 0x00, 0x00, 0x00, 0x00, 0x00, 0x00, 0x00, 0x00, 0x00, 0x00, 0x00, 0x00, 0x00, 0x00, 
0x00, 0x00, 0x00, 0x00, 0x00, 0x00, 0x00, 0x00, 0x00, 0x00, 0x00, 0x00, 0x00, 0x00, 0x00, 0x00, 0x00, 0x00, 0x00, 0x00, 0x00, 0x00, 0x00, 0x00, 0x00, 0x00, 0x00, 0x00, 0x00, 0x00, 0x00, 0x00, 0x00, 0x00, 0x00, 0x00, 
0x00, 0x00, 0x00, 0x00, 0x00, 0x00, 0x4a, 0xad, 0x03, 0x00, 0x00, 0x00, 0x67, 0xd5, 0x39, 0x45, 0xdd, 0xff, 0x42, 0xe5, 0xfe, 0x42, 0xe5, 0xfb, 0x63, 0xed, 0xff, 0x87, 0xdd, 0xd2, 0xf5, 0xff, 0x06, 0x00, 0x00, 0x00, 
0xe0, 0xff, 0x01, 0x00, 0x00, 0x00, 0x00, 0x00, 0x00, 0x00, 0x00, 0x00, 0x00, 0x00, 0x00, 0x00, 0x00, 0x00, 0x00, 0x00, 0x00, 0x00, 0x00, 0x00, 0xe0, 0x7b, 0x02, 0x00, 0x00, 0x00, 0xaa, 0xd5, 0x19, 0x46, 0xdd, 0xef, 
0x62, 0xed, 0xfd, 0x42, 0xed, 0xfd, 0x22, 0xe5, 0xfc, 0x83, 0xed, 0xff, 0x46, 0xdd, 0xcc, 0x48, 0xcd, 0x0f, 0x00, 0x00, 0x00, 0xe7, 0xfd, 0x04, 0xef, 0xff, 0x02, 0xe0, 0xff, 0x01, 0xe0, 0xff, 0x01, 0xe0, 0xff, 0x01, 
0xef, 0xff, 0x02, 0xe7, 0xfd, 0x04, 0x00, 0x00, 0x00, 0xea, 0xff, 0x03, 0x66, 0xdd, 0xa4, 0x84, 0xed, 0xff, 0x42, 0xe5, 0xfc, 0x42, 0xe5, 0xfe, 0x42, 0xed, 0xfc, 0x64, 0xe5, 0xfe, 0x26, 0xd5, 0x44, 0x00, 0x00, 0x00, 
0x4a, 0xad, 0x03, 0x00, 0x00, 0x00, 0x00, 0x00, 0x00, 0xa0, 0x02, 0x03, 0x00, 0x00, 0x00, 0x42, 0x23, 0x8f, 0x22, 0x2c, 0xff, 0x01, 0x2c, 0xfb, 0xe1, 0x2b, 0xfe, 0xe1, 0x2b, 0xfe, 0xe1, 0x2b, 0xfe, 0xe1, 0x2b, 0xfe, 
0xe1, 0x2b, 0xfc, 0x02, 0x2c, 0xfe, 0x82, 0x2b, 0xe0, 0xa0, 0x1a, 0x12, 0xe0, 0x07, 0x01, 0xc0, 0x1a, 0x11, 0x82, 0x2b, 0xe2, 0x02, 0x2c, 0xfe, 0xe1, 0x2b, 0xfc, 0xe1, 0x2b, 0xfe, 0xe1, 0x2b, 0xfe, 0xe1, 0x2b, 0xfe, 
0xe1, 0x2b, 0xfe, 0x01, 0x24, 0xfb, 0x02, 0x2c, 0xff, 0x62, 0x23, 0x94, 0x00, 0x00, 0x00, 0xa0, 0x52, 0x03, 0x00, 0x00, 0x00, 0x00, 0x00, 0x00, 0x00, 0x00, 0x00, 0x00, 0x00, 0x00, 0x00, 0x00, 0x00, 0x00, 0x00, 0x00, 
0x00, 0x00, 0x00, 0x00, 0x00, 0x00, 0x00, 0x00, 0x00, 0x00, 0x00, 0x00, 0x00, 0x00, 0x00, 0x00, 0x00, 0x00, 0x00, 0x00, 0x01, 0x00, 0x00, 0x01, 0x41, 0x1b, 0x11, 0x82, 0x2b, 0xde, 0x02, 0x2c, 0xfe, 0xe1, 0x2b, 0xfc, 
0xe1, 0x2b, 0xfe, 0xe1, 0x2b, 0xfe, 0xe1, 0x2b, 0xfe, 0xe1, 0x2b, 0xfe, 0x01, 0x2c, 0xfb, 0x02, 0x2c, 0xff, 0x42, 0x23, 0x98, 0x00, 0x00, 0x00, 0xa0, 0x02, 0x03, 0x00, 0x00, 0x00, 0x00, 0x00, 0x00, 0x00, 0x00, 0x00, 
0x00, 0x00, 0x00, 0x00, 0x00, 0x00, 0xa0, 0x02, 0x03, 0x00, 0x00, 0x00, 0x63, 0x2b, 0x41, 0xc2, 0x2b, 0xff, 0x01, 0x2c, 0xfe, 0xe1, 0x2b, 0xfb, 0x21, 0x2c, 0xff, 0xa2, 0x2b, 0xc1, 0x00, 0x00, 0x00, 0x00, 0x00, 0x00, 
0x00, 0x00, 0x00, 0x00, 0x00, 0x00, 0x00, 0x00, 0x00, 0x00, 0x00, 0x00, 0x00, 0x00, 0x00, 0xe0, 0x03, 0x02, 0x00, 0x00, 0x00, 0x62, 0x23, 0x9f, 0x22, 0x2c, 0xff, 0x01, 0x2c, 0xfb, 0xe1, 0x2b, 0xfe, 0x01, 0x2c, 0xff, 
0x01, 0x2c, 0xff, 0x01, 0x24, 0xfb, 0x02, 0x2c, 0xff, 0x62, 0x2b, 0x77, 0x00, 0x00, 0x00, 0xa0, 0x52, 0x03, 0x00, 0x00, 0x00, 0x00, 0x00, 0x00, 0x00, 0x00, 0x00, 0x00, 0x00, 0x00, 0x00, 0x00, 0x01, 0x00, 0x00, 0x00, 
0x00, 0x00, 0x02, 0x82, 0x23, 0xcc, 0x02, 0x2c, 0xff, 0xe1, 0x2b, 0xfb, 0x01, 0x2c, 0xff, 0xa2, 0x2b, 0xf9, 0x62, 0x2b, 0x2f, 0x00, 0x00, 0x00, 0xe0, 0x03, 0x02, 0x00, 0x00, 0x00, 0xa0, 0x52, 0x03, 0x00, 0x00, 0x00, 
0x63, 0x2b, 0x79, 0x02, 0x2c, 0xff, 0x01, 0x24, 0xfb, 0xe1, 0x2b, 0xfe, 0x01, 0x2c, 0xfd, 0xc2, 0x2b, 0xfc, 0x63, 0x2b, 0x58, 0x00, 0x00, 0x00, 0x00, 0x00, 0x00, 0x00, 0x00, 0x01, 0x00, 0x00, 0x01, 0xe0, 0x03, 0x02, 
0x00, 0x00, 0x01, 0x00, 0x00, 0x00, 0x00, 0x00, 0x00, 0x00, 0x00, 0x00, 0x83, 0x2b, 0x52, 0xa2, 0x2b, 0xea, 0x02, 0x2c, 0xff, 0xe1, 0x23, 0xfa, 0xe1, 0x2b, 0xfd, 0xe1, 0x23, 0xfe, 0xe1, 0x2b, 0xfc, 0x02, 0x2c, 0xff, 
0xa2, 0x23, 0xd7, 0x20, 0x1b, 0x0a, 0x00, 0x00, 0x00, 0x00, 0x00, 0x01, 0x00, 0x00, 0x00, 0x00, 0x00, 0x01, 0x00, 0x00, 0x00, 0x00, 0x00, 0x01, 0x82, 0x2b, 0xc9, 0x22, 0x2c, 0xff, 0xe1, 0x23, 0xfa, 0x21, 0x2c, 0xff, 
0x81, 0x23, 0xe1, 0x80, 0x01, 0x0f, 0x00, 0x00, 0x00, 0x00, 0x00, 0x01, 0x00, 0x00, 0x00, 0x00, 0x00, 0x00, 0x00, 0x00, 0x00, 0x00, 0x00, 0x00, 0x00, 0x00, 0x00, 0x00, 0x00, 0x00, 0x00, 0x00, 0x00, 0x00, 0x00, 0x00, 
0xe0, 0x03, 0x02, 0x00, 0x00, 0x00, 0xa2, 0x2b, 0xa0, 0x21, 0x2c, 0xff, 0x01, 0x2c, 0xfa, 0x01, 0x2c, 0xfd, 0xc2, 0x2b, 0xff, 0x43, 0x33, 0x3a, 0x00, 0x00, 0x00, 0xa0, 0x02, 0x03, 0x00, 0x00, 0x00, 0x00, 0x00, 0x00, 
0xe0, 0xff, 0x01, 0x00, 0x00, 0x00, 0xca, 0xdd, 0x16, 0x66, 0xdd, 0xe7, 0x62, 0xed, 0xff, 0x42, 0xe5, 0xfc, 0x42, 0xe5, 0xfb, 0x84, 0xed, 0xff, 0x46, 0xdd, 0x67, 0x00, 0x00, 0x00, 0xe7, 0xbb, 0x04, 0x00, 0x00, 0x00, 
0x00, 0x00, 0x00, 0x00, 0x00, 0x00, 0x00, 0x00, 0x00, 0x00, 0x00, 0x00, 0x00, 0x00, 0x00, 0x00, 0x00, 0x00, 0x00, 0x00, 0x00, 0x00, 0x00, 0x00, 0x00, 0x00, 0x00, 0x00, 0x00, 0x00, 0x00, 0x00, 0x00, 0x00, 0x00, 0x00, 
0x00, 0x00, 0x00, 0x00, 0x00, 0x00, 0x00, 0x00, 0x00, 0x00, 0x00, 0x00, 0x00, 0x00, 0x00, 0x00, 0x00, 0x00, 0x00, 0x00, 0x00, 0x00, 0x00, 0x00, 0x00, 0x00, 0x00, 0x00, 0x00, 0x00, 0x00, 0x00, 0x00, 0x00, 0x00, 0x00, 
0x4a, 0xad, 0x03, 0x00, 0x00, 0x00, 0x68, 0xd5, 0x3b, 0x45, 0xdd, 0xff, 0x42, 0xe5, 0xfe, 0x42, 0xe5, 0xfb, 0x83, 0xed, 0xff, 0x67, 0xdd, 0xd0, 0xef, 0xff, 0x04, 0x00, 0x00, 0x00, 0xe0, 0xff, 0x01, 0x00, 0x00, 0x00, 
0x00, 0x00, 0x00, 0x00, 0x00, 0x00, 0x00, 0x00, 0x00, 0x00, 0x00, 0x00, 0x00, 0x00, 0x00, 0x00, 0x00, 0x00, 0x00, 0x00, 0x00, 0x4a, 0xad, 0x03, 0x00, 0x00, 0x00, 0x88, 0xdd, 0x80, 0xa5, 0xed, 0xff, 0x42, 0xed, 0xfa, 
0x42, 0xed, 0xfe, 0x42, 0xe5, 0xfc, 0x83, 0xed, 0xff, 0x46, 0xdd, 0xc6, 0x68, 0xdd, 0x30, 0x00, 0x00, 0x00, 0x00, 0x00, 0x00, 0x00, 0x00, 0x00, 0x00, 0x00, 0x00, 0x00, 0x00, 0x00, 0x00, 0x00, 0x00, 0x00, 0x00, 0x00, 
0xe9, 0xe5, 0x14, 0x66, 0xdd, 0xa8, 0x84, 0xed, 0xff, 0x42, 0xed, 0xfb, 0x42, 0xe5, 0xfe, 0x41, 0xed, 0xfa, 0xa3, 0xf5, 0xff, 0x25, 0xd5, 0xaa, 0x00, 0x00, 0x00, 0xef, 0x7b, 0x02, 0x00, 0x00, 0x00, 0x00, 0x00, 0x00, 
0xe0, 0x03, 0x02, 0x00, 0x00, 0x01, 0x42, 0x23, 0x1d, 0xa2, 0x2b, 0xed, 0x01, 0x2c, 0xfe, 0xe1, 0x2b, 0xfd, 0xe1, 0x2b, 0xfe, 0xe1, 0x2b, 0xfe, 0xe1, 0x2b, 0xfe, 0xe1, 0x2b, 0xfe, 0x01, 0x2c, 0xfb, 0x02, 0x2c, 0xff, 
0x21, 0x23, 0x7c, 0x00, 0x00, 0x00, 0x00, 0x00, 0x00, 0x42, 0x2b, 0x6e, 0x02, 0x2c, 0xff, 0xe1, 0x2b, 0xfc, 0xe1, 0x2b, 0xfe, 0xe1, 0x2b, 0xfe, 0xe1, 0x2b, 0xfe, 0xe1, 0x2b, 0xfe, 0xe1, 0x2b, 0xfd, 0x01, 0x2c, 0xfe, 
0xa2, 0x2b, 0xf5, 0x21, 0x1b, 0x28, 0x00, 0x00, 0x00, 0xe0, 0x03, 0x02, 0x00, 0x00, 0x00, 0x00, 0x00, 0x00, 0x00, 0x00, 0x00, 0x00, 0x00, 0x00, 0x00, 0x00, 0x00, 0x00, 0x00, 0x00, 0x00, 0x00, 0x00, 0x00, 0x00, 0x00, 
0x00, 0x00, 0x00, 0x00, 0x00, 0x00, 0x00, 0x00, 0x00, 0x00, 0x00, 0x00, 0x00, 0x00, 0x00, 0xa0, 0x52, 0x03, 0x00, 0x00, 0x00, 0x42, 0x23, 0x75, 0x02, 0x2c, 0xff, 0x01, 0x24, 0xfb, 0xe1, 0x2b, 0xfe, 0xe1, 0x2b, 0xfe, 
0xe1, 0x2b, 0xfe, 0xe1, 0x2b, 0xfe, 0xe1, 0x2b, 0xfd, 0x01, 0x2c, 0xfe, 0xa2, 0x2b, 0xf1, 0x20, 0x1b, 0x23, 0x00, 0x00, 0x01, 0xe0, 0x03, 0x02, 0x00, 0x00, 0x00, 0x00, 0x00, 0x00, 0x00, 0x00, 0x00, 0x00, 0x00, 0x00, 
0xa0, 0x02, 0x03, 0x00, 0x00, 0x00, 0x63, 0x2b, 0x41, 0xc2, 0x2b, 0xff, 0x01, 0x2c, 0xfe, 0xe1, 0x2b, 0xfb, 0x21, 0x2c, 0xff, 0xa2, 0x2b, 0xc1, 0x00, 0x00, 0x00, 0x00, 0x00, 0x00, 0x00, 0x00, 0x00, 0x00, 0x00, 0x00, 
0x00, 0x00, 0x00, 0x00, 0x00, 0x00, 0x00, 0x00, 0x00, 0xa0, 0x52, 0x03, 0x00, 0x00, 0x00, 0x22, 0x23, 0x4f, 0xc2, 0x2b, 0xff, 0x01, 0x2c, 0xfc, 0xe1, 0x2b, 0xfe, 0xe1, 0x2b, 0xfc, 0xe1, 0x2b, 0xfd, 0x01, 0x2c, 0xfe, 
0xa2, 0x2b, 0xfa, 0x42, 0x2b, 0x30, 0x00, 0x00, 0x00, 0xe0, 0x03, 0x02, 0x00, 0x00, 0x00, 0x00, 0x00, 0x00, 0x00, 0x00, 0x00, 0x00, 0x00, 0x00, 0x00, 0x00, 0x01, 0x00, 0x00, 0x00, 0x00, 0x00, 0x02, 0x82, 0x23, 0xcc, 
0x02, 0x2c, 0xff, 0xe1, 0x2b, 0xfb, 0x01, 0x2c, 0xff, 0xa2, 0x2b, 0xf9, 0x42, 0x2b, 0x30, 0x00, 0x00, 0x00, 0xe0, 0x03, 0x02, 0x00, 0x00, 0x00, 0xe0, 0x03, 0x02, 0x00, 0x00, 0x00, 0xe2, 0x22, 0x23, 0x82, 0x2b, 0xf4, 
0x01, 0x2c, 0xfc, 0xe1, 0x2b, 0xfd, 0x01, 0x2c, 0xfd, 0x01, 0x2c, 0xfe, 0xc3, 0x2b, 0xf9, 0xa4, 0x33, 0x83, 0xe6, 0x43, 0x1e, 0x00, 0x00, 0x00, 0x00, 0x00, 0x00, 0x00, 0x00, 0x00, 0x00, 0x00, 0x00, 0xe5, 0x3b, 0x10, 
0xc5, 0x3b, 0x48, 0xa3, 0x33, 0xb0, 0xc3, 0x2b, 0xff, 0x02, 0x2c, 0xff, 0x01, 0x24, 0xfa, 0x22, 0x2c, 0xff, 0x02, 0x2c, 0xff, 0xe1, 0x2b, 0xfe, 0xe1, 0x2b, 0xfd, 0x01, 0x2c, 0xff, 0xa2, 0x2b, 0xe5, 0x42, 0x2b, 0x16, 
0x00, 0x00, 0x00, 0xe0, 0x07, 0x01, 0x00, 0x00, 0x00, 0x00, 0x00, 0x01, 0x00, 0x00, 0x00, 0x00, 0x00, 0x01, 0x82, 0x2b, 0xc9, 0x22, 0x2c, 0xff, 0xe1, 0x23, 0xfa, 0x21, 0x2c, 0xff, 0x81, 0x23, 0xe1, 0xa0, 0x01, 0x0e, 
0x00, 0x00, 0x00, 0x00, 0x00, 0x01, 0x00, 0x00, 0x00, 0x00, 0x00, 0x00, 0x00, 0x00, 0x00, 0x00, 0x00, 0x00, 0x00, 0x00, 0x00, 0x00, 0x00, 0x00, 0x00, 0x00, 0x00, 0x00, 0x00, 0x00, 0xe0, 0x03, 0x02, 0x00, 0x00, 0x00, 
0x82, 0x2b, 0x9f, 0x22, 0x2c, 0xff, 0x01, 0x2c, 0xfa, 0x01, 0x24, 0xfd, 0xc2, 0x2b, 0xff, 0x43, 0x33, 0x3a, 0x00, 0x00, 0x00, 0xa0, 0x02, 0x03, 0x00, 0x00, 0x00, 0x00, 0x00, 0x00, 0xe0, 0xff, 0x01, 0x00, 0x00, 0x00, 
0x0a, 0xde, 0x15, 0x66, 0xdd, 0xe6, 0x62, 0xed, 0xff, 0x42, 0xe5, 0xfc, 0x42, 0xe5, 0xfb, 0x84, 0xed, 0xff, 0x46, 0xd5, 0x67, 0x00, 0x00, 0x00, 0xe7, 0xbb, 0x04, 0x00, 0x00, 0x00, 0x00, 0x00, 0x00, 0x00, 0x00, 0x00, 
0x00, 0x00, 0x00, 0x00, 0x00, 0x00, 0x00, 0x00, 0x00, 0x00, 0x00, 0x00, 0x00, 0x00, 0x00, 0x00, 0x00, 0x00, 0x00, 0x00, 0x00, 0x00, 0x00, 0x00, 0x00, 0x00, 0x00, 0x00, 0x00, 0x00, 0x00, 0x00, 0x00, 0x00, 0x00, 0x00, 
0x00, 0x00, 0x00, 0x00, 0x00, 0x00, 0x00, 0x00, 0x00, 0x00, 0x00, 0x00, 0x00, 0x00, 0x00, 0x00, 0x00, 0x00, 0x00, 0x00, 0x00, 0x00, 0x00, 0x00, 0x00, 0x00, 0x00, 0x00, 0x00, 0x00, 0x4a, 0xfd, 0x03, 0x00, 0x00, 0x00, 
0xa8, 0xdd, 0x44, 0x65, 0xdd, 0xff, 0x42, 0xe5, 0xfd, 0x42, 0xe5, 0xfb, 0x63, 0xed, 0xff, 0x67, 0xdd, 0xcc, 0xf5, 0xff, 0x03, 0x00, 0x00, 0x00, 0xe0, 0xff, 0x01, 0x00, 0x00, 0x00, 0x00, 0x00, 0x00, 0x00, 0x00, 0x00, 
0x00, 0x00, 0x00, 0x00, 0x00, 0x00, 0x00, 0x00, 0x00, 0x00, 0x00, 0x00, 0x00, 0x00, 0x00, 0x00, 0xf8, 0x01, 0xef, 0x7b, 0x02, 0xeb, 0xdd, 0x08, 0x46, 0xd5, 0xc1, 0x83, 0xed, 0xff, 0x42, 0xed, 0xfa, 0x42, 0xed, 0xfe, 
0x42, 0xed, 0xfc, 0x83, 0xed, 0xff, 0x65, 0xdd, 0xf3, 0x66, 0xdd, 0x8a, 0xa8, 0xdd, 0x38, 0xca, 0xdd, 0x16, 0x4d, 0xde, 0x0e, 0xcb, 0xe5, 0x13, 0xc9, 0xdd, 0x34, 0x67, 0xdd, 0x74, 0x46, 0xdd, 0xdc, 0x84, 0xed, 0xff, 
0x42, 0xed, 0xfb, 0x42, 0xe5, 0xfe, 0x42, 0xed, 0xfa, 0x63, 0xed, 0xff, 0x45, 0xdd, 0xe2, 0x66, 0xdd, 0x1c, 0xe0, 0xff, 0x01, 0xe0, 0xff, 0x01, 0x00, 0x00, 0x00, 0x00, 0x00, 0x00, 0xa0, 0x02, 0x03, 0x00, 0x00, 0x00, 
0x41, 0x23, 0x83, 0x02, 0x2c, 0xff, 0x01, 0x24, 0xfb, 0xe1, 0x2b, 0xfe, 0xe1, 0x2b, 0xfe, 0xe1, 0x2b, 0xfe, 0xe1, 0x2b, 0xfe, 0xe1, 0x2b, 0xfc, 0x01, 0x2c, 0xfe, 0x82, 0x2b, 0xea, 0x01, 0x1b, 0x1a, 0xe0, 0x07, 0x01, 
0xc0, 0x12, 0x0e, 0x62, 0x23, 0xdb, 0x02, 0x2c, 0xfe, 0xe1, 0x23, 0xfc, 0xe1, 0x2b, 0xfe, 0xe1, 0x2b, 0xfe, 0xe1, 0x23, 0xfe, 0xe1, 0x2b, 0xfe, 0xe1, 0x2b, 0xfb, 0x02, 0x2c, 0xff, 0x62, 0x23, 0x9d, 0x00, 0x00, 0x00, 
0xe0, 0x03, 0x02, 0x00, 0x00, 0x00, 0x00, 0x00, 0x00, 0x00, 0x00, 0x00, 0x00, 0x00, 0x00, 0x00, 0x00, 0x00, 0x00, 0x00, 0x00, 0x00, 0x00, 0x00, 0x00, 0x00, 0x00, 0x00, 0x00, 0x00, 0x00, 0x00, 0x00, 0x00, 0x00, 0x00, 
0x00, 0x00, 0x00, 0x00, 0x00, 0x00, 0x00, 0x00, 0x00, 0xe0, 0x03, 0x02, 0x00, 0x00, 0x01, 0x41, 0x23, 0x16, 0x82, 0x23, 0xe7, 0x02, 0x2c, 0xfe, 0xe1, 0x23, 0xfc, 0xe1, 0x2b, 0xfe, 0xe1, 0x2b, 0xfe, 0xe1, 0x2b, 0xfe, 
0xe1, 0x2b, 0xfe, 0xe1, 0x2b, 0xfb, 0x02, 0x2c, 0xff, 0x62, 0x23, 0x8d, 0x00, 0x00, 0x00, 0xe0, 0x03, 0x02, 0x00, 0x00, 0x00, 0x00, 0x00, 0x00, 0x00, 0x00, 0x00, 0x00, 0x00, 0x00, 0xa0, 0x02, 0x03, 0x00, 0x00, 0x00, 
0x63, 0x2b, 0x41, 0xc2, 0x2b, 0xff, 0x01, 0x2c, 0xfe, 0xe1, 0x2b, 0xfb, 0x21, 0x2c, 0xff, 0xa2, 0x2b, 0xc1, 0x00, 0x00, 0x00, 0x00, 0x00, 0x00, 0x00, 0x00, 0x00, 0x00, 0x00, 0x00, 0x00, 0x00, 0x00, 0x00, 0x00, 0x00, 
0x00, 0x00, 0x00, 0x00, 0x00, 0x01, 0x00, 0x00, 0x00, 0xe1, 0x1a, 0x13, 0x82, 0x2b, 0xe7, 0x02, 0x2c, 0xff, 0xe1, 0x2b, 0xfd, 0xe1, 0x2b, 0xfe, 0xe1, 0x2b, 0xfc, 0x22, 0x2c, 0xff, 0x62, 0x23, 0xc4, 0xe0, 0x7b, 0x02, 
0x00, 0x00, 0x01, 0x00, 0x00, 0x00, 0x00, 0x00, 0x00, 0x00, 0x00, 0x00, 0x00, 0x00, 0x00, 0x00, 0x00, 0x00, 0x00, 0x00, 0x01, 0x00, 0x00, 0x00, 0x00, 0x00, 0x02, 0x82, 0x23, 0xcc, 0x02, 0x2c, 0xff, 0xe1, 0x2b, 0xfb, 
0x01, 0x2c, 0xff, 0xa2, 0x2b, 0xfa, 0x62, 0x2b, 0x2f, 0x00, 0x00, 0x00, 0xe0, 0x03, 0x02, 0x00, 0x00, 0x00, 0x00, 0x00, 0x00, 0xe0, 0x03, 0x02, 0x00, 0x00, 0x00, 0x42, 0x2b, 0x87, 0x02, 0x34, 0xff, 0x01, 0x24, 0xf9, 
0xe1, 0x2b, 0xfe, 0x01, 0x2c, 0xfd, 0xe1, 0x2b, 0xff, 0x02, 0x2c, 0xff, 0xa3, 0x2b, 0xec, 0xe4, 0x33, 0xc1, 0xe4, 0x3b, 0xb3, 0xe4, 0x3b, 0xb0, 0xe4, 0x33, 0xbc, 0xa3, 0x2b, 0xe0, 0xc2, 0x2b, 0xff, 0x02, 0x2c, 0xff, 
0xe1, 0x2b, 0xfa, 0x01, 0x2c, 0xfc, 0x02, 0x2c, 0xff, 0xa2, 0x2b, 0xae, 0xe3, 0x33, 0xc6, 0x02, 0x2c, 0xff, 0xe1, 0x2b, 0xfc, 0xe1, 0x2b, 0xff, 0xa2, 0x2b, 0xf8, 0x62, 0x2b, 0x2c, 0x00, 0x00, 0x00, 0xe0, 0x03, 0x02, 
0x00, 0x00, 0x00, 0x00, 0x00, 0x01, 0x00, 0x00, 0x00, 0x00, 0x00, 0x00, 0x82, 0x23, 0xc8, 0x22, 0x2c, 0xff, 0xe1, 0x23, 0xfa, 0x22, 0x2c, 0xff, 0x81, 0x23, 0xe1, 0xa0, 0x01, 0x0e, 0x00, 0x00, 0x00, 0x00, 0x00, 0x01, 
0x00, 0x00, 0x00, 0x00, 0x00, 0x00, 0x00, 0x00, 0x00, 0x00, 0x00, 0x00, 0x00, 0x00, 0x00, 0x00, 0x00, 0x00, 0x00, 0x00, 0x00, 0x00, 0x00, 0x00, 0xe0, 0x03, 0x02, 0x00, 0x00, 0x00, 0x82, 0x2b, 0x9e, 0x02, 0x2c, 0xff, 
0xe1, 0x2b, 0xfa, 0x01, 0x2c, 0xfd, 0xc2, 0x2b, 0xff, 0x23, 0x33, 0x39, 0x00, 0x00, 0x00, 0xa0, 0x02, 0x03, 0x00, 0x00, 0x00, 0x00, 0x00, 0x00, 0xe0, 0xff, 0x01, 0x00, 0x00, 0x00, 0x89, 0xdd, 0x14, 0x66, 0xdd, 0xe4, 
0x62, 0xed, 0xff, 0x42, 0xe5, 0xfc, 0x42, 0xe5, 0xfb, 0x84, 0xed, 0xff, 0x46, 0xd5, 0x67, 0x00, 0x00, 0x00, 0xe7, 0xbb, 0x04, 0x00, 0x00, 0x00, 0x00, 0x00, 0x00, 0x00, 0x00, 0x00, 0x00, 0x00, 0x00, 0x00, 0x00, 0x00, 
0x00, 0x00, 0x00, 0x00, 0x00, 0x00, 0x00, 0x00, 0x00, 0x00, 0x00, 0x00, 0x00, 0x00, 0x00, 0x00, 0x00, 0x00, 0x00, 0x00, 0x00, 0x00, 0x00, 0x00, 0x00, 0x00, 0x00, 0x00, 0x00, 0x00, 0x00, 0x00, 0x00, 0x00, 0x00, 0x00, 
0x00, 0x00, 0x00, 0x00, 0x00, 0x00, 0x00, 0x00, 0x00, 0x00, 0x00, 0x00, 0x00, 0x00, 0x00, 0x00, 0x00, 0x00, 0x00, 0x00, 0x00, 0x00, 0x00, 0x00, 0x4a, 0xfd, 0x03, 0x00, 0x00, 0x00, 0xc9, 0xdd, 0x4d, 0x85, 0xe5, 0xff, 
0x42, 0xe5, 0xfd, 0x42, 0xed, 0xfb, 0x63, 0xed, 0xff, 0x67, 0xdd, 0xcb, 0xef, 0xff, 0x02, 0x00, 0x00, 0x00, 0x00, 0xf8, 0x01, 0x00, 0x00, 0x00, 0x00, 0x00, 0x00, 0x00, 0x00, 0x00, 0x00, 0x00, 0x00, 0x00, 0x00, 0x00, 
0x00, 0x00, 0x00, 0x00, 0x00, 0x00, 0x00, 0x00, 0x00, 0x00, 0x00, 0x00, 0xef, 0xfb, 0x02, 0x00, 0x00, 0x00, 0xa9, 0xdd, 0x1c, 0x66, 0xdd, 0xd7, 0x83, 0xed, 0xff, 0x41, 0xe5, 0xf9, 0x42, 0xe5, 0xfd, 0x42, 0xe5, 0xfc, 
0x42, 0xed, 0xff, 0xa3, 0xed, 0xff, 0x45, 0xdd, 0xff, 0x66, 0xdd, 0xe4, 0x66, 0xdd, 0xd7, 0x66, 0xdd, 0xde, 0x45, 0xdd, 0xfa, 0x84, 0xed, 0xff, 0x62, 0xed, 0xff, 0x42, 0xe5, 0xfb, 0x42, 0xe5, 0xfd, 0x42, 0xed, 0xfa, 
0x83, 0xed, 0xff, 0x65, 0xdd, 0xec, 0x06, 0xcd, 0x38, 0x00, 0x00, 0x00, 0xe0, 0xfb, 0x02, 0x00, 0x00, 0x00, 0x00, 0x00, 0x00, 0x00, 0x00, 0x00, 0x00, 0x00, 0x00, 0x00, 0x0b, 0x12, 0x82, 0x2b, 0xe5, 0x01, 0x2c, 0xfb, 
0xe1, 0x2b, 0xfa, 0x01, 0x2c, 0xfb, 0x01, 0x24, 0xfb, 0x01, 0x2c, 0xfb, 0x01, 0x2c, 0xfb, 0x01, 0x24, 0xf8, 0x02, 0x2c, 0xff, 0x62, 0x23, 0x8c, 0x00, 0x00, 0x00, 0x00, 0x00, 0x00, 0x21, 0x1b, 0x60, 0xe2, 0x2b, 0xff, 
0x01, 0x2c, 0xf9, 0x01, 0x24, 0xfb, 0x01, 0x24, 0xfb, 0x01, 0x24, 0xfb, 0x01, 0x24, 0xfb, 0xe1, 0x2b, 0xfa, 0x01, 0x2c, 0xfb, 0xa2, 0x2b, 0xf8, 0x41, 0x23, 0x30, 0x00, 0x00, 0x00, 0xe0, 0x03, 0x02, 0x00, 0x00, 0x00, 
0x00, 0x00, 0x00, 0x00, 0x00, 0x00, 0x00, 0x00, 0x00, 0x00, 0x00, 0x00, 0x00, 0x00, 0x00, 0x00, 0x00, 0x00, 0x00, 0x00, 0x00, 0x00, 0x00, 0x00, 0x00, 0x00, 0x00, 0x00, 0x00, 0x00, 0x00, 0x00, 0x00, 0x00, 0x00, 0x00, 
0x00, 0x00, 0x00, 0x00, 0x00, 0x00, 0xa0, 0x02, 0x03, 0x00, 0x00, 0x00, 0x62, 0x2b, 0x84, 0x02, 0x2c, 0xff, 0x01, 0x24, 0xf9, 0xe1, 0x2b, 0xfc, 0x01, 0x2c, 0xfb, 0x01, 0x2c, 0xfb, 0x01, 0x2c, 0xfb, 0x01, 0x2c, 0xfa, 
0x02, 0x2c, 0xfb, 0xa2, 0x2b, 0xe9, 0x20, 0x1b, 0x19, 0x00, 0x00, 0x00, 0xe0, 0x03, 0x02, 0x00, 0x00, 0x00, 0x00, 0x00, 0x00, 0x00, 0x00, 0x00, 0xa0, 0x02, 0x03, 0x00, 0x00, 0x00, 0x63, 0x33, 0x3f, 0xc2, 0x2b, 0xfc, 
0x01, 0x2c, 0xfb, 0xe1, 0x2b, 0xf8, 0x21, 0x2c, 0xfc, 0xa2, 0x2b, 0xbe, 0x00, 0x00, 0x00, 0x00, 0x00, 0x00, 0x00, 0x00, 0x00, 0x00, 0x00, 0x00, 0x00, 0x00, 0x00, 0x00, 0x00, 0x00, 0x00, 0x00, 0x00, 0x00, 0x00, 0x00, 
0xe0, 0x03, 0x02, 0x00, 0x00, 0x00, 0x62, 0x23, 0xa3, 0x22, 0x2c, 0xfd, 0x01, 0x2c, 0xf8, 0x01, 0x2c, 0xfb, 0x01, 0x2c, 0xf8, 0x02, 0x2c, 0xfe, 0x62, 0x2b, 0x79, 0x00, 0x00, 0x00, 0xa0, 0x52, 0x03, 0x00, 0x00, 0x00, 
0x00, 0x00, 0x00, 0x00, 0x00, 0x00, 0x00, 0x00, 0x00, 0x00, 0x00, 0x00, 0x00, 0x00, 0x01, 0x00, 0x00, 0x00, 0x00, 0x00, 0x02, 0x82, 0x23, 0xca, 0x22, 0x2c, 0xfc, 0x01, 0x2c, 0xf8, 0x01, 0x2c, 0xfc, 0xa2, 0x2b, 0xf6, 
0x62, 0x2b, 0x2e, 0x00, 0x00, 0x00, 0xe0, 0x03, 0x02, 0x00, 0x00, 0x00, 0x00, 0x00, 0x00, 0x00, 0x00, 0x01, 0xe0, 0x03, 0x02, 0xe3, 0x33, 0x0a, 0x83, 0x33, 0xbf, 0x22, 0x2c, 0xff, 0x01, 0x24, 0xfa, 0x01, 0x24, 0xfb, 
0xe1, 0x2b, 0xfc, 0x01, 0x2c, 0xfb, 0x01, 0x2c, 0xff, 0x01, 0x2c, 0xff, 0x02, 0x2c, 0xff, 0x02, 0x2c, 0xff, 0x01, 0x2c, 0xff, 0x01, 0x2c, 0xff, 0x01, 0x2c, 0xfa, 0x01, 0x24, 0xfa, 0x22, 0x2c, 0xff, 0xc2, 0x2b, 0xf9, 
0x62, 0x2b, 0x82, 0x00, 0x00, 0x00, 0x42, 0x2b, 0x7e, 0x02, 0x2c, 0xfd, 0xe1, 0x2b, 0xf8, 0x01, 0x24, 0xf9, 0xe2, 0x2b, 0xfd, 0x82, 0x2b, 0x5b, 0x00, 0x00, 0x00, 0xa0, 0x02, 0x03, 0x00, 0x00, 0x00, 0x00, 0x00, 0x01, 
0x00, 0x00, 0x00, 0x00, 0x00, 0x00, 0x82, 0x23, 0xc6, 0x21, 0x2c, 0xfd, 0xe1, 0x23, 0xf8, 0x21, 0x2c, 0xfc, 0x82, 0x2b, 0xdf, 0xa0, 0x01, 0x0e, 0x00, 0x00, 0x00, 0x00, 0x00, 0x01, 0x00, 0x00, 0x00, 0x00, 0x00, 0x00, 
0x00, 0x00, 0x00, 0x00, 0x00, 0x00, 0x00, 0x00, 0x00, 0x00, 0x00, 0x00, 0x00, 0x00, 0x00, 0x00, 0x00, 0x00, 0xe0, 0x03, 0x02, 0x00, 0x00, 0x00, 0x82, 0x2b, 0x9c, 0x22, 0x2c, 0xfd, 0xe1, 0x2b, 0xf8, 0x01, 0x24, 0xfa, 
0xc2, 0x2b, 0xfc, 0x23, 0x33, 0x39, 0x00, 0x00, 0x00, 0xa0, 0x02, 0x03, 0x00, 0x00, 0x00, 0x00, 0x00, 0x00, 0xe0, 0xff, 0x01, 0x00, 0x00, 0x00, 0xca, 0xd5, 0x12, 0x46, 0xdd, 0xe1, 0x62, 0xed, 0xfd, 0x42, 0xe5, 0xfa, 
0x41, 0xed, 0xf9, 0x83, 0xed, 0xfd, 0x66, 0xd5, 0x66, 0x00, 0x00, 0x00, 0xe7, 0xbb, 0x04, 0x00, 0x00, 0x00, 0x00, 0x00, 0x00, 0x00, 0x00, 0x00, 0x00, 0x00, 0x00, 0x00, 0x00, 0x00, 0x00, 0x00, 0x00, 0x00, 0x00, 0x00, 
0x00, 0x00, 0x00, 0x00, 0x00, 0x00, 0x00, 0x00, 0x00, 0x00, 0x00, 0x00, 0x00, 0x00, 0x00, 0x00, 0x00, 0x00, 0x00, 0x00, 0x00, 0x00, 0x00, 0x00, 0x00, 0x00, 0x00, 0x00, 0x00, 0x00, 0x00, 0x00, 0x00, 0x00, 0x00, 0x00, 
0x00, 0x00, 0x00, 0x00, 0x00, 0x00, 0x00, 0x00, 0x00, 0x00, 0x00, 0x00, 0x00, 0x00, 0x00, 0x00, 0x00, 0x00, 0x4a, 0xfd, 0x03, 0x00, 0x00, 0x00, 0xca, 0xdd, 0x4e, 0x65, 0xe5, 0xfd, 0x42, 0xed, 0xfa, 0x42, 0xed, 0xf9, 
0x63, 0xed, 0xfd, 0x67, 0xdd, 0xc5, 0xe0, 0xff, 0x01, 0x00, 0x00, 0x00, 0x00, 0xf8, 0x01, 0x00, 0x00, 0x00, 0x00, 0x00, 0x00, 0x00, 0x00, 0x00, 0x00, 0x00, 0x00, 0x00, 0x00, 0x00, 0x00, 0x00, 0x00, 0x00, 0x00, 0x00, 
0x00, 0x00, 0x00, 0x00, 0x00, 0x00, 0x00, 0x00, 0x00, 0xef, 0xff, 0x02, 0x00, 0x00, 0x00, 0x68, 0xdd, 0x1d, 0x66, 0xdd, 0xc4, 0xa4, 0xed, 0xff, 0x62, 0xed, 0xff, 0x42, 0xe5, 0xfb, 0x42, 0xed, 0xfb, 0x42, 0xed, 0xfa, 
0x42, 0xe5, 0xfe, 0x62, 0xed, 0xff, 0x62, 0xed, 0xff, 0x62, 0xed, 0xff, 0x42, 0xed, 0xff, 0x42, 0xed, 0xfa, 0x42, 0xed, 0xfa, 0x42, 0xe5, 0xfa, 0x42, 0xed, 0xff, 0xa4, 0xf5, 0xff, 0x66, 0xdd, 0xd4, 0x26, 0xcd, 0x34, 
0x00, 0x00, 0x00, 0x4a, 0xad, 0x03, 0x00, 0x00, 0x00, 0x00, 0x00, 0x00, 0x00, 0x00, 0x00, 0x00, 0x00, 0x00, 0x00, 0x00, 0x00, 0x23, 0x23, 0x83, 0x23, 0x34, 0xff, 0x02, 0x2c, 0xff, 0x02, 0x2c, 0xff, 0x02, 0x2c, 0xff, 
0x02, 0x2c, 0xff, 0x02, 0x2c, 0xff, 0x02, 0x2c, 0xff, 0x22, 0x2c, 0xff, 0x82, 0x2b, 0xf8, 0x21, 0x23, 0x23, 0x00, 0x00, 0x01, 0xa4, 0x22, 0x0f, 0x62, 0x2b, 0xdc, 0x22, 0x2c, 0xff, 0x02, 0x2c, 0xff, 0x02, 0x2c, 0xff, 
0x02, 0x2c, 0xff, 0x02, 0x2c, 0xff, 0x02, 0x2c, 0xff, 0x02, 0x2c, 0xff, 0x22, 0x2c, 0xff, 0x62, 0x2b, 0xaa, 0x00, 0x00, 0x00, 0xe0, 0x03, 0x02, 0x00, 0x00, 0x00, 0x00, 0x00, 0x00, 0x00, 0x00, 0x00, 0x00, 0x00, 0x00, 
0x00, 0x00, 0x00, 0x00, 0x00, 0x00, 0x00, 0x00, 0x00, 0x00, 0x00, 0x00, 0x00, 0x00, 0x00, 0x00, 0x00, 0x00, 0x00, 0x00, 0x00, 0x00, 0x00, 0x00, 0x00, 0x00, 0x00, 0x00, 0x00, 0x00, 0x00, 0x00, 0x00, 0x00, 0x00, 0x00, 
0xe0, 0x03, 0x02, 0x00, 0x00, 0x01, 0x02, 0x23, 0x1d, 0x82, 0x2b, 0xf2, 0x02, 0x2c, 0xff, 0x02, 0x2c, 0xff, 0x02, 0x2c, 0xff, 0x02, 0x2c, 0xff, 0x02, 0x2c, 0xff, 0x02, 0x2c, 0xff, 0x02, 0x2c, 0xff, 0x22, 0x34, 0xff, 
0x43, 0x2b, 0x91, 0x00, 0x00, 0x00, 0xa0, 0x02, 0x03, 0x00, 0x00, 0x00, 0x00, 0x00, 0x00, 0x00, 0x00, 0x00, 0xa0, 0x02, 0x03, 0x00, 0x00, 0x00, 0x63, 0x33, 0x44, 0xc3, 0x33, 0xff, 0x02, 0x2c, 0xff, 0x02, 0x2c, 0xff, 
0x22, 0x2c, 0xff, 0xa2, 0x2b, 0xcc, 0x00, 0x00, 0x00, 0x00, 0x00, 0x00, 0x00, 0x00, 0x00, 0x00, 0x00, 0x00, 0x00, 0x00, 0x00, 0x00, 0x00, 0x00, 0x00, 0x00, 0x00, 0x00, 0x00, 0x00, 0xa0, 0x02, 0x03, 0x00, 0x00, 0x00, 
0x42, 0x23, 0x53, 0xe2, 0x2b, 0xff, 0x02, 0x2c, 0xff, 0x02, 0x2c, 0xff, 0x02, 0x2c, 0xff, 0xa2, 0x2b, 0xfe, 0x62, 0x23, 0x2a, 0x00, 0x00, 0x00, 0xe0, 0x03, 0x02, 0x00, 0x00, 0x00, 0x00, 0x00, 0x00, 0x00, 0x00, 0x00, 
0x00, 0x00, 0x00, 0x00, 0x00, 0x00, 0x00, 0x00, 0x01, 0x00, 0x00, 0x00, 0x00, 0x00, 0x02, 0x62, 0x23, 0xd6, 0x22, 0x2c, 0xff, 0x02, 0x2c, 0xff, 0x22, 0x2c, 0xff, 0xa2, 0x2b, 0xff, 0x83, 0x2b, 0x32, 0x00, 0x00, 0x00, 
0xe0, 0x03, 0x02, 0x00, 0x00, 0x00, 0x00, 0x00, 0x00, 0x00, 0x00, 0x00, 0xe0, 0x07, 0x01, 0x00, 0x00, 0x00, 0x25, 0x4c, 0x11, 0xa4, 0x33, 0xa7, 0xe3, 0x33, 0xff, 0x02, 0x2c, 0xff, 0x01, 0x2c, 0xff, 0xe1, 0x23, 0xfd, 
0x01, 0x24, 0xfb, 0x01, 0x24, 0xf9, 0x01, 0x2c, 0xf8, 0x01, 0x24, 0xf9, 0x01, 0x2c, 0xfc, 0x01, 0x2c, 0xff, 0x02, 0x2c, 0xff, 0xe2, 0x2b, 0xff, 0xa3, 0x2b, 0xbe, 0x63, 0x2b, 0x3c, 0x00, 0x00, 0x00, 0x00, 0x00, 0x01, 
0x22, 0x23, 0x40, 0xc2, 0x2b, 0xff, 0x02, 0x2c, 0xff, 0x02, 0x2c, 0xff, 0x22, 0x2c, 0xff, 0x62, 0x2b, 0xbb, 0xa0, 0x52, 0x03, 0xe0, 0x07, 0x01, 0x00, 0x00, 0x00, 0x00, 0x00, 0x01, 0x00, 0x00, 0x00, 0x00, 0x00, 0x01, 
0x82, 0x2b, 0xd2, 0x42, 0x2c, 0xff, 0xe2, 0x2b, 0xff, 0x22, 0x2c, 0xff, 0x62, 0x2b, 0xee, 0x40, 0x0a, 0x11, 0x00, 0x00, 0x00, 0x00, 0x00, 0x01, 0x00, 0x00, 0x00, 0x00, 0x00, 0x00, 0x00, 0x00, 0x00, 0x00, 0x00, 0x00, 
0x00, 0x00, 0x00, 0x00, 0x00, 0x00, 0x00, 0x00, 0x00, 0x00, 0x00, 0x00, 0xe0, 0x03, 0x02, 0x00, 0x00, 0x00, 0x82, 0x2b, 0xa4, 0x22, 0x2c, 0xff, 0x02, 0x2c, 0xff, 0x01, 0x2c, 0xff, 0xe3, 0x33, 0xff, 0x23, 0x33, 0x3c, 
0x00, 0x00, 0x00, 0xa0, 0x52, 0x03, 0x00, 0x00, 0x00, 0x00, 0x00, 0x00, 0xe0, 0xff, 0x01, 0x00, 0x00, 0x00, 0xca, 0xd5, 0x13, 0x46, 0xdd, 0xeb, 0x83, 0xf5, 0xff, 0x63, 0xed, 0xff, 0x62, 0xed, 0xff, 0xc5, 0xf5, 0xff, 
0x67, 0xd5, 0x6c, 0x00, 0x00, 0x00, 0xe7, 0xbb, 0x04, 0x00, 0x00, 0x00, 0x00, 0x00, 0x00, 0x00, 0x00, 0x00, 0x00, 0x00, 0x00, 0x00, 0x00, 0x00, 0x00, 0x00, 0x00, 0x00, 0x00, 0x00, 0x00, 0x00, 0x00, 0x00, 0x00, 0x00, 
0x00, 0x00, 0x00, 0x00, 0x00, 0x00, 0x00, 0x00, 0x00, 0x00, 0x00, 0x00, 0x00, 0x00, 0x00, 0x00, 0x00, 0x00, 0x00, 0x00, 0x00, 0x00, 0x00, 0x00, 0x00, 0x00, 0x00, 0x00, 0x00, 0x00, 0x00, 0x00, 0x00, 0x00, 0x00, 0x00, 
0x00, 0x00, 0x00, 0x00, 0x00, 0x00, 0x00, 0x00, 0x00, 0x00, 0x00, 0x00, 0x4a, 0xfd, 0x03, 0x00, 0x00, 0x00, 0xaa, 0xdd, 0x4b, 0xa6, 0xe5, 0xff, 0x63, 0xed, 0xff, 0x62, 0xed, 0xff, 0xa4, 0xf5, 0xff, 0x47, 0xd5, 0xcd, 
0x00, 0x00, 0x00, 0x00, 0x00, 0x00, 0x00, 0x00, 0x01, 0x00, 0x00, 0x00, 0x00, 0x00, 0x00, 0x00, 0x00, 0x00, 0x00, 0x00, 0x00, 0x00, 0x00, 0x00, 0x00, 0x00, 0x00, 0x00, 0x00, 0x00, 0x00, 0x00, 0x00, 0x00, 0x00, 0x00, 
0x00, 0x00, 0x00, 0x00, 0x00, 0x00, 0xef, 0xfb, 0x02, 0x00, 0x00, 0x00, 0x47, 0xe5, 0x09, 0x47, 0xdd, 0x7d, 0x65, 0xdd, 0xeb, 0xa4, 0xed, 0xff, 0x62, 0xed, 0xff, 0x42, 0xed, 0xff, 0x41, 0xe5, 0xfc, 0x41, 0xed, 0xfa, 
0x42, 0xed, 0xf9, 0x42, 0xed, 0xf9, 0x42, 0xed, 0xfc, 0x42, 0xed, 0xff, 0x62, 0xed, 0xff, 0x84, 0xed, 0xff, 0x45, 0xdd, 0xf5, 0x46, 0xdd, 0x89, 0x25, 0xd5, 0x11, 0x00, 0x00, 0x00, 0x4a, 0xad, 0x03, 0x00, 0x00, 0x00, 
0x00, 0x00, 0x00, 0x00, 0x00, 0x00, 0x00, 0x00, 0x00, 0x00, 0x00, 0x00, 0xa0, 0x2a, 0x06, 0x85, 0x33, 0x99, 0xe4, 0x33, 0xb9, 0xc4, 0x33, 0xb5, 0xc4, 0x33, 0xb7, 0xc4, 0x33, 0xb7, 0xc4, 0x33, 0xb6, 0xc3, 0x33, 0xb5, 
0xc3, 0x33, 0xb0, 0xc4, 0x33, 0xb5, 0x62, 0x2b, 0x75, 0x00, 0x00, 0x00, 0x00, 0x00, 0x00, 0x45, 0x3b, 0x39, 0xa4, 0x33, 0xbd, 0xc4, 0x33, 0xb5, 0xc4, 0x33, 0xb7, 0xc4, 0x33, 0xb8, 0xc4, 0x33, 0xb9, 0xc4, 0x33, 0xb9, 
0xc4, 0x33, 0xb8, 0xc3, 0x33, 0xb5, 0xc4, 0x33, 0xb3, 0x01, 0x23, 0x31, 0x00, 0x00, 0x01, 0xe0, 0x03, 0x02, 0x00, 0x00, 0x00, 0x00, 0x00, 0x00, 0x00, 0x00, 0x00, 0x00, 0x00, 0x00, 0x00, 0x00, 0x00, 0x00, 0x00, 0x00, 
0x00, 0x00, 0x00, 0x00, 0x00, 0x00, 0x00, 0x00, 0x00, 0x00, 0x00, 0x00, 0x00, 0x00, 0x00, 0x00, 0x00, 0x00, 0x00, 0x00, 0x00, 0x00, 0x00, 0x00, 0x00, 0x00, 0x00, 0x00, 0x00, 0x00, 0x00, 0x00, 0x00, 0x00, 0x00, 0x02, 
0x00, 0x00, 0x00, 0x84, 0x33, 0x78, 0x05, 0x3c, 0xc3, 0xe4, 0x3b, 0xb9, 0xe4, 0x33, 0xba, 0xe4, 0x33, 0xba, 0xe4, 0x33, 0xba, 0xe4, 0x33, 0xba, 0xe4, 0x33, 0xb9, 0xe4, 0x3b, 0xba, 0x84, 0x33, 0x9f, 0xe3, 0x33, 0x0a, 
0x00, 0x00, 0x00, 0x00, 0x00, 0x01, 0x00, 0x00, 0x00, 0x00, 0x00, 0x00, 0xe0, 0x7b, 0x02, 0x00, 0x00, 0x00, 0x85, 0x3b, 0x32, 0xc5, 0x3b, 0xc0, 0xe4, 0x3b, 0xbf, 0xe4, 0x3b, 0xbb, 0xe4, 0x3b, 0xbe, 0xa4, 0x33, 0x89, 
0x00, 0x00, 0x00, 0x00, 0x00, 0x00, 0x00, 0x00, 0x00, 0x00, 0x00, 0x00, 0x00, 0x00, 0x00, 0x00, 0x00, 0x00, 0x00, 0x00, 0x00, 0x00, 0x00, 0x00, 0xe0, 0x07, 0x01, 0x00, 0x00, 0x00, 0x03, 0x23, 0x15, 0xa5, 0x33, 0xb2, 
0xe5, 0x3b, 0xc2, 0xe4, 0x3b, 0xba, 0xe4, 0x33, 0xbc, 0x83, 0x33, 0x8d, 0xe0, 0x03, 0x02, 0x00, 0x00, 0x00, 0x00, 0x00, 0x00, 0x00, 0x00, 0x00, 0x00, 0x00, 0x00, 0x00, 0x00, 0x00, 0x00, 0x00, 0x00, 0x00, 0x00, 0x00, 
0x00, 0x00, 0x01, 0x00, 0x00, 0x00, 0xe0, 0x03, 0x02, 0x84, 0x33, 0x97, 0xe4, 0x3b, 0xc0, 0xe4, 0x3b, 0xb9, 0xe4, 0x33, 0xb9, 0x84, 0x33, 0xae, 0x83, 0x2b, 0x1d, 0x00, 0x00, 0x00, 0xe0, 0x07, 0x01, 0x00, 0x00, 0x00, 
0x00, 0x00, 0x00, 0x00, 0x00, 0x00, 0x00, 0x00, 0x00, 0x00, 0x00, 0x01, 0x00, 0x00, 0x00, 0x00, 0x00, 0x00, 0x84, 0x33, 0x4e, 0xc3, 0x33, 0xb1, 0xa3, 0x2b, 0xee, 0xc3, 0x2b, 0xff, 0xe3, 0x33, 0xff, 0x03, 0x34, 0xff, 
0x03, 0x34, 0xff, 0xe3, 0x33, 0xff, 0xa3, 0x2b, 0xfe, 0xa3, 0x2b, 0xe0, 0xa3, 0x33, 0xa2, 0x63, 0x2b, 0x46, 0x00, 0x00, 0x00, 0x00, 0x00, 0x00, 0xe0, 0x03, 0x04, 0x00, 0x00, 0x00, 0x60, 0x1a, 0x0a, 0x84, 0x33, 0xa6, 
0x05, 0x3c, 0xc5, 0xe5, 0x3b, 0xbf, 0x05, 0x3c, 0xbf, 0xa5, 0x3b, 0xb8, 0x04, 0x2b, 0x17, 0x00, 0x00, 0x00, 0xe0, 0x07, 0x01, 0x00, 0x00, 0x01, 0x00, 0x00, 0x00, 0xe0, 0x03, 0x02, 0xc4, 0x3b, 0x9b, 0x05, 0x3c, 0xc8, 
0x05, 0x3c, 0xbf, 0x04, 0x3c, 0xbf, 0x84, 0x33, 0xa2, 0x60, 0x1a, 0x0a, 0x00, 0x00, 0x00, 0x00, 0x00, 0x01, 0x00, 0x00, 0x00, 0x00, 0x00, 0x00, 0x00, 0x00, 0x00, 0x00, 0x00, 0x00, 0x00, 0x00, 0x00, 0x00, 0x00, 0x00, 
0x00, 0x00, 0x00, 0x00, 0x00, 0x00, 0xe0, 0x03, 0x02, 0x00, 0x00, 0x00, 0xc4, 0x3b, 0x77, 0x05, 0x3c, 0xc7, 0x05, 0x3c, 0xc2, 0x05, 0x3c, 0xc1, 0xc5, 0x3b, 0xbb, 0x64, 0x3b, 0x28, 0x00, 0x00, 0x00, 0xe0, 0x03, 0x02, 
0x00, 0x00, 0x00, 0x00, 0x00, 0x00, 0xe0, 0xff, 0x01, 0x00, 0x00, 0x00, 0x87, 0xd5, 0x0d, 0x8a, 0xd5, 0xb3, 0x88, 0xdd, 0xd5, 0x88, 0xe5, 0xd2, 0x88, 0xe5, 0xd0, 0x89, 0xe5, 0xcf, 0x68, 0xd5, 0x48, 0x00, 0x00, 0x00, 
0x4a, 0xad, 0x03, 0x00, 0x00, 0x00, 0x00, 0x00, 0x00, 0x00, 0x00, 0x00, 0x00, 0x00, 0x00, 0x00, 0x00, 0x00, 0x00, 0x00, 0x00, 0x00, 0x00, 0x00, 0x00, 0x00, 0x00, 0x00, 0x00, 0x00, 0x00, 0x00, 0x00, 0x00, 0x00, 0x00, 
0x00, 0x00, 0x00, 0x00, 0x00, 0x00, 0x00, 0x00, 0x00, 0x00, 0x00, 0x00, 0x00, 0x00, 0x00, 0x00, 0x00, 0x00, 0x00, 0x00, 0x00, 0x00, 0x00, 0x00, 0x00, 0x00, 0x00, 0x00, 0x00, 0x00, 0x00, 0x00, 0x00, 0x00, 0x00, 0x00, 
0x00, 0x00, 0x00, 0x00, 0x00, 0x00, 0xef, 0xfb, 0x02, 0x00, 0x00, 0x00, 0x89, 0xd5, 0x2b, 0x69, 0xdd, 0xc7, 0x87, 0xdd, 0xcb, 0x67, 0xe5, 0xc8, 0x88, 0xe5, 0xca, 0x48, 0xd5, 0x87, 0x00, 0x00, 0x00, 0x00, 0x00, 0x01, 
0x00, 0x00, 0x00, 0x00, 0x00, 0x00, 0x00, 0x00, 0x00, 0x00, 0x00, 0x00, 0x00, 0x00, 0x00, 0x00, 0x00, 0x00, 0x00, 0x00, 0x00, 0x00, 0x00, 0x00, 0x00, 0x00, 0x00, 0x00, 0x00, 0x00, 0x00, 0x00, 0x00, 0x00, 0x00, 0x00, 
0x00, 0x00, 0x00, 0xe0, 0xfb, 0x02, 0x00, 0x00, 0x00, 0x00, 0x00, 0x00, 0x67, 0xcd, 0x20, 0x67, 0xdd, 0x86, 0x66, 0xdd, 0xd3, 0x45, 0xdd, 0xfb, 0x85, 0xe5, 0xff, 0x84, 0xed, 0xff, 0x84, 0xed, 0xff, 0x84, 0xed, 0xff, 
0x65, 0xe5, 0xff, 0x45, 0xdd, 0xf9, 0x45, 0xdd, 0xd2, 0x47, 0xd5, 0x8c, 0x48, 0xd5, 0x2b, 0x00, 0x00, 0x00, 0x00, 0x00, 0x00, 0xe0, 0xfb, 0x02, 0x00, 0x00, 0x00, 0x00, 0x00, 0x00, 0x00, 0x00, 0x00, 0x00, 0x00, 0x00, 
0x00, 0x00, 0x00, 0x00, 0x00, 0x00, 0x00, 0x00, 0x01, 0x00, 0x00, 0x00, 0x00, 0x00, 0x00, 0x00, 0x00, 0x00, 0x00, 0x00, 0x00, 0x00, 0x00, 0x00, 0x00, 0x00, 0x00, 0x00, 0x00, 0x00, 0x00, 0x00, 0x00, 0x00, 0x00, 0x00, 
0x00, 0x00, 0x00, 0x00, 0x00, 0x01, 0x00, 0x00, 0x00, 0x00, 0x00, 0x00, 0x00, 0x00, 0x00, 0x00, 0x00, 0x00, 0x00, 0x00, 0x00, 0x00, 0x00, 0x00, 0x00, 0x00, 0x00, 0x00, 0x00, 0x00, 0x00, 0x00, 0x00, 0x00, 0x00, 0x00, 
0x00, 0x00, 0x00, 0x00, 0x00, 0x00, 0x00, 0x00, 0x00, 0x00, 0x00, 0x00, 0x00, 0x00, 0x00, 0x00, 0x00, 0x00, 0x00, 0x00, 0x00, 0x00, 0x00, 0x00, 0x00, 0x00, 0x00, 0x00, 0x00, 0x00, 0x00, 0x00, 0x00, 0x00, 0x00, 0x00, 
0x00, 0x00, 0x00, 0x00, 0x00, 0x00, 0x00, 0x00, 0x00, 0x00, 0x00, 0x00, 0x00, 0x00, 0x00, 0x00, 0x00, 0x00, 0x00, 0x00, 0x00, 0x00, 0x00, 0x00, 0x00, 0x00, 0x00, 0x00, 0x00, 0x00, 0x00, 0x00, 0x01, 0x00, 0x00, 0x00, 
0x00, 0x00, 0x00, 0x00, 0x00, 0x00, 0x00, 0x00, 0x00, 0x00, 0x00, 0x00, 0x00, 0x00, 0x00, 0x00, 0x00, 0x00, 0x00, 0x00, 0x00, 0x00, 0x00, 0x00, 0x00, 0x00, 0x00, 0x00, 0x00, 0x01, 0x00, 0x00, 0x00, 0x00, 0x00, 0x00, 
0x00, 0x00, 0x00, 0x00, 0x00, 0x00, 0x00, 0x00, 0x00, 0x00, 0x00, 0x00, 0x00, 0x00, 0x00, 0x00, 0x00, 0x00, 0x00, 0x00, 0x00, 0x00, 0x00, 0x00, 0x00, 0x00, 0x00, 0x00, 0x00, 0x00, 0x00, 0x00, 0x00, 0x00, 0x00, 0x00, 
0x00, 0x00, 0x00, 0x00, 0x00, 0x00, 0x00, 0x00, 0x00, 0x00, 0x00, 0x00, 0x00, 0x00, 0x00, 0x00, 0x00, 0x00, 0x00, 0x00, 0x00, 0x00, 0x00, 0x00, 0x00, 0x00, 0x00, 0x00, 0x00, 0x00, 0x00, 0x00, 0x00, 0x00, 0x00, 0x00, 
0x00, 0x00, 0x00, 0x00, 0x00, 0x00, 0x00, 0x00, 0x00, 0x00, 0x00, 0x00, 0x00, 0x00, 0x00, 0x00, 0x00, 0x00, 0x00, 0x00, 0x00, 0x00, 0x00, 0x00, 0x00, 0x00, 0x00, 0x00, 0x00, 0x00, 0x00, 0x00, 0x00, 0x00, 0x00, 0x00, 
0x00, 0x00, 0x00, 0x00, 0x00, 0x00, 0x00, 0x00, 0x00, 0x00, 0x00, 0x00, 0x00, 0x00, 0x00, 0x00, 0x00, 0x00, 0x00, 0x00, 0x00, 0x00, 0x00, 0x00, 0x00, 0x00, 0x00, 0x00, 0x00, 0x00, 0x00, 0x00, 0x00, 0x00, 0x00, 0x00, 
0x00, 0x00, 0x00, 0x00, 0x00, 0x00, 0xe0, 0x07, 0x01, 0x00, 0x00, 0x01, 0x00, 0x00, 0x00, 0x00, 0x00, 0x00, 0xa5, 0x3b, 0x20, 0xe6, 0x3b, 0x45, 0xc5, 0x3b, 0x59, 0xc4, 0x33, 0x63, 0xc4, 0x3b, 0x61, 0xc5, 0x3b, 0x55, 
0xc5, 0x3b, 0x38, 0xc5, 0x3b, 0x11, 0x00, 0x00, 0x00, 0x00, 0x00, 0x00, 0x00, 0x00, 0x01, 0xe0, 0x03, 0x02, 0x00, 0x00, 0x00, 0x00, 0x00, 0x00, 0x00, 0x00, 0x00, 0x00, 0x00, 0x00, 0x00, 0x00, 0x00, 0x00, 0x00, 0x00, 
0x00, 0x00, 0x00, 0x00, 0x00, 0x00, 0x00, 0x00, 0x01, 0x00, 0x00, 0x00, 0x00, 0x00, 0x00, 0x00, 0x00, 0x00, 0x00, 0x00, 0x00, 0x00, 0x00, 0x00, 0x00, 0x00, 0x00, 0xff, 0xff, 0x01, 0x00, 0x00, 0x00, 0x00, 0x00, 0x00, 
0x00, 0x00, 0x00, 0x00, 0x00, 0x00, 0x00, 0x00, 0x00, 0x00, 0x00, 0x00, 0x00, 0x00, 0x00, 0x00, 0x00, 0x00, 0x00, 0x00, 0x00, 0x00, 0x00, 0x00, 0x00, 0x00, 0x00, 0x00, 0x00, 0x00, 0x00, 0x00, 0x00, 0x00, 0x00, 0x00, 
0x00, 0x00, 0x00, 0x00, 0x00, 0x00, 0x00, 0x00, 0x00, 0x00, 0x00, 0x00, 0x00, 0x00, 0x00, 0x00, 0x00, 0x00, 0x00, 0x00, 0x00, 0x00, 0x00, 0x00, 0x00, 0x00, 0x00, 0x00, 0x00, 0x00, 0x00, 0x00, 0x00, 0x00, 0x00, 0x00, 
0x00, 0x00, 0x00, 0x00, 0x00, 0x00, 0x00, 0x00, 0x00, 0xef, 0xff, 0x02, 0xef, 0xde, 0x08, 0x2e, 0xe6, 0x09, 0xd2, 0xde, 0x07, 0xef, 0xbd, 0x04, 0x00, 0x00, 0x00, 0x00, 0x00, 0x00, 0x00, 0x00, 0x00, 0x00, 0x00, 0x00, 
0x00, 0x00, 0x00, 0x00, 0x00, 0x00, 0x00, 0x00, 0x00, 0x00, 0x00, 0x00, 0x00, 0x00, 0x00, 0x00, 0x00, 0x00, 0x00, 0x00, 0x00, 0x00, 0x00, 0x00, 0x00, 0x00, 0x00, 0x00, 0x00, 0x00, 0x00, 0x00, 0x00, 0x00, 0x00, 0x00, 
0x00, 0x00, 0x00, 0x00, 0x00, 0x00, 0x00, 0x00, 0x00, 0x00, 0x00, 0x00, 0x00, 0x00, 0x00, 0x00, 0x00, 0x00, 0x00, 0x00, 0x00, 0x00, 0x00, 0x00, 0x00, 0x00, 0x00, 0x00, 0x00, 0x00, 0x00, 0x00, 0x00, 0x00, 0x00, 0x00, 
0x00, 0x00, 0x00, 0x00, 0x00, 0x00, 0x00, 0x00, 0x00, 0xef, 0xff, 0x02, 0xef, 0xbd, 0x04, 0xf5, 0xff, 0x03, 0xef, 0x7b, 0x02, 0x00, 0x00, 0x00, 0x00, 0x00, 0x00, 0x00, 0x00, 0x00, 0x00, 0x00, 0x00, 0x00, 0x00, 0x00, 
0x00, 0x00, 0x00, 0x00, 0x00, 0x00, 0x00, 0x00, 0x00, 0x00, 0x00, 0x00, 0x00, 0x00, 0x00, 0x00, 0x00, 0x00, 0x00, 0x00, 0x00, 0x00, 0x00, 0x00, 0x00, 0x00, 0x00, 0x00, 0x00, 0x00, 0x00, 0x00, 0x00, 0x00, 0x00, 0x00, 
0xe0, 0xff, 0x01, 0x4a, 0xad, 0x03, 0x00, 0x00, 0x00, 0x00, 0x00, 0x00, 0x47, 0xe5, 0x09, 0x88, 0xdd, 0x39, 0x88, 0xd5, 0x54, 0x67, 0xdd, 0x61, 0x67, 0xdd, 0x69, 0x67, 0xdd, 0x63, 0x87, 0xdd, 0x52, 0x68, 0xdd, 0x33, 
0xe7, 0xdd, 0x08, 0x00, 0x00, 0x00, 0x00, 0x00, 0x00, 0xe0, 0xff, 0x02, 0xe0, 0xff, 0x01, 0x00, 0x00, 0x00, 0x00, 0x00, 0x00, 0x00, 0x00, 0x00, 0x00, 0x00, 0x00, 0x00, 0x00, 0x00, 0x00, 0x00, 0x00, 0x00, 0x00, 0x00, 
0x00, 0x00, 0x00, 0x00, 0x00, 0x00, 0x00, 0x00, 0x01, 0x00, 0x00, 0x01, 0x00, 0x00, 0x01, 0x00, 0x00, 0x01, 0x00, 0x00, 0x01, 0x00, 0x00, 0x01, 0xe0, 0x07, 0x01, 0xe0, 0x07, 0x01, 0xe0, 0x03, 0x02, 0x00, 0x00, 0x00, 
0x00, 0x00, 0x00, 0x00, 0x00, 0x00, 0x00, 0x00, 0x01, 0x00, 0x00, 0x01, 0x00, 0x00, 0x01, 0x00, 0x00, 0x01, 0x00, 0x00, 0x01, 0x00, 0x00, 0x01, 0x00, 0x00, 0x01, 0x00, 0x00, 0x01, 0xe0, 0x07, 0x01, 0x00, 0x00, 0x01, 
0x00, 0x00, 0x00, 0x00, 0x00, 0x00, 0x00, 0x00, 0x00, 0x00, 0x00, 0x00, 0x00, 0x00, 0x00, 0x00, 0x00, 0x00, 0x00, 0x00, 0x00, 0x00, 0x00, 0x00, 0x00, 0x00, 0x00, 0x00, 0x00, 0x00, 0x00, 0x00, 0x00, 0x00, 0x00, 0x00, 
0x00, 0x00, 0x00, 0x00, 0x00, 0x00, 0x00, 0x00, 0x00, 0x00, 0x00, 0x00, 0x00, 0x00, 0x00, 0x00, 0x00, 0x00, 0x00, 0x00, 0x00, 0x00, 0x00, 0x00, 0x00, 0x00, 0x00, 0x00, 0x00, 0x01, 0x00, 0x00, 0x00, 0x00, 0x00, 0x01, 
0x00, 0x00, 0x01, 0x00, 0x00, 0x01, 0x00, 0x00, 0x01, 0x00, 0x00, 0x01, 0x00, 0x00, 0x01, 0x00, 0x00, 0x01, 0x00, 0x00, 0x01, 0x00, 0x00, 0x00, 0x00, 0x00, 0x00, 0x00, 0x00, 0x00, 0x00, 0x00, 0x00, 0x00, 0x00, 0x00, 
0x00, 0x00, 0x00, 0x00, 0x00, 0x00, 0x00, 0x00, 0x00, 0x00, 0x00, 0x00, 0x00, 0x00, 0x00, 0x00, 0x00, 0x01, 0x00, 0x00, 0x01, 0x00, 0x00, 0x01, 0x00, 0x00, 0x00, 0x00, 0x00, 0x00, 0x00, 0x00, 0x00, 0x00, 0x00, 0x00, 
0x00, 0x00, 0x00, 0x00, 0x00, 0x00, 0x00, 0x00, 0x00, 0x00, 0x00, 0x00, 0x00, 0x00, 0x00, 0x00, 0x00, 0x00, 0x00, 0x00, 0x00, 0x00, 0x00, 0x01, 0x00, 0x00, 0x00, 0x00, 0x00, 0x01, 0x00, 0x00, 0x01, 0xe0, 0x03, 0x02, 
0x00, 0x00, 0x00, 0x00, 0x00, 0x00, 0x00, 0x00, 0x00, 0x00, 0x00, 0x00, 0x00, 0x00, 0x00, 0x00, 0x00, 0x00, 0x00, 0x00, 0x00, 0x00, 0x00, 0x00, 0x00, 0x00, 0x00, 0x00, 0x00, 0x00, 0x00, 0x00, 0x00, 0x00, 0x00, 0x01, 
0x00, 0x00, 0x01, 0x00, 0x00, 0x01, 0x00, 0x00, 0x01, 0x00, 0x00, 0x01, 0x00, 0x00, 0x00, 0x00, 0x00, 0x00, 0x00, 0x00, 0x00, 0x00, 0x00, 0x00, 0x00, 0x00, 0x00, 0x00, 0x00, 0x00, 0x00, 0x00, 0x00, 0x00, 0x00, 0x00, 
0x00, 0x00, 0x00, 0x00, 0x00, 0x00, 0xa0, 0x52, 0x03, 0x00, 0x00, 0x01, 0x00, 0x00, 0x00, 0x00, 0x00, 0x00, 0x00, 0x00, 0x00, 0x00, 0x00, 0x00, 0x00, 0x00, 0x00, 0x00, 0x00, 0x00, 0x00, 0x00, 0x00, 0x00, 0x00, 0x00, 
0xe0, 0x03, 0x02, 0xa0, 0x52, 0x03, 0x00, 0x00, 0x00, 0x00, 0x00, 0x00, 0x00, 0x00, 0x00, 0x00, 0x00, 0x00, 0x00, 0x00, 0x00, 0x00, 0x00, 0x01, 0x00, 0x00, 0x00, 0x00, 0x00, 0x00, 0x00, 0x00, 0x00, 0x00, 0x00, 0x00, 
0x00, 0x00, 0x00, 0x00, 0x00, 0x00, 0x00, 0x00, 0x00, 0x00, 0x00, 0x00, 0x00, 0x00, 0x00, 0x00, 0x00, 0x00, 0x00, 0x00, 0x00, 0x00, 0x00, 0x00, 0x00, 0x00, 0x00, 0x00, 0x00, 0x01, 0x00, 0x00, 0x01, 0x00, 0x00, 0x00, 
0x00, 0x00, 0x00, 0x00, 0x00, 0x00, 0x00, 0x00, 0x00, 0x00, 0x00, 0x00, 0x00, 0x00, 0x00, 0x00, 0x00, 0x00, 0x00, 0x00, 0x00, 0x00, 0x00, 0x00, 0x00, 0x00, 0x00, 0x00, 0x00, 0x00, 0x00, 0x00, 0x00, 0x00, 0x00, 0x00, 
0x00, 0x00, 0x00, 0x00, 0x00, 0x00, 0x00, 0x00, 0x00, 0x00, 0x00, 0x00, 0x00, 0x00, 0x01, 0x00, 0x00, 0x00, 0x00, 0x00, 0x00, 0x00, 0x00, 0x00, 0x00, 0x00, 0x00, 0x00, 0x00, 0x00, 0x00, 0x00, 0x00, 0x00, 0x00, 0x00, 
0x00, 0x00, 0x00, 0x00, 0x00, 0x00, 0x00, 0x00, 0x00, 0x00, 0x00, 0x00, 0x00, 0x00, 0x00, 0x00, 0x00, 0x00, 0x00, 0x00, 0x00, 0x00, 0x00, 0x00, 0x00, 0x00, 0x00, 0x00, 0x00, 0x00, 0x00, 0x00, 0x00, 0x00, 0x00, 0x00, 
0x00, 0x00, 0x00, 0x00, 0x00, 0x00, 0x00, 0x00, 0x00, 0x00, 0x00, 0x00, 0x00, 0x00, 0x00, 0x00, 0x00, 0x00, 0x00, 0x00, 0x00, 0x00, 0x00, 0x00, 0x00, 0x00, 0x00, 0x00, 0x00, 0x00, 0x00, 0x00, 0x00, 0x00, 0x00, 0x00, 
0x00, 0x00, 0x00, 0x00, 0x00, 0x00, 0x00, 0x00, 0x00, 0x00, 0x00, 0x00, 0x00, 0x00, 0x00, 0x00, 0x00, 0x00, 0x00, 0x00, 0x00, 0x00, 0x00, 0x00, 0x00, 0x00, 0x00, 0x00, 0x00, 0x00, 0x00, 0x00, 0x00, 0x00, 0x00, 0x00, 
0x00, 0x00, 0x00, 0x00, 0x00, 0x00, 0x00, 0x00, 0x00, 0x00, 0x00, 0x00, 0x00, 0x00, 0x00, 0xe0, 0xff, 0x01, 0x00, 0x00, 0x00, 0x00, 0x00, 0x00, 0x00, 0x00, 0x00, 0x00, 0x00, 0x00, 0x00, 0x00, 0x00, 0x00, 0x00, 0x00, 
0x00, 0x00, 0x00, 0x00, 0x00, 0x00, 0x00, 0x00, 0x00, 0x00, 0x00, 0x00, 0x00, 0x00, 0x00, 0x00, 0x00, 0x00, 0x00, 0x00, 0x00, 0x00, 0x00, 0x00, 0x00, 0x00, 0x00, 0x00, 0x00, 0x00, 0x00, 0x00, 0x00, 0x00, 0x00, 0x00, 
0xe0, 0x7b, 0x02, 0x4a, 0xfd, 0x03, 0x00, 0x00, 0x00, 0x00, 0x00, 0x00, 0x00, 0x00, 0x00, 0x00, 0x00, 0x00, 0x00, 0x00, 0x00, 0x00, 0x00, 0x00, 0x00, 0x00, 0x00, 0x00, 0x00, 0x00, 0x00, 0x00, 0x00, 0x4a, 0xfd, 0x03, 
0xe0, 0xfb, 0x02, 0x00, 0x00, 0x00, 0x00, 0x00, 0x00, 0x00, 0x00, 0x00, 0x00, 0x00, 0x00, 0x00, 0x00, 0x00, 0x00, 0x00, 0x00, 0x00, 0x00, 0x00, 0x00, 0x00, 0x00, 0x00, 0x00, 0x00, 0x00, 0x00, 0x00, 0x00, 0x00, 0x00, 
0x00, 0x00, 0x00, 0x00, 0x00, 0x00, 0x00, 0x00, 0x00, 0x00, 0x00, 0x00, 0x00, 0x00, 0x00, 0x00, 0x00, 0x00, 0x00, 0x00, 0x00, 0x00, 0x00, 0x00, 0x00, 0x00, 0x00, 0x00, 0x00, 0x00, 0x00, 0x00, 0x00, 0x00, 0x00, 0x00, 
0x00, 0x00, 0x00, 0x00, 0x00, 0x00, 0x00, 0x00, 0x00, 0x00, 0x00, 0x00, 0x00, 0x00, 0x00, 0x00, 0x00, 0x00, 0x00, 0x00, 0x00, 0x00, 0x00, 0x00, 0x00, 0x00, 0x00, 0x00, 0x00, 0x00, 0x00, 0x00, 0x00, 0x00, 0x00, 0x00, 
0x00, 0x00, 0x00, 0x00, 0x00, 0x00, 0x00, 0x00, 0x00, 0x00, 0x00, 0x00, 0x00, 0x00, 0x00, 0x00, 0x00, 0x00, 0x00, 0x00, 0x00, 0x00, 0x00, 0x00, 0x00, 0x00, 0x00, 0x00, 0x00, 0x00, 0x00, 0x00, 0x00, 0x00, 0x00, 0x00, 
0x00, 0x00, 0x00, 0x00, 0x00, 0x00, 0x00, 0x00, 0x00, 0x00, 0x00, 0x00, 0x00, 0x00, 0x00, 0x00, 0x00, 0x00, 0x00, 0x00, 0x00, 0x00, 0x00, 0x00, 0x00, 0x00, 0x00, 0x00, 0x00, 0x00, 0x00, 0x00, 0x00, 0x00, 0x00, 0x00, 
0x00, 0x00, 0x00, 0x00, 0x00, 0x00, 0x00, 0x00, 0x00, 0x00, 0x00, 0x00, 0x00, 0x00, 0x00, 0x00, 0x00, 0x00, 0x00, 0x00, 0x00, 0x00, 0x00, 0x00, 0x00, 0x00, 0x00, 0x00, 0x00, 0x00, 0x00, 0x00, 0x00, 0x00, 0x00, 0x00, 
0x00, 0x00, 0x00, 0x00, 0x00, 0x00, 0x00, 0x00, 0x00, 0x00, 0x00, 0x00, 0x00, 0x00, 0x00, 0x00, 0x00, 0x00, 0x00, 0x00, 0x00, 0x00, 0x00, 0x00, 0x00, 0x00, 0x00, 0x00, 0x00, 0x00, 0x00, 0x00, 0x00, 0x00, 0x00, 0x00, 
0x00, 0x00, 0x00, 0x00, 0x00, 0x00, 0x00, 0x00, 0x00, 0x00, 0x00, 0x00, 0x00, 0x00, 0x00, 0x00, 0x00, 0x00, 0x00, 0x00, 0x00, 0x00, 0x00, 0x00, 0x00, 0x00, 0x00, 0x00, 0x00, 0x00, 0x00, 0x00, 0x00, 0x00, 0x00, 0x00, 
0x00, 0x00, 0x00, 0x00, 0x00, 0x00, 0x00, 0x00, 0x00, 0x00, 0x00, 0x00, 0x00, 0x00, 0x00, 0x00, 0x00, 0x00, 0x00, 0x00, 0x00, 0x00, 0x00, 0x00, 0x00, 0x00, 0x00, 0x00, 0x00, 0x00, 0x00, 0x00, 0x00, 0x00, 0x00, 0x00, 
0x00, 0x00, 0x00, 0x00, 0x00, 0x00, 0x00, 0x00, 0x00, 0x00, 0x00, 0x00, 0x00, 0x00, 0x00, 0x00, 0x00, 0x00, 0x00, 0x00, 0x00, 0x00, 0x00, 0x00, 0x00, 0x00, 0x00, 0x00, 0x00, 0x00, 0x00, 0x00, 0x00, 0x00, 0x00, 0x00, 
0x00, 0x00, 0x00, 0x00, 0x00, 0x00, 0xe0, 0x03, 0x02, 0xa0, 0x52, 0x03, 0xa0, 0x52, 0x03, 0x40, 0x55, 0x03, 0x40, 0x55, 0x03, 0xa0, 0x52, 0x03, 0xe0, 0x7b, 0x02, 0xe0, 0x07, 0x01, 0x00, 0x00, 0x00, 0x00, 0x00, 0x00, 
0x00, 0x00, 0x00, 0x00, 0x00, 0x00, 0x00, 0x00, 0x00, 0x00, 0x00, 0x00, 0x00, 0x00, 0x00, 0x00, 0x00, 0x00, 0x00, 0x00, 0x00, 0x00, 0x00, 0x00, 0x00, 0x00, 0x00, 0x00, 0x00, 0x00, 0x00, 0x00, 0x00, 0x00, 0x00, 0x00, 
0x00, 0x00, 0x00, 0x00, 0x00, 0x00, 0x00, 0x00, 0x00, 0x00, 0x00, 0x00, 0x00, 0x00, 0x00, 0x00, 0x00, 0x01, 0x00, 0x00, 0x00, 0x00, 0x00, 0x00, 0x00, 0x00, 0x00, 0x00, 0x00, 0x00, 0x00, 0x00, 0x00, 0x00, 0x00, 0x00, 
0x00, 0x00, 0x00, 0x00, 0x00, 0x00, 0x00, 0x00, 0x00, 0x00, 0x00, 0x00, 0x00, 0x00, 0x00, 0x00, 0x00, 0x00, 0x00, 0x00, 0x00, 0x00, 0x00, 0x00, 0x00, 0x00, 0x00, 0x00, 0x00, 0x00, 0x00, 0x00, 0x00, 0x00, 0x00, 0x00, 
0x00, 0x00, 0x01, 0x00, 0x00, 0x00, 0x00, 0x00, 0x00, 0x00, 0x00, 0x00, 0x00, 0x00, 0x00, 0x00, 0x00, 0x00, 0x00, 0x00, 0x00, 0x00, 0x00, 0x00, 0x00, 0x00, 0x00, 0x00, 0x00, 0x00, 0x00, 0x00, 0x00, 0x00, 0x00, 0x01, 
0xe0, 0xff, 0x01, 0xe0, 0xff, 0x01, 0xe0, 0xff, 0x01, 0x00, 0xf8, 0x01, 0x00, 0x00, 0x00, 0x00, 0x00, 0x00, 0x00, 0x00, 0x00, 0x00, 0x00, 0x00, 0x00, 0x00, 0x00, 0x00, 0x00, 0x00, 0x00, 0x00, 0x00, 0x00, 0x00, 0x00, 
0x00, 0x00, 0x00, 0x00, 0x00, 0x00, 0x00, 0x00, 0x00, 0x00, 0x00, 0x00, 0x00, 0x00, 0x00, 0x00, 0x00, 0x00, 0x00, 0x00, 0x00, 0x00, 0x00, 0x00, 0x00, 0x00, 0x00, 0x00, 0x00, 0x00, 0x00, 0x00, 0x00, 0x00, 0x00, 0x00, 
0x00, 0x00, 0x00, 0x00, 0x00, 0x00, 0x00, 0x00, 0x00, 0x00, 0x00, 0x00, 0x00, 0x00, 0x00, 0x00, 0x00, 0x00, 0x00, 0x00, 0x00, 0x00, 0x00, 0x00, 0x00, 0x00, 0x00, 0x00, 0x00, 0x00, 0x00, 0x00, 0x00, 0x00, 0xf8, 0x01, 
0x00, 0xf8, 0x01, 0x00, 0xf8, 0x01, 0x00, 0xf8, 0x01, 0x00, 0x00, 0x00, 0x00, 0x00, 0x00, 0x00, 0x00, 0x00, 0x00, 0x00, 0x00, 0x00, 0x00, 0x00, 0x00, 0x00, 0x00, 0x00, 0x00, 0x00, 0x00, 0x00, 0x00, 0x00, 0x00, 0x00, 
0x00, 0x00, 0x00, 0x00, 0x00, 0x00, 0x00, 0x00, 0x00, 0x00, 0x00, 0x00, 0x00, 0x00, 0x00, 0x00, 0x00, 0x00, 0x00, 0x00, 0x00, 0x00, 0x00, 0x00, 0x00, 0x00, 0x00, 0x00, 0x00, 0x00, 0x00, 0x00, 0x00, 0x00, 0x00, 0x00, 
0xe0, 0xff, 0x01, 0xef, 0xff, 0x02, 0x4a, 0xfd, 0x03, 0x4a, 0xfd, 0x03, 0x4a, 0xfd, 0x03, 0x4a, 0xfd, 0x03, 0x4a, 0xfd, 0x03, 0xe0, 0xfb, 0x02, 0xe0, 0xff, 0x01, 0x00, 0x00, 0x00, 0x00, 0x00, 0x00, 0x00, 0x00, 0x00, 
0x00, 0x00, 0x00, 0x00, 0x00, 0x00, 0x00, 0x00, 0x00, 0x00, 0x00, 0x00, 0x00, 0x00, 0x00, 0x00, 0x00, 0x00, 0x00, 0x00, 0x00, 0x00, 0x00, 0x00, 0x00, 0x00, 0x00, 0x00, 0x00, 0x00, 0x00, 0x00, 0x00, 0x00, 0x00, 0x00, 
0x00, 0x00, 0x00, 0x00, 0x00, 0x00, 0x00, 0x00, 0x00, 0x00, 0x00, 0x00, 0x00, 0x00, 0x00, 0x00, 0x00, 0x00, 0x00, 0x00, 0x00, 0x00, 0x00, 0x00, 0x00, 0x00, 0x00, 0x00, 0x00, 0x00, 0x00, 0x00, 0x00, 0x00, 0x00, 0x00, 
0x00, 0x00, 0x00, 0x00, 0x00, 0x00, 0x00, 0x00, 0x00, 0x00, 0x00, 0x00, 0x00, 0x00, 0x00, 0x00, 0x00, 0x00, 0x00, 0x00, 0x00, 0x00, 0x00, 0x00, 0x00, 0x00, 0x00, 0x00, 0x00, 0x00, 0x00, 0x00, 0x00, 0x00, 0x00, 0x00, 
0x00, 0x00, 0x00, 0x00, 0x00, 0x00, 0x00, 0x00, 0x00, 0x00, 0x00, 0x00, 0x00, 0x00, 0x00, 0x00, 0x00, 0x00, 0x00, 0x00, 0x00, 0x00, 0x00, 0x00, 0x00, 0x00, 0x00, 0x00, 0x00, 0x00, 0x00, 0x00, 0x00, 0x00, 0x00, 0x00, 
0x00, 0x00, 0x00, 0x00, 0x00, 0x00, 0x00, 0x00, 0x00, 0x00, 0x00, 0x00, 0x00, 0x00, 0x00, 0x00, 0x00, 0x00, 0x00, 0x00, 0x00, 0x00, 0x00, 0x00, 0x00, 0x00, 0x00, 0x00, 0x00, 0x00, 0x00, 0x00, 0x00, 0x00, 0x00, 0x00, 
0x00, 0x00, 0x00, 0x00, 0x00, 0x00, 0x00, 0x00, 0x00, 0x00, 0x00, 0x00, 0x00, 0x00, 0x00, 0x00, 0x00, 0x00, 0x00, 0x00, 0x00, 0x00, 0x00, 0x00, 0x00, 0x00, 0x00, 0x00, 0x00, 0x00, 0x00, 0x00, 0x00, 0x00, 0x00, 0x00, 
0x00, 0x00, 0x00, 0x00, 0x00, 0x00, 0x00, 0x00, 0x00, 0x00, 0x00, 0x00, 0x00, 0x00, 0x00, 0x00, 0x00, 0x00, 0x00, 0x00, 0x00, 0x00, 0x00, 0x00, 0x00, 0x00, 0x00, 0x00, 0x00, 0x00, 0x00, 0x00, 0x00, 0x00, 0x00, 0x00, 
0x00, 0x00, 0x00, 0x00, 0x00, 0x00, 0x00, 0x00, 0x00, 0x00, 0x00, 0x00, 0x00, 0x00, 0x00, 0x00, 0x00, 0x00, 0x00, 0x00, 0x00, 0x00, 0x00, 0x00, 0x00, 0x00, 0x00, 0x00, 0x00, 0x00, 0x00, 0x00, 0x00, 0x00, 0x00, 0x00, 
0x00, 0x00, 0x00, 0x00, 0x00, 0x00, 0x00, 0x00, 0x00, 0x00, 0x00, 0x00, 0x00, 0x00, 0x00, 0x00, 0x00, 0x00, 0x00, 0x00, 0x00, 0x00, 0x00, 0x00, 0x00, 0x00, 0x00, 0x00, 0x00, 0x00, 0x00, 0x00, 0x00, 0x00, 0x00, 0x00, 
0x00, 0x00, 0x00, 0x00, 0x00, 0x00, 0x00, 0x00, 0x00, 0x00, 0x00, 0x00, 0x00, 0x00, 0x00, 0x00, 0x00, 0x00, 0x00, 0x00, 0x00, 0x00, 0x00, 0x00, 0x00, 0x00, 0x00, 0x00, 0x00, 0x00, 0x00, 0x00, 0x00, 0x00, 0x00, 0x00, 
0x00, 0x00, 0x00, 0x00, 0x00, 0x00, 0x00, 0x00, 0x00, 0x00, 0x00, 0x00, 0x00, 0x00, 0x00, 0x00, 0x00, 0x00, 0x00, 0x00, 0x00, 0x00, 0x00, 0x00, 0x00, 0x00, 0x00, 0x00, 0x00, 0x00, 0x00, 0x00, 0x00, 0x00, 0x00, 0x00, 
0x00, 0x00, 0x00, 0x00, 0x00, 0x00, 0x00, 0x00, 0x00, 0x00, 0x00, 0x00, 0x00, 0x00, 0x00, 0x00, 0x00, 0x00, 0x00, 0x00, 0x00, 0x00, 0x00, 0x00, 0x00, 0x00, 0x00, 0x00, 0x00, 0x00, 0x00, 0x00, 0x00, 0x00, 0x00, 0x00, 
0x00, 0x00, 0x00, 0x00, 0x00, 0x00, 0x00, 0x00, 0x00, 0x00, 0x00, 0x00, 0x00, 0x00, 0x00, 0x00, 0x00, 0x00, 0x00, 0x00, 0x00, 0x00, 0x00, 0x00, 0x00, 0x00, 0x00, 0x00, 0x00, 0x00, 0x00, 0x00, 0x00, 0x00, 0x00, 0x00, 
0x00, 0x00, 0x00, 0x00, 0x00, 0x00, 0x00, 0x00, 0x00, 0x00, 0x00, 0x00, 0x00, 0x00, 0x00, 0x00, 0x00, 0x00, 0x00, 0x00, 0x00, 0x00, 0x00, 0x00, 0x00, 0x00, 0x00, 0x00, 0x00, 0x00, 0x00, 0x00, 0x00, 0x00, 0x00, 0x00, 
0x00, 0x00, 0x00, 0x00, 0x00, 0x00, 0x00, 0x00, 0x00, 0x00, 0x00, 0x00, 0x00, 0x00, 0x00, 0x00, 0x00, 0x00, 0x00, 0x00, 0x00, 0x00, 0x00, 0x00, 0x00, 0x00, 0x00, 0x00, 0x00, 0x00, 0x00, 0x00, 0x00, 0x00, 0x00, 0x00, 
0x00, 0x00, 0x00, 0x00, 0x00, 0x00, 0x00, 0x00, 0x00, 0x00, 0x00, 0x00, 0x00, 0x00, 0x00, 0x00, 0x00, 0x00, 0x00, 0x00, 0x00, 0x00, 0x00, 0x00, 0x00, 0x00, 0x00, 0x00, 0x00, 0x00, 0x00, 0x00, 0x00, 0x00, 0x00, 0x00, 
0x00, 0x00, 0x00, 0x00, 0x00, 0x00, 0x00, 0x00, 0x00, 0x00, 0x00, 0x00, 0x00, 0x00, 0x00, 0x00, 0x00, 0x00, 0x00, 0x00, 0x00, 0x00, 0x00, 0x00, 0x00, 0x00, 0x00, 0x00, 0x00, 0x00, 0x00, 0x00, 0x00, 0x00, 0x00, 0x00, 
0x00, 0x00, 0x00, 0x00, 0x00, 0x00, 0x00, 0x00, 0x00, 0x00, 0x00, 0x00, 0x00, 0x00, 0x00, 0x00, 0x00, 0x00, 0x00, 0x00, 0x00, 0x00, 0x00, 0x00, 0x00, 0x00, 0x00, 0x00, 0x00, 0x00, 0x00, 0x00, 0x00, 0x00, 0x00, 0x00, 
0x00, 0x00, 0x00, 0x00, 0x00, 0x00, 0x00, 0x00, 0x00, 0x00, 0x00, 0x00, 0x00, 0x00, 0x00, 0x00, 0x00, 0x00, 0x00, 0x00, 0x00, 0x00, 0x00, 0x00, 0x00, 0x00, 0x00, 0x00, 0x00, 0x00, 0x00, 0x00, 0x00, 0x00, 0x00, 0x00, 
0x00, 0x00, 0x00, 0x00, 0x00, 0x00, 0x00, 0x00, 0x00, 0x00, 0x00, 0x00, 0x00, 0x00, 0x00, 0x00, 0x00, 0x00, 0x00, 0x00, 0x00, 0x00, 0x00, 0x00, 0x00, 0x00, 0x00, 0x00, 0x00, 0x00, 0x00, 0x00, 0x00, 0x00, 0x00, 0x00, 
0x00, 0x00, 0x00, 0x00, 0x00, 0x00, 0x00, 0x00, 0x00, 0x00, 0x00, 0x00, 0x00, 0x00, 0x00, 0x00, 0x00, 0x00, 0x00, 0x00, 0x00, 0x00, 0x00, 0x00, 0x00, 0x00, 0x00, 0x00, 0x00, 0x00, 0x00, 0x00, 0x00, 0x00, 0x00, 0x00, 
0x00, 0x00, 0x00, 0x00, 0x00, 0x00, 0x00, 0x00, 0x00, 0x00, 0x00, 0x00, 0x00, 0x00, 0x00, 0x00, 0x00, 0x00, 0x00, 0x00, 0x00, 0x00, 0x00, 0x00, 0x00, 0x00, 0x00, 0x00, 0x00, 0x00, 0x00, 0x00, 0x00, 0x00, 0x00, 0x00, 
0x00, 0x00, 0x00, 0x00, 0x00, 0x00, 0x00, 0x00, 0x00, 0x00, 0x00, 0x00, 0x00, 0x00, 0x00, 0x00, 0x00, 0x00, 0x00, 0x00, 0x00, 0x00, 0x00, 0x00, 0x00, 0x00, 0x00, 0x00, 0x00, 0x00, 0x00, 0x00, 0x00, 0x00, 0x00, 0x00, 
0x00, 0x00, 0x00, 0x00, 0x00, 0x00, 0x00, 0x00, 0x00, 0x00, 0x00, 0x00, 0x00, 0x00, 0x00, 0x00, 0x00, 0x00, 0x00, 0x00, 0x00, 0x00, 0x00, 0x00, 0x00, 0x00, 0x00, 0x00, 0x00, 0x00, 0x00, 0x00, 0x00, 0x00, 0x00, 0x00, 
0x00, 0x00, 0x00, 0x00, 0x00, 0x00, 0x00, 0x00, 0x00, 0x00, 0x00, 0x00, 0x00, 0x00, 0x00, 0x00, 0x00, 0x00, 0x00, 0x00, 0x00, 0x00, 0x00, 0x00, 0x00, 0x00, 0x00, 0x00, 0x00, 0x00, 0x00, 0x00, 0x00, 0x00, 0x00, 0x00, 
0x00, 0x00, 0x00, 0x00, 0x00, 0x00, 0x00, 0x00, 0x00, 0x00, 0x00, 0x00, 0x00, 0x00, 0x00, 0x00, 0x00, 0x00, 0x00, 0x00, 0x00, 0x00, 0x00, 0x00, 0x00, 0x00, 0x00, 0x00, 0x00, 0x00, 0x00, 0x00, 0x00, 0x00, 0x00, 0x00, 
0x00, 0x00, 0x00, 0x00, 0x00, 0x00, 0x00, 0x00, 0x00, 0x00, 0x00, 0x00, 0x00, 0x00, 0x00, 0x00, 0x00, 0x00, 0x00, 0x00, 0x00, 0x00, 0x00, 0x00, 0x00, 0x00, 0x00, 0x00, 0x00, 0x00, 0x00, 0x00, 0x00, 0x00, 0x00, 0x00, 
0x00, 0x00, 0x00, 0x00, 0x00, 0x00, 0x00, 0x00, 0x00, 0x00, 0x00, 0x00, 0x00, 0x00, 0x00, 0x00, 0x00, 0x00, 0x00, 0x00, 0x00, 0x00, 0x00, 0x00, 0x00, 0x00, 0x00, 0x00, 0x00, 0x00, 0x00, 0x00, 0x00, 0x00, 0x00, 0x00, 
0x00, 0x00, 0x00, 0x00, 0x00, 0x00, 0x00, 0x00, 0x00, 0x00, 0x00, 0x00, 0x00, 0x00, 0x00, 0x00, 0x00, 0x00, 0x00, 0x00, 0x00, 0x00, 0x00, 0x00, 0x00, 0x00, 0x00, 0x00, 0x00, 0x00, 0x00, 0x00, 0x00, 0x00, 0x00, 0x00, 
0x00, 0x00, 0x00, 0x00, 0x00, 0x00, 0x00, 0x00, 0x00, 0x00, 0x00, 0x00, 0x00, 0x00, 0x00, 0x00, 0x00, 0x00, 0x00, 0x00, 0x00, 0x00, 0x00, 0x00, 0x00, 0x00, 0x00, 0x00, 0x00, 0x00, 0x00, 0x00, 0x00, 0x00, 0x00, 0x00, 
0x00, 0x00, 0x00, 0x00, 0x00, 0x00, 0x00, 0x00, 0x00, 0x00, 0x00, 0x00, 0x00, 0x00, 0x00, 0x00, 0x00, 0x00, 0x00, 0x00, 0x00, 0x00, 0x00, 0x00, 0x00, 0x00, 0x00, 0x00, 0x00, 0x00, 0x00, 0x00, 0x00, 0x00, 0x00, 0x00, 
0x00, 0x00, 0x00, 0x00, 0x00, 0x00, 0x00, 0x00, 0x00, 0x00, 0x00, 0x00, 0x00, 0x00, 0x00, 0x00, 0x00, 0x00, 0x00, 0x00, 0x00, 0x00, 0x00, 0x00, 0x00, 0x00, 0x00, 0x00, 0x00, 0x00, 0x00, 0x00, 0x00, 0x00, 0x00, 0x00, 
0x00, 0x00, 0x00, 0x00, 0x00, 0x00, 0x00, 0x00, 0x00, 0x00, 0x00, 0x00, 0x00, 0x00, 0x00, 0x00, 0x00, 0x00, 0x00, 0x00, 0x00, 0x00, 0x00, 0x00, 0x00, 0x00, 0x00, 0x00, 0x00, 0x00, 0x00, 0x00, 0x00, 0x00, 0x00, 0x00, 
0x00, 0x00, 0x00, 0x00, 0x00, 0x00, 0x00, 0x00, 0x00, 0x00, 0x00, 0x00, 0x00, 0x00, 0x00, 0x00, 0x00, 0x00, 0x00, 0x00, 0x00, 0x00, 0x00, 0x00, 0x00, 0x00, 0x00, 0x00, 0x00, 0x00, 0x00, 0x00, 0x00, 0x00, 0x00, 0x00, 
0x00, 0x00, 0x00, 0x00, 0x00, 0x00, 0x00, 0x00, 0x00, 0x00, 0x00, 0x00, 0x00, 0x00, 0x00, 0x00, 0x00, 0x00, 0x00, 0x00, 0x00, 0x00, 0x00, 0x00, 0x00, 0x00, 0x00, 0x00, 0x00, 0x00, 0x00, 0x00, 0x00, 0x00, 0x00, 0x00, 
0x00, 0x00, 0x00, 0x00, 0x00, 0x00, 0x00, 0x00, 0x00, 0x00, 0x00, 0x00, 0x00, 0x00, 0x00, 0x00, 0x00, 0x00, 0x00, 0x00, 0x00, 0x00, 0x00, 0x00, 0x00, 0x00, 0x00, 0x00, 0x00, 0x00, 0x00, 0x00, 0x00, 0x00, 0x00, 0x00, 
0x00, 0x00, 0x00, 0x00, 0x00, 0x00, 0x00, 0x00, 0x00, 0x00, 0x00, 0x00, 0x00, 0x00, 0x00, 0x00, 0x00, 0x00, 0x00, 0x00, 0x00, 0x00, 0x00, 0x00, 0x00, 0x00, 0x00, 0x00, 0x00, 0x00, 0x00, 0x00, 0x00, 0x00, 0x00, 0x00, 
0x00, 0x00, 0x00, 0x00, 0x00, 0x00, 0x00, 0x00, 0x00, 0x00, 0x00, 0x00, 0x00, 0x00, 0x00, 0x00, 0x00, 0x00, 0x00, 0x00, 0x00, 0x00, 0x00, 0x00, 0x00, 0x00, 0x00, 0x00, 0x00, 0x00, 0x00, 0x00, 0x00, 0x00, 0x00, 0x00, 
0x00, 0x00, 0x00, 0x00, 0x00, 0x00, 0x00, 0x00, 0x00, 0x00, 0x00, 0x00, 0x00, 0x00, 0x00, 0x00, 0x00, 0x00, 0x00, 0x00, 0x00, 0x00, 0x00, 0x00, 0x00, 0x00, 0x00, 0x00, 0x00, 0x00, 0x00, 0x00, 0x00, 0x00, 0x00, 0x00, 
0x00, 0x00, 0x00, 0x00, 0x00, 0x00, 0x00, 0x00, 0x00, 0x00, 0x00, 0x00, 0x00, 0x00, 0x00, 0x00, 0x00, 0x00, 0x00, 0x00, 0x00, 0x00, 0x00, 0x00, 0x00, 0x00, 0x00, 0x00, 0x00, 0x00, 0x00, 0x00, 0x00, 0x00, 0x00, 0x00, 
0x00, 0x00, 0x00, 0x00, 0x00, 0x00, 0x00, 0x00, 0x00, 0x00, 0x00, 0x00, 0x00, 0x00, 0x00, 0x00, 0x00, 0x00, 0x00, 0x00, 0x00, 0x00, 0x00, 0x00, 0x00, 0x00, 0x00, 0x00, 0x00, 0x00, 0x00, 0x00, 0x00, 0x00, 0x00, 0x00, 
0x00, 0x00, 0x00, 0x00, 0x00, 0x00, 0x00, 0x00, 0x00, 0x00, 0x00, 0x00, 0x00, 0x00, 0x00, 0x00, 0x00, 0x00, 0x00, 0x00, 0x00, 0x00, 0x00, 0x00, 0x00, 0x00, 0x00, 0x00, 0x00, 0x00, 0x00, 0x00, 0x00, 0x00, 0x00, 0x00, 
0x00, 0x00, 0x00, 0x00, 0x00, 0x00, 0x00, 0x00, 0x00, 0x00, 0x00, 0x00, 0x00, 0x00, 0x00, 0x00, 0x00, 0x00, 0x00, 0x00, 0x00, 0x00, 0x00, 0x00, 0x00, 0x00, 0x00, 0x00, 0x00, 0x00, 0x00, 0x00, 0x00, 0x00, 0x00, 0x00, 
0x00, 0x00, 0x00, 0x00, 0x00, 0x00, 0x00, 0x00, 0x00, 0x00, 0x00, 0x00, 0x00, 0x00, 0x00, 0x00, 0x00, 0x00, 0x00, 0x00, 0x00, 0x00, 0x00, 0x00, 0x00, 0x00, 0x00, 0x00, 0x00, 0x00, 0x00, 0x00, 0x00, 0x00, 0x00, 0x00, 
0x00, 0x00, 0x00, 0x00, 0x00, 0x00, 0x00, 0x00, 0x00, 0x00, 0x00, 0x00, 0x00, 0x00, 0x00, 0x00, 0x00, 0x00, 0x00, 0x00, 0x00, 0x00, 0x00, 0x00, 0x00, 0x00, 0x00, 0x00, 0x00, 0x00, 0x00, 0x00, 0x00, 0x00, 0x00, 0x00, 
0x00, 0x00, 0x00, 0x00, 0x00, 0x00, 0x00, 0x00, 0x00, 0x00, 0x00, 0x00, 0x00, 0x00, 0x00, 0x00, 0x00, 0x00, 0x00, 0x00, 0x00, 0x00, 0x00, 0x00, 0x00, 0x00, 0x00, 0x00, 0x00, 0x00, 0x00, 0x00, 0x00, 0x00, 0x00, 0x00, 
0x00, 0x00, 0x00, 0x00, 0x00, 0x00, 0x00, 0x00, 0x00, 0x00, 0x00, 0x00, 0x00, 0x00, 0x00, 0x00, 0x00, 0x00, 0x00, 0x00, 0x00, 0x00, 0x00, 0x00, 0x00, 0x00, 0x00, 0x00, 0x00, 0x00, 0x00, 0x00, 0x00, 0x00, 0x00, 0x00, 
0x00, 0x00, 0x00, 0x00, 0x00, 0x00, 0x00, 0x00, 0x00, 0x00, 0x00, 0x00, 0x00, 0x00, 0x00, 0x00, 0x00, 0x00, 0x00, 0x00, 0x00, 0x00, 0x00, 0x00, 0x00, 0x00, 0x00, 0x00, 0x00, 0x00, 0x00, 0x00, 0x00, 0x00, 0x00, 0x00, 
0x00, 0x00, 0x00, 0x00, 0x00, 0x00, 0x00, 0x00, 0x00, 0x00, 0x00, 0x00, 0x00, 0x00, 0x00, 0x00, 0x00, 0x00, 0x00, 0x00, 0x00, 0x00, 0x00, 0x00, 0x00, 0x00, 0x00, 0x00, 0x00, 0x00, 0x00, 0x00, 0x00, 0x00, 0x00, 0x00, 
0x00, 0x00, 0x00, 0x00, 0x00, 0x00, 0x00, 0x00, 0x00, 0x00, 0x00, 0x00, 0x00, 0x00, 0x00, 0x00, 0x00, 0x00, 0x00, 0x00, 0x00, 0x00, 0x00, 0x00, 0x00, 0x00, 0x00, 0x00, 0x00, 0x00, 0x00, 0x00, 0x00, 0x00, 0x00, 0x00, 
0x00, 0x00, 0x00, 0x00, 0x00, 0x00, 0x00, 0x00, 0x00, 0x00, 0x00, 0x00, 0x00, 0x00, 0x00, 0x00, 0x00, 0x00, 0x00, 0x00, 0x00, 0x00, 0x00, 0x00, 0x00, 0x00, 0x00, 0x00, 0x00, 0x00, 0x00, 0x00, 0x00, 0x00, 0x00, 0x00, 
0x00, 0x00, 0x00, 0x00, 0x00, 0x00, 0x00, 0x00, 0x00, 0x00, 0x00, 0x00, 0x00, 0x00, 0x00, 0x00, 0x00, 0x00, 0x00, 0x00, 0x00, 0x00, 0x00, 0x00, 0x00, 0x00, 0x00, 0x00, 0x00, 0x00, 0x00, 0x00, 0x00, 0x00, 0x00, 0x00, 
0x00, 0x00, 0x00, 0x00, 0x00, 0x00, 0x00, 0x00, 0x00, 0x00, 0x00, 0x00, 0x00, 0x00, 0x00, 0x00, 0x00, 0x00, 0x00, 0x00, 0x00, 0x00, 0x00, 0x00, 0x00, 0x00, 0x00, 0x00, 0x00, 0x00, 0x00, 0x00, 0x00, 0x00, 0x00, 0x00, 
0x00, 0x00, 0x00, 0x00, 0x00, 0x00, 0x00, 0x00, 0x00, 0x00, 0x00, 0x00, 0x00, 0x00, 0x00, 0x00, 0x00, 0x00, 0x00, 0x00, 0x00, 0x00, 0x00, 0x00, 0x00, 0x00, 0x00, 0x00, 0x00, 0x00, 0x00, 0x00, 0x00, 0x00, 0x00, 0x00, 
0x00, 0x00, 0x00, 0x00, 0x00, 0x00, 0x00, 0x00, 0x00, 0x00, 0x00, 0x00, 0x00, 0x00, 0x00, 0x00, 0x00, 0x00, 0x00, 0x00, 0x00, 0x00, 0x00, 0x00, 0x00, 0x00, 0x00, 0x00, 0x00, 0x00, 0x00, 0x00, 0x00, 0x00, 0x00, 0x00, 
0x00, 0x00, 0x00, 0x00, 0x00, 0x00, 0x00, 0x00, 0x00, 0x00, 0x00, 0x00, 0x00, 0x00, 0x00, 0x00, 0x00, 0x00, 0x00, 0x00, 0x00, 0x00, 0x00, 0x00, 0x00, 0x00, 0x00, 0x00, 0x00, 0x00, 0x00, 0x00, 0x00, 0x00, 0x00, 0x00, 
0x00, 0x00, 0x00, 0x00, 0x00, 0x00, 0x00, 0x00, 0x00, 0x00, 0x00, 0x00, 0x00, 0x00, 0x00, 0x00, 0x00, 0x00, 0x00, 0x00, 0x00, 0x00, 0x00, 0x00, 0x00, 0x00, 0x00, 0x00, 0x00, 0x00, 0x00, 0x00, 0x00, 0x00, 0x00, 0x00, 
0x00, 0x00, 0x00, 0x00, 0x00, 0x00, 0x00, 0x00, 0x00, 0x00, 0x00, 0x00, 0x00, 0x00, 0x00, 0x00, 0x00, 0x00, 0x00, 0x00, 0x00, 0x00, 0x00, 0x00, 0x00, 0x00, 0x00, 0x00, 0x00, 0x00, 0x00, 0x00, 0x00, 0x00, 0x00, 0x00, 
0x00, 0x00, 0x00, 0x00, 0x00, 0x00, 0x00, 0x00, 0x00, 0x00, 0x00, 0x00, 0x00, 0x00, 0x00, 0x00, 0x00, 0x00, 0x00, 0x00, 0x00, 0x00, 0x00, 0x00, 0x00, 0x00, 0x00, 0x00, 0x00, 0x00, 0x00, 0x00, 0x00, 0x00, 0x00, 0x00, 
0x00, 0x00, 0x00, 0x00, 0x00, 0x00, 0x00, 0x00, 0x00, 0x00, 0x00, 0x00, 0x00, 0x00, 0x00, 0x00, 0x00, 0x00, 0x00, 0x00, 0x00, 0x00, 0x00, 0x00, 0x00, 0x00, 0x00, 0x00, 0x00, 0x00, 0x00, 0x00, 0x00, 0x00, 0x00, 0x00, 
0x00, 0x00, 0x00, 0x00, 0x00, 0x00, 0x00, 0x00, 0x00, 0x00, 0x00, 0x00, 0x00, 0x00, 0x00, 0x00, 0x00, 0x00, 0x00, 0x00, 0x00, 0x00, 0x00, 0x00, 0x00, 0x00, 0x00, 0x00, 0x00, 0x00, 0x00, 0x00, 0x00, 0x00, 0x00, 0x00, 
0x00, 0x00, 0x00, 0x00, 0x00, 0x00, 0x00, 0x00, 0x00, 0x00, 0x00, 0x00, 0x00, 0x00, 0x00, 0x00, 0x00, 0x00, 0x00, 0x00, 0x00, 0x00, 0x00, 0x00, 0x00, 0x00, 0x00, 0x00, 0x00, 0x00, 0x00, 0x00, 0x00, 0x00, 0x00, 0x00, 
0x00, 0x00, 0x00, 0x00, 0x00, 0x00, 0x00, 0x00, 0x00, 0x00, 0x00, 0x00, 0x00, 0x00, 0x00, 0x00, 0x00, 0x00, 0x00, 0x00, 0x00, 0x00, 0x00, 0x00, 0x00, 0x00, 0x00, 0x00, 0x00, 0x00, 0x00, 0x00, 0x00, 0x00, 0x00, 0x00, 
0x00, 0x00, 0x00, 0x00, 0x00, 0x00, 0x00, 0x00, 0x00, 0x00, 0x00, 0x00, 0x00, 0x00, 0x00, 0x00, 0x00, 0x00, 0x00, 0x00, 0x00, 0x00, 0x00, 0x00, 0x00, 0x00, 0x00, 0x00, 0x00, 0x00, 0x00, 0x00, 0x00, 0x00, 0x00, 0x00, 
0x00, 0x00, 0x00, 0x00, 0x00, 0x00, 0x00, 0x00, 0x00, 0x00, 0x00, 0x00, 0x00, 0x00, 0x00, 0x00, 0x00, 0x00, 0x00, 0x00, 0x00, 0x00, 0x00, 0x00, 0x00, 0x00, 0x00, 0x00, 0x00, 0x00, 0x00, 0x00, 0x00, 0x00, 0x00, 0x00, 
0x00, 0x00, 0x00, 0x00, 0x00, 0x00, 0x00, 0x00, 0x00, 0x00, 0x00, 0x00, 0x00, 0x00, 0x00, 0x00, 0x00, 0x00, 0x00, 0x00, 0x00, 0x00, 0x00, 0x00, 0x00, 0x00, 0x00, 0x00, 0x00, 0x00, 0x00, 0x00, 0x00, 0x00, 0x00, 0x00, 
0x00, 0x00, 0x00, 0x00, 0x00, 0x00, 0x00, 0x00, 0x00, 0x00, 0x00, 0x00, 0x00, 0x00, 0x00, 0x00, 0x00, 0x00, 0x00, 0x00, 0x00, 0x00, 0x00, 0x00, 0x00, 0x00, 0x00, 0x00, 0x00, 0x00, 0x00, 0x00, 0x00, 0x00, 0x00, 0x00, 
0x00, 0x00, 0x00, 0x00, 0x00, 0x00, 0x00, 0x00, 0x00, 0x00, 0x00, 0x00, 0x00, 0x00, 0x00, 0x00, 0x00, 0x00, 0x00, 0x00, 0x00, 0x00, 0x00, 0x00, 0x00, 0x00, 0x00, 0x00, 0x00, 0x00, 0x00, 0x00, 0x00, 0x00, 0x00, 0x00, 
0x00, 0x00, 0x00, 0x00, 0x00, 0x00, 0x00, 0x00, 0x00, 0x00, 0x00, 0x00, 0x00, 0x00, 0x00, 0x00, 0x00, 0x00, 0x00, 0x00, 0x00, 0x00, 0x00, 0x00, 0x00, 0x00, 0x00, 0x00, 0x00, 0x00, 0x00, 0x00, 0x00, 0x00, 0x00, 0x00, 
0x00, 0x00, 0x00, 0x00, 0x00, 0x00, 0x00, 0x00, 0x00, 0x00, 0x00, 0x00, 0x00, 0x00, 0x00, 0x00, 0x00, 0x00, 0x00, 0x00, 0x00, 0x00, 0x00, 0x00, 0x00, 0x00, 0x00, 0x00, 0x00, 0x00, 0x00, 0x00, 0x00, 0x00, 0x00, 0x00, 
0x00, 0x00, 0x00, 0x00, 0x00, 0x00, 0x00, 0x00, 0x00, 0x00, 0x00, 0x00, 0x00, 0x00, 0x00, 0x00, 0x00, 0x00, 0x00, 0x00, 0x00, 0x00, 0x00, 0x00, 0x00, 0x00, 0x00, 0x00, 0x00, 0x00, 0x00, 0x00, 0x00, 0x00, 0x00, 0x00, 
0x00, 0x00, 0x00, 0x00, 0x00, 0x00, 0x00, 0x00, 0x00, 0x00, 0x00, 0x00, 0x00, 0x00, 0x00, 0x00, 0x00, 0x00, 0x00, 0x00, 0x00, 0x00, 0x00, 0x00, 0x00, 0x00, 0x00, 0x00, 0x00, 0x00, 0x00, 0x00, 0x00, 0x00, 0x00, 0x00, 
0x00, 0x00, 0x00, 0x00, 0x00, 0x00, 0x00, 0x00, 0x00, 0x00, 0x00, 0x00, 0x00, 0x00, 0x00, 0x00, 0x00, 0x00, 0x00, 0x00, 0x00, 0x00, 0x00, 0x00, 0x00, 0x00, 0x00, 0x00, 0x00, 0x00, 0x00, 0x00, 0x00, 0x00, 0x00, 0x00, 
0x00, 0x00, 0x00, 0x00, 0x00, 0x00, 0x00, 0x00, 0x00, 0x00, 0x00, 0x00, 0x00, 0x00, 0x00, 0x00, 0x00, 0x00, 0x00, 0x00, 0x00, 0x00, 0x00, 0x00, 0x00, 0x00, 0x00, 0x00, 0x00, 0x00, 0x00, 0x00, 0x00, 0x00, 0x00, 0x00, 
0x00, 0x00, 0x00, 0x00, 0x00, 0x00, 0x00, 0x00, 0x00, 0x00, 0x00, 0x00, 0x00, 0x00, 0x00, 0x00, 0x00, 0x00, 0x00, 0x00, 0x00, 0x00, 0x00, 0x00, 0x00, 0x00, 0x00, 0x00, 0x00, 0x00, 0x00, 0x00, 0x00, 0x00, 0x00, 0x00, 
0x00, 0x00, 0x00, 0x00, 0x00, 0x00, 0x00, 0x00, 0x00, 0x00, 0x00, 0x00, 0x00, 0x00, 0x00, 0x00, 0x00, 0x00, 0x00, 0x00, 0x00, 0x00, 0x00, 0x00, 0x00, 0x00, 0x00, 0x00, 0x00, 0x00, 0x00, 0x00, 0x00, 0x00, 0x00, 0x00, 
0x00, 0x00, 0x00, 0x00, 0x00, 0x00, 0x00, 0x00, 0x00, 0x00, 0x00, 0x00, 0x00, 0x00, 0x00, 0x00, 0x00, 0x00, 0x00, 0x00, 0x00, 0x00, 0x00, 0x00, 0x00, 0x00, 0x00, 0x00, 0x00, 0x00, 0x00, 0x00, 0x00, 0x00, 0x00, 0x00, 
0x00, 0x00, 0x00, 0x00, 0x00, 0x00, 0x00, 0x00, 0x00, 0x00, 0x00, 0x00, 0x00, 0x00, 0x00, 0x00, 0x00, 0x00, 0x00, 0x00, 0x00, 0x00, 0x00, 0x00, 0x00, 0x00, 0x00, 0x00, 0x00, 0x00, 0x00, 0x00, 0x00, 0x00, 0x00, 0x00, 
0x00, 0x00, 0x00, 0x00, 0x00, 0x00, 0x00, 0x00, 0x00, 0x00, 0x00, 0x00, 0x00, 0x00, 0x00, 0x00, 0x00, 0x00, 0x00, 0x00, 0x00, 0x00, 0x00, 0x00, 0x00, 0x00, 0x00, 0x00, 0x00, 0x00, 0x00, 0x00, 0x00, 0x00, 0x00, 0x00, 
0x00, 0x00, 0x00, 0x00, 0x00, 0x00, 0x00, 0x00, 0x00, 0x00, 0x00, 0x00, 0x00, 0x00, 0x00, 0x00, 0x00, 0x00, 0x00, 0x00, 0x00, 0x00, 0x00, 0x00, 0x00, 0x00, 0x00, 0x00, 0x00, 0x00, 0x00, 0x00, 0x00, 0x00, 0x00, 0x00, 
0x00, 0x00, 0x00, 0x00, 0x00, 0x00, 0x00, 0x00, 0x00, 0x00, 0x00, 0x00, 0x00, 0x00, 0x00, 0x00, 0x00, 0x00, 0x00, 0x00, 0x00, 0x00, 0x00, 0x00, 0x00, 0x00, 0x00, 0x00, 0x00, 0x00, 0x00, 0x00, 0x00, 0x00, 0x00, 0x00, 
0x00, 0x00, 0x00, 0x00, 0x00, 0x00, 0x00, 0x00, 0x00, 0x00, 0x00, 0x00, 0x00, 0x00, 0x00, 0x00, 0x00, 0x00, 0x00, 0x00, 0x00, 0x00, 0x00, 0x00, 0x00, 0x00, 0x00, 0x00, 0x00, 0x00, 0x00, 0x00, 0x00, 0x00, 0x00, 0x00, 
0x00, 0x00, 0x00, 0x00, 0x00, 0x00, 0x00, 0x00, 0x00, 0x00, 0x00, 0x00, 0x00, 0x00, 0x00, 0x00, 0x00, 0x00, 0x00, 0x00, 0x00, 0x00, 0x00, 0x00, 0x00, 0x00, 0x00, 0x00, 0x00, 0x00, 0x00, 0x00, 0x00, 0x00, 0x00, 0x00, 
0x00, 0x00, 0x00, 0x00, 0x00, 0x00, 0x00, 0x00, 0x00, 0x00, 0x00, 0x00, 0x00, 0x00, 0x00, 0x00, 0x00, 0x00, 0x00, 0x00, 0x00, 0x00, 0x00, 0x00, 0x00, 0x00, 0x00, 0x00, 0x00, 0x00, 0x00, 0x00, 0x00, 0x00, 0x00, 0x00, 
0x00, 0x00, 0x00, 0x00, 0x00, 0x00, 0x00, 0x00, 0x00, 0x00, 0x00, 0x00, 0x00, 0x00, 0x00, 0x00, 0x00, 0x00, 0x00, 0x00, 0x00, 0x00, 0x00, 0x00, 0x00, 0x00, 0x00, 0x00, 0x00, 0x00, 0x00, 0x00, 0x00, 0x00, 0x00, 0x00, 
0x00, 0x00, 0x00, 0x00, 0x00, 0x00, 0x00, 0x00, 0x00, 0x00, 0x00, 0x00, 0x00, 0x00, 0x00, 0x00, 0x00, 0x00, 0x00, 0x00, 0x00, 0x00, 0x00, 0x00, 0x00, 0x00, 0x00, 0x00, 0x00, 0x00, 0x00, 0x00, 0x00, 0x00, 0x00, 0x00, 
0x00, 0x00, 0x00, 0x00, 0x00, 0x00, 0x00, 0x00, 0x00, 0x00, 0x00, 0x00, 0x00, 0x00, 0x00, 0x00, 0x00, 0x00, 0x00, 0x00, 0x00, 0x00, 0x00, 0x00, 0x00, 0x00, 0x00, 0x00, 0x00, 0x00, 0x00, 0x00, 0x00, 0x00, 0x00, 0x00, 
0x00, 0x00, 0x00, 0x00, 0x00, 0x00, 0x00, 0x00, 0x00, 0x00, 0x00, 0x00, 0x00, 0x00, 0x00, 0x00, 0x00, 0x00, 0x00, 0x00, 0x00, 0x00, 0x00, 0x00, 0x00, 0x00, 0x00, 0x00, 0x00, 0x00, 0x00, 0x00, 0x00, 0x00, 0x00, 0x00, 
0x00, 0x00, 0x00, 0x00, 0x00, 0x00, 0x00, 0x00, 0x00, 0x00, 0x00, 0x00, 0x00, 0x00, 0x00, 0x00, 0x00, 0x00, 0x00, 0x00, 0x00, 0x00, 0x00, 0x00, 0x00, 0x00, 0x00, 0x00, 0x00, 0x00, 0x00, 0x00, 0x00, 0x00, 0x00, 0x00, 
0x00, 0x00, 0x00, 0x00, 0x00, 0x00, 0x00, 0x00, 0x00, 0x00, 0x00, 0x00, 0x00, 0x00, 0x00, 0x00, 0x00, 0x00, 0x00, 0x00, 0x00, 0x00, 0x00, 0x00, 0x00, 0x00, 0x00, 0x00, 0x00, 0x00, 0x00, 0x00, 0x00, 0x00, 0x00, 0x00, 
0x00, 0x00, 0x00, 0x00, 0x00, 0x00, 0x00, 0x00, 0x00, 0x00, 0x00, 0x00, 0x00, 0x00, 0x00, 0x00, 0x00, 0x00, 0x00, 0x00, 0x00, 0x00, 0x00, 0x00, 0x00, 0x00, 0x00, 0x00, 0x00, 0x00, 0x00, 0x00, 0x00, 0x00, 0x00, 0x00, 
0x00, 0x00, 0x00, 0x00, 0x00, 0x00, 0x00, 0x00, 0x00, 0x00, 0x00, 0x00, 0x00, 0x00, 0x00, 0x00, 0x00, 0x00, 0x00, 0x00, 0x00, 0x00, 0x00, 0x00, 0x00, 0x00, 0x00, 0x00, 0x00, 0x00, 0x00, 0x00, 0x00, 0x00, 0x00, 0x00, 
0x00, 0x00, 0x00, 0x00, 0x00, 0x00, 0x00, 0x00, 0x00, 0x00, 0x00, 0x00, 0x00, 0x00, 0x00, 0x00, 0x00, 0x00, 0x00, 0x00, 0x00, 0x00, 0x00, 0x00, 0x00, 0x00, 0x00, 0x00, 0x00, 0x00, 0x00, 0x00, 0x00, 0x00, 0x00, 0x00, 
0x00, 0x00, 0x00, 0x00, 0x00, 0x00, 0x00, 0x00, 0x00, 0x00, 0x00, 0x00, 0x00, 0x00, 0x00, 0x00, 0x00, 0x00, 0x00, 0x00, 0x00, 0x00, 0x00, 0x00, 0x00, 0x00, 0x00, 0x00, 0x00, 0x00, 0x00, 0x00, 0x00, 0x00, 0x00, 0x00, 
0x00, 0x00, 0x00, 0x00, 0x00, 0x00, 0x00, 0x00, 0x00, 0x00, 0x00, 0x00, 0x00, 0x00, 0x00, 0x00, 0x00, 0x00, 0x00, 0x00, 0x00, 0x00, 0x00, 0x00, 0x00, 0x00, 0x00, 0x00, 0x00, 0x00, 0x00, 0x00, 0x00, 0x00, 0x00, 0x00, 
0x00, 0x00, 0x00, 0x00, 0x00, 0x00, 0x00, 0x00, 0x00, 0x00, 0x00, 0x00, 0x00, 0x00, 0x00, 0x00, 0x00, 0x00, 0x00, 0x00, 0x00, 0x00, 0x00, 0x00, 0x00, 0x00, 0x00, 0x00, 0x00, 0x00, 0x00, 0x00, 0x00, 0x00, 0x00, 0x00, 
0x00, 0x00, 0x00, 0x00, 0x00, 0x00, 0x00, 0x00, 0x00, 0x00, 0x00, 0x00, 0x00, 0x00, 0x00, 0x00, 0x00, 0x00, 0x00, 0x00, 0x00, 0x00, 0x00, 0x00, 0x00, 0x00, 0x00, 0x00, 0x00, 0x00, 0x00, 0x00, 0x00, 0x00, 0x00, 0x00, 
0x00, 0x00, 0x00, 0x00, 0x00, 0x00, 0x00, 0x00, 0x00, 0x00, 0x00, 0x00, 0x00, 0x00, 0x00, 0x00, 0x00, 0x00, 0x00, 0x00, 0x00, 0x00, 0x00, 0x00, 0x00, 0x00, 0x00, 0x00, 0x00, 0x00, 0x00, 0x00, 0x00, 0x00, 0x00, 0x00, 
0x00, 0x00, 0x00, 0x00, 0x00, 0x00, 0x00, 0x00, 0x00, 0x00, 0x00, 0x00, 0x00, 0x00, 0x00, 0x00, 0x00, 0x00, 0x00, 0x00, 0x00, 0x00, 0x00, 0x00, 0x00, 0x00, 0x00, 0x00, 0x00, 0x00, 0x00, 0x00, 0x00, 0x00, 0x00, 0x00, 
0x00, 0x00, 0x00, 0x00, 0x00, 0x00, 0x00, 0x00, 0x00, 0x00, 0x00, 0x00, 0x00, 0x00, 0x00, 0x00, 0x00, 0x00, 0x00, 0x00, 0x00, 0x00, 0x00, 0x00, 0x00, 0x00, 0x00, 0x00, 0x00, 0x00, 0x00, 0x00, 0x00, 0x00, 0x00, 0x00, 
0x00, 0x00, 0x00, 0x00, 0x00, 0x00, 0x00, 0x00, 0x00, 0x00, 0x00, 0x00, 0x00, 0x00, 0x00, 0x00, 0x00, 0x00, 0x00, 0x00, 0x00, 0x00, 0x00, 0x00, 0x00, 0x00, 0x00, 0x00, 0x00, 0x00, 0x00, 0x00, 0x00, 0x00, 0x00, 0x00, 
0x00, 0x00, 0x00, 0x00, 0x00, 0x00, 0x00, 0x00, 0x00, 0x00, 0x00, 0x00, 0x00, 0x00, 0x00, 0x00, 0x00, 0x00, 0x00, 0x00, 0x00, 0x00, 0x00, 0x00, 0x00, 0x00, 0x00, 0x00, 0x00, 0x00, 0x00, 0x00, 0x00, 0x00, 0x00, 0x00, 
0x00, 0x00, 0x00, 0x00, 0x00, 0x00, 0x00, 0x00, 0x00, 0x00, 0x00, 0x00, 0x00, 0x00, 0x00, 0x00, 0x00, 0x00, 0x00, 0x00, 0x00, 0x00, 0x00, 0x00, 0x00, 0x00, 0x00, 0x00, 0x00, 0x00, 0x00, 0x00, 0x00, 0x00, 0x00, 0x00, 
0x00, 0x00, 0x00, 0x00, 0x00, 0x00, 0x00, 0x00, 0x00, 0x00, 0x00, 0x00, 0x00, 0x00, 0x00, 0x00, 0x00, 0x00, 0x00, 0x00, 0x00, 0x00, 0x00, 0x00, 0x00, 0x00, 0x00, 0x00, 0x00, 0x00, 0x00, 0x00, 0x00, 0x00, 0x00, 0x00, 
0x00, 0x00, 0x00, 0x00, 0x00, 0x00, 0x00, 0x00, 0x00, 0x00, 0x00, 0x00, 0x00, 0x00, 0x00, 0x00, 0x00, 0x00, 0x00, 0x00, 0x00, 0x00, 0x00, 0x00, 0x00, 0x00, 0x00, 0x00, 0x00, 0x00, 
};

const lv_img_dsc_t icon_manpro = {
  {
    LV_IMG_CF_TRUE_COLOR_ALPHA,
    0, 0,
    250, 55
  },
  41250,
  icon_manpro_map
};
