// Auto-generated LVGL v8 true-color (RGB565) image asset
// Source: ManPro logo, flattened onto splash background #0E1B0A
#include "lvgl.h"

#ifndef LV_ATTRIBUTE_IMG_MANPRO_LOGO
#define LV_ATTRIBUTE_IMG_MANPRO_LOGO
#endif

const LV_ATTRIBUTE_MEM_ALIGN LV_ATTRIBUTE_IMG_MANPRO_LOGO uint8_t manpro_logo_map[] = {
0xc1,0x08,0xc1,0x08,0xc1,0x08,0xc1,0x08,0xc1,0x08,0xc1,0x08,0xc1,0x08,0xc1,0x08,
0xc1,0x08,0xc1,0x08,0xc1,0x08,0xc1,0x08,0xc1,0x08,0xc1,0x08,0xc1,0x08,0xc1,0x08,
0xc1,0x08,0xc1,0x08,0xc1,0x08,0xc1,0x08,0xc1,0x08,0xc1,0x08,0xc1,0x08,0xc1,0x08,
0xc1,0x08,0xc1,0x08,0xc1,0x08,0xc1,0x08,0xc1,0x08,0xc1,0x08,0xc1,0x08,0xc1,0x08,
0xc1,0x08,0xc1,0x08,0xc1,0x08,0xc1,0x08,0xc1,0x08,0xc1,0x08,0xc1,0x08,0xc1,0x08,
0xc1,0x08,0xc1,0x08,0xc1,0x08,0xc1,0x08,0xc1,0x08,0xc1,0x08,0xc1,0x08,0xc1,0x08,
0xc1,0x08,0xc1,0x08,0xc1,0x08,0xc1,0x08,0xc1,0x08,0xc1,0x08,0xc1,0x08,0xc1,0x08,
0xc1,0x08,0xc1,0x08,0xc1,0x08,0xc1,0x08,0xc1,0x08,0xc1,0x08,0xc1,0x08,0xc1,0x08,
0xc1,0x08,0xc1,0x08,0xc1,0x08,0xc1,0x08,0xc1,0x08,0xc1,0x08,0xc1,0x08,0xc1,0x08,
0xc1,0x08,0xc1,0x08,0xc1,0x08,0xc1,0x08,0xc1,0x08,0xc1,0x08,0xc1,0x08,0xc1,0x08,
0xc1,0x08,0xc1,0x08,0xc1,0x08,0xc1,0x08,0xc1,0x08,0xc1,0x08,0xc1,0x08,0xc1,0x08,
0xc1,0x08,0xc1,0x08,0xc1,0x08,0xc1,0x08,0xc1,0x08,0xc1,0x08,0xc1,0x08,0xc1,0x08,
0xc1,0x08,0xc1,0x08,0xc1,0x08,0xc1,0x08,0xc1,0x08,0xc1,0x08,0xc1,0x08,0xc1,0x08,
0xc1,0x08,0xc1,0x08,0xc1,0x08,0xc1,0x08,0xc1,0x08,0xc1,0x08,0xc1,0x08,0xc1,0x08,
0xc1,0x08,0xc1,0x08,0xc1,0x08,0xc1,0x08,0xc1,0x08,0xc1,0x08,0xc1,0x08,0xc1,0x08,
0xc1,0x08,0xc1,0x08,0xc1,0x08,0xc1,0x08,0xc1,0x08,0xc1,0x08,0xc1,0x08,0xc1,0x08,
0xc1,0x08,0xc1,0x08,0xc1,0x08,0xc1,0x08,0xc1,0x08,0xc1,0x08,0xc1,0x08,0xc1,0x08,
0xc1,0x08,0xc1,0x08,0xc1,0x08,0xc1,0x08,0xc1,0x08,0xc1,0x08,0xc1,0x08,0xc1,0x08,
0xc1,0x08,0xc1,0x08,0xc1,0x08,0xc1,0x08,0xc1,0x08,0xc1,0x08,0xc1,0x08,0xc1,0x08,
0xc1,0x08,0xc1,0x08,0xc1,0x08,0xc1,0x08,0xc1,0x08,0xc1,0x08,0xc1,0x08,0xc1,0x08,
0xc1,0x08,0xc1,0x08,0xc1,0x08,0xc1,0x08,0xc1,0x08,0xc1,0x08,0xc1,0x08,0xc1,0x08,
0xc1,0x08,0xc1,0x08,0xc1,0x08,0xc1,0x08,0xc1,0x08,0xc1,0x08,0xc1,0x08,0xc1,0x08,
0xc1,0x08,0xc1,0x08,0xc1,0x08,0xc1,0x08,0xc1,0x08,0xc1,0x08,0xc1,0x08,0xc1,0x08,
0xc1,0x08,0xc1,0x08,0xc1,0x08,0xc1,0x08,0xc1,0x08,0xc1,0x08,0xc1,0x08,0xc1,0x08,
0xc1,0x08,0xc1,0x08,0xc1,0x08,0xc1,0x08,0xc1,0x08,0xc1,0x08,0xc1,0x08,0xc1,0x08,
0xc1,0x08,0xc1,0x08,0xc1,0x08,0xc1,0x08,0xc1,0x08,0xc1,0x08,0xc1,0x08,0xc1,0x08,
0xc1,0x08,0xc1,0x08,0xc1,0x08,0xc1,0x08,0xc1,0x08,0xc1,0x08,0xc1,0x08,0xc1,0x08,
0xc1,0x08,0xc1,0x08,0xc1,0x08,0xc1,0x08,0xc1,0x08,0xc1,0x08,0xc1,0x08,0xc1,0x08,
0xc1,0x08,0xc1,0x08,0xc1,0x08,0xc1,0x08,0xc1,0x08,0xc1,0x08,0xc1,0x08,0xc1,0x08,
0xc1,0x08,0xc1,0x08,0xc1,0x08,0xc1,0x08,0xc1,0x08,0xc1,0x08,0xc1,0x08,0xc1,0x08,
0xc1,0x08,0xc1,0x08,0xc1,0x08,0xc1,0x08,0xc1,0x08,0xc1,0x08,0xc1,0x08,0xc1,0x08,
0xc1,0x08,0xc1,0x08,0xc1,0x08,0xc1,0x08,0xc1,0x08,0xc1,0x08,0xc1,0x08,0xc1,0x08,
0xc1,0x08,0xc1,0x08,0xc1,0x08,0xc1,0x08,0xc1,0x08,0xc1,0x08,0xc1,0x08,0xc1,0x08,
0xc1,0x08,0xc1,0x08,0xc1,0x08,0xc1,0x08,0xc1,0x08,0xc1,0x08,0xc1,0x08,0xc1,0x08,
0xc1,0x08,0xc1,0x08,0xc1,0x08,0xc1,0x08,0xc1,0x08,0xc1,0x08,0xc1,0x08,0xc1,0x08,
0xc1,0x08,0xc1,0x08,0xc1,0x08,0xc1,0x08,0xc1,0x08,0xc1,0x08,0xc1,0x08,0xc1,0x08,
0xc1,0x08,0xc1,0x08,0xc1,0x08,0xc1,0x08,0xc1,0x08,0xc1,0x08,0xc1,0x08,0xc1,0x08,
0xc1,0x08,0xc1,0x08,0xc1,0x08,0xc1,0x08,0xc1,0x08,0xc1,0x08,0xc1,0x08,0xc1,0x08,
0xc1,0x08,0xc1,0x08,0xc1,0x08,0xc1,0x08,0xc1,0x08,0xc1,0x08,0xc1,0x08,0xc1,0x08,
0xc1,0x08,0xc1,0x08,0xc1,0x08,0xc1,0x08,0xc1,0x08,0xc1,0x08,0xc1,0x08,0xc1,0x08,
0xc1,0x08,0xc1,0x08,0xc1,0x08,0xc1,0x08,0xc1,0x08,0xc1,0x08,0xc1,0x08,0xc1,0x08,
0xc1,0x08,0xc1,0x08,0xc1,0x08,0xc1,0x08,0xc1,0x08,0xc1,0x08,0xc1,0x08,0xc1,0x08,
0xc1,0x08,0xc1,0x08,0xc1,0x08,0xc1,0x08,0xc1,0x08,0xc1,0x08,0xc1,0x08,0xc1,0x08,
0xc1,0x08,0xc1,0x08,0xc1,0x08,0xc1,0x08,0xc1,0x08,0xc1,0x08,0xc1,0x08,0xc1,0x08,
0xc1,0x08,0xc1,0x08,0xc1,0x08,0xc1,0x08,0xc1,0x08,0xc1,0x08,0xc1,0x08,0xc1,0x08,
0xc1,0x08,0xc1,0x08,0xc1,0x08,0xc1,0x08,0xc1,0x08,0xc1,0x08,0xc1,0x08,0xc1,0x08,
0xc1,0x08,0xc1,0x08,0xc1,0x08,0xc1,0x08,0xc1,0x08,0xc1,0x08,0xc1,0x08,0xc1,0x08,
0xc1,0x08,0xc1,0x08,0xc1,0x08,0xc1,0x08,0xc1,0x08,0xc1,0x08,0xc1,0x08,0xc1,0x08,
0xc1,0x08,0xc1,0x08,0xc1,0x08,0xc1,0x08,0xc1,0x08,0xc1,0x08,0xc1,0x08,0xc1,0x08,
0xc1,0x08,0xc1,0x08,0xc1,0x08,0xc1,0x08,0xc1,0x08,0xc1,0x08,0xc1,0x08,0xc1,0x08,
0xc1,0x08,0xc1,0x08,0xc1,0x08,0xc1,0x08,0xc1,0x08,0xc1,0x08,0xc1,0x08,0xc1,0x08,
0xc1,0x08,0xc1,0x08,0xc1,0x08,0xc1,0x08,0xc1,0x08,0xc1,0x08,0xc1,0x08,0xc1,0x08,
0xc1,0x08,0xc1,0x08,0xc1,0x08,0xc1,0x08,0xc1,0x08,0xc1,0x08,0xc1,0x08,0xc1,0x08,
0xc1,0x08,0xc1,0x08,0xc1,0x08,0xc1,0x08,0xc1,0x08,0xc1,0x08,0xc1,0x08,0xc1,0x08,
0xc1,0x08,0xc1,0x08,0xc1,0x08,0xc1,0x08,0xc1,0x08,0xc1,0x08,0xc1,0x08,0xc1,0x08,
0xc1,0x08,0xc1,0x08,0xc1,0x08,0xc1,0x08,0xc1,0x08,0xc1,0x08,0xc1,0x08,0xc1,0x08,
0xc1,0x08,0xc1,0x08,0xc1,0x08,0xc1,0x08,0xc1,0x08,0xc1,0x08,0xc1,0x08,0xc1,0x08,
0xc1,0x08,0xc1,0x08,0xc1,0x08,0xc1,0x08,0xc1,0x08,0xc1,0x08,0xc1,0x08,0xc1,0x08,
0xc1,0x08,0xc1,0x08,0xc1,0x08,0xc1,0x08,0xc1,0x08,0xc1,0x08,0xc1,0x08,0xc1,0x08,
0xc1,0x08,0xc1,0x08,0xc1,0x08,0xc1,0x08,0xc1,0x08,0xc1,0x08,0xc1,0x08,0xc1,0x08,
0xc1,0x08,0xc1,0x08,0xc1,0x08,0xc1,0x08,0xc1,0x08,0xc1,0x08,0xc1,0x08,0xc1,0x08,
0xc1,0x08,0xc1,0x08,0xc1,0x08,0xc1,0x08,0xc1,0x08,0xc1,0x08,0xc1,0x08,0xc1,0x08,
0xc1,0x08,0xc1,0x08,0xc1,0x08,0xc1,0x08,0xc1,0x08,0xc1,0x08,0xc1,0x08,0xc1,0x08,
0xc1,0x08,0xc1,0x08,0xc1,0x08,0xc1,0x08,0xc1,0x08,0xc1,0x08,0xc1,0x08,0xc1,0x08,
0xc1,0x08,0xc1,0x08,0xc1,0x08,0xc1,0x08,0xc1,0x08,0xc1,0x08,0xc1,0x08,0xc1,0x08,
0xc1,0x08,0xc1,0x08,0xc1,0x08,0xc1,0x08,0xc1,0x08,0xc1,0x08,0xc1,0x08,0xc1,0x08,
0xc1,0x08,0xc1,0x08,0xc1,0x08,0xc1,0x08,0xc1,0x08,0xc1,0x08,0xc1,0x08,0xc1,0x08,
0xc1,0x08,0xc1,0x08,0xc1,0x08,0xc1,0x08,0xc1,0x08,0xc1,0x08,0xc1,0x08,0xc1,0x08,
0xc1,0x08,0xc1,0x08,0xc1,0x08,0xc1,0x08,0xc1,0x08,0xc1,0x08,0xc1,0x08,0xc1,0x08,
0xc1,0x08,0xc1,0x08,0xc1,0x08,0xc1,0x08,0xc1,0x08,0xc1,0x08,0xc1,0x08,0xc1,0x08,
0xc1,0x08,0xc1,0x08,0xc1,0x08,0xc1,0x08,0xc1,0x08,0xc1,0x08,0xc1,0x08,0xc1,0x08,
0xc1,0x08,0xc1,0x08,0xc1,0x08,0xc1,0x08,0xc1,0x08,0xc1,0x08,0xc1,0x08,0xc1,0x08,
0xc1,0x08,0xc1,0x08,0xc1,0x08,0xc1,0x08,0xc1,0x08,0xc1,0x08,0xc1,0x08,0xc1,0x08,
0xc1,0x08,0xc1,0x08,0xc1,0x08,0xc1,0x08,0xc1,0x08,0xc1,0x08,0xc1,0x08,0xc1,0x08,
0xc1,0x08,0xc1,0x08,0xc1,0x08,0xc1,0x08,0xc1,0x08,0xc1,0x08,0xc1,0x08,0xc1,0x08,
0xc1,0x08,0xc1,0x08,0xc1,0x08,0xc1,0x08,0xc1,0x08,0xc1,0x08,0xc1,0x08,0xc1,0x08,
0xc1,0x08,0xc1,0x08,0xc1,0x08,0xc1,0x08,0xc1,0x08,0xc1,0x08,0xc1,0x08,0xc1,0x08,
0xc1,0x08,0xc1,0x08,0xc1,0x08,0xc1,0x08,0xc1,0x08,0xc1,0x08,0xc1,0x08,0xc1,0x08,
0xc1,0x08,0xc1,0x08,0xc1,0x08,0xc1,0x08,0xc1,0x08,0xc1,0x08,0xc1,0x08,0xc1,0x08,
0xc1,0x08,0xc1,0x08,0xc1,0x08,0xc1,0x08,0xc1,0x08,0xc1,0x08,0xc1,0x08,0xc1,0x08,
0xc1,0x08,0xc1,0x08,0xc1,0x08,0xc1,0x08,0xc1,0x08,0xc1,0x08,0xc1,0x08,0xc1,0x08,
0xc1,0x08,0xc1,0x08,0xc1,0x08,0xc1,0x08,0xc1,0x08,0xc1,0x08,0xc1,0x08,0xc1,0x08,
0xc1,0x08,0xc1,0x08,0xc1,0x08,0xc1,0x08,0xc1,0x08,0xc1,0x08,0xc1,0x08,0xc1,0x08,
0xc1,0x08,0xc1,0x08,0xc1,0x08,0xc1,0x08,0xc1,0x08,0xc1,0x08,0xc1,0x08,0xc1,0x08,
0xc1,0x08,0xc1,0x08,0xc1,0x08,0xc1,0x08,0xc1,0x08,0xc1,0x08,0xc1,0x08,0xc1,0x08,
0xc1,0x08,0xc1,0x08,0xc1,0x08,0xc1,0x08,0xc1,0x08,0xc1,0x08,0xc1,0x08,0xc1,0x08,
0xc1,0x08,0xc1,0x08,0xc1,0x08,0xc1,0x08,0xc1,0x08,0xc1,0x08,0xc1,0x08,0xc1,0x08,
0xc1,0x08,0xc1,0x08,0xc1,0x08,0xc1,0x08,0xc1,0x08,0xc1,0x08,0xc1,0x08,0xc1,0x08,
0xc1,0x08,0xc1,0x08,0xc1,0x08,0xc1,0x08,0xc1,0x08,0xc1,0x08,0xc1,0x08,0xc1,0x08,
0xc1,0x08,0xc1,0x08,0xc1,0x08,0xc1,0x08,0xc1,0x08,0xc1,0x08,0xc1,0x08,0xc1,0x08,
0xc1,0x08,0xc1,0x08,0xc1,0x08,0xc1,0x08,0xc1,0x08,0xc1,0x08,0xc1,0x08,0xc1,0x08,
0xc1,0x08,0xc1,0x08,0xc1,0x08,0xc1,0x08,0xc1,0x08,0xc1,0x08,0xc1,0x08,0xc1,0x08,
0xc1,0x08,0xc1,0x08,0xc1,0x08,0xc1,0x08,0xc1,0x08,0xc1,0x08,0xc1,0x08,0xc1,0x08,
0xc1,0x08,0xc1,0x08,0xc1,0x08,0xc1,0x08,0xc1,0x08,0xc1,0x08,0xc1,0x08,0xc1,0x08,
0xc1,0x08,0xc1,0x08,0xc1,0x08,0xc1,0x08,0xc1,0x08,0xc1,0x08,0xc1,0x08,0xc1,0x08,
0xc1,0x08,0xc1,0x08,0xc1,0x08,0xc1,0x08,0xc1,0x08,0xc1,0x08,0xc1,0x08,0xc1,0x08,
0xc1,0x08,0xc1,0x08,0xc1,0x08,0xc1,0x08,0xc1,0x08,0xc1,0x08,0xc1,0x08,0xc1,0x08,
0xc1,0x08,0xc1,0x08,0xc1,0x08,0xc1,0x08,0xc1,0x08,0xc1,0x08,0xc1,0x08,0xc1,0x08,
0xc1,0x08,0xc1,0x08,0xc1,0x08,0xc1,0x08,0xc1,0x08,0xc1,0x08,0xc1,0x08,0xc1,0x08,
0xc1,0x08,0xc1,0x08,0xc1,0x08,0xc1,0x08,0xc1,0x08,0xc1,0x08,0xc1,0x08,0xc1,0x08,
0xc1,0x08,0xc1,0x08,0xc1,0x08,0xc1,0x08,0xc1,0x08,0xc1,0x08,0xc1,0x08,0xc1,0x08,
0xc1,0x08,0xc1,0x08,0xc1,0x08,0xc1,0x08,0xc1,0x08,0xc1,0x08,0xc1,0x08,0xc1,0x08,
0xc1,0x08,0xc1,0x08,0xc1,0x08,0xc1,0x08,0xc1,0x08,0xc1,0x08,0xc1,0x08,0xc1,0x08,
0xc1,0x08,0xc1,0x08,0xc1,0x08,0xc1,0x08,0xc1,0x08,0xc1,0x08,0xc1,0x08,0xc1,0x08,
0xc1,0x08,0xc1,0x08,0xc1,0x08,0xc1,0x08,0xc1,0x08,0xc1,0x08,0xc1,0x08,0xc1,0x08,
0xc1,0x08,0xc1,0x08,0xc1,0x08,0xc1,0x08,0xc1,0x08,0xc1,0x08,0xc1,0x08,0xc1,0x08,
0xc1,0x08,0xc1,0x08,0xc1,0x08,0xc1,0x08,0xc1,0x08,0xc1,0x08,0xc1,0x08,0xc1,0x08,
0xc1,0x08,0xc1,0x08,0xc1,0x08,0xc1,0x08,0xc1,0x08,0xc1,0x08,0xc1,0x08,0xc1,0x08,
0xc1,0x08,0xc1,0x08,0xc1,0x08,0xc1,0x08,0xc1,0x08,0xc1,0x08,0xc1,0x08,0xc1,0x08,
0xc1,0x08,0xc1,0x08,0xc1,0x08,0xc1,0x08,0xc1,0x08,0xc1,0x08,0xc1,0x08,0xc1,0x08,
0xc1,0x08,0xc1,0x08,0xc1,0x08,0xc1,0x08,0xc1,0x08,0xc1,0x08,0xc1,0x08,0xc1,0x08,
0xc1,0x08,0xc1,0x08,0xc1,0x08,0xc1,0x08,0xc1,0x08,0xc1,0x08,0xc1,0x08,0xc1,0x08,
0xc1,0x08,0xc1,0x08,0xc1,0x08,0xc1,0x08,0xc1,0x08,0xc1,0x08,0xc1,0x08,0xc1,0x08,
0xc1,0x08,0xc1,0x08,0xc1,0x08,0xc1,0x08,0xc1,0x08,0xc1,0x08,0xc1,0x08,0xc1,0x08,
0xc1,0x08,0xc1,0x08,0xc1,0x08,0xc1,0x08,0xc1,0x08,0xc1,0x08,0xc1,0x08,0xc1,0x08,
0xc1,0x08,0xc1,0x08,0xc1,0x08,0xc1,0x08,0xc1,0x08,0xc1,0x08,0xc1,0x08,0xc1,0x08,
0xc1,0x08,0xc1,0x08,0xc1,0x08,0xc1,0x08,0xc1,0x08,0xc1,0x08,0xc1,0x08,0xc1,0x08,
0xc1,0x08,0xc1,0x08,0xc1,0x08,0xc1,0x08,0xc1,0x08,0xc1,0x08,0xc1,0x08,0xc1,0x08,
0xc1,0x08,0xc1,0x08,0xc1,0x08,0xc1,0x08,0xc1,0x08,0xc1,0x08,0xc1,0x08,0xc1,0x08,
0xc1,0x08,0xc1,0x08,0xc1,0x08,0xc1,0x08,0xc1,0x08,0xc1,0x08,0xc1,0x08,0xc1,0x08,
0xc1,0x08,0xc1,0x08,0xc1,0x08,0xc1,0x08,0xc1,0x08,0xc1,0x08,0xc1,0x08,0xc1,0x08,
0xc1,0x08,0xc1,0x08,0xc1,0x08,0xc1,0x08,0xc1,0x08,0xc1,0x08,0xc1,0x08,0xc1,0x08,
0xc1,0x08,0xc1,0x08,0xc1,0x08,0xc1,0x08,0xc1,0x08,0xc1,0x08,0xc1,0x08,0xc1,0x08,
0xc1,0x08,0xc1,0x08,0xc1,0x08,0xc1,0x08,0xc1,0x08,0xc1,0x08,0xc1,0x08,0xc1,0x08,
0xc1,0x08,0xc1,0x08,0xc1,0x08,0xc1,0x08,0xc1,0x08,0xc1,0x08,0xc1,0x08,0xc1,0x08,
0xc1,0x08,0xc1,0x08,0xc1,0x08,0xc1,0x08,0xc1,0x08,0xc1,0x08,0xc1,0x08,0xc1,0x08,
0xc1,0x08,0xc1,0x08,0xc1,0x08,0xc1,0x08,0xc1,0x08,0xc1,0x08,0xc1,0x08,0xc1,0x08,
0xc1,0x08,0xc1,0x08,0xc1,0x08,0xc1,0x08,0xc1,0x08,0xc1,0x08,0xc1,0x08,0xc1,0x08,
0xc1,0x08,0xc1,0x08,0xc1,0x08,0xc1,0x08,0xc1,0x08,0xc1,0x08,0xc1,0x08,0xc1,0x08,
0xc1,0x08,0xc1,0x08,0xc1,0x08,0xc1,0x08,0xc1,0x08,0xc1,0x08,0xc1,0x08,0xc1,0x08,
0xc1,0x08,0xc1,0x08,0xc1,0x08,0xc1,0x08,0xc1,0x08,0xc1,0x08,0xc1,0x08,0xc1,0x08,
0xc1,0x08,0xc1,0x08,0xc1,0x08,0xc1,0x08,0xc1,0x08,0xc1,0x08,0xc1,0x08,0xc1,0x08,
0xc1,0x08,0xc1,0x08,0xc1,0x08,0xc1,0x08,0xc1,0x08,0xc1,0x08,0xc1,0x08,0xc1,0x08,
0xc1,0x08,0xc1,0x08,0xc1,0x08,0xc1,0x08,0xc1,0x08,0xc1,0x08,0xc1,0x08,0xc1,0x08,
0xc1,0x08,0xc1,0x08,0xc1,0x08,0xc1,0x08,0xc1,0x08,0xc1,0x08,0xc1,0x08,0xc1,0x08,
0xc1,0x08,0xc1,0x08,0xc1,0x08,0xc1,0x08,0xc1,0x08,0xc1,0x08,0xc1,0x08,0xc1,0x08,
0xc1,0x08,0xc1,0x08,0xc1,0x08,0xc1,0x08,0xc1,0x08,0xc1,0x08,0xc1,0x08,0xc1,0x08,
0xc1,0x08,0xc1,0x08,0xc1,0x08,0xc1,0x08,0xc1,0x08,0xc1,0x08,0xc1,0x08,0xc1,0x08,
0xc1,0x08,0xc1,0x08,0xc1,0x08,0xc1,0x08,0xc1,0x08,0xc1,0x08,0xc1,0x08,0xc1,0x08,
0xc1,0x08,0xc1,0x08,0xc1,0x08,0xc1,0x08,0xc1,0x08,0xc1,0x08,0xc1,0x08,0xc1,0x08,
0xc1,0x08,0xc1,0x08,0xc1,0x08,0xc1,0x08,0xc1,0x08,0xc1,0x08,0xc1,0x08,0xc1,0x08,
0xc1,0x08,0xc1,0x08,0xc1,0x08,0xc1,0x08,0xc1,0x08,0xc1,0x08,0xc1,0x08,0xc1,0x08,
0xc1,0x08,0xc1,0x08,0xc1,0x08,0xc1,0x08,0xc1,0x08,0xc1,0x08,0xc1,0x08,0xc1,0x08,
0xc1,0x08,0xc1,0x08,0xc1,0x08,0xc1,0x08,0xc1,0x08,0xc1,0x08,0xc1,0x08,0xc1,0x08,
0xc1,0x08,0xc1,0x08,0xc1,0x08,0xc1,0x08,0xc1,0x08,0xc1,0x08,0xc1,0x08,0xc1,0x08,
0xc1,0x08,0xc1,0x08,0xc1,0x08,0xc1,0x08,0xc1,0x08,0xc1,0x08,0xc1,0x08,0xc1,0x08,
0xc1,0x08,0xc1,0x08,0xc1,0x08,0xc1,0x08,0xc1,0x08,0xc1,0x08,0xc1,0x08,0xc1,0x08,
0xc1,0x08,0xc1,0x08,0xc1,0x08,0xc1,0x08,0xc1,0x08,0xc1,0x08,0xc1,0x08,0xc1,0x08,
0xc1,0x08,0xc1,0x08,0xc1,0x08,0xc1,0x08,0xc1,0x08,0xc1,0x08,0xc1,0x08,0xc1,0x08,
0xc1,0x08,0xc1,0x08,0xc1,0x08,0xc1,0x08,0xc1,0x08,0xc1,0x08,0xc1,0x08,0xc1,0x08,
0xc1,0x08,0xc1,0x08,0xc1,0x08,0xc1,0x08,0xc1,0x08,0xc1,0x08,0xc1,0x08,0xc1,0x08,
0xc1,0x08,0xc1,0x08,0xc1,0x08,0xc1,0x08,0xc1,0x08,0xc1,0x08,0xc1,0x08,0xc1,0x08,
0xc1,0x08,0xc1,0x08,0xc1,0x08,0xc1,0x08,0xc1,0x08,0xc1,0x08,0xc1,0x08,0xc1,0x08,
0xc1,0x08,0xc1,0x08,0xc1,0x08,0xc1,0x08,0xc1,0x08,0xc1,0x08,0xc1,0x08,0xc1,0x08,
0xc1,0x08,0xc1,0x08,0xc1,0x08,0xc1,0x08,0xc1,0x08,0xc1,0x08,0xc1,0x08,0xc1,0x08,
0xc1,0x08,0xc1,0x08,0xc1,0x08,0xc1,0x08,0xc1,0x08,0xc1,0x08,0xc1,0x08,0xc1,0x08,
0xc1,0x08,0xc1,0x08,0xc1,0x08,0xc1,0x08,0xc1,0x08,0xc1,0x08,0xc1,0x08,0xc1,0x08,
0xc1,0x08,0xc1,0x08,0xc1,0x08,0xc1,0x08,0xc1,0x08,0xc1,0x08,0xc1,0x08,0xc1,0x08,
0xc1,0x08,0xc1,0x08,0xc1,0x08,0xc1,0x08,0xc1,0x08,0xc1,0x08,0xc1,0x08,0xc1,0x08,
0xc1,0x08,0xc1,0x08,0xc1,0x08,0xc1,0x08,0xc1,0x08,0xc1,0x08,0xc1,0x08,0xc1,0x08,
0xc1,0x08,0xc1,0x08,0xc1,0x08,0xc1,0x08,0xc1,0x08,0xc1,0x08,0xc1,0x08,0xc1,0x08,
0xc1,0x08,0xc1,0x08,0xc1,0x08,0xc1,0x08,0xc1,0x08,0xc1,0x08,0xc1,0x08,0xc1,0x08,
0xc1,0x08,0xc1,0x08,0xc1,0x08,0xc1,0x08,0xc1,0x08,0xc1,0x08,0xc1,0x08,0xc1,0x08,
0xc1,0x08,0xc1,0x08,0xc1,0x08,0xc1,0x08,0xc1,0x08,0xc1,0x08,0xc1,0x08,0xc1,0x08,
0xc1,0x08,0xc1,0x08,0xc1,0x08,0xc1,0x08,0xc1,0x08,0xc1,0x08,0xc1,0x08,0xc1,0x08,
0xc1,0x08,0xc1,0x08,0xc1,0x08,0xc1,0x08,0xc1,0x08,0xc1,0x08,0xc1,0x08,0xc1,0x08,
0xc1,0x08,0xc1,0x08,0xc1,0x08,0xc1,0x08,0xc1,0x08,0xc1,0x08,0xc1,0x08,0xc1,0x08,
0xc1,0x08,0xc1,0x08,0xc1,0x08,0xc1,0x08,0xc1,0x08,0xc1,0x08,0xc1,0x08,0xc1,0x08,
0xc1,0x08,0xc1,0x08,0xc1,0x08,0xc1,0x08,0xc1,0x08,0xc1,0x08,0xc1,0x08,0xc1,0x08,
0xc1,0x08,0xc1,0x08,0xc1,0x08,0xc1,0x08,0xc1,0x08,0xc1,0x08,0xc1,0x08,0xc1,0x08,
0xc1,0x08,0xc1,0x08,0xc1,0x08,0xc1,0x08,0xc1,0x08,0xc1,0x08,0xc1,0x08,0xc1,0x08,
0xc1,0x08,0xc1,0x08,0xc1,0x08,0xc1,0x08,0xc1,0x08,0xc1,0x08,0xc1,0x08,0xc1,0x08,
0xc1,0x08,0xc1,0x08,0xc1,0x08,0xc1,0x08,0xc1,0x08,0xc1,0x08,0xc1,0x08,0xc1,0x08,
0xc1,0x08,0xc1,0x08,0xc1,0x08,0xc1,0x08,0xc1,0x08,0xc1,0x08,0xc1,0x08,0xc1,0x08,
0xc1,0x08,0xc1,0x08,0xc1,0x08,0xc1,0x08,0xc1,0x08,0xc1,0x08,0xc1,0x08,0xc1,0x08,
0xc1,0x08,0xc1,0x08,0xc1,0x08,0xc1,0x08,0xc1,0x08,0xc1,0x08,0xc1,0x08,0xc1,0x08,
0xc1,0x08,0xc1,0x08,0xc1,0x08,0xc1,0x08,0xc1,0x08,0xc1,0x08,0xc1,0x08,0xc1,0x08,
0xc1,0x08,0xc1,0x08,0xc1,0x08,0xc1,0x08,0xc1,0x08,0xc1,0x08,0xc1,0x08,0xc1,0x08,
0xc1,0x08,0xc1,0x08,0xc1,0x08,0xc1,0x08,0xc1,0x08,0xc1,0x08,0xc1,0x08,0xc1,0x08,
0xc1,0x08,0xc1,0x08,0xc1,0x08,0xc1,0x08,0xc1,0x08,0xc1,0x08,0xc1,0x08,0xc1,0x08,
0xc1,0x08,0xc1,0x08,0xc1,0x08,0xc1,0x08,0xc1,0x08,0xc1,0x08,0xc1,0x08,0xc1,0x08,
0xc1,0x08,0xc1,0x08,0xc1,0x08,0xc1,0x08,0xc1,0x08,0xc1,0x08,0xc1,0x08,0xc1,0x08,
0xc1,0x08,0xc1,0x08,0xc1,0x08,0xc1,0x08,0xc1,0x08,0xc1,0x08,0xc1,0x08,0xc1,0x08,
0xc1,0x08,0xc1,0x08,0xc1,0x08,0xc1,0x08,0xc1,0x08,0xc1,0x08,0xc1,0x08,0xc1,0x08,
0xc1,0x08,0xc1,0x08,0xc1,0x08,0xc1,0x08,0xc1,0x08,0xc1,0x08,0xc1,0x08,0xc1,0x08,
0xc1,0x08,0xc1,0x08,0xc1,0x08,0xc1,0x08,0xc1,0x08,0xc1,0x08,0xc1,0x08,0xc1,0x08,
0xc1,0x08,0xc1,0x08,0xc1,0x08,0xc1,0x08,0xc1,0x08,0xc1,0x08,0xc1,0x08,0xc1,0x08,
0xc1,0x08,0xc1,0x08,0xc1,0x08,0xc1,0x08,0xc1,0x08,0xc1,0x08,0xc1,0x08,0xc1,0x08,
0xc1,0x08,0xc1,0x08,0xc1,0x08,0xc1,0x08,0xc1,0x08,0xc1,0x08,0xc1,0x08,0xc1,0x08,
0xc1,0x08,0xc1,0x08,0xc1,0x08,0xc1,0x08,0xc1,0x08,0xc1,0x08,0xc1,0x08,0xc1,0x08,
0xc1,0x08,0xc1,0x08,0xc1,0x08,0xc1,0x08,0xc1,0x08,0xc1,0x08,0xc1,0x08,0xc1,0x08,
0xc1,0x08,0xc1,0x08,0xc1,0x08,0xc1,0x08,0xc1,0x08,0xc1,0x08,0xc1,0x08,0xc1,0x08,
0xc1,0x08,0xc1,0x08,0xc1,0x08,0xc1,0x08,0xc1,0x08,0xc1,0x08,0xc1,0x08,0xc1,0x08,
0xc1,0x08,0xc1,0x08,0xc1,0x08,0xc1,0x08,0xc1,0x08,0xc1,0x08,0xc1,0x08,0xc1,0x08,
0xc1,0x08,0xc1,0x08,0xc1,0x08,0xc1,0x08,0xc1,0x08,0xc1,0x08,0xc1,0x08,0xc1,0x08,
0xc1,0x08,0xc1,0x08,0xc1,0x08,0xc1,0x08,0xc1,0x08,0xc1,0x08,0xc1,0x08,0xc1,0x08,
0xc1,0x08,0xc1,0x08,0xc1,0x08,0xc1,0x08,0xc1,0x08,0xc1,0x08,0xc1,0x08,0xc1,0x08,
0xc1,0x08,0xc1,0x08,0xc1,0x08,0xc1,0x08,0xc1,0x08,0xc1,0x08,0xc1,0x08,0xc1,0x08,
0xc1,0x08,0xc1,0x08,0xc1,0x08,0xc1,0x08,0xc1,0x08,0xc1,0x08,0xc1,0x08,0xc1,0x08,
0xc1,0x08,0xc1,0x08,0xc1,0x08,0xc1,0x08,0xc1,0x08,0xc1,0x08,0xc1,0x08,0xc1,0x08,
0xc1,0x08,0xc1,0x08,0xc1,0x08,0xc1,0x08,0xc1,0x08,0xc1,0x08,0xc1,0x08,0xc1,0x08,
0xc1,0x08,0xc1,0x08,0xc1,0x08,0xc1,0x08,0xc1,0x08,0xc1,0x08,0xc1,0x08,0xc1,0x08,
0xc1,0x08,0xc1,0x08,0xc1,0x08,0xc1,0x08,0xc1,0x08,0xc1,0x08,0xc1,0x08,0xc1,0x08,
0xc1,0x08,0xc1,0x08,0xc1,0x08,0xc1,0x08,0xc1,0x08,0xc1,0x08,0xc1,0x08,0xc1,0x08,
0xc1,0x08,0xc1,0x08,0xc1,0x08,0xc1,0x08,0xc1,0x08,0xc1,0x08,0xc1,0x08,0xc1,0x08,
0xc1,0x08,0xc1,0x08,0xc1,0x08,0xc1,0x08,0xc1,0x08,0xc1,0x08,0xc1,0x08,0xc1,0x08,
0xc1,0x08,0xc1,0x08,0xc1,0x08,0xc1,0x08,0xc1,0x08,0xc1,0x08,0xc1,0x08,0xc1,0x08,
0xc1,0x08,0xc1,0x08,0xc1,0x08,0xc1,0x08,0xc1,0x08,0xc1,0x08,0xc1,0x08,0xc1,0x08,
0xc1,0x08,0xc1,0x08,0xc1,0x08,0xc1,0x08,0xc1,0x08,0xc1,0x08,0xc1,0x08,0xc1,0x08,
0xc1,0x08,0xc1,0x08,0xc1,0x08,0xc1,0x08,0xc1,0x08,0xc1,0x08,0xc1,0x08,0xc1,0x08,
0xc1,0x08,0xc1,0x08,0xc1,0x08,0xc1,0x08,0xc1,0x08,0xc1,0x08,0xc1,0x08,0xc1,0x08,
0xc1,0x08,0xc1,0x08,0xc1,0x08,0xc1,0x08,0xc1,0x08,0xc1,0x08,0xc1,0x08,0xc1,0x08,
0xc1,0x08,0xc1,0x08,0xc1,0x08,0xc1,0x08,0xc1,0x08,0xc1,0x08,0xc1,0x08,0xc1,0x08,
0xc1,0x08,0xc1,0x08,0xc1,0x08,0xc1,0x08,0xc1,0x08,0xc1,0x08,0xc1,0x08,0xc1,0x08,
0xc1,0x08,0xc1,0x08,0xc1,0x08,0xc1,0x08,0xc1,0x08,0xc1,0x08,0xc1,0x08,0xc1,0x08,
0xc1,0x08,0xc1,0x08,0xc1,0x08,0xc1,0x08,0xc1,0x08,0xc1,0x08,0xc1,0x08,0xc1,0x08,
0xc1,0x08,0xc1,0x08,0xc1,0x08,0xc1,0x08,0xc1,0x08,0xc1,0x08,0xc1,0x08,0xc1,0x08,
0xc1,0x08,0xc1,0x08,0xc1,0x08,0xc1,0x08,0xc1,0x08,0xc1,0x08,0xc1,0x08,0xc1,0x08,
0xc1,0x08,0xc1,0x08,0xc1,0x08,0xc1,0x08,0xc1,0x08,0xc1,0x08,0xc1,0x08,0xc1,0x08,
0xc1,0x08,0xc1,0x08,0xc1,0x08,0xc1,0x08,0xc1,0x08,0xc1,0x08,0xc1,0x08,0xc1,0x08,
0xc1,0x08,0xc1,0x08,0xc1,0x08,0xc1,0x08,0xc1,0x08,0xc1,0x08,0xc1,0x08,0xc1,0x08,
0xc1,0x08,0xc1,0x08,0xc1,0x08,0xc1,0x08,0xc1,0x08,0xc1,0x08,0xc1,0x08,0xc1,0x08,
0xc1,0x08,0xc1,0x08,0xc1,0x08,0xc1,0x08,0xc1,0x08,0xc1,0x08,0xc1,0x08,0xc1,0x08,
0xc1,0x08,0xc1,0x08,0xc1,0x08,0xc1,0x08,0xc1,0x08,0xc1,0x08,0xc1,0x08,0xc1,0x08,
0xc1,0x08,0xc1,0x08,0xc1,0x08,0xc1,0x08,0xc1,0x08,0xc1,0x08,0xc1,0x08,0xc1,0x08,
0xc1,0x08,0xc1,0x08,0xc1,0x08,0xc1,0x08,0xc1,0x08,0xc1,0x08,0xc1,0x08,0xc1,0x08,
0xc1,0x08,0xc1,0x08,0xc1,0x08,0xc1,0x08,0xc1,0x08,0xc1,0x08,0xc1,0x08,0xc1,0x08,
0xc1,0x08,0xc1,0x08,0xc1,0x08,0xc1,0x08,0xc1,0x08,0xc1,0x08,0xc1,0x08,0xc1,0x08,
0xc1,0x08,0xc1,0x08,0xc1,0x08,0xc1,0x08,0xc1,0x08,0xc1,0x08,0xc1,0x08,0xc1,0x08,
0xc1,0x08,0xc1,0x08,0xc1,0x08,0xc1,0x08,0xc1,0x08,0xc1,0x08,0xc1,0x08,0xc1,0x08,
0xc1,0x08,0xc1,0x08,0xc1,0x08,0xc1,0x08,0xc1,0x08,0xc1,0x08,0xc1,0x08,0xc1,0x08,
0xc1,0x08,0xc1,0x08,0xc1,0x08,0xc1,0x08,0xc1,0x08,0xc1,0x08,0xc1,0x08,0xc1,0x08,
0xc1,0x08,0xc1,0x08,0xc1,0x08,0xc1,0x08,0xc1,0x08,0xc1,0x08,0xc1,0x08,0xc1,0x08,
0xc1,0x08,0xc1,0x08,0xc1,0x08,0xc1,0x08,0xc1,0x08,0xc1,0x08,0xc1,0x08,0xc1,0x08,
0xc1,0x08,0xc1,0x08,0xc1,0x08,0xc1,0x08,0xc1,0x08,0xc1,0x08,0xc1,0x08,0xc1,0x08,
0xc1,0x08,0xc1,0x08,0xc1,0x08,0xc1,0x08,0xc1,0x08,0xc1,0x08,0xc1,0x08,0xc1,0x08,
0xc1,0x08,0xc1,0x08,0xc1,0x08,0xc1,0x08,0xc1,0x08,0xc1,0x08,0xc1,0x08,0xc1,0x08,
0xc1,0x08,0xc1,0x08,0xc1,0x08,0xc1,0x08,0xc1,0x08,0xc1,0x08,0xc1,0x08,0xc1,0x08,
0xc1,0x08,0xc1,0x08,0xc1,0x08,0xc1,0x08,0xc1,0x08,0xc1,0x08,0xc1,0x08,0xc1,0x08,
0xc1,0x08,0xc1,0x08,0xc1,0x08,0xc1,0x08,0xc1,0x08,0xc1,0x08,0xc1,0x08,0xc1,0x08,
0xc1,0x08,0xc1,0x08,0xc1,0x08,0xc1,0x08,0xc1,0x08,0xc1,0x08,0xc1,0x08,0xc1,0x08,
0xc1,0x08,0xc1,0x08,0xc1,0x08,0xc1,0x08,0xc1,0x08,0xc1,0x08,0xc1,0x08,0xc1,0x08,
0xc1,0x08,0xc1,0x08,0xc1,0x08,0xc1,0x08,0xc1,0x08,0xc1,0x08,0xc1,0x08,0xc1,0x08,
0xc1,0x08,0xc1,0x08,0xc1,0x08,0xc1,0x08,0xc1,0x08,0xc1,0x08,0xc1,0x08,0xc1,0x08,
0xc1,0x08,0xc1,0x08,0xc1,0x08,0xc1,0x08,0xc1,0x08,0xc1,0x08,0xc1,0x08,0xc1,0x08,
0xc1,0x08,0xc1,0x08,0xc1,0x08,0xc1,0x08,0xc1,0x08,0xc1,0x08,0xc1,0x08,0xc1,0x08,
0xc1,0x08,0xc1,0x08,0xc1,0x08,0xc1,0x08,0xc1,0x08,0xc1,0x08,0xc1,0x08,0xc1,0x08,
0xc1,0x08,0xc1,0x08,0xc1,0x08,0xc1,0x08,0xc1,0x08,0xc1,0x08,0xc1,0x08,0xc1,0x08,
0xc1,0x08,0xc1,0x08,0xc1,0x08,0xc1,0x08,0xc1,0x08,0xc1,0x08,0xc1,0x08,0xc1,0x08,
0xc1,0x08,0xc1,0x08,0xc1,0x08,0xc1,0x08,0xc1,0x08,0xc1,0x08,0xc1,0x08,0xc1,0x08,
0xc1,0x08,0xc1,0x08,0xc1,0x08,0xc1,0x08,0xc1,0x08,0xc1,0x08,0xc1,0x08,0xc1,0x08,
0xc1,0x08,0xc1,0x08,0xc1,0x08,0xc1,0x08,0xc1,0x08,0xc1,0x08,0xc1,0x08,0xc1,0x08,
0xc1,0x08,0xc1,0x08,0xc1,0x08,0xc1,0x08,0xc1,0x08,0xc1,0x08,0xc1,0x08,0xc1,0x08,
0xc1,0x08,0xc1,0x08,0xc1,0x08,0xc1,0x08,0xc1,0x08,0xc1,0x08,0xc1,0x08,0xc1,0x08,
0xc1,0x08,0xc1,0x08,0xc1,0x08,0xc1,0x08,0xc1,0x08,0xc1,0x08,0xc1,0x08,0xc1,0x08,
0xc1,0x08,0xc1,0x08,0xc1,0x08,0xc1,0x08,0xc1,0x08,0xc1,0x08,0xc1,0x08,0xc1,0x08,
0xc1,0x08,0xc1,0x08,0xc1,0x08,0xc1,0x08,0xc1,0x08,0xc1,0x08,0xc1,0x08,0xc1,0x08,
0xc1,0x08,0xc1,0x08,0xc1,0x08,0xc1,0x08,0xc1,0x08,0xc1,0x08,0xc1,0x08,0xc1,0x08,
0xc1,0x08,0xc1,0x08,0xc1,0x08,0xc1,0x08,0xc1,0x08,0xc1,0x08,0xc1,0x08,0xc1,0x08,
0xc1,0x08,0xc1,0x08,0xc1,0x08,0xc1,0x08,0xc1,0x08,0xc1,0x08,0xc1,0x08,0xc1,0x08,
0xc1,0x08,0xc1,0x08,0xc1,0x08,0xc1,0x08,0xc1,0x08,0xc1,0x08,0xc1,0x08,0xc1,0x08,
0xc1,0x08,0xc1,0x08,0xc1,0x08,0xc1,0x08,0xc1,0x08,0xc1,0x08,0xc1,0x08,0xc1,0x08,
0xc1,0x08,0xc1,0x08,0xc1,0x08,0xc1,0x08,0xc1,0x08,0xc1,0x08,0xc1,0x08,0xc1,0x08,
0xc1,0x08,0xc1,0x08,0xc1,0x08,0xc1,0x08,0xc1,0x08,0xc1,0x08,0xc1,0x08,0xc1,0x08,
0xc1,0x08,0xc1,0x08,0xc1,0x08,0xc1,0x08,0xc1,0x08,0xc1,0x08,0xc1,0x08,0xc1,0x08,
0xc1,0x08,0xc1,0x08,0xc1,0x08,0xc1,0x08,0xc1,0x08,0xc1,0x08,0xc1,0x08,0xc1,0x08,
0xc1,0x08,0xc1,0x08,0xc1,0x08,0xc1,0x08,0xc1,0x08,0xc1,0x08,0xc1,0x08,0xc1,0x08,
0xc1,0x08,0xc1,0x08,0xc1,0x08,0xc1,0x08,0xc1,0x08,0xc1,0x08,0xc1,0x08,0xc1,0x08,
0xc1,0x08,0xc1,0x08,0xc1,0x08,0xc1,0x08,0xc1,0x08,0xc1,0x08,0xc1,0x08,0xc1,0x08,
0xc1,0x08,0xc1,0x08,0xc1,0x08,0xc1,0x08,0xc1,0x08,0xc1,0x08,0xc1,0x08,0xc1,0x08,
0xc1,0x08,0xc1,0x08,0xc1,0x08,0xc1,0x08,0xc1,0x08,0xc1,0x08,0xc1,0x08,0xc1,0x08,
0xc1,0x08,0xc1,0x08,0xc1,0x08,0xc1,0x08,0xc1,0x08,0xc1,0x08,0xc1,0x08,0xc1,0x08,
0xc1,0x08,0xc1,0x08,0xc1,0x08,0xc1,0x08,0xc1,0x08,0xc1,0x08,0xc1,0x08,0xc1,0x08,
0xc1,0x08,0xc1,0x08,0xc1,0x08,0xc1,0x08,0xc1,0x08,0xc1,0x08,0xc1,0x08,0xc1,0x08,
0xc1,0x08,0xc1,0x08,0xc1,0x08,0xc1,0x08,0xc1,0x08,0xc1,0x08,0xc1,0x08,0xc1,0x08,
0xc1,0x08,0xc1,0x08,0xc1,0x08,0xc1,0x08,0xc1,0x08,0xc1,0x08,0xc1,0x08,0xc1,0x08,
0xc1,0x08,0xc1,0x08,0xc1,0x08,0xc1,0x08,0xc1,0x08,0xc1,0x08,0xc1,0x08,0xc1,0x08,
0xc1,0x08,0xc1,0x08,0xc1,0x08,0xc1,0x08,0xc1,0x08,0xc1,0x08,0xc1,0x08,0xc1,0x08,
0xc1,0x08,0xc1,0x08,0xc1,0x08,0xc1,0x08,0xc1,0x08,0xc1,0x08,0xc1,0x08,0xc1,0x08,
0xc1,0x08,0xc1,0x08,0xc1,0x08,0xc1,0x08,0xc1,0x08,0xc1,0x08,0xc1,0x08,0xc1,0x08,
0xc1,0x08,0xc1,0x08,0xc1,0x08,0xc1,0x08,0xc1,0x08,0xc1,0x08,0xc1,0x08,0xc1,0x08,
0xc1,0x08,0xc1,0x08,0xc1,0x08,0xc1,0x08,0xc1,0x08,0xc1,0x08,0xc1,0x08,0xc1,0x08,
0xc1,0x08,0xc1,0x08,0xc1,0x08,0xc1,0x08,0xc1,0x08,0xc1,0x08,0xc1,0x08,0xc1,0x08,
0xc1,0x08,0xc1,0x08,0xc1,0x08,0xc1,0x08,0xc1,0x08,0xc1,0x08,0xc1,0x08,0xc1,0x08,
0xc1,0x08,0xc1,0x08,0xc1,0x08,0xc1,0x08,0xc1,0x08,0xc1,0x08,0xc1,0x08,0xc1,0x08,
0xc1,0x08,0xc1,0x08,0xc1,0x08,0xc1,0x08,0xc1,0x08,0xc1,0x08,0xc1,0x08,0xc1,0x08,
0xc1,0x08,0xc1,0x08,0xc1,0x08,0xc1,0x08,0xc1,0x08,0xc1,0x08,0xc1,0x08,0xc1,0x08,
0xc1,0x08,0xc1,0x08,0xc1,0x08,0xc1,0x08,0xc1,0x08,0xc1,0x08,0xc1,0x08,0xc1,0x08,
0xc1,0x08,0xc1,0x08,0xc1,0x08,0xc1,0x08,0xc1,0x08,0xc1,0x08,0xc1,0x08,0xc1,0x08,
0xc1,0x08,0xc1,0x08,0xc1,0x08,0xc1,0x08,0xc1,0x08,0xc1,0x08,0xc1,0x08,0xc1,0x08,
0xc1,0x08,0xc1,0x08,0xc1,0x08,0xc1,0x08,0xc1,0x08,0xc1,0x08,0xc1,0x08,0xc1,0x08,
0xc1,0x08,0xc1,0x08,0xc1,0x08,0xc1,0x08,0xc1,0x08,0xc1,0x08,0xc1,0x08,0xc1,0x08,
0xc1,0x08,0xc1,0x08,0xc1,0x08,0xc1,0x08,0xc1,0x08,0xc1,0x08,0xc1,0x08,0xc1,0x08,
0xc1,0x08,0xc1,0x08,0xc1,0x08,0xc1,0x08,0xc1,0x08,0xc1,0x08,0xc1,0x08,0xc1,0x08,
0xc1,0x08,0xc1,0x08,0xc1,0x08,0xc1,0x08,0xc1,0x08,0xc1,0x08,0xc1,0x08,0xc1,0x08,
0xc1,0x08,0xc1,0x08,0xc1,0x08,0xc1,0x08,0xc1,0x08,0xc1,0x08,0xc1,0x08,0xc1,0x08,
0xc1,0x08,0xc1,0x08,0xc1,0x08,0xc1,0x08,0xc1,0x08,0xc1,0x08,0xc1,0x08,0xc1,0x08,
0xc1,0x08,0xc1,0x08,0xc1,0x08,0xc1,0x08,0xc1,0x08,0xc1,0x08,0xc1,0x08,0xc1,0x08,
0xc1,0x08,0xc1,0x08,0xc1,0x08,0xc1,0x08,0xc1,0x08,0xc1,0x08,0xc1,0x08,0xc1,0x08,
0xc1,0x08,0xc1,0x08,0xc1,0x08,0xc1,0x08,0xc1,0x08,0xc1,0x08,0xc1,0x08,0xc1,0x08,
0xc1,0x08,0xc1,0x08,0xc1,0x08,0xc1,0x08,0xc1,0x08,0xc1,0x08,0xc1,0x08,0xc1,0x08,
0xc1,0x08,0xc1,0x08,0xc1,0x08,0xc1,0x08,0xc1,0x08,0xc1,0x08,0xc1,0x08,0xc1,0x08,
0xc1,0x08,0xc1,0x08,0xc1,0x08,0xc1,0x08,0xc1,0x08,0xc1,0x08,0xc1,0x08,0xc1,0x08,
0xc1,0x08,0xc1,0x08,0xc1,0x08,0xc1,0x08,0xc1,0x08,0xc1,0x08,0xc1,0x08,0xc1,0x08,
0xc1,0x08,0xc1,0x08,0xc1,0x08,0xc1,0x08,0xc1,0x08,0xc1,0x08,0xc1,0x08,0xc1,0x08,
0xc1,0x08,0xc1,0x08,0xc1,0x08,0xc1,0x08,0xc1,0x08,0xc1,0x08,0xc1,0x08,0xc1,0x08,
0xc1,0x08,0xc1,0x08,0xc1,0x08,0xc1,0x08,0xc1,0x08,0xc1,0x08,0xc1,0x08,0xc1,0x08,
0xc1,0x08,0xc1,0x08,0xc1,0x08,0xc1,0x08,0xc1,0x08,0xc1,0x08,0xc1,0x08,0xc1,0x08,
0xc1,0x08,0xc1,0x08,0xc1,0x08,0xc1,0x08,0xc1,0x08,0xc1,0x08,0xc1,0x08,0xc1,0x08,
0xc1,0x08,0xc1,0x08,0xc1,0x08,0xc1,0x08,0xc1,0x08,0xc1,0x08,0xc1,0x08,0xc1,0x08,
0xc1,0x08,0xc1,0x08,0xc1,0x08,0xc1,0x08,0xc1,0x08,0xc1,0x08,0xc1,0x08,0xc1,0x08,
0xc1,0x08,0xc1,0x08,0xc1,0x08,0xc1,0x08,0xc1,0x08,0xc1,0x08,0xc1,0x08,0xc1,0x08,
0xc1,0x08,0xc1,0x08,0xc1,0x08,0xc1,0x08,0xc1,0x08,0xc1,0x08,0xc1,0x08,0xc1,0x08,
0xc1,0x08,0xc1,0x08,0xc1,0x08,0xc1,0x08,0xc1,0x08,0xc1,0x08,0xc1,0x08,0xc1,0x08,
0xc1,0x08,0xc1,0x08,0xc1,0x08,0xc1,0x08,0xc1,0x08,0xc1,0x08,0xc1,0x08,0xc1,0x08,
0xc1,0x08,0xc1,0x08,0xc1,0x08,0xc1,0x08,0xc1,0x08,0xc1,0x08,0xc1,0x08,0xc1,0x08,
0xc1,0x08,0xc1,0x08,0xc1,0x08,0xc1,0x08,0xc1,0x08,0xc1,0x08,0xc1,0x08,0xc1,0x08,
0xc1,0x08,0xc1,0x08,0xc1,0x08,0xc1,0x08,0xc1,0x08,0xc1,0x08,0xc1,0x08,0xc1,0x08,
0xc1,0x08,0xc1,0x08,0xc1,0x08,0xc1,0x08,0xc1,0x08,0xc1,0x08,0xc1,0x08,0xc1,0x08,
0xc1,0x08,0xc1,0x08,0xc1,0x08,0xc1,0x08,0xc1,0x08,0xc1,0x08,0xc1,0x08,0xc1,0x08,
0xc1,0x08,0xc1,0x08,0xc1,0x08,0xc1,0x08,0xc1,0x08,0xc1,0x08,0xc1,0x08,0xc1,0x08,
0xc1,0x08,0xc1,0x08,0xc1,0x08,0xc1,0x08,0xc1,0x08,0xc1,0x08,0xc1,0x08,0xc1,0x08,
0xc1,0x08,0xc1,0x08,0xc1,0x08,0xc1,0x08,0xc1,0x08,0xc1,0x08,0xc1,0x08,0xc1,0x08,
0xc1,0x08,0xc1,0x08,0xc1,0x08,0xc1,0x08,0xc1,0x08,0xc1,0x08,0xc1,0x08,0xc1,0x08,
0xc1,0x08,0xc1,0x08,0xc1,0x08,0xc1,0x08,0xc1,0x08,0xc1,0x08,0xc1,0x08,0xc1,0x08,
0xc1,0x08,0xc1,0x08,0xc1,0x08,0xc1,0x08,0xc1,0x08,0xc1,0x08,0xc1,0x08,0xc1,0x08,
0xc1,0x08,0xc1,0x08,0xc1,0x08,0xc1,0x08,0xc1,0x08,0xc1,0x08,0xc1,0x08,0xc1,0x08,
0xc1,0x08,0xc1,0x08,0xc1,0x08,0xc1,0x08,0xc1,0x08,0xc1,0x08,0xc1,0x08,0xc1,0x08,
0xc1,0x08,0xc1,0x08,0xc1,0x08,0xc1,0x08,0xc1,0x08,0xc1,0x08,0xc1,0x08,0xc1,0x08,
0xc1,0x08,0xc1,0x08,0xc1,0x08,0xc1,0x08,0xc1,0x08,0xc1,0x08,0xc1,0x08,0xc1,0x08,
0xc1,0x08,0xc1,0x08,0xc1,0x08,0xc1,0x08,0xc1,0x08,0xc1,0x08,0xc1,0x08,0xc1,0x08,
0xc1,0x08,0xc1,0x08,0xc1,0x08,0xc1,0x08,0xc1,0x08,0xc1,0x08,0xc1,0x08,0xc1,0x08,
0xc1,0x08,0xc1,0x08,0xc1,0x08,0xc1,0x08,0xc1,0x08,0xc1,0x08,0xc1,0x08,0xc1,0x08,
0xc1,0x08,0xc1,0x08,0xc1,0x08,0xc1,0x08,0xc1,0x08,0xc1,0x08,0xc1,0x08,0xc1,0x08,
0xc1,0x08,0xc1,0x08,0xc1,0x08,0xc1,0x08,0xc1,0x08,0xc1,0x08,0xc1,0x08,0xc1,0x08,
0xc1,0x08,0xc1,0x08,0xc1,0x08,0xc1,0x08,0xc1,0x08,0xc1,0x08,0xc1,0x08,0xc1,0x08,
0xc1,0x08,0xc1,0x08,0xc1,0x08,0xc1,0x08,0xc1,0x08,0xc1,0x08,0xc1,0x08,0xc1,0x08,
0xc1,0x08,0xc1,0x08,0xc1,0x08,0xc1,0x08,0xc1,0x08,0xc1,0x08,0xc1,0x08,0xc1,0x08,
0xc1,0x08,0xc1,0x08,0xc1,0x08,0xc1,0x08,0xc1,0x08,0xc1,0x08,0xc1,0x08,0xc1,0x08,
0xc1,0x08,0xc1,0x08,0xc1,0x08,0xc1,0x08,0xc1,0x08,0xc1,0x08,0xc1,0x08,0xc1,0x08,
0xc1,0x08,0xc1,0x08,0xc1,0x08,0xc1,0x08,0xc1,0x08,0xc1,0x08,0xc1,0x08,0xc1,0x08,
0xc1,0x08,0xc1,0x08,0xc1,0x08,0xc1,0x08,0xc1,0x08,0xc1,0x08,0xc1,0x08,0xc1,0x08,
0xc1,0x08,0xc1,0x08,0xc1,0x08,0xc1,0x08,0xc1,0x08,0xc1,0x08,0xc1,0x08,0xc1,0x08,
0xc1,0x08,0xc1,0x08,0xc1,0x08,0xc1,0x08,0xc1,0x08,0xc1,0x08,0xc1,0x08,0xc1,0x08,
0xc1,0x08,0xc1,0x08,0xc1,0x08,0xc1,0x08,0xc1,0x08,0xc1,0x08,0xc1,0x08,0xc1,0x08,
0xc1,0x08,0xc1,0x08,0xc1,0x08,0xc1,0x08,0xc1,0x08,0xc1,0x08,0xc1,0x08,0xc1,0x08,
0xc1,0x08,0xc1,0x08,0xc1,0x08,0xc1,0x08,0xc1,0x08,0xc1,0x08,0xc1,0x08,0xc1,0x08,
0xc1,0x08,0xc1,0x08,0xc1,0x08,0xc1,0x08,0xc1,0x08,0xc1,0x08,0xc1,0x08,0xc1,0x08,
0xc1,0x08,0xc1,0x08,0xc1,0x08,0xc1,0x08,0xc1,0x08,0xc1,0x08,0xc1,0x08,0xc1,0x08,
0xc1,0x08,0xc1,0x08,0xc1,0x08,0xc1,0x08,0xc1,0x08,0xc1,0x08,0xc1,0x08,0xc1,0x08,
0xc1,0x08,0xc1,0x08,0xc1,0x08,0xc1,0x08,0xc1,0x08,0xc1,0x08,0xc1,0x08,0xc1,0x08,
0xc1,0x08,0xc1,0x08,0xc1,0x08,0xc1,0x08,0xc1,0x08,0xc1,0x08,0xc1,0x08,0xc1,0x08,
0xc1,0x08,0xc1,0x08,0xc1,0x08,0xc1,0x08,0xc1,0x08,0xc1,0x08,0xc1,0x08,0xc1,0x08,
0xc1,0x08,0xc1,0x08,0xc1,0x08,0xc1,0x08,0xc1,0x08,0xc1,0x08,0xc1,0x08,0xc1,0x08,
0xc1,0x08,0xc1,0x08,0xc1,0x08,0xc1,0x08,0xc1,0x08,0xc1,0x08,0xc1,0x08,0xc1,0x08,
0xc1,0x08,0xc1,0x08,0xc1,0x08,0xc1,0x08,0xc1,0x08,0xc1,0x08,0xc1,0x08,0xc1,0x08,
0xc1,0x08,0xc1,0x08,0xc1,0x08,0xc1,0x08,0xc1,0x08,0xc1,0x08,0xc1,0x08,0xc1,0x08,
0xc1,0x08,0xc1,0x08,0xc1,0x08,0xc1,0x08,0xc1,0x08,0xc1,0x08,0xc1,0x08,0xc1,0x08,
0xc1,0x08,0xc1,0x08,0xc1,0x08,0xc1,0x08,0xc1,0x08,0xc1,0x08,0xc1,0x08,0xc1,0x08,
0xc1,0x08,0xc1,0x08,0xc1,0x08,0xc1,0x08,0xc1,0x08,0xc1,0x08,0xc1,0x08,0xc1,0x08,
0xc1,0x08,0xc1,0x08,0xc1,0x08,0xc1,0x08,0xc1,0x08,0xc1,0x08,0xc1,0x08,0xc1,0x08,
0xc1,0x08,0xc1,0x08,0xc1,0x08,0xc1,0x08,0xc1,0x08,0xc1,0x08,0xc1,0x08,0xc1,0x08,
0xc1,0x08,0xc1,0x08,0xc1,0x08,0xc1,0x08,0xc1,0x08,0xc1,0x08,0xc1,0x08,0xc1,0x08,
0xc1,0x08,0xc1,0x08,0xc1,0x08,0xc1,0x08,0xc1,0x08,0xc1,0x08,0xc1,0x08,0xc1,0x08,
0xc1,0x08,0xc1,0x08,0xc1,0x08,0xc1,0x08,0xc1,0x08,0xc1,0x08,0xc1,0x08,0xc1,0x08,
0xc1,0x08,0xc1,0x08,0xc1,0x08,0xc1,0x08,0xc1,0x08,0xc1,0x08,0xc1,0x08,0xc1,0x08,
0xc1,0x08,0xc1,0x08,0xc1,0x08,0xc1,0x08,0xc1,0x08,0xc1,0x08,0xc1,0x08,0xc1,0x08,
0xc1,0x08,0xc1,0x08,0xc1,0x08,0xc1,0x08,0xc1,0x08,0xc1,0x08,0xc1,0x08,0xc1,0x08,
0xc1,0x08,0xc1,0x08,0xc1,0x08,0xc1,0x08,0xc1,0x08,0xc1,0x08,0xc1,0x08,0xc1,0x08,
0xc1,0x08,0xc1,0x08,0xc1,0x08,0xc1,0x08,0xc1,0x08,0xc1,0x08,0xc1,0x08,0xc1,0x08,
0xc1,0x08,0xc1,0x08,0xc1,0x08,0xc1,0x08,0xc1,0x08,0xc1,0x08,0xc1,0x08,0xc1,0x08,
0xc1,0x08,0xc1,0x08,0xc1,0x08,0xc1,0x08,0xc1,0x08,0xc1,0x08,0xc1,0x08,0xc1,0x08,
0xc1,0x08,0xc1,0x08,0xc1,0x08,0xc1,0x08,0xc1,0x08,0xc1,0x08,0xc1,0x08,0xc1,0x08,
0xc1,0x08,0xc1,0x08,0xc1,0x08,0xc1,0x08,0xc1,0x08,0xc1,0x08,0xc1,0x08,0xc1,0x08,
0xc1,0x08,0xc1,0x08,0xc1,0x08,0xc1,0x08,0xc1,0x08,0xc1,0x08,0xc1,0x08,0xc1,0x08,
0xc1,0x08,0xc1,0x08,0xc1,0x08,0xc1,0x08,0xc1,0x08,0xc1,0x08,0xc1,0x08,0xc1,0x08,
0xc1,0x08,0xc1,0x08,0xc1,0x08,0xc1,0x08,0xc1,0x08,0xc1,0x08,0xc1,0x08,0xc1,0x08,
0xc1,0x08,0xc1,0x08,0xc1,0x08,0xc1,0x08,0xc1,0x08,0xc1,0x08,0xc1,0x08,0xc1,0x08,
0xc1,0x08,0xc1,0x08,0xc1,0x08,0xc1,0x08,0xc1,0x08,0xc1,0x08,0xc1,0x08,0xc1,0x08,
0xc1,0x08,0xc1,0x08,0xc1,0x08,0xc1,0x08,0xc1,0x08,0xc1,0x08,0xc1,0x08,0xc1,0x08,
0xc1,0x08,0xc1,0x08,0xc1,0x08,0xc1,0x08,0xc1,0x08,0xc1,0x08,0xc1,0x08,0xc1,0x08,
0xc1,0x08,0xc1,0x08,0xc1,0x08,0xc1,0x08,0xc1,0x08,0xc1,0x08,0xc1,0x08,0xc1,0x08,
0xc1,0x08,0xc1,0x08,0xc1,0x08,0xc1,0x08,0xc1,0x08,0xc1,0x08,0xc1,0x08,0xc1,0x08,
0xc1,0x08,0xc1,0x08,0xc1,0x08,0xc1,0x08,0xc1,0x08,0xc1,0x08,0xc1,0x08,0xc1,0x08,
0xc1,0x08,0xc1,0x08,0xc1,0x08,0xc1,0x08,0xc1,0x08,0xc1,0x08,0xc1,0x08,0xc1,0x08,
0xc1,0x08,0xc1,0x08,0xc1,0x08,0xc1,0x08,0xc1,0x08,0xc1,0x08,0xc1,0x08,0xc1,0x08,
0xc1,0x08,0xc1,0x08,0xc1,0x08,0xc1,0x08,0xc1,0x08,0xc1,0x08,0xc1,0x08,0xc1,0x08,
0xc1,0x08,0xc1,0x08,0xc1,0x08,0xc1,0x08,0xc1,0x08,0xc1,0x08,0xc1,0x08,0xc1,0x08,
0xc1,0x08,0xc1,0x08,0xc1,0x08,0xc1,0x08,0xc1,0x08,0xc1,0x08,0xc1,0x08,0xc1,0x08,
0xc1,0x08,0xc1,0x08,0xc1,0x08,0xc1,0x08,0xc1,0x08,0xc1,0x08,0xc1,0x08,0xc1,0x08,
0xc1,0x08,0xc1,0x08,0xc1,0x08,0xc1,0x08,0xc1,0x08,0xc1,0x08,0xc1,0x08,0xc1,0x08,
0xc1,0x08,0xc1,0x08,0xc1,0x08,0xc1,0x08,0xc1,0x08,0xc1,0x08,0xc1,0x08,0xc1,0x08,
0xc1,0x08,0xc1,0x08,0xc1,0x08,0xc1,0x08,0xc1,0x08,0xc1,0x08,0xc1,0x08,0xc1,0x08,
0xc1,0x08,0xc1,0x08,0xc1,0x08,0xc1,0x08,0xc1,0x08,0xc1,0x08,0xc1,0x08,0xc1,0x08,
0xc1,0x08,0xc1,0x08,0xc1,0x08,0xc1,0x08,0xc1,0x08,0xc1,0x08,0xc1,0x08,0xc1,0x08,
0xc1,0x08,0xc1,0x08,0xc1,0x08,0xc1,0x08,0xc1,0x08,0xc1,0x08,0xc1,0x08,0xc1,0x08,
0xc1,0x08,0xc1,0x08,0xc1,0x08,0xc1,0x08,0xc1,0x08,0xc1,0x08,0xc1,0x08,0xc1,0x08,
0xc1,0x08,0xc1,0x08,0xc1,0x08,0xc1,0x08,0xc1,0x08,0xc1,0x08,0xc1,0x08,0xc1,0x08,
0xc1,0x08,0xc1,0x08,0xc1,0x08,0xc1,0x08,0xc1,0x08,0xc1,0x08,0xc1,0x08,0xc1,0x08,
0xc1,0x08,0xc1,0x08,0xc1,0x08,0xc1,0x08,0xc1,0x08,0xc1,0x08,0xc1,0x08,0xc1,0x08,
0xc1,0x08,0xc1,0x08,0xc1,0x08,0xc1,0x08,0xc1,0x08,0xc1,0x08,0xc1,0x08,0xc1,0x08,
0xc1,0x08,0xc1,0x08,0xc1,0x08,0xc1,0x08,0xc1,0x08,0xc1,0x08,0xc1,0x08,0xc1,0x08,
0xc1,0x08,0xc1,0x08,0xc1,0x08,0xc1,0x08,0xc1,0x08,0xc1,0x08,0xc1,0x08,0xc1,0x08,
0xc1,0x08,0xc1,0x08,0xc1,0x08,0xc1,0x08,0xc1,0x08,0xc1,0x08,0xc1,0x08,0xc1,0x08,
0xc1,0x08,0xc1,0x08,0xc1,0x08,0xc1,0x08,0xc1,0x08,0xc1,0x08,0xc1,0x08,0xc1,0x08,
0xc1,0x08,0xc1,0x08,0xc1,0x08,0xc1,0x08,0xc1,0x08,0xc1,0x08,0xc1,0x08,0xc1,0x08,
0xc1,0x08,0xc1,0x08,0xc1,0x08,0xc1,0x08,0xc1,0x08,0xc1,0x08,0xc1,0x08,0xc1,0x08,
0xc1,0x08,0xc1,0x08,0xc1,0x08,0xc1,0x08,0xc1,0x08,0xc1,0x08,0xc1,0x08,0xc1,0x08,
0xc1,0x08,0xc1,0x08,0xc1,0x08,0xc1,0x08,0xc1,0x08,0xc1,0x08,0xc1,0x08,0xc1,0x08,
0xc1,0x08,0xc1,0x08,0xc1,0x08,0xc1,0x08,0xc1,0x08,0xc1,0x08,0xc1,0x08,0xc1,0x08,
0xc1,0x08,0xc1,0x08,0xc1,0x08,0xc1,0x08,0xc1,0x08,0xc1,0x08,0xc1,0x08,0xc1,0x08,
0xc1,0x08,0xc1,0x08,0xc1,0x08,0xc1,0x08,0xc1,0x08,0xc1,0x08,0xc1,0x08,0xc1,0x08,
0xc1,0x08,0xc1,0x08,0xc1,0x08,0xc1,0x08,0xc1,0x08,0xc1,0x08,0xc1,0x08,0xc1,0x08,
0xc1,0x08,0xc1,0x08,0xc1,0x08,0xc1,0x08,0xc1,0x08,0xc1,0x08,0xc1,0x08,0xc1,0x08,
0xc1,0x08,0xc1,0x08,0xc1,0x08,0xc1,0x08,0xc1,0x08,0xc1,0x08,0xc1,0x08,0xc1,0x08,
0xc1,0x08,0xc1,0x08,0xc1,0x08,0xc1,0x08,0xc1,0x08,0xc1,0x08,0xc1,0x08,0xc1,0x08,
0xc1,0x08,0xc1,0x08,0xc1,0x08,0xc1,0x08,0xc1,0x08,0xc1,0x08,0xc1,0x08,0xc1,0x08,
0xc1,0x08,0xc1,0x08,0xc1,0x08,0xc1,0x08,0xc1,0x08,0xc1,0x08,0xc1,0x08,0xc1,0x08,
0xc1,0x08,0xc1,0x08,0xc1,0x08,0xc1,0x08,0xc1,0x08,0xc1,0x08,0xc1,0x08,0xc1,0x08,
0xc1,0x08,0xc1,0x08,0xc1,0x08,0xc1,0x08,0xc1,0x08,0xc1,0x08,0xc1,0x08,0xc1,0x08,
0xc1,0x08,0xc1,0x08,0xc1,0x08,0xc1,0x08,0xc1,0x08,0xc1,0x08,0xc1,0x08,0xc1,0x08,
0xc1,0x08,0xc1,0x08,0xc1,0x08,0xc1,0x08,0xc1,0x08,0xc1,0x08,0xc1,0x08,0xc1,0x08,
0xc1,0x08,0xc1,0x08,0xc1,0x08,0xc1,0x08,0xc1,0x08,0xc1,0x08,0xc1,0x08,0xc1,0x08,
0xc1,0x08,0xc1,0x08,0xc1,0x08,0xc1,0x08,0xc1,0x08,0xc1,0x08,0xc1,0x08,0xc1,0x08,
0xc1,0x08,0xc1,0x08,0xc1,0x08,0xc1,0x08,0xc1,0x08,0xc1,0x08,0xc1,0x08,0xc1,0x08,
0xc1,0x08,0xc1,0x08,0xc1,0x08,0xc1,0x08,0xc1,0x08,0xc1,0x08,0xc1,0x08,0xc1,0x08,
0xc1,0x08,0xc1,0x08,0xc1,0x08,0xc1,0x08,0xc1,0x08,0xc1,0x08,0xc1,0x08,0xc1,0x08,
0xc1,0x08,0xc1,0x08,0xc1,0x08,0xc1,0x08,0xc1,0x08,0xc1,0x08,0xc1,0x08,0xc1,0x08,
0xc1,0x08,0xc1,0x08,0xc1,0x08,0xc1,0x08,0xc1,0x08,0xc1,0x08,0xc1,0x08,0xc1,0x08,
0xc1,0x08,0xc1,0x08,0xc1,0x08,0xc1,0x08,0xc1,0x08,0xc1,0x08,0xc1,0x08,0xc1,0x08,
0xc1,0x08,0xc1,0x08,0xc1,0x08,0xc1,0x08,0xc1,0x08,0xc1,0x08,0xc1,0x08,0xc1,0x08,
0xc1,0x08,0xc1,0x08,0xc1,0x08,0xc1,0x08,0xc1,0x08,0xc1,0x08,0xc1,0x08,0xc1,0x08,
0xc1,0x08,0xc1,0x08,0xc1,0x08,0xc1,0x08,0xc1,0x08,0xc1,0x08,0xc1,0x08,0xc1,0x08,
0xc1,0x08,0xc1,0x08,0xc1,0x08,0xc1,0x08,0xc1,0x08,0xc1,0x08,0xc1,0x08,0xc1,0x08,
0xc1,0x08,0xc1,0x08,0xc1,0x08,0xc1,0x08,0xc1,0x08,0xc1,0x08,0xc1,0x08,0xc1,0x08,
0xc1,0x08,0xc1,0x08,0xc1,0x08,0xc1,0x08,0xc1,0x08,0xc1,0x08,0xc1,0x08,0xc1,0x08,
0xc1,0x08,0xc1,0x08,0xc1,0x08,0xc1,0x08,0xc1,0x08,0xc1,0x08,0xc1,0x08,0xc1,0x08,
0xc1,0x08,0xc1,0x08,0xc1,0x08,0xc1,0x08,0xc1,0x08,0xc1,0x08,0xc1,0x08,0xc1,0x08,
0xc1,0x08,0xc1,0x08,0xc1,0x08,0xc1,0x08,0xc1,0x08,0xc1,0x08,0xc1,0x08,0xc1,0x08,
0xc1,0x08,0xc1,0x08,0xc1,0x08,0xc1,0x08,0xc1,0x08,0xc1,0x08,0xc1,0x08,0xc1,0x08,
0xc1,0x08,0xc1,0x08,0xc1,0x08,0xc1,0x08,0xc1,0x08,0xc1,0x08,0xc1,0x08,0xc1,0x08,
0xc1,0x08,0xc1,0x08,0xc1,0x08,0xc1,0x08,0xc1,0x08,0xc1,0x08,0xc1,0x08,0xc1,0x08,
0xc1,0x08,0xc1,0x08,0xc1,0x08,0xc1,0x08,0xc1,0x08,0xc1,0x08,0xc1,0x08,0xc1,0x08,
0xc1,0x08,0xc1,0x08,0xc1,0x08,0xc1,0x08,0xc1,0x08,0xc1,0x08,0xc1,0x08,0xc1,0x08,
0xc1,0x08,0xc1,0x08,0xc1,0x08,0xc1,0x08,0xc1,0x08,0xc1,0x08,0xc1,0x08,0xc1,0x08,
0xc1,0x08,0xc1,0x08,0xc1,0x08,0xc1,0x08,0xc1,0x08,0xc1,0x08,0xc1,0x08,0xc1,0x08,
0xc1,0x08,0xc1,0x08,0xc1,0x08,0xc1,0x08,0xc1,0x08,0xc1,0x08,0xc1,0x08,0xc1,0x08,
0xc1,0x08,0xc1,0x08,0xc1,0x08,0xc1,0x08,0xc1,0x08,0xc1,0x08,0xc1,0x08,0xc1,0x08,
0xc1,0x08,0xc1,0x08,0xc1,0x08,0xc1,0x08,0xc1,0x08,0xc1,0x08,0xc1,0x08,0xc1,0x08,
0xc1,0x08,0xc1,0x08,0xc1,0x08,0xc1,0x08,0xc1,0x08,0xc1,0x08,0xc1,0x08,0xc1,0x08,
0xc1,0x08,0xc1,0x08,0xc1,0x08,0xc1,0x08,0xc1,0x08,0xc1,0x08,0xc1,0x08,0xc1,0x08,
0xc1,0x08,0xc1,0x08,0xc1,0x08,0xc1,0x08,0xc1,0x08,0xc1,0x08,0xc1,0x08,0xc1,0x08,
0xc1,0x08,0xc1,0x08,0xc1,0x08,0xc1,0x08,0xc1,0x08,0xc1,0x08,0xc1,0x08,0xc1,0x08,
0xc1,0x08,0xc1,0x08,0xc1,0x08,0xc1,0x08,0xc1,0x08,0xc1,0x08,0xc1,0x08,0xc1,0x08,
0xc1,0x08,0xc1,0x08,0xc1,0x08,0xc1,0x08,0xc1,0x08,0xc1,0x08,0xc1,0x08,0xc1,0x08,
0xc1,0x08,0xc1,0x08,0xc1,0x08,0xc1,0x08,0xc1,0x08,0xc1,0x08,0xc1,0x08,0xc1,0x08,
0xc1,0x08,0xc1,0x08,0xc1,0x08,0xc1,0x08,0xc1,0x08,0xc1,0x08,0xc1,0x08,0xc1,0x08,
0xc1,0x08,0xc1,0x08,0xc1,0x08,0xc1,0x08,0xc1,0x08,0xc1,0x08,0xc1,0x08,0xc1,0x08,
0xc1,0x08,0xc1,0x08,0xc1,0x08,0xc1,0x08,0xc1,0x08,0xc1,0x08,0xc1,0x08,0xc1,0x08,
0xc1,0x08,0xc1,0x08,0xc1,0x08,0xc1,0x08,0xc1,0x08,0xc1,0x08,0xc1,0x08,0xc1,0x08,
0xc1,0x08,0xc1,0x08,0xc1,0x08,0xc1,0x08,0xc1,0x08,0xc1,0x08,0xc1,0x08,0xc1,0x08,
0xc1,0x08,0xc1,0x08,0xc1,0x08,0xc1,0x08,0xc1,0x08,0xc1,0x08,0xc1,0x08,0xc1,0x08,
0xc1,0x08,0xc1,0x08,0xc1,0x08,0xc1,0x08,0xc1,0x08,0xc1,0x08,0xc1,0x08,0xc1,0x08,
0xc1,0x08,0xc1,0x08,0xc1,0x08,0xc1,0x08,0xc1,0x08,0xc1,0x08,0xc1,0x08,0xc1,0x08,
0xc1,0x08,0xc1,0x08,0xc1,0x08,0xc1,0x08,0xc1,0x08,0xc1,0x08,0xc1,0x08,0xc1,0x08,
0xc1,0x08,0xc1,0x08,0xc1,0x08,0xc1,0x08,0xc1,0x08,0xc1,0x08,0xc1,0x08,0xc1,0x08,
0xc1,0x08,0xc1,0x08,0xc1,0x08,0xc1,0x08,0xc1,0x08,0xc1,0x08,0xc1,0x08,0xc1,0x08,
0xc1,0x08,0xc1,0x08,0xc1,0x08,0xc1,0x08,0xc1,0x08,0xc1,0x08,0xc1,0x08,0xc1,0x08,
0xc1,0x08,0xc1,0x08,0xc1,0x08,0xc1,0x08,0xc1,0x08,0xc1,0x08,0xc1,0x08,0xc1,0x08,
0xc1,0x08,0xc1,0x08,0xc1,0x08,0xc1,0x08,0xc1,0x08,0xc1,0x08,0xc1,0x08,0xc1,0x08,
0xc1,0x08,0xc1,0x08,0xc1,0x08,0xc1,0x08,0xc1,0x08,0xc1,0x08,0xc1,0x08,0xc1,0x08,
0xc1,0x08,0xc1,0x08,0xc1,0x08,0xc1,0x08,0xc1,0x08,0xc1,0x08,0xc1,0x08,0xc1,0x08,
0xc1,0x08,0xc1,0x08,0xc1,0x08,0xc1,0x08,0xc1,0x08,0xc1,0x08,0xc1,0x08,0xc1,0x08,
0xc1,0x08,0xc1,0x08,0xc1,0x08,0xc1,0x08,0xc1,0x08,0xc1,0x08,0xc1,0x08,0xc1,0x08,
0xc1,0x08,0xc1,0x08,0xc1,0x08,0xc1,0x08,0xc1,0x08,0xc1,0x08,0xc1,0x08,0xc1,0x08,
0xc1,0x08,0xc1,0x08,0xc1,0x08,0xc1,0x08,0xc1,0x08,0xc1,0x08,0xc1,0x08,0xc1,0x08,
0xc1,0x08,0xc1,0x08,0xc1,0x08,0xc1,0x08,0xc1,0x08,0xc1,0x08,0xc1,0x08,0xc1,0x08,
0xc1,0x08,0xc1,0x08,0xc1,0x08,0xc1,0x08,0xc1,0x08,0xc1,0x08,0xc1,0x08,0xc1,0x08,
0xc1,0x08,0xc1,0x08,0xc1,0x08,0xc1,0x08,0xc1,0x08,0xc1,0x08,0xc1,0x08,0xc1,0x08,
0xc1,0x08,0xc1,0x08,0xc1,0x08,0xc1,0x08,0xc1,0x08,0xc1,0x08,0xc1,0x08,0xc1,0x08,
0xc1,0x08,0xc1,0x08,0xc1,0x08,0xc1,0x08,0xc1,0x08,0xc1,0x08,0xc1,0x08,0xc1,0x08,
0xc1,0x08,0xc1,0x08,0xc1,0x08,0xc1,0x08,0xc1,0x08,0xc1,0x08,0xc1,0x08,0xc1,0x08,
0xc1,0x08,0xc1,0x08,0xc1,0x08,0xc1,0x08,0xc1,0x08,0xc1,0x08,0xc1,0x08,0xc1,0x08,
0xc1,0x08,0xc1,0x08,0xc1,0x08,0xc1,0x08,0xc1,0x08,0xc1,0x08,0xc1,0x08,0xc1,0x08,
0xc1,0x08,0xc1,0x08,0xc1,0x08,0xc1,0x08,0xc1,0x08,0xc1,0x08,0xc1,0x08,0xc1,0x08,
0xc1,0x08,0xc1,0x08,0xc1,0x08,0xc1,0x08,0xc1,0x08,0xc1,0x08,0xc1,0x08,0xc1,0x08,
0xc1,0x08,0xc1,0x08,0xc1,0x08,0xc1,0x08,0xc1,0x08,0xc1,0x08,0xc1,0x08,0xc1,0x08,
0xc1,0x08,0xc1,0x08,0xc1,0x08,0xc1,0x08,0xc1,0x08,0xc1,0x08,0xc1,0x08,0xc1,0x08,
0xc1,0x08,0xc1,0x08,0xc1,0x08,0xc1,0x08,0xc1,0x08,0xc1,0x08,0xc1,0x08,0xc1,0x08,
0xc1,0x08,0xc1,0x08,0xc1,0x08,0xc1,0x08,0xc1,0x08,0xc1,0x08,0xc1,0x08,0xc1,0x08,
0xc1,0x08,0xc1,0x08,0xc1,0x08,0xc1,0x08,0xc1,0x08,0xc1,0x08,0xc1,0x08,0xc1,0x08,
0xc1,0x08,0xc1,0x08,0xc1,0x08,0xc1,0x08,0xc1,0x08,0xc1,0x08,0xc1,0x08,0xc1,0x08,
0xc1,0x08,0xc1,0x08,0xc1,0x08,0xc1,0x08,0xc1,0x08,0xc1,0x08,0xc1,0x08,0xc1,0x08,
0xc1,0x08,0xc1,0x08,0xc1,0x08,0xc1,0x08,0xc1,0x08,0xc1,0x08,0xc1,0x08,0xc1,0x08,
0xc1,0x08,0xc1,0x08,0xc1,0x08,0xc1,0x08,0xc1,0x08,0xc1,0x08,0xc1,0x08,0xc1,0x08,
0xc1,0x08,0xc1,0x08,0xc1,0x08,0xc1,0x08,0xc1,0x08,0xc1,0x08,0xc1,0x08,0xc1,0x08,
0xc1,0x08,0xc1,0x08,0xc1,0x08,0xc1,0x08,0xc1,0x08,0xc1,0x08,0xc1,0x08,0xc1,0x08,
0xc1,0x08,0xc1,0x08,0xc1,0x08,0xc1,0x08,0xc1,0x08,0xc1,0x08,0xc1,0x08,0xc1,0x08,
0xc1,0x08,0xc1,0x08,0xc1,0x08,0xc1,0x08,0xc1,0x08,0xc1,0x08,0xc1,0x08,0xc1,0x08,
0xc1,0x08,0xc1,0x08,0xc1,0x08,0xc1,0x08,0xc1,0x08,0xc1,0x08,0xc1,0x08,0xc1,0x08,
0xc1,0x08,0xc1,0x08,0xc1,0x08,0xc1,0x08,0xc1,0x08,0xc1,0x08,0xc1,0x08,0xc1,0x08,
0xc1,0x08,0xc1,0x08,0xc1,0x08,0xc1,0x08,0xc1,0x08,0xc1,0x08,0xc1,0x08,0xc1,0x08,
0xc1,0x08,0xc1,0x08,0xc1,0x08,0xc1,0x08,0xc1,0x08,0xc1,0x08,0xc1,0x08,0xc1,0x08,
0xc1,0x08,0xc1,0x08,0xc1,0x08,0xc1,0x08,0xc1,0x08,0xc1,0x08,0xc1,0x08,0xc1,0x08,
0xc1,0x08,0xc1,0x08,0xc1,0x08,0xc1,0x08,0xc1,0x08,0xc1,0x08,0xc1,0x08,0xc1,0x08,
0xc1,0x08,0xc1,0x08,0xc1,0x08,0xc1,0x08,0xc1,0x08,0xc1,0x08,0xc1,0x08,0xc1,0x08,
0xc1,0x08,0xc1,0x08,0xc1,0x08,0xc1,0x08,0xc1,0x08,0xc1,0x08,0xc1,0x08,0xc1,0x08,
0xc1,0x08,0xc1,0x08,0xc1,0x08,0xc1,0x08,0xc1,0x08,0xc1,0x08,0xc1,0x08,0xc1,0x08,
0xc1,0x08,0xc1,0x08,0xc1,0x08,0xc1,0x08,0xc1,0x08,0xc1,0x08,0xc1,0x08,0xc1,0x08,
0xc1,0x08,0xc1,0x08,0xc1,0x08,0xc1,0x08,0xc1,0x08,0xc1,0x08,0xc1,0x08,0xc1,0x08,
0xc1,0x08,0xc1,0x08,0xc1,0x08,0xc1,0x08,0xc1,0x08,0xc1,0x08,0xc1,0x08,0xc1,0x08,
0xc1,0x08,0xc1,0x08,0xc1,0x08,0xc1,0x08,0xc1,0x08,0xc1,0x08,0xc1,0x08,0xc1,0x08,
0xc1,0x08,0xc1,0x08,0xc1,0x08,0xc1,0x08,0xc1,0x08,0xc1,0x08,0xc1,0x08,0xc1,0x08,
0xc1,0x08,0xc1,0x08,0xc1,0x08,0xc1,0x08,0xc1,0x08,0xc1,0x08,0xc1,0x08,0xc1,0x08,
0xc1,0x08,0xc1,0x08,0xc1,0x08,0xc1,0x08,0xc1,0x08,0xc1,0x08,0xc1,0x08,0xc1,0x08,
0xc1,0x08,0xc1,0x08,0xc1,0x08,0xc1,0x08,0xc1,0x08,0xc1,0x08,0xc1,0x08,0xc1,0x08,
0xc1,0x08,0xc1,0x08,0xc1,0x08,0xc1,0x08,0xc1,0x08,0xc1,0x08,0xc1,0x08,0xc1,0x08,
0xc1,0x08,0xc1,0x08,0xc1,0x08,0xc1,0x08,0xc1,0x08,0xc1,0x08,0xc1,0x08,0xc1,0x08,
0xc1,0x08,0xc1,0x08,0xc1,0x08,0xc1,0x08,0xc1,0x08,0xc1,0x08,0xc1,0x08,0xc1,0x08,
0xc1,0x08,0xc1,0x08,0xc1,0x08,0xc1,0x08,0xc1,0x08,0xc1,0x08,0xc1,0x08,0xc1,0x08,
0xc1,0x08,0xc1,0x08,0xc1,0x08,0xc1,0x08,0xc1,0x08,0xc1,0x08,0xc1,0x08,0xc1,0x08,
0xc1,0x08,0xc1,0x08,0xc1,0x08,0xc1,0x08,0xc1,0x08,0xc1,0x08,0xc1,0x08,0xc1,0x08,
0xc1,0x08,0xc1,0x08,0xc1,0x08,0xc1,0x08,0xc1,0x08,0xc1,0x08,0xc1,0x08,0xc1,0x08,
0xc1,0x08,0xc1,0x08,0xc1,0x08,0xc1,0x08,0xc1,0x08,0xc1,0x08,0xc1,0x08,0xc1,0x08,
0xc1,0x08,0xc1,0x08,0xc1,0x08,0xc1,0x08,0xc1,0x08,0xc1,0x08,0xc1,0x08,0xc1,0x08,
0xc1,0x08,0xc1,0x08,0xc1,0x08,0xc1,0x08,0xc1,0x08,0xc1,0x08,0xc1,0x08,0xc1,0x08,
0xc1,0x08,0xc1,0x08,0xc1,0x08,0xc1,0x08,0xc1,0x08,0xc1,0x08,0xc1,0x08,0xc1,0x08,
0xc1,0x08,0xc1,0x08,0xc1,0x08,0xc1,0x08,0xc1,0x08,0xc1,0x08,0xc1,0x08,0xc1,0x08,
0xc1,0x08,0xc1,0x08,0xc1,0x08,0xc1,0x08,0xc1,0x08,0xc1,0x08,0xc1,0x08,0xc1,0x08,
0xc1,0x08,0xc1,0x08,0xc1,0x08,0xc1,0x08,0xc1,0x08,0xc1,0x08,0xc1,0x08,0xc1,0x08,
0xc1,0x08,0xc1,0x08,0xc1,0x08,0xc1,0x08,0xc1,0x08,0xc1,0x08,0xc1,0x08,0xc1,0x08,
0xc1,0x08,0xc1,0x08,0xc1,0x08,0xc1,0x08,0xc1,0x08,0xc1,0x08,0xc1,0x08,0xc1,0x08,
0xc1,0x08,0xc1,0x08,0xc1,0x08,0xc1,0x08,0xc1,0x08,0xc1,0x08,0xc1,0x08,0xc1,0x08,
0xc1,0x08,0xc1,0x08,0xc1,0x08,0xc1,0x08,0xc1,0x08,0xc1,0x08,0xc1,0x08,0xc1,0x08,
0xc1,0x08,0xc1,0x08,0xc1,0x08,0xc1,0x08,0xc1,0x08,0xc1,0x08,0xc1,0x08,0xc1,0x08,
0xc1,0x08,0xc1,0x08,0xc1,0x08,0xc1,0x08,0xc1,0x08,0xc1,0x08,0xc1,0x08,0xc1,0x08,
0xc1,0x08,0xc1,0x08,0xc1,0x08,0xc1,0x08,0xc1,0x08,0xc1,0x08,0xc1,0x08,0xc1,0x08,
0xc1,0x08,0xc1,0x08,0xc1,0x08,0xc1,0x08,0xc1,0x08,0xc1,0x08,0xc1,0x08,0xc1,0x08,
0xc1,0x08,0xc1,0x08,0xc1,0x08,0xc1,0x08,0xc1,0x08,0xc1,0x08,0xc1,0x08,0xc1,0x08,
0xc1,0x08,0xc1,0x08,0xc1,0x08,0xc1,0x08,0xc1,0x08,0xc1,0x08,0xc1,0x08,0xc1,0x08,
0xc1,0x08,0xc1,0x08,0xc1,0x08,0xc1,0x08,0xc1,0x08,0xc1,0x08,0xc1,0x08,0xc1,0x08,
0xc1,0x08,0xc1,0x08,0xc1,0x08,0xc1,0x08,0xc1,0x08,0xc1,0x08,0xc1,0x08,0xc1,0x08,
0xc1,0x08,0xc1,0x08,0xc1,0x08,0xc1,0x08,0xc1,0x08,0xc1,0x08,0xc1,0x08,0xc1,0x08,
0xc1,0x08,0xc1,0x08,0xc1,0x08,0xc1,0x08,0xc1,0x08,0xc1,0x08,0xc1,0x08,0xc1,0x08,
0xc1,0x08,0xc1,0x08,0xc1,0x08,0xc1,0x08,0xc1,0x08,0xc1,0x08,0xc1,0x08,0xc1,0x08,
0xc1,0x08,0xc1,0x08,0xc1,0x08,0xc1,0x08,0xc1,0x08,0xc1,0x08,0xc1,0x08,0xc1,0x08,
0xc1,0x08,0xc1,0x08,0xc1,0x08,0xc1,0x08,0xc1,0x08,0xc1,0x08,0xc1,0x08,0xc1,0x08,
0xc1,0x08,0xc1,0x08,0xc1,0x08,0xc1,0x08,0xc1,0x08,0xc1,0x08,0xc1,0x08,0xc1,0x08,
0xc1,0x08,0xc1,0x08,0xc1,0x08,0xc1,0x08,0xc1,0x08,0xc1,0x08,0xc1,0x08,0xc1,0x08,
0xc1,0x08,0xc1,0x08,0xc1,0x08,0xc1,0x08,0xc1,0x08,0xc1,0x08,0xc1,0x08,0xc1,0x08,
0xc1,0x08,0xc1,0x08,0xc1,0x08,0xc1,0x08,0xc1,0x08,0xc1,0x08,0xc1,0x08,0xc1,0x08,
0xc1,0x08,0xc1,0x08,0xc1,0x08,0xc1,0x08,0xc1,0x08,0xc1,0x08,0xc1,0x08,0xc1,0x08,
0xc1,0x08,0xc1,0x08,0xc1,0x08,0xc1,0x08,0xc1,0x08,0xc1,0x08,0xc1,0x08,0xc1,0x08,
0xc1,0x08,0xc1,0x08,0xc1,0x08,0xc1,0x08,0xc1,0x08,0xc1,0x08,0xc1,0x08,0xc1,0x08,
0xc1,0x08,0xc1,0x08,0xc1,0x08,0xc1,0x08,0xc1,0x08,0xc1,0x08,0xc1,0x08,0xc1,0x08,
0xc1,0x08,0xc1,0x08,0xc1,0x08,0xc1,0x08,0xc1,0x08,0xc1,0x08,0xc1,0x08,0xc1,0x08,
0xc1,0x08,0xc1,0x08,0xc1,0x08,0xc1,0x08,0xc1,0x08,0xc1,0x08,0xc1,0x08,0xc1,0x08,
0xc1,0x08,0xc1,0x08,0xc1,0x08,0xc1,0x08,0xc1,0x08,0xc1,0x08,0xc1,0x08,0xc1,0x08,
0xc1,0x08,0xc1,0x08,0xc1,0x08,0xc1,0x08,0xc1,0x08,0xc1,0x08,0xc1,0x08,0xc1,0x08,
0xc1,0x08,0xc1,0x08,0xc1,0x08,0xc1,0x08,0xc1,0x08,0xc1,0x08,0xc1,0x08,0xc1,0x08,
0xc1,0x08,0xc1,0x08,0xc1,0x08,0xc1,0x08,0xc1,0x08,0xc1,0x08,0xc1,0x08,0xc1,0x08,
0xc1,0x08,0xc1,0x08,0xc1,0x08,0xc1,0x08,0xc1,0x08,0xc1,0x08,0xc1,0x08,0xc1,0x08,
0xc1,0x08,0xc1,0x08,0xc1,0x08,0xc1,0x08,0xc1,0x08,0xc1,0x08,0xc1,0x08,0xc1,0x08,
0xc1,0x08,0xc1,0x08,0xc1,0x08,0xc1,0x08,0xc1,0x08,0xc1,0x08,0xc1,0x08,0xc1,0x08,
0xc1,0x08,0xc1,0x08,0xc1,0x08,0xc1,0x08,0xc1,0x08,0xc1,0x08,0xc1,0x08,0xc1,0x08,
0xc1,0x08,0xc1,0x08,0xc1,0x08,0xc1,0x08,0xc1,0x08,0xc1,0x08,0xc1,0x08,0xc1,0x08,
0xc1,0x08,0xc1,0x08,0xc1,0x08,0xc1,0x08,0xc1,0x08,0xc1,0x08,0xc1,0x08,0xc1,0x08,
0xc1,0x08,0xc1,0x08,0xc1,0x08,0xc1,0x08,0xc1,0x08,0xc1,0x08,0xc1,0x08,0xc1,0x08,
0xc1,0x08,0xc1,0x08,0xc1,0x08,0xc1,0x08,0xc1,0x08,0xc1,0x08,0xc1,0x08,0xc1,0x08,
0xc1,0x08,0xc1,0x08,0xc1,0x08,0xc1,0x08,0xc1,0x08,0xc1,0x08,0xc1,0x08,0xc1,0x08,
0xc1,0x08,0xc1,0x08,0xc1,0x08,0xc1,0x08,0xc1,0x08,0xc1,0x08,0xc1,0x08,0xc1,0x08,
0xc1,0x08,0xc1,0x08,0xc1,0x08,0xc1,0x08,0xc1,0x08,0xc1,0x08,0xc1,0x08,0xc1,0x08,
0xc1,0x08,0xc1,0x08,0xc1,0x08,0xc1,0x08,0xc1,0x08,0xc1,0x08,0xc1,0x08,0xc1,0x08,
0xc1,0x08,0xc1,0x08,0xc1,0x08,0xc1,0x08,0xc1,0x08,0xc1,0x08,0xc1,0x08,0xc1,0x08,
0xc1,0x08,0xc1,0x08,0xc1,0x08,0xc1,0x08,0xc1,0x08,0xc1,0x08,0xc1,0x08,0xc1,0x08,
0xc1,0x08,0xc1,0x08,0xc1,0x08,0xc1,0x08,0xc1,0x08,0xc1,0x08,0xc1,0x08,0xc1,0x08,
0xc1,0x08,0xc1,0x08,0xc1,0x08,0xc1,0x08,0xc1,0x08,0xc1,0x08,0xc1,0x08,0xc1,0x08,
0xc1,0x08,0xc1,0x08,0xc1,0x08,0xc1,0x08,0xc1,0x08,0xc1,0x08,0xc1,0x08,0xc1,0x08,
0xc1,0x08,0xc1,0x08,0xc1,0x08,0xc1,0x08,0xc1,0x08,0xc1,0x08,0xc1,0x08,0xc1,0x08,
0xc1,0x08,0xc1,0x08,0xc1,0x08,0xc1,0x08,0xc1,0x08,0xc1,0x08,0xc1,0x08,0xc1,0x08,
0xc1,0x08,0xc1,0x08,0xc1,0x08,0xc1,0x08,0xc1,0x08,0xc1,0x08,0xc1,0x08,0xc1,0x08,
0xc1,0x08,0xc1,0x08,0xc1,0x08,0xc1,0x08,0xc1,0x08,0xc1,0x08,0xc1,0x08,0xc1,0x08,
0xc1,0x08,0xc1,0x08,0xc1,0x08,0xc1,0x08,0xc1,0x08,0xc1,0x08,0xc1,0x08,0xc1,0x08,
0xc1,0x08,0xc1,0x08,0xc1,0x08,0xc1,0x08,0xc1,0x08,0xc1,0x08,0xc1,0x08,0xc1,0x08,
0xc1,0x08,0xc1,0x08,0xc1,0x08,0xc1,0x08,0xc1,0x08,0xc1,0x08,0xc1,0x08,0xc1,0x08,
0xc1,0x08,0xc1,0x08,0xc1,0x08,0xc1,0x08,0xc1,0x08,0xc1,0x08,0xc1,0x08,0xc1,0x08,
0xc1,0x08,0xc1,0x08,0xc1,0x08,0xc1,0x08,0xc1,0x08,0xc1,0x08,0xc1,0x08,0xc1,0x08,
0xc1,0x08,0xc1,0x08,0xc1,0x08,0xc1,0x08,0xc1,0x08,0xc1,0x08,0xc1,0x08,0xc1,0x08,
0xc1,0x08,0xc1,0x08,0xc1,0x08,0xc1,0x08,0xc1,0x08,0xc1,0x08,0xc1,0x08,0xc1,0x08,
0xc1,0x08,0xc1,0x08,0xc1,0x08,0xc1,0x08,0xc1,0x08,0xc1,0x08,0xc1,0x08,0xc1,0x08,
0xc1,0x08,0xc1,0x08,0xc1,0x08,0xc1,0x08,0xc1,0x08,0xc1,0x08,0xc1,0x08,0xc1,0x08,
0xc1,0x08,0xc1,0x08,0xc1,0x08,0xc1,0x08,0xc1,0x08,0xc1,0x08,0xc1,0x08,0xc1,0x08,
0xc1,0x08,0xc1,0x08,0xc1,0x08,0xc1,0x08,0xc1,0x08,0xc1,0x08,0xc1,0x08,0xc1,0x08,
0xc1,0x08,0xc1,0x08,0xc1,0x08,0xc1,0x08,0xc1,0x08,0xc1,0x08,0xc1,0x08,0xc1,0x08,
0xc1,0x08,0xc1,0x08,0xc1,0x08,0xc1,0x08,0xc1,0x08,0xc1,0x08,0xc1,0x08,0xc1,0x08,
0xc1,0x08,0xc1,0x08,0xc1,0x08,0xc1,0x08,0xc1,0x08,0xc1,0x08,0xc1,0x08,0xc1,0x08,
0xc1,0x08,0xc1,0x08,0xc1,0x08,0xc1,0x08,0xc1,0x08,0xc1,0x08,0xc1,0x08,0xc1,0x08,
0xc1,0x08,0xc1,0x08,0xc1,0x08,0xc1,0x08,0xc1,0x08,0xc1,0x08,0xc1,0x08,0xc1,0x08,
0xc1,0x08,0xc1,0x08,0xc1,0x08,0xc1,0x08,0xc1,0x08,0xc1,0x08,0xc1,0x08,0xc1,0x08,
0xc1,0x08,0xc1,0x08,0xc1,0x08,0xc1,0x08,0xc1,0x08,0xc1,0x08,0xc1,0x08,0xc1,0x08,
0xc1,0x08,0xc1,0x08,0xc1,0x08,0xc1,0x08,0xc1,0x08,0xc1,0x08,0xc1,0x08,0xc1,0x08,
0xc1,0x08,0xc1,0x08,0xc1,0x08,0xc1,0x08,0xc1,0x08,0xc1,0x08,0xc1,0x08,0xc1,0x08,
0xc1,0x08,0xc1,0x08,0xc1,0x08,0xc1,0x08,0xc1,0x08,0xc1,0x08,0xc1,0x08,0xc1,0x08,
0xc1,0x08,0xc1,0x08,0xc1,0x08,0xc1,0x08,0xc1,0x08,0xc1,0x08,0xc1,0x08,0xc1,0x08,
0xc1,0x08,0xc1,0x08,0xc1,0x08,0xc1,0x08,0xc1,0x08,0xc1,0x08,0xc1,0x08,0xc1,0x08,
0xc1,0x08,0xc1,0x08,0xc1,0x08,0xc1,0x08,0xc1,0x08,0xc1,0x08,0xc1,0x08,0xc1,0x08,
0xc1,0x08,0xc1,0x08,0xc1,0x08,0xc1,0x08,0xc1,0x08,0xc1,0x08,0xc1,0x08,0xc1,0x08,
0xc1,0x08,0xc1,0x08,0xc1,0x08,0xc1,0x08,0xc1,0x08,0xc1,0x08,0xc1,0x08,0xc1,0x08,
0xc1,0x08,0xc1,0x08,0xc1,0x08,0xc1,0x08,0xc1,0x08,0xc1,0x08,0xc1,0x08,0xc1,0x08,
0xc1,0x08,0xc1,0x08,0xc1,0x08,0xc1,0x08,0xc1,0x08,0xc1,0x08,0xc1,0x08,0xc1,0x08,
0xc1,0x08,0xc1,0x08,0xc1,0x08,0xc1,0x08,0xc1,0x08,0xc1,0x08,0xc1,0x08,0xc1,0x08,
0xc1,0x08,0xc1,0x08,0xc1,0x08,0xc1,0x08,0xc1,0x08,0xc1,0x08,0xc1,0x08,0xc1,0x08,
0xc1,0x08,0xc1,0x08,0xc1,0x08,0xc1,0x08,0xc1,0x08,0xc1,0x08,0xc1,0x08,0xc1,0x08,
0xc1,0x08,0xc1,0x08,0xc1,0x08,0xc1,0x08,0xc1,0x08,0xc1,0x08,0xc1,0x08,0xc1,0x08,
0xc1,0x08,0xc1,0x08,0xc1,0x08,0xc1,0x08,0xc1,0x08,0xc1,0x08,0xc1,0x08,0xc1,0x08,
0xc1,0x08,0xc1,0x08,0xc1,0x08,0xc1,0x08,0xc1,0x08,0xc1,0x08,0xc1,0x08,0xc1,0x08,
0xc1,0x08,0xc1,0x08,0xc1,0x08,0xc1,0x08,0xc1,0x08,0xc1,0x08,0xc1,0x08,0xc1,0x08,
0xc1,0x08,0xc1,0x08,0xc1,0x08,0xc1,0x08,0xc1,0x08,0xc1,0x08,0xc1,0x08,0xc1,0x08,
0xc1,0x08,0xc1,0x08,0xc1,0x08,0xc1,0x08,0xc1,0x08,0xc1,0x08,0xc1,0x08,0xc1,0x08,
0xc1,0x08,0xc1,0x08,0xc1,0x08,0xc1,0x08,0xc1,0x08,0xc1,0x08,0xc1,0x08,0xc1,0x08,
0xc1,0x08,0xc1,0x08,0xc1,0x08,0xc1,0x08,0xc1,0x08,0xc1,0x08,0xc1,0x08,0xc1,0x08,
0xc1,0x08,0xc1,0x08,0xc1,0x08,0xc1,0x08,0xc1,0x08,0xc1,0x08,0xc1,0x08,0xc1,0x08,
0xc1,0x08,0xc1,0x08,0xc1,0x08,0xc1,0x08,0xc1,0x08,0xc1,0x08,0xc1,0x08,0xc1,0x08,
0xc1,0x08,0xc1,0x08,0xc1,0x08,0xc1,0x08,0xc1,0x08,0xc1,0x08,0xc1,0x08,0xc1,0x08,
0xc1,0x08,0xc1,0x08,0xc1,0x08,0xc1,0x08,0xc1,0x08,0xc1,0x08,0xc1,0x08,0xc1,0x08,
0xc1,0x08,0xc1,0x08,0xc1,0x08,0xc1,0x08,0xc1,0x08,0xc1,0x08,0xc1,0x08,0xc1,0x08,
0xc1,0x08,0xc1,0x08,0xc1,0x08,0xc1,0x08,0xc1,0x08,0xc1,0x08,0xc1,0x08,0xc1,0x08,
0xc1,0x08,0xc1,0x08,0xc1,0x08,0xc1,0x08,0xc1,0x08,0xc1,0x08,0xc1,0x08,0xc1,0x08,
0xc1,0x08,0xc1,0x08,0xc1,0x08,0xc1,0x08,0xc1,0x08,0xc1,0x08,0xc1,0x08,0xc1,0x08,
0xc1,0x08,0xc1,0x08,0xc1,0x08,0xc1,0x08,0xc1,0x08,0xc1,0x08,0xc1,0x08,0xc1,0x08,
0xc1,0x08,0xc1,0x08,0xc1,0x08,0xc1,0x08,0xc1,0x08,0xc1,0x08,0xc1,0x08,0xc1,0x08,
0xc1,0x08,0xc1,0x08,0xc1,0x08,0xc1,0x08,0xc1,0x08,0xc1,0x08,0xc1,0x08,0xc1,0x08,
0xc1,0x08,0xc1,0x08,0xc1,0x08,0xc1,0x08,0xc1,0x08,0xc1,0x08,0xc1,0x08,0xc1,0x08,
0xc1,0x08,0xc1,0x08,0xc1,0x08,0xc1,0x08,0xc1,0x08,0xc1,0x08,0xc1,0x08,0xc1,0x08,
0xc1,0x08,0xc1,0x08,0xc1,0x08,0xc1,0x08,0xc1,0x08,0xc1,0x08,0xc1,0x08,0xc1,0x08,
0xc1,0x08,0xc1,0x08,0xc1,0x08,0xc1,0x08,0xc1,0x08,0xc1,0x08,0xc1,0x08,0xc1,0x08,
0xc1,0x08,0xc1,0x08,0xc1,0x08,0xc1,0x08,0xc1,0x08,0xc1,0x08,0xc1,0x08,0xc1,0x08,
0xc1,0x08,0xc1,0x08,0xc1,0x08,0xc1,0x08,0xc1,0x08,0xc1,0x08,0xc1,0x08,0xc1,0x08,
0xc1,0x08,0xc1,0x08,0xc1,0x08,0xc1,0x08,0xc1,0x08,0xc1,0x08,0xc1,0x08,0xc1,0x08,
0xc1,0x08,0xc1,0x08,0xc1,0x08,0xc1,0x08,0xc1,0x08,0xc1,0x08,0xc1,0x08,0xc1,0x08,
0xc1,0x08,0xc1,0x08,0xc1,0x08,0xc1,0x08,0xc1,0x08,0xc1,0x08,0xc1,0x08,0xc1,0x08,
0xc1,0x08,0xc1,0x08,0xc1,0x08,0xc1,0x08,0xc1,0x08,0xc1,0x08,0xc1,0x08,0xc1,0x08,
0xc1,0x08,0xc1,0x08,0xc1,0x08,0xc1,0x08,0xc1,0x08,0xc1,0x08,0xc1,0x08,0xc1,0x08,
0xc1,0x08,0xc1,0x08,0xc1,0x08,0xc1,0x08,0xc1,0x08,0xc1,0x08,0xc1,0x08,0xc1,0x08,
0xc1,0x08,0xc1,0x08,0xc1,0x08,0xc1,0x08,0xc1,0x08,0xc1,0x08,0xc1,0x08,0xc1,0x08,
0xc1,0x08,0xc1,0x08,0xc1,0x08,0xc1,0x08,0xc1,0x08,0xc1,0x08,0xc1,0x08,0xc1,0x08,
0xc1,0x08,0xc1,0x08,0xc1,0x08,0xc1,0x08,0xc1,0x08,0xc1,0x08,0xc1,0x08,0xc1,0x08,
0xc1,0x08,0xc1,0x08,0xc1,0x08,0xc1,0x08,0xc1,0x08,0xc1,0x08,0xc1,0x08,0xc1,0x08,
0xc1,0x08,0xc1,0x08,0xc1,0x08,0xc1,0x08,0xc1,0x08,0xc1,0x08,0xc1,0x08,0xc1,0x08,
0xc1,0x08,0xc1,0x08,0xc1,0x08,0xc1,0x08,0xc1,0x08,0xc1,0x08,0xc1,0x08,0xc1,0x08,
0xc1,0x08,0xc1,0x08,0xc1,0x08,0xc1,0x08,0xc1,0x08,0xc1,0x08,0xc1,0x08,0xc1,0x08,
0xc1,0x08,0xc1,0x08,0xc1,0x08,0xc1,0x08,0xc1,0x08,0xc1,0x08,0xc1,0x08,0xc1,0x08,
0xc1,0x08,0xc1,0x08,0xc1,0x08,0xc1,0x08,0xc1,0x08,0xc1,0x08,0xc1,0x08,0xc1,0x08,
0xc1,0x08,0xc1,0x08,0xc1,0x08,0xc1,0x08,0xc1,0x08,0xc1,0x08,0xc1,0x08,0xc1,0x08,
0xc1,0x08,0xc1,0x08,0xc1,0x08,0xc1,0x08,0xc1,0x08,0xc1,0x08,0xc1,0x08,0xc1,0x08,
0xc1,0x08,0xc1,0x08,0xc1,0x08,0xc1,0x08,0xc1,0x08,0xc1,0x08,0xc1,0x08,0xc1,0x08,
0xc1,0x08,0xc1,0x08,0xc1,0x08,0xc1,0x08,0xc1,0x08,0xc1,0x08,0xc1,0x08,0xc1,0x08,
0xc1,0x08,0xc1,0x08,0xc1,0x08,0xc1,0x08,0xc1,0x08,0xc1,0x08,0xc1,0x08,0xc1,0x08,
0xc1,0x08,0xc1,0x08,0xc1,0x08,0xc1,0x08,0xc1,0x08,0xc1,0x08,0xc1,0x08,0xc1,0x08,
0xc1,0x08,0xc1,0x08,0xc1,0x08,0xc1,0x08,0xc1,0x08,0xc1,0x08,0xc1,0x08,0xc1,0x08,
0xc1,0x08,0xc1,0x08,0xc1,0x08,0xc1,0x08,0xc1,0x08,0xc1,0x08,0xc1,0x08,0xc1,0x08,
0xc1,0x08,0xc1,0x08,0xc1,0x08,0xc1,0x08,0xc1,0x08,0xc1,0x08,0xc1,0x08,0xc1,0x08,
0xc1,0x08,0xc1,0x08,0xc1,0x08,0xc1,0x08,0xc1,0x08,0xc1,0x08,0xc1,0x08,0xc1,0x08,
0xc1,0x08,0xc1,0x08,0xc1,0x08,0xc1,0x08,0xc1,0x08,0xc1,0x08,0xc1,0x08,0xc1,0x08,
0xc1,0x08,0xc1,0x08,0xc1,0x08,0xc1,0x08,0xc1,0x08,0xc1,0x08,0xc1,0x08,0xc1,0x08,
0xc1,0x08,0xc1,0x08,0xc1,0x08,0xc1,0x08,0xc1,0x08,0xc1,0x08,0xc1,0x08,0xc1,0x08,
0xc1,0x08,0xc1,0x08,0xc1,0x08,0xc1,0x08,0xc1,0x08,0xc1,0x08,0xc1,0x08,0xc1,0x08,
0xc1,0x08,0xc1,0x08,0xc1,0x08,0xc1,0x08,0xc1,0x08,0xc1,0x08,0xc1,0x08,0xc1,0x08,
0xc1,0x08,0xc1,0x08,0xc1,0x08,0xc1,0x08,0xc1,0x08,0xc1,0x08,0xc1,0x08,0xc1,0x08,
0xc1,0x08,0xc1,0x08,0xc1,0x08,0xc1,0x08,0xc1,0x08,0xc1,0x08,0xc1,0x08,0xc1,0x08,
0xc1,0x08,0xc1,0x08,0xc1,0x08,0xc1,0x08,0xc1,0x08,0xc1,0x08,0xc1,0x08,0xc1,0x08,
0xc1,0x08,0xc1,0x08,0xc1,0x08,0xc1,0x08,0xc1,0x08,0xc1,0x08,0xc1,0x08,0xc1,0x08,
0xc1,0x08,0xc1,0x08,0xc1,0x08,0xc1,0x08,0xc1,0x08,0xc1,0x08,0xc1,0x08,0xc1,0x08,
0xc1,0x08,0xc1,0x08,0xc1,0x08,0xc1,0x08,0xc1,0x08,0xc1,0x08,0xc1,0x08,0xc1,0x08,
0xc1,0x08,0xc1,0x08,0xc1,0x08,0xc1,0x08,0xc1,0x08,0xc1,0x08,0xc1,0x08,0xc1,0x08,
0xc1,0x08,0xc1,0x08,0xc1,0x08,0xc1,0x08,0xc1,0x08,0xc1,0x08,0xc1,0x08,0xc1,0x08,
0xc1,0x08,0xc1,0x08,0xc1,0x08,0xc1,0x08,0xc1,0x08,0xc1,0x08,0xc1,0x08,0xc1,0x08,
0xc1,0x08,0xc1,0x08,0xc1,0x08,0xc1,0x08,0xc1,0x08,0xc1,0x08,0xc1,0x08,0xc1,0x08,
0xc1,0x08,0xc1,0x08,0xc1,0x08,0xc1,0x08,0xc1,0x08,0xc1,0x08,0xc1,0x08,0xc1,0x08,
0xc1,0x08,0xc1,0x08,0xc1,0x08,0xc1,0x08,0xc1,0x08,0xc1,0x08,0xc1,0x08,0xc1,0x08,
0xc1,0x08,0xc1,0x08,0xc1,0x08,0xc1,0x08,0xc1,0x08,0xc1,0x08,0xc1,0x08,0xc1,0x08,
0xc1,0x08,0xc1,0x08,0xc1,0x08,0xc1,0x08,0xc1,0x08,0xc1,0x08,0xc1,0x08,0xc1,0x08,
0xc1,0x08,0xc1,0x08,0xc1,0x08,0xc1,0x08,0xc1,0x08,0xc1,0x08,0xc1,0x08,0xc1,0x08,
0xc1,0x08,0xc1,0x08,0xc1,0x08,0xc1,0x08,0xc1,0x08,0xc1,0x08,0xc1,0x08,0xc1,0x08,
0xc1,0x08,0xc1,0x08,0xc1,0x08,0xc1,0x08,0xc1,0x08,0xc1,0x08,0xc1,0x08,0xc1,0x08,
0xc1,0x08,0xc1,0x08,0xc1,0x08,0xc1,0x08,0xc1,0x08,0xc1,0x08,0xc1,0x08,0xc1,0x08,
0xc1,0x08,0xc1,0x08,0xc1,0x08,0xc1,0x08,0xc1,0x08,0xc1,0x08,0xc1,0x08,0xc1,0x08,
0xc1,0x08,0xc1,0x08,0xc1,0x08,0xc1,0x08,0xc1,0x08,0xc1,0x08,0xc1,0x08,0xc1,0x08,
0xc1,0x08,0xc1,0x08,0xc1,0x08,0xc1,0x08,0xc1,0x08,0xc1,0x08,0xc1,0x08,0xc1,0x08,
0xc1,0x08,0xc1,0x08,0xc1,0x08,0xc1,0x08,0xc1,0x08,0xc1,0x08,0xc1,0x08,0xc1,0x08,
0xc1,0x08,0xc1,0x08,0xc1,0x08,0xc1,0x08,0xc1,0x08,0xc1,0x08,0xc1,0x08,0xc1,0x08,
0xc1,0x08,0xc1,0x08,0xc1,0x08,0xc1,0x08,0xc1,0x08,0xc1,0x08,0xc1,0x08,0xc1,0x08,
0xc1,0x08,0xc1,0x08,0xc1,0x08,0xc1,0x08,0xc1,0x08,0xc1,0x08,0xc1,0x08,0xc1,0x08,
0xc1,0x08,0xc1,0x08,0xc1,0x08,0xc1,0x08,0xc1,0x08,0xc1,0x08,0xc1,0x08,0xc1,0x08,
0xc1,0x08,0xc1,0x08,0xc1,0x08,0xc1,0x08,0xc1,0x08,0xc1,0x08,0xc1,0x08,0xc1,0x08,
0xc1,0x08,0xc1,0x08,0xc1,0x08,0xc1,0x08,0xc1,0x08,0xc1,0x08,0xc1,0x08,0xc1,0x08,
0xc1,0x08,0xc1,0x08,0xc1,0x08,0xc1,0x08,0xc1,0x08,0xc1,0x08,0xc1,0x08,0xc1,0x08,
0xc1,0x08,0xc1,0x08,0xc1,0x08,0xc1,0x08,0xc1,0x08,0xc1,0x08,0xc1,0x08,0xc1,0x08,
0xc1,0x08,0xc1,0x08,0xc1,0x08,0xc1,0x08,0xc1,0x08,0xc1,0x08,0xc1,0x08,0xc1,0x08,
0xc1,0x08,0xc1,0x08,0xc1,0x08,0xc1,0x08,0xc1,0x08,0xc1,0x08,0xc1,0x08,0xc1,0x08,
0xc1,0x08,0xc1,0x08,0xc1,0x08,0xc1,0x08,0xc1,0x08,0xc1,0x08,0xc1,0x08,0xc1,0x08,
0xc1,0x08,0xc1,0x08,0xc1,0x08,0xc1,0x08,0xc1,0x08,0xc1,0x08,0xc1,0x08,0xc1,0x08,
0xc1,0x08,0xc1,0x08,0xc1,0x08,0xc1,0x08,0xc1,0x08,0xc1,0x08,0xc1,0x08,0xc1,0x08,
0xc1,0x08,0xc1,0x08,0xc1,0x08,0xc1,0x08,0xc1,0x08,0xc1,0x08,0xc1,0x08,0xc1,0x08,
0xc1,0x08,0xc1,0x08,0xc1,0x08,0xc1,0x08,0xc1,0x08,0xc1,0x08,0xc1,0x08,0xc1,0x08,
0xc1,0x08,0xc1,0x08,0xc1,0x08,0xc1,0x08,0xc1,0x08,0xc1,0x08,0xc1,0x08,0xc1,0x08,
0xc1,0x08,0xc1,0x08,0xc1,0x08,0xc1,0x08,0xc1,0x08,0xc1,0x08,0xc1,0x08,0xc1,0x08,
0xc1,0x08,0xc1,0x08,0xc1,0x08,0xc1,0x08,0xc1,0x08,0xc1,0x08,0xc1,0x08,0xc1,0x08,
0xc1,0x08,0xc1,0x08,0xc1,0x08,0xc1,0x08,0xc1,0x08,0xc1,0x08,0xc1,0x08,0xc1,0x08,
0xc1,0x08,0xc1,0x08,0xc1,0x08,0xc1,0x08,0xc1,0x08,0xc1,0x08,0xc1,0x08,0xc1,0x08,
0xc1,0x08,0xc1,0x08,0xc1,0x08,0xc1,0x08,0xc1,0x08,0xc1,0x08,0xc1,0x08,0xc1,0x08,
0xc1,0x08,0xc1,0x08,0xc1,0x08,0xc1,0x08,0xc1,0x08,0xc1,0x08,0xc1,0x08,0xc1,0x08,
0xc1,0x08,0xc1,0x08,0xc1,0x08,0xc1,0x08,0xc1,0x08,0xc1,0x08,0xc1,0x08,0xc1,0x08,
0xc1,0x08,0xc1,0x08,0xc1,0x08,0xc1,0x08,0xc1,0x08,0xc1,0x08,0xc1,0x08,0xc1,0x08,
0xc1,0x08,0xc1,0x08,0xc1,0x08,0xc1,0x08,0xc1,0x08,0xc1,0x08,0xc1,0x08,0xc1,0x08,
0xc1,0x08,0xc1,0x08,0xc1,0x08,0xc1,0x08,0xc1,0x08,0xc1,0x08,0xc1,0x08,0xc1,0x08,
0xc1,0x08,0xc1,0x08,0xc1,0x08,0xc1,0x08,0xc1,0x08,0xc1,0x08,0xc1,0x08,0xc1,0x08,
0xc1,0x08,0xc1,0x08,0xc1,0x08,0xc1,0x08,0xc1,0x08,0xc1,0x08,0xc1,0x08,0xc1,0x08,
0xc1,0x08,0xc1,0x08,0xc1,0x08,0xc1,0x08,0xc1,0x08,0xc1,0x08,0xc1,0x08,0xc1,0x08,
0xc1,0x08,0xc1,0x08,0xc1,0x08,0xc1,0x08,0xc1,0x08,0xc1,0x08,0xc1,0x08,0xc1,0x08,
0xc1,0x08,0xc1,0x08,0xc1,0x08,0xc1,0x08,0xc1,0x08,0xc1,0x08,0xc1,0x08,0xc1,0x08,
0xc1,0x08,0xc1,0x08,0xc1,0x08,0xc1,0x08,0xc1,0x08,0xc1,0x08,0xc1,0x08,0xc1,0x08,
0xc1,0x08,0xc1,0x08,0xc1,0x08,0xc1,0x08,0xc1,0x08,0xc1,0x08,0xc1,0x08,0xc1,0x08,
0xc1,0x08,0xc1,0x08,0xc1,0x08,0xc1,0x08,0xc1,0x08,0xc1,0x08,0xc1,0x08,0xc1,0x08,
0xc1,0x08,0xc1,0x08,0xc1,0x08,0xc1,0x08,0xc1,0x08,0xc1,0x08,0xc1,0x08,0xc1,0x08,
0xc1,0x08,0xc1,0x08,0xc1,0x08,0xc1,0x08,0xc1,0x08,0xc1,0x08,0xc1,0x08,0xc1,0x08,
0xc1,0x08,0xc1,0x08,0xc1,0x08,0xc1,0x08,0xc1,0x08,0xc1,0x08,0xc1,0x08,0xc1,0x08,
0xc1,0x08,0xc1,0x08,0xc1,0x08,0xc1,0x08,0xc1,0x08,0xc1,0x08,0xc1,0x08,0xc1,0x08,
0xc1,0x08,0xc1,0x08,0xc1,0x08,0xc1,0x08,0xc1,0x08,0xc1,0x08,0xc1,0x08,0xc1,0x08,
0xc1,0x08,0xc1,0x08,0xc1,0x08,0xc1,0x08,0xc1,0x08,0xc1,0x08,0xc1,0x08,0xc1,0x08,
0xc1,0x08,0xc1,0x08,0xc1,0x08,0xc1,0x08,0xc1,0x08,0xc1,0x08,0xc1,0x08,0xc1,0x08,
0xc1,0x08,0xc1,0x08,0xc1,0x08,0xc1,0x08,0xc1,0x08,0xc1,0x08,0xc1,0x08,0xc1,0x08,
0xc1,0x08,0xc1,0x08,0xc1,0x08,0xc1,0x08,0xc1,0x08,0xc1,0x08,0xc1,0x08,0xc1,0x08,
0xc1,0x08,0xc1,0x08,0xc1,0x08,0xc1,0x08,0xc1,0x08,0xc1,0x08,0xc1,0x08,0xc1,0x08,
0xc1,0x08,0xc1,0x08,0xc1,0x08,0xc1,0x08,0xc1,0x08,0xc1,0x08,0xc1,0x08,0xc1,0x08,
0xc1,0x08,0xc1,0x08,0xc1,0x08,0xc1,0x08,0xc1,0x08,0xc1,0x08,0xc1,0x08,0xc1,0x08,
0xc1,0x08,0xc1,0x08,0xc1,0x08,0xc1,0x08,0xc1,0x08,0xc1,0x08,0xc1,0x08,0xc1,0x08,
0xc1,0x08,0xc1,0x08,0xc1,0x08,0xc1,0x08,0xc1,0x08,0xc1,0x08,0xc1,0x08,0xc1,0x08,
0xc1,0x08,0xc1,0x08,0xc1,0x08,0xc1,0x08,0xc1,0x08,0xc1,0x08,0xc1,0x08,0xc1,0x08,
0xc1,0x08,0xc1,0x08,0xc1,0x08,0xc1,0x08,0xc1,0x08,0xc1,0x08,0xc1,0x08,0xc1,0x08,
0xc1,0x08,0xc1,0x08,0xc1,0x08,0xc1,0x08,0xc1,0x08,0xc1,0x08,0xc1,0x08,0xc1,0x08,
0xc1,0x08,0xc1,0x08,0xc1,0x08,0xc1,0x08,0xc1,0x08,0xc1,0x08,0xc1,0x08,0xc1,0x08,
0xc1,0x08,0xc1,0x08,0xc1,0x08,0xc1,0x08,0xc1,0x08,0xc1,0x08,0xc1,0x08,0xc1,0x08,
0xc1,0x08,0xc1,0x08,0xc1,0x08,0xc1,0x08,0xc1,0x08,0xc1,0x08,0xc1,0x08,0xc1,0x08,
0xc1,0x08,0xc1,0x08,0xc1,0x08,0xc1,0x08,0xc1,0x08,0xc1,0x08,0xc1,0x08,0xc1,0x08,
0xc1,0x08,0xc1,0x08,0xc1,0x08,0xc1,0x08,0xc1,0x08,0xc1,0x08,0xc1,0x08,0xc1,0x08,
0xc1,0x08,0xc1,0x08,0xc1,0x08,0xc1,0x08,0xc1,0x08,0xc1,0x08,0xc1,0x08,0xc1,0x08,
0xc1,0x08,0xc1,0x08,0xc1,0x08,0xc1,0x08,0xc1,0x08,0xc1,0x08,0xc1,0x08,0xc1,0x08,
0xc1,0x08,0xc1,0x08,0xc1,0x08,0xc1,0x08,0xc1,0x08,0xc1,0x08,0xc1,0x08,0xc1,0x08,
0xc1,0x08,0xc1,0x08,0xc1,0x08,0xc1,0x08,0xc1,0x08,0xc1,0x08,0xc1,0x08,0xc1,0x08,
0xc1,0x08,0xc1,0x08,0xc1,0x08,0xc1,0x08,0xc1,0x08,0xc1,0x08,0xc1,0x08,0xc1,0x08,
0xc1,0x08,0xc1,0x08,0xc1,0x08,0xc1,0x08,0xc1,0x08,0xc1,0x08,0xc1,0x08,0xc1,0x08,
0xc1,0x08,0xc1,0x08,0xc1,0x08,0xc1,0x08,0xc1,0x08,0xc1,0x08,0xc1,0x08,0xc1,0x08,
0xc1,0x08,0xc1,0x08,0xc1,0x08,0xc1,0x08,0xc1,0x08,0xc1,0x08,0xc1,0x08,0xc1,0x08,
0xc1,0x08,0xc1,0x08,0xc1,0x08,0xc1,0x08,0xc1,0x08,0xc1,0x08,0xc1,0x08,0xc1,0x08,
0xc1,0x08,0xc1,0x08,0xc1,0x08,0xc1,0x08,0xc1,0x08,0xc1,0x08,0xc1,0x08,0xc1,0x08,
0xc1,0x08,0xc1,0x08,0xc1,0x08,0xc1,0x08,0xc1,0x08,0xc1,0x08,0xc1,0x08,0xc1,0x08,
0xc1,0x08,0xc1,0x08,0xc1,0x08,0xc1,0x08,0xc1,0x08,0xc1,0x08,0xc1,0x08,0xc1,0x08,
0xc1,0x08,0xc1,0x08,0xc1,0x08,0xc1,0x08,0xc1,0x08,0xc1,0x08,0xc1,0x08,0xc1,0x08,
0xc1,0x08,0xc1,0x08,0xc1,0x08,0xc1,0x08,0xc1,0x08,0xc1,0x08,0xc1,0x08,0xc1,0x08,
0xc1,0x08,0xc1,0x08,0xc1,0x08,0xc1,0x08,0xc1,0x08,0xc1,0x08,0xc1,0x08,0xc1,0x08,
0xc1,0x08,0xc1,0x08,0xc1,0x08,0xc1,0x08,0xc1,0x08,0xc1,0x08,0xc1,0x08,0xc1,0x08,
0xc1,0x08,0xc1,0x08,0xc1,0x08,0xc1,0x08,0xc1,0x08,0xc1,0x08,0xc1,0x08,0xc1,0x08,
0xc1,0x08,0xc1,0x08,0xc1,0x08,0xc1,0x08,0xc1,0x08,0xc1,0x08,0xc1,0x08,0xc1,0x08,
0xc1,0x08,0xc1,0x08,0xc1,0x08,0xc1,0x08,0xc1,0x08,0xc1,0x08,0xc1,0x08,0xc1,0x08,
0xc1,0x08,0xc1,0x08,0xc1,0x08,0xc1,0x08,0xc1,0x08,0xc1,0x08,0xc1,0x08,0xc1,0x08,
0xc1,0x08,0xc1,0x08,0xc1,0x08,0xc1,0x08,0xc1,0x08,0xc1,0x08,0xc1,0x08,0xc1,0x08,
0xc1,0x08,0xc1,0x08,0xc1,0x08,0xc1,0x08,0xc1,0x08,0xc1,0x08,0xc1,0x08,0xc1,0x08,
0xc1,0x08,0xc1,0x08,0xc1,0x08,0xc1,0x08,0xc1,0x08,0xc1,0x08,0xc1,0x08,0xc1,0x08,
0xc1,0x08,0xc1,0x08,0xc1,0x08,0xc1,0x08,0xc1,0x08,0xc1,0x08,0xc1,0x08,0xc1,0x08,
0xc1,0x08,0xc1,0x08,0xc1,0x08,0xc1,0x08,0xc1,0x08,0xc1,0x08,0xc1,0x08,0xc1,0x08,
0xc1,0x08,0xc1,0x08,0xc1,0x08,0xc1,0x08,0xc1,0x08,0xc1,0x08,0xc1,0x08,0xc1,0x08,
0xc1,0x08,0xc1,0x08,0xc1,0x08,0xc1,0x08,0xc1,0x08,0xc1,0x08,0xc1,0x08,0xc1,0x08,
0xc1,0x08,0xc1,0x08,0xc1,0x08,0xc1,0x08,0xc1,0x08,0xc1,0x08,0xc1,0x08,0xc1,0x08,
0xc1,0x08,0xc1,0x08,0xc1,0x08,0xc1,0x08,0xc1,0x08,0xc1,0x08,0xc1,0x08,0xc1,0x08,
0xc1,0x08,0xc1,0x08,0xc1,0x08,0xc1,0x08,0xc1,0x08,0xc1,0x08,0xc1,0x08,0xc1,0x08,
0xc1,0x08,0xc1,0x08,0xc1,0x08,0xc1,0x08,0xc1,0x08,0xc1,0x08,0xc1,0x08,0xc1,0x08,
0xc1,0x08,0xc1,0x08,0xc1,0x08,0xc1,0x08,0xc1,0x08,0xc1,0x08,0xc1,0x08,0xc1,0x08,
0xc1,0x08,0xc1,0x08,0xc1,0x08,0xc1,0x08,0xc1,0x08,0xc1,0x08,0xc1,0x08,0xc1,0x08,
0xc1,0x08,0xc1,0x08,0xc1,0x08,0xc1,0x08,0xc1,0x08,0xc1,0x08,0xc1,0x08,0xc1,0x08,
0xc1,0x08,0xc1,0x08,0xc1,0x08,0xc1,0x08,0xc1,0x08,0xc1,0x08,0xc1,0x08,0xc1,0x08,
0xc1,0x08,0xc1,0x08,0xc1,0x08,0xc1,0x08,0xc1,0x08,0xc1,0x08,0xc1,0x08,0xc1,0x08,
0xc1,0x08,0xc1,0x08,0xc1,0x08,0xc1,0x08,0xc1,0x08,0xc1,0x08,0xc1,0x08,0xc1,0x08,
0xc1,0x08,0xc1,0x08,0xc1,0x08,0xc1,0x08,0xc1,0x08,0xc1,0x08,0xc1,0x08,0xc1,0x08,
0xc1,0x08,0xc1,0x08,0xc1,0x08,0xc1,0x08,0xc1,0x08,0xc1,0x08,0xc1,0x08,0xc1,0x08,
0xc1,0x08,0xc1,0x08,0xc1,0x08,0xc1,0x08,0xc1,0x08,0xc1,0x08,0xc1,0x08,0xc1,0x08,
0xc1,0x08,0xc1,0x08,0xc1,0x08,0xc1,0x08,0xc1,0x08,0xc1,0x08,0xc1,0x08,0xc1,0x08,
0xc1,0x08,0xc1,0x08,0xc1,0x08,0xc1,0x08,0xc1,0x08,0xc1,0x08,0xc1,0x08,0xc1,0x08,
0xc1,0x08,0xc1,0x08,0xc1,0x08,0xc1,0x08,0xc1,0x08,0xc1,0x08,0xc1,0x08,0xc1,0x08,
0xc1,0x08,0xc1,0x08,0xc1,0x08,0xc1,0x08,0xc1,0x08,0xc1,0x08,0xc1,0x08,0xc1,0x08,
0xc1,0x08,0xc1,0x08,0xc1,0x08,0xc1,0x08,0xc1,0x08,0xc1,0x08,0xc1,0x08,0xc1,0x08,
0xc1,0x08,0xc1,0x08,0xc1,0x08,0xc1,0x08,0xc1,0x08,0xc1,0x08,0xc1,0x08,0xc1,0x08,
0xc1,0x08,0xc1,0x08,0xc1,0x08,0xc1,0x08,0xc1,0x08,0xc1,0x08,0xc1,0x08,0xc1,0x08,
0xc1,0x08,0xc1,0x08,0xc1,0x08,0xc1,0x08,0xc1,0x08,0xc1,0x08,0xc1,0x08,0xc1,0x08,
0xc1,0x08,0xc1,0x08,0xc1,0x08,0xc1,0x08,0xc1,0x08,0xc1,0x08,0xc1,0x08,0xc1,0x08,
0xc1,0x08,0xc1,0x08,0xc1,0x08,0xc1,0x08,0xc1,0x08,0xc1,0x08,0xc1,0x08,0xc1,0x08,
0xc1,0x08,0xc1,0x08,0xc1,0x08,0xc1,0x08,0xc1,0x08,0xc1,0x08,0xc1,0x08,0xc1,0x08,
0xc1,0x08,0xc1,0x08,0xc1,0x08,0xc1,0x08,0xc1,0x08,0xc1,0x08,0xc1,0x08,0xc1,0x08,
0xc1,0x08,0xc1,0x08,0xc1,0x08,0xc1,0x08,0xc1,0x08,0xc1,0x08,0xc1,0x08,0xc1,0x08,
0xc1,0x08,0xc1,0x08,0xc1,0x08,0xc1,0x08,0xc1,0x08,0xc1,0x08,0xc1,0x08,0xc1,0x08,
0xc1,0x08,0xc1,0x08,0xc1,0x08,0xc1,0x08,0xc1,0x08,0xc1,0x08,0xc1,0x08,0xc1,0x08,
0xc1,0x08,0xc1,0x08,0xc1,0x08,0xc1,0x08,0xc1,0x08,0xc1,0x08,0xc1,0x08,0xc1,0x08,
0xc1,0x08,0xc1,0x08,0xc1,0x08,0xc1,0x08,0xc1,0x08,0xc1,0x08,0xc1,0x08,0xc1,0x08,
0xc1,0x08,0xc1,0x08,0xc1,0x08,0xc1,0x08,0xc1,0x08,0xc1,0x08,0xc1,0x08,0xc1,0x08,
0xc1,0x08,0xc1,0x08,0xc1,0x08,0xc1,0x08,0xc1,0x08,0xc1,0x08,0xc1,0x08,0xc1,0x08,
0xc1,0x08,0xc1,0x08,0xc1,0x08,0xc1,0x08,0xc1,0x08,0xc1,0x08,0xc1,0x08,0xc1,0x08,
0xc1,0x08,0xc1,0x08,0xc1,0x08,0xc1,0x08,0xc1,0x08,0xc1,0x08,0xc1,0x08,0xc1,0x08,
0xc1,0x08,0xc1,0x08,0xc1,0x08,0xc1,0x08,0xc1,0x08,0xc1,0x08,0xc1,0x08,0xc1,0x08,
0xc1,0x08,0xc1,0x08,0xc1,0x08,0xc1,0x08,0xc1,0x08,0xc1,0x08,0xc1,0x08,0xc1,0x08,
0xc1,0x08,0xc1,0x08,0xc1,0x08,0xc1,0x08,0xc1,0x08,0xc1,0x08,0xc1,0x08,0xc1,0x08,
0xc1,0x08,0xc1,0x08,0xc1,0x08,0xc1,0x08,0xc1,0x08,0xc1,0x08,0xc1,0x08,0xc1,0x08,
0xc1,0x08,0xc1,0x08,0xc1,0x08,0xc1,0x08,0xc1,0x08,0xc1,0x08,0xc1,0x08,0xc1,0x08,
0xc1,0x08,0xc1,0x08,0xc1,0x08,0xc1,0x08,0xc1,0x08,0xc1,0x08,0xc1,0x08,0xc1,0x08,
0xc1,0x08,0xc1,0x08,0xc1,0x08,0xc1,0x08,0xc1,0x08,0xc1,0x08,0xc1,0x08,0xc1,0x08,
0xc1,0x08,0xc1,0x08,0xc1,0x08,0xc1,0x08,0xc1,0x08,0xc1,0x08,0xc1,0x08,0xc1,0x08,
0xc1,0x08,0xc1,0x08,0xc1,0x08,0xc1,0x08,0xc1,0x08,0xc1,0x08,0xc1,0x08,0xc1,0x08,
0xc1,0x08,0xc1,0x08,0xc1,0x08,0xc1,0x08,0xc1,0x08,0xc1,0x08,0xc1,0x08,0xc1,0x08,
0xc1,0x08,0xc1,0x08,0xc1,0x08,0xc1,0x08,0xc1,0x08,0xc1,0x08,0xc1,0x08,0xc1,0x08,
0xc1,0x08,0xc1,0x08,0xc1,0x08,0xc1,0x08,0xc1,0x08,0xc1,0x08,0xc1,0x08,0xc1,0x08,
0xc1,0x08,0xc1,0x08,0xc1,0x08,0xc1,0x08,0xc1,0x08,0xc1,0x08,0xc1,0x08,0xc1,0x08,
0xc1,0x08,0xc1,0x08,0xc1,0x08,0xc1,0x08,0xc1,0x08,0xc1,0x08,0xc1,0x08,0xc1,0x08,
0xc1,0x08,0xc1,0x08,0xc1,0x08,0xc1,0x08,0xc1,0x08,0xc1,0x08,0xc1,0x08,0xc1,0x08,
0xc1,0x08,0xc1,0x08,0xc1,0x08,0xc1,0x08,0xc1,0x08,0xc1,0x08,0xc1,0x08,0xc1,0x08,
0xc1,0x08,0xc1,0x08,0xc1,0x08,0xc1,0x08,0xc1,0x08,0xc1,0x08,0xc1,0x08,0xc1,0x08,
0xc1,0x08,0xc1,0x08,0xc1,0x08,0xc1,0x08,0xc1,0x08,0xc1,0x08,0xc1,0x08,0xc1,0x08,
0xc1,0x08,0xc1,0x08,0xc1,0x08,0xc1,0x08,0xc1,0x08,0xc1,0x08,0xc1,0x08,0xc1,0x08,
0xc1,0x08,0xc1,0x08,0xc1,0x08,0xc1,0x08,0xc1,0x08,0xc1,0x08,0xc1,0x08,0xc1,0x08,
0xc1,0x08,0xc1,0x08,0xc1,0x08,0xc1,0x08,0xc1,0x08,0xc1,0x08,0xc1,0x08,0xc1,0x08,
0xc1,0x08,0xc1,0x08,0xc1,0x08,0xc1,0x08,0xc1,0x08,0xc1,0x08,0xc1,0x08,0xc1,0x08,
0xc1,0x08,0xc1,0x08,0xc1,0x08,0xc1,0x08,0xc1,0x08,0xc1,0x08,0xc1,0x08,0xc1,0x08,
0xc1,0x08,0xc1,0x08,0xc1,0x08,0xc1,0x08,0xc1,0x08,0xc1,0x08,0xc1,0x08,0xc1,0x08,
0xc1,0x08,0xc1,0x08,0xc1,0x08,0xc1,0x08,0xc1,0x08,0xc1,0x08,0xc1,0x08,0xc1,0x08,
0xc1,0x08,0xc1,0x08,0xc1,0x08,0xc1,0x08,0xc1,0x08,0xc1,0x08,0xc1,0x08,0xc1,0x08,
0xc1,0x08,0xc1,0x08,0xc1,0x08,0xc1,0x08,0xc1,0x08,0xc1,0x08,0xc1,0x08,0xc1,0x08,
0xc1,0x08,0xc1,0x08,0xc1,0x08,0xc1,0x08,0xc1,0x08,0xc1,0x08,0xc1,0x08,0xc1,0x08,
0xc1,0x08,0xc1,0x08,0xc1,0x08,0xc1,0x08,0xc1,0x08,0xc1,0x08,0xc1,0x08,0xc1,0x08,
0xc1,0x08,0xc1,0x08,0xc1,0x08,0xc1,0x08,0xc1,0x08,0xc1,0x08,0xc1,0x08,0xc1,0x08,
0xc1,0x08,0xc1,0x08,0xc1,0x08,0xc1,0x08,0xc1,0x08,0xc1,0x08,0xc1,0x08,0xc1,0x08,
0xc1,0x08,0xc1,0x08,0xc1,0x08,0xc1,0x08,0xc1,0x08,0xc1,0x08,0xc1,0x08,0xc1,0x08,
0xc1,0x08,0xc1,0x08,0xc1,0x08,0xc1,0x08,0xc1,0x08,0xc1,0x08,0xc1,0x08,0xc1,0x08,
0xc1,0x08,0xc1,0x08,0xc1,0x08,0xc1,0x08,0xc1,0x08,0xc1,0x08,0xc1,0x08,0xc1,0x08,
0xc1,0x08,0xc1,0x08,0xc1,0x08,0xc1,0x08,0xc1,0x08,0xc1,0x08,0xc1,0x08,0xc1,0x08,
0xc1,0x08,0xc1,0x08,0xc1,0x08,0xc1,0x08,0xc1,0x08,0xc1,0x08,0xc1,0x08,0xc1,0x08,
0xc1,0x08,0xc1,0x08,0xc1,0x08,0xc1,0x08,0xc1,0x08,0xc1,0x08,0xc1,0x08,0xc1,0x08,
0xc1,0x08,0xc1,0x08,0xc1,0x08,0xc1,0x08,0xc1,0x08,0xc1,0x08,0xc1,0x08,0xc1,0x08,
0xc1,0x08,0xc1,0x08,0xc1,0x08,0xc1,0x08,0xc1,0x08,0xc1,0x08,0xc1,0x08,0xc1,0x08,
0xc1,0x08,0xc1,0x08,0xc1,0x08,0xc1,0x08,0xc1,0x08,0xc1,0x08,0xc1,0x08,0xc1,0x08,
0xc1,0x08,0xc1,0x08,0xc1,0x08,0xc1,0x08,0xc1,0x08,0xc1,0x08,0xc1,0x08,0xc1,0x08,
0xc1,0x08,0xc1,0x08,0xc1,0x08,0xc1,0x08,0xc1,0x08,0xc1,0x08,0xc1,0x08,0xc1,0x08,
0xc1,0x08,0xc1,0x08,0xc1,0x08,0xc1,0x08,0xc1,0x08,0xc1,0x08,0xc1,0x08,0xc1,0x08,
0xc1,0x08,0xc1,0x08,0xc1,0x08,0xc1,0x08,0xc1,0x08,0xc1,0x08,0xc1,0x08,0xc1,0x08,
0xc1,0x08,0xc1,0x08,0xc1,0x08,0xc1,0x08,0xc1,0x08,0xc1,0x08,0xc1,0x08,0xc1,0x08,
0xc1,0x08,0xc1,0x08,0xc1,0x08,0xc1,0x08,0xc1,0x08,0xc1,0x08,0xc1,0x08,0xc1,0x08,
0xc1,0x08,0xc1,0x08,0xc1,0x08,0xc1,0x08,0xc1,0x08,0xc1,0x08,0xc1,0x08,0xc1,0x08,
0xc1,0x08,0xc1,0x08,0xc1,0x08,0xc1,0x08,0xc1,0x08,0xc1,0x08,0xc1,0x08,0xc1,0x08,
0xc1,0x08,0xc1,0x08,0xc1,0x08,0xc1,0x08,0xc1,0x08,0xc1,0x08,0xc1,0x08,0xc1,0x08,
0xc1,0x08,0xc1,0x08,0xc1,0x08,0xc1,0x08,0xc1,0x08,0xc1,0x08,0xc1,0x08,0xc1,0x08,
0xc1,0x08,0xc1,0x08,0xc1,0x08,0xc1,0x08,0xc1,0x08,0xc1,0x08,0xc1,0x08,0xc1,0x08,
0xc1,0x08,0xc1,0x08,0xc1,0x08,0xc1,0x08,0xc1,0x08,0xc1,0x08,0xc1,0x08,0xc1,0x08,
0xc1,0x08,0xc1,0x08,0xc1,0x08,0xc1,0x08,0xc1,0x08,0xc1,0x08,0xc1,0x08,0xc1,0x08,
0xc1,0x08,0xc1,0x08,0xc1,0x08,0xc1,0x08,0xc1,0x08,0xc1,0x08,0xc1,0x08,0xc1,0x08,
0xc1,0x08,0xc1,0x08,0xc1,0x08,0xc1,0x08,0xc1,0x08,0xc1,0x08,0xc1,0x08,0xc1,0x08,
0xc1,0x08,0xc1,0x08,0xc1,0x08,0xc1,0x08,0xc1,0x08,0xc1,0x08,0xc1,0x08,0xc1,0x08,
0xc1,0x08,0xc1,0x08,0xc1,0x08,0xc1,0x08,0xc1,0x08,0xc1,0x08,0xc1,0x08,0xc1,0x08,
0xc1,0x08,0xc1,0x08,0xc1,0x08,0xc1,0x08,0xc1,0x08,0xc1,0x08,0xc1,0x08,0xc1,0x08,
0xc1,0x08,0xc1,0x08,0xc1,0x08,0xc1,0x08,0xc1,0x08,0xc1,0x08,0xc1,0x08,0xc1,0x08,
0xc1,0x08,0xc1,0x08,0xc1,0x08,0xc1,0x08,0xc1,0x08,0xc1,0x08,0xc1,0x08,0xc1,0x08,
0xc1,0x08,0xc1,0x08,0xc1,0x08,0xc1,0x08,0xc1,0x08,0xc1,0x08,0xc1,0x08,0xc1,0x08,
0xc1,0x08,0xc1,0x08,0xc1,0x08,0xc1,0x08,0xc1,0x08,0xc1,0x08,0xc1,0x08,0xc1,0x08,
0xc1,0x08,0xc1,0x08,0xc1,0x08,0xc1,0x08,0xc1,0x08,0xc1,0x08,0xc1,0x08,0xc1,0x08,
0xc1,0x08,0xc1,0x08,0xc1,0x08,0xc1,0x08,0xc1,0x08,0xc1,0x08,0xc1,0x08,0xc1,0x08,
0xc1,0x08,0xc1,0x08,0xc1,0x08,0xc1,0x08,0xc1,0x08,0xc1,0x08,0xc1,0x08,0xc1,0x08,
0xc1,0x08,0xc1,0x08,0xc1,0x08,0xc1,0x08,0xc1,0x08,0xc1,0x08,0xc1,0x08,0xc1,0x08,
0xc1,0x08,0xc1,0x08,0xc1,0x08,0xc1,0x08,0xc1,0x08,0xc1,0x08,0xc1,0x08,0xc1,0x08,
0xc1,0x08,0xc1,0x08,0xc1,0x08,0xc1,0x08,0xc1,0x08,0xc1,0x08,0xc1,0x08,0xc1,0x08,
0xc1,0x08,0xc1,0x08,0xc1,0x08,0xc1,0x08,0xc1,0x08,0xc1,0x08,0xc1,0x08,0xc1,0x08,
0xc1,0x08,0xc1,0x08,0xc1,0x08,0xc1,0x08,0xc1,0x08,0xc1,0x08,0xc1,0x08,0xc1,0x08,
0xc1,0x08,0xc1,0x08,0xc1,0x08,0xc1,0x08,0xc1,0x08,0xc1,0x08,0xc1,0x08,0xc1,0x08,
0xc1,0x08,0xc1,0x08,0xc1,0x08,0xc1,0x08,0xc1,0x08,0xc1,0x08,0xc1,0x08,0xc1,0x08,
0xc1,0x08,0xc1,0x08,0xc1,0x08,0xc1,0x08,0xc1,0x08,0xc1,0x08,0xc1,0x08,0xc1,0x08,
0xc1,0x08,0xc1,0x08,0xc1,0x08,0xc1,0x08,0xc1,0x08,0xc1,0x08,0xc1,0x08,0xc1,0x08,
0xc1,0x08,0xc1,0x08,0xc1,0x08,0xc1,0x08,0xc1,0x08,0xc1,0x08,0xc1,0x08,0xc1,0x08,
0xc1,0x08,0xc1,0x08,0xc1,0x08,0xc1,0x08,0xc1,0x08,0xc1,0x08,0xc1,0x08,0xc1,0x08,
0xc1,0x08,0xc1,0x08,0xc1,0x08,0xc1,0x08,0xc1,0x08,0xc1,0x08,0xc1,0x08,0xc1,0x08,
0xc1,0x08,0xc1,0x08,0xc1,0x08,0xc1,0x08,0xc1,0x08,0xc1,0x08,0xc1,0x08,0xc1,0x08,
0xc1,0x08,0xc1,0x08,0xc1,0x08,0xc1,0x08,0xc1,0x08,0xc1,0x08,0xc1,0x08,0xc1,0x08,
0xc1,0x08,0xc1,0x08,0xc1,0x08,0xc1,0x08,0xc1,0x08,0xc1,0x08,0xc1,0x08,0xc1,0x08,
0xc1,0x08,0xc1,0x08,0xc1,0x08,0xc1,0x08,0xc1,0x08,0xc1,0x08,0xc1,0x08,0xc1,0x08,
0xc1,0x08,0xc1,0x08,0xc1,0x08,0xc1,0x08,0xc1,0x08,0xc1,0x08,0xc1,0x08,0xc1,0x08,
0xc1,0x08,0xc1,0x08,0xc1,0x08,0xc1,0x08,0xc1,0x08,0xc1,0x08,0xc1,0x08,0xc1,0x08,
0xc1,0x08,0xc1,0x08,0xc1,0x08,0xc1,0x08,0xc1,0x08,0xc1,0x08,0xc1,0x08,0xc1,0x08,
0xc1,0x08,0xc1,0x08,0xc1,0x08,0xc1,0x08,0xc1,0x08,0xc1,0x08,0xc1,0x08,0xc1,0x08,
0xc1,0x08,0xc1,0x08,0xc1,0x08,0xc1,0x08,0xc1,0x08,0xc1,0x08,0xc1,0x08,0xc1,0x08,
0xc1,0x08,0xc1,0x08,0xc1,0x08,0xc1,0x08,0xc1,0x08,0xc1,0x08,0xc1,0x08,0xc1,0x08,
0xc1,0x08,0xc1,0x08,0xc1,0x08,0xc1,0x08,0xc1,0x08,0xc1,0x08,0xc1,0x08,0xc1,0x08,
0xc1,0x08,0xc1,0x08,0xc1,0x08,0xc1,0x08,0xc1,0x08,0xc1,0x08,0xc1,0x08,0xc1,0x08,
0xc1,0x08,0xc1,0x08,0xc1,0x08,0xc1,0x08,0xc1,0x08,0xc1,0x08,0xc1,0x08,0xc1,0x08,
0xc1,0x08,0xc1,0x08,0xc1,0x08,0xc1,0x08,0xc1,0x08,0xc1,0x08,0xc1,0x08,0xc1,0x08,
0xc1,0x08,0xc1,0x08,0xc1,0x08,0xc1,0x08,0xc1,0x08,0xc1,0x08,0xc1,0x08,0xc1,0x08,
0xc1,0x08,0xc1,0x08,0xc1,0x08,0xc1,0x08,0xc1,0x08,0xc1,0x08,0xc1,0x08,0xc1,0x08,
0xc1,0x08,0xc1,0x08,0xc1,0x08,0xc1,0x08,0xc1,0x08,0xc1,0x08,0xc1,0x08,0xc1,0x08,
0xc1,0x08,0xc1,0x08,0xc1,0x08,0xc1,0x08,0xc1,0x08,0xc1,0x08,0xc1,0x08,0xc1,0x08,
0xc1,0x08,0xc1,0x08,0xc1,0x08,0xc1,0x08,0xc1,0x08,0xc1,0x08,0xc1,0x08,0xc1,0x08,
0xc1,0x08,0xc1,0x08,0xc1,0x08,0xc1,0x08,0xc1,0x08,0xc1,0x08,0xc1,0x08,0xc1,0x08,
0xc1,0x08,0xc1,0x08,0xc1,0x08,0xc1,0x08,0xc1,0x08,0xc1,0x08,0xc1,0x08,0xc1,0x08,
0xc1,0x08,0xc1,0x08,0xc1,0x08,0xc1,0x08,0xc1,0x08,0xc1,0x08,0xc1,0x08,0xc1,0x08,
0xc1,0x08,0xc1,0x08,0xc1,0x08,0xc1,0x08,0xc1,0x08,0xc1,0x08,0xc1,0x08,0xc1,0x08,
0xc1,0x08,0xc1,0x08,0xc1,0x08,0xc1,0x08,0xc1,0x08,0xc1,0x08,0xc1,0x08,0xc1,0x08,
0xc1,0x08,0xc1,0x08,0xc1,0x08,0xc1,0x08,0xc1,0x08,0xc1,0x08,0xc1,0x08,0xc1,0x08,
0xc1,0x08,0xc1,0x08,0xc1,0x08,0xc1,0x08,0xc1,0x08,0xc1,0x08,0xc1,0x08,0xc1,0x08,
0xc1,0x08,0xc1,0x08,0xc1,0x08,0xc1,0x08,0xc1,0x08,0xc1,0x08,0xc1,0x08,0xc1,0x08,
0xc1,0x08,0xc1,0x08,0xc1,0x08,0xc1,0x08,0xc1,0x08,0xc1,0x08,0xc1,0x08,0xc1,0x08,
0xc1,0x08,0xc1,0x08,0xc1,0x08,0xc1,0x08,0xc1,0x08,0xc1,0x08,0xc1,0x08,0xc1,0x08,
0xc1,0x08,0xc1,0x08,0xc1,0x08,0xc1,0x08,0xc1,0x08,0xc1,0x08,0xc1,0x08,0xc1,0x08,
0xc1,0x08,0xc1,0x08,0xc1,0x08,0xc1,0x08,0xc1,0x08,0xc1,0x08,0xc1,0x08,0xc1,0x08,
0xc1,0x08,0xc1,0x08,0xc1,0x08,0xc1,0x08,0xc1,0x08,0xc1,0x08,0xc1,0x08,0xc1,0x08,
0xc1,0x08,0xc1,0x08,0xc1,0x08,0xc1,0x08,0xc1,0x08,0xc1,0x08,0xc1,0x08,0xc1,0x08,
0xc1,0x08,0xc1,0x08,0xc1,0x08,0xc1,0x08,0xc1,0x08,0xc1,0x08,0xc1,0x08,0xc1,0x08,
0xc1,0x08,0xc1,0x08,0xc1,0x08,0xc1,0x08,0xc1,0x08,0xc1,0x08,0xc1,0x08,0xc1,0x08,
0xc1,0x08,0xc1,0x08,0xc1,0x08,0xc1,0x08,0xc1,0x08,0xc1,0x08,0xc1,0x08,0xc1,0x08,
0xc1,0x08,0xc1,0x08,0xc1,0x08,0xc1,0x08,0xc1,0x08,0xc1,0x08,0xc1,0x08,0xc1,0x08,
0xc1,0x08,0xc1,0x08,0xc1,0x08,0xc1,0x08,0xc1,0x08,0xc1,0x08,0xc1,0x08,0xc1,0x08,
0xc1,0x08,0xc1,0x08,0xc1,0x08,0xc1,0x08,0xc1,0x08,0xc1,0x08,0xc1,0x08,0xc1,0x08,
0xc1,0x08,0xc1,0x08,0xc1,0x08,0xc1,0x08,0xc1,0x08,0xc1,0x08,0xc1,0x08,0xc1,0x08,
0xc1,0x08,0xc1,0x08,0xc1,0x08,0xc1,0x08,0xc1,0x08,0xc1,0x08,0xc1,0x08,0xc1,0x08,
0xc1,0x08,0xc1,0x08,0xc1,0x08,0xc1,0x08,0xc1,0x08,0xc1,0x08,0xc1,0x08,0xc1,0x08,
0xc1,0x08,0xc1,0x08,0xc1,0x08,0xc1,0x08,0xc1,0x08,0xc1,0x08,0xc1,0x08,0xc1,0x08,
0xc1,0x08,0xc1,0x08,0xc1,0x08,0xc1,0x08,0xc1,0x08,0xc1,0x08,0xc1,0x08,0xc1,0x08,
0xc1,0x08,0xc1,0x08,0xc1,0x08,0xc1,0x08,0xc1,0x08,0xc1,0x08,0xc1,0x08,0xc1,0x08,
0xc1,0x08,0xc1,0x08,0xc1,0x08,0xc1,0x08,0xc1,0x08,0xc1,0x08,0xc1,0x08,0xc1,0x08,
0xc1,0x08,0xc1,0x08,0xc1,0x08,0xc1,0x08,0xc1,0x08,0xc1,0x08,0xc1,0x08,0xc1,0x08,
0xc1,0x08,0xc1,0x08,0xc1,0x08,0xc1,0x08,0xc1,0x08,0xc1,0x08,0xc1,0x08,0xc1,0x08,
0xc1,0x08,0xc1,0x08,0xc1,0x08,0xc1,0x08,0xc1,0x08,0xc1,0x08,0xc1,0x08,0xc1,0x08,
0xc1,0x08,0xc1,0x08,0xc1,0x08,0xc1,0x08,0xc1,0x08,0xc1,0x08,0xc1,0x08,0xc1,0x08,
0xc1,0x08,0xc1,0x08,0xc1,0x08,0xc1,0x08,0xc1,0x08,0xc1,0x08,0xc1,0x08,0xc1,0x08,
0xc1,0x08,0xc1,0x08,0xc1,0x08,0xc1,0x08,0xc1,0x08,0xc1,0x08,0xc1,0x08,0xc1,0x08,
0xc1,0x08,0xc1,0x08,0xc1,0x08,0xc1,0x08,0xc1,0x08,0xc1,0x08,0xc1,0x08,0xc1,0x08,
0xc1,0x08,0xc1,0x08,0xc1,0x08,0xc1,0x08,0xc1,0x08,0xc1,0x08,0xc1,0x08,0xc1,0x08,
0xc1,0x08,0xc1,0x08,0xc1,0x08,0xc1,0x08,0xc1,0x08,0xc1,0x08,0xc1,0x08,0xc1,0x08,
0xc1,0x08,0xc1,0x08,0xc1,0x08,0xc1,0x08,0xc1,0x08,0xc1,0x08,0xc1,0x08,0xc1,0x08,
0xc1,0x08,0xc1,0x08,0xc1,0x08,0xc1,0x08,0xc1,0x08,0xc1,0x08,0xc1,0x08,0xc1,0x08,
0xc1,0x08,0xc1,0x08,0xc1,0x08,0xc1,0x08,0xc1,0x08,0xc1,0x08,0xc1,0x08,0xc1,0x08,
0xc1,0x08,0xc1,0x08,0xc1,0x08,0xc1,0x08,0xc1,0x08,0xc1,0x08,0xc1,0x08,0xc1,0x08,
0xc1,0x08,0xc1,0x08,0xc1,0x08,0xc1,0x08,0xc1,0x08,0xc1,0x08,0xc1,0x08,0xc1,0x08,
0xc1,0x08,0xc1,0x08,0xc1,0x08,0xc1,0x08,0xc1,0x08,0xc1,0x08,0xc1,0x08,0xc1,0x08,
0xc1,0x08,0xc1,0x08,0xc1,0x08,0xc1,0x08,0xc1,0x08,0xc1,0x08,0xc1,0x08,0xc1,0x08,
0xc1,0x08,0xc1,0x08,0xc1,0x08,0xc1,0x08,0xc1,0x08,0xc1,0x08,0xc1,0x08,0xc1,0x08,
0xc1,0x08,0xc1,0x08,0xc1,0x08,0xc1,0x08,0xc1,0x08,0xc1,0x08,0xc1,0x08,0xc1,0x08,
0xc1,0x08,0xc1,0x08,0xc1,0x08,0xc1,0x08,0xc1,0x08,0xc1,0x08,0xc1,0x08,0xc1,0x08,
0xc1,0x08,0xc1,0x08,0xc1,0x08,0xc1,0x08,0xc1,0x08,0xc1,0x08,0xc1,0x08,0xc1,0x08,
0xc1,0x08,0xc1,0x08,0xc1,0x08,0xc1,0x08,0xc1,0x08,0xc1,0x08,0xc1,0x08,0xc1,0x08,
0xc1,0x08,0xc1,0x08,0xc1,0x08,0xc1,0x08,0xc1,0x08,0xc1,0x08,0xc1,0x08,0xc1,0x08,
0xc1,0x08,0xc1,0x08,0xc1,0x08,0xc1,0x08,0xc1,0x08,0xc1,0x08,0xc1,0x08,0xc1,0x08,
0xc1,0x08,0xc1,0x08,0xc1,0x08,0xc1,0x08,0xc1,0x08,0xc1,0x08,0xc1,0x08,0xc1,0x08,
0xc1,0x08,0xc1,0x08,0xc1,0x08,0xc1,0x08,0xc1,0x08,0xc1,0x08,0xc1,0x08,0xc1,0x08,
0xc1,0x08,0xc1,0x08,0xc1,0x08,0xc1,0x08,0xc1,0x08,0xc1,0x08,0xc1,0x08,0xc1,0x08,
0xc1,0x08,0xc1,0x08,0xc1,0x08,0xc1,0x08,0xc1,0x08,0xc1,0x08,0xc1,0x08,0xc1,0x08,
0xc1,0x08,0xc1,0x08,0xc1,0x08,0xc1,0x08,0xc1,0x08,0xc1,0x08,0xc1,0x08,0xc1,0x08,
0xc1,0x08,0xc1,0x08,0xc1,0x08,0xc1,0x08,0xc1,0x08,0xc1,0x08,0xc1,0x08,0xc1,0x08,
0xc1,0x08,0xc1,0x08,0xc1,0x08,0xc1,0x08,0xc1,0x08,0xc1,0x08,0xc1,0x08,0xc1,0x08,
0xc1,0x08,0xc1,0x08,0xc1,0x08,0xc1,0x08,0xc1,0x08,0xc1,0x08,0xc1,0x08,0xc1,0x08,
0xc1,0x08,0xc1,0x08,0xc1,0x08,0xc1,0x08,0xc1,0x08,0xc1,0x08,0xc1,0x08,0xc1,0x08,
0xc1,0x08,0xc1,0x08,0xc1,0x08,0xc1,0x08,0xc1,0x08,0xc1,0x08,0xc1,0x08,0xc1,0x08,
0xc1,0x08,0xc1,0x08,0xc1,0x08,0xc1,0x08,0xc1,0x08,0xc1,0x08,0xc1,0x08,0xc1,0x08,
0xc1,0x08,0xc1,0x08,0xc1,0x08,0xc1,0x08,0xc1,0x08,0xc1,0x08,0xc1,0x08,0xc1,0x08,
0xc1,0x08,0xc1,0x08,0xc1,0x08,0xc1,0x08,0xc1,0x08,0xc1,0x08,0xc1,0x08,0xc1,0x08,
0xc1,0x08,0xc1,0x08,0xc1,0x08,0xc1,0x08,0xc1,0x08,0xc1,0x08,0xc1,0x08,0xc1,0x08,
0xc1,0x08,0xc1,0x08,0xc1,0x08,0xc1,0x08,0xc1,0x08,0xc1,0x08,0xc1,0x08,0xc1,0x08,
0xc1,0x08,0xc1,0x08,0xc1,0x08,0xc1,0x08,0xc1,0x08,0xc1,0x08,0xc1,0x08,0xc1,0x08,
0xc1,0x08,0xc1,0x08,0xc1,0x08,0xc1,0x08,0xc1,0x08,0xc1,0x08,0xc1,0x08,0xc1,0x08,
0xc1,0x08,0xc1,0x08,0xc1,0x08,0xc1,0x08,0xc1,0x08,0xc1,0x08,0xc1,0x08,0xc1,0x08,
0xc1,0x08,0xc1,0x08,0xc1,0x08,0xc1,0x08,0xc1,0x08,0xc1,0x08,0xc1,0x08,0xc1,0x08,
0xc1,0x08,0xc1,0x08,0xc1,0x08,0xc1,0x08,0xc1,0x08,0xc1,0x08,0xc1,0x08,0xc1,0x08,
0xc1,0x08,0xc1,0x08,0xc1,0x08,0xc1,0x08,0xc1,0x08,0xc1,0x08,0xc1,0x08,0xc1,0x08,
0xc1,0x08,0xc1,0x08,0xc1,0x08,0xc1,0x08,0xc1,0x08,0xc1,0x08,0xc1,0x08,0xc1,0x08,
0xc1,0x08,0xc1,0x08,0xc1,0x08,0xc1,0x08,0xc1,0x08,0xc1,0x08,0xc1,0x08,0xc1,0x08,
0xc1,0x08,0xc1,0x08,0xc1,0x08,0xc1,0x08,0xc1,0x08,0xc1,0x08,0xc1,0x08,0xc1,0x08,
0xc1,0x08,0xc1,0x08,0xc1,0x08,0xc1,0x08,0xc1,0x08,0xc1,0x08,0xc1,0x08,0xc1,0x08,
0xc1,0x08,0xc1,0x08,0xc1,0x08,0xc1,0x08,0xc1,0x08,0xc1,0x08,0xc1,0x08,0xc1,0x08,
0xc1,0x08,0xc1,0x08,0xc1,0x08,0xc1,0x08,0xc1,0x08,0xc1,0x08,0xc1,0x08,0xc1,0x08,
0xc1,0x08,0xc1,0x08,0xc1,0x08,0xc1,0x08,0xc1,0x08,0xc1,0x08,0xc1,0x08,0xc1,0x08,
0xc1,0x08,0xc1,0x08,0xc1,0x08,0xc1,0x08,0xc1,0x08,0xc1,0x08,0xc1,0x08,0xc1,0x08,
0xc1,0x08,0xc1,0x08,0xc1,0x08,0xc1,0x08,0xc1,0x08,0xc1,0x08,0xc1,0x08,0xc1,0x08,
0xc1,0x08,0xc1,0x08,0xc1,0x08,0xc1,0x08,0xc1,0x08,0xc1,0x08,0xc1,0x08,0xc1,0x08,
0xc1,0x08,0xc1,0x08,0xc1,0x08,0xc1,0x08,0xc1,0x08,0xc1,0x08,0xc1,0x08,0xc1,0x08,
0xc1,0x08,0xc1,0x08,0xc1,0x08,0xc1,0x08,0xc1,0x08,0xc1,0x08,0xc1,0x08,0xc1,0x08,
0xc1,0x08,0xc1,0x08,0xc1,0x08,0xc1,0x08,0xc1,0x08,0xc1,0x08,0xc1,0x08,0xc1,0x08,
0xc1,0x08,0xc1,0x08,0xc1,0x08,0xc1,0x08,0xc1,0x08,0xc1,0x08,0xc1,0x08,0xc1,0x08,
0xc1,0x08,0xc1,0x08,0xc1,0x08,0xc1,0x08,0xc1,0x08,0xc1,0x08,0xc1,0x08,0xc1,0x08,
0xc1,0x08,0xc1,0x08,0xc1,0x08,0xc1,0x08,0xc1,0x08,0xc1,0x08,0xc1,0x08,0xc1,0x08,
0xc1,0x08,0xc1,0x08,0xc1,0x08,0xc1,0x08,0xc1,0x08,0xc1,0x08,0xc1,0x08,0xc1,0x08,
0xc1,0x08,0xc1,0x08,0xc1,0x08,0xc1,0x08,0xc1,0x08,0xc1,0x08,0xc1,0x08,0xc1,0x08,
0xc1,0x08,0xc1,0x08,0xc1,0x08,0xc1,0x08,0xc1,0x08,0xc1,0x08,0xc1,0x08,0xc1,0x08,
0xc1,0x08,0xc1,0x08,0xc1,0x08,0xc1,0x08,0xc1,0x08,0xc1,0x08,0xc1,0x08,0xc1,0x08,
0xc1,0x08,0xc1,0x08,0xc1,0x08,0xc1,0x08,0xc1,0x08,0xc1,0x08,0xc1,0x08,0xc1,0x08,
0xc1,0x08,0xc1,0x08,0xc1,0x08,0xc1,0x08,0xc1,0x08,0xc1,0x08,0xc1,0x08,0xc1,0x08,
0xc1,0x08,0xc1,0x08,0xc1,0x08,0xc1,0x08,0xc1,0x08,0xc1,0x08,0xc1,0x08,0xc1,0x08,
0xc1,0x08,0xc1,0x08,0xc1,0x08,0xc1,0x08,0xc1,0x08,0xc1,0x08,0xc1,0x08,0xc1,0x08,
0xc1,0x08,0xc1,0x08,0xc1,0x08,0xc1,0x08,0xc1,0x08,0xc1,0x08,0xc1,0x08,0xc1,0x08,
0xc1,0x08,0xc1,0x08,0xc1,0x08,0xc1,0x08,0xc1,0x08,0xc1,0x08,0xc1,0x08,0xc1,0x08,
0xc1,0x08,0xc1,0x08,0xc1,0x08,0xc1,0x08,0xc1,0x08,0xc1,0x08,0xc1,0x08,0xc1,0x08,
0xc1,0x08,0xc1,0x08,0xc1,0x08,0xc1,0x08,0xc1,0x08,0xc1,0x08,0xc1,0x08,0xc1,0x08,
0xc1,0x08,0xc1,0x08,0xc1,0x08,0xc1,0x08,0xc1,0x08,0xc1,0x08,0xc1,0x08,0xc1,0x08,
0xc1,0x08,0xc1,0x08,0xc1,0x08,0xc1,0x08,0xc1,0x08,0xc1,0x08,0xc1,0x08,0xc1,0x08,
0xc1,0x08,0xc1,0x08,0xc1,0x08,0xc1,0x08,0xc1,0x08,0xc1,0x08,0xc1,0x08,0xc1,0x08,
0xc1,0x08,0xc1,0x08,0xc1,0x08,0xc1,0x08,0xc1,0x08,0xc1,0x08,0xc1,0x08,0xc1,0x08,
0xc1,0x08,0xc1,0x08,0xc1,0x08,0xc1,0x08,0xc1,0x08,0xc1,0x08,0xc1,0x08,0xc1,0x08,
0xc1,0x08,0xc1,0x08,0xc1,0x08,0xc1,0x08,0xc1,0x08,0xc1,0x08,0xc1,0x08,0xc1,0x08,
0xc1,0x08,0xc1,0x08,0xc1,0x08,0xc1,0x08,0xc1,0x08,0xc1,0x08,0xc1,0x08,0xc1,0x08,
0xc1,0x08,0xc1,0x08,0xc1,0x08,0xc1,0x08,0xc1,0x08,0xc1,0x08,0xc1,0x08,0xc1,0x08,
0xc1,0x08,0xc1,0x08,0xc1,0x08,0xc1,0x08,0xc1,0x08,0xc1,0x08,0xc1,0x08,0xc1,0x08,
0xc1,0x08,0xc1,0x08,0xc1,0x08,0xc1,0x08,0xc1,0x08,0xc1,0x08,0xc1,0x08,0xc1,0x08,
0xc1,0x08,0xc1,0x08,0xc1,0x08,0xc1,0x08,0xc1,0x08,0xc1,0x08,0xc1,0x08,0xc1,0x08,
0xc1,0x08,0xc1,0x08,0xc1,0x08,0xc1,0x08,0xc1,0x08,0xc1,0x08,0xc1,0x08,0xc1,0x08,
0xc1,0x08,0xc1,0x08,0xc1,0x08,0xc1,0x08,0xc1,0x08,0xc1,0x08,0xc1,0x08,0xc1,0x08,
0xc1,0x08,0xc1,0x08,0xc1,0x08,0xc1,0x08,0xc1,0x08,0xc1,0x08,0xc1,0x08,0xc1,0x08,
0xc1,0x08,0xc1,0x08,0xc1,0x08,0xc1,0x08,0xc1,0x08,0xc1,0x08,0xc1,0x08,0xc1,0x08,
0xc1,0x08,0xc1,0x08,0xc1,0x08,0xc1,0x08,0xc1,0x08,0xc1,0x08,0xc1,0x08,0xc1,0x08,
0xc1,0x08,0xc1,0x08,0xc1,0x08,0xc1,0x08,0xc1,0x08,0xc1,0x08,0xc1,0x08,0xc1,0x08,
0xc1,0x08,0xc1,0x08,0xc1,0x08,0xc1,0x08,0xc1,0x08,0xc1,0x08,0xc1,0x08,0xc1,0x08,
0xc1,0x08,0xc1,0x08,0xc1,0x08,0xc1,0x08,0xc1,0x08,0xc1,0x08,0xc1,0x08,0xc1,0x08,
0xc1,0x08,0xc1,0x08,0xc1,0x08,0xc1,0x08,0xc1,0x08,0xc1,0x08,0xc1,0x08,0xc1,0x08,
0xc1,0x08,0xc1,0x08,0xc1,0x08,0xc1,0x08,0xc1,0x08,0xc1,0x08,0xc1,0x08,0xc1,0x08,
0xc1,0x08,0xc1,0x08,0xc1,0x08,0xc1,0x08,0xc1,0x08,0xc1,0x08,0xc1,0x08,0xc1,0x08,
0xc1,0x08,0xc1,0x08,0xc1,0x08,0xc1,0x08,0xc1,0x08,0xc1,0x08,0xc1,0x08,0xc1,0x08,
0xc1,0x08,0xc1,0x08,0xc1,0x08,0xc1,0x08,0xc1,0x08,0xc1,0x08,0xc1,0x08,0xc1,0x08,
0xc1,0x08,0xc1,0x08,0xc1,0x08,0xc1,0x08,0xc1,0x08,0xc1,0x08,0xc1,0x08,0xc1,0x08,
0xc1,0x08,0xc1,0x08,0xc1,0x08,0xc1,0x08,0xc1,0x08,0xc1,0x08,0xc1,0x08,0xc1,0x08,
0xc1,0x08,0xc1,0x08,0xc1,0x08,0xc1,0x08,0xc1,0x08,0xc1,0x08,0xc1,0x08,0xc1,0x08,
0xc1,0x08,0xc1,0x08,0xc1,0x08,0xc1,0x08,0xc1,0x08,0xc1,0x08,0xc1,0x08,0xc1,0x08,
0xc1,0x08,0xc1,0x08,0xc1,0x08,0xc1,0x08,0xc1,0x08,0xc1,0x08,0xc1,0x08,0xc1,0x08,
0xc1,0x08,0xc1,0x08,0xc1,0x08,0xc1,0x08,0xc1,0x08,0xc1,0x08,0xc1,0x08,0xc1,0x08,
0xc1,0x08,0xc1,0x08,0xc1,0x08,0xc1,0x08,0xc1,0x08,0xc1,0x08,0xc1,0x08,0xc1,0x08,
0xc1,0x08,0xc1,0x08,0xc1,0x08,0xc1,0x08,0xc1,0x08,0xc1,0x08,0xc1,0x08,0xc1,0x08,
0xc1,0x08,0xc1,0x08,0xc1,0x08,0xc1,0x08,0xc1,0x08,0xc1,0x08,0xc1,0x08,0xc1,0x08,
0xc1,0x08,0xc1,0x08,0xc1,0x08,0xc1,0x08,0xc1,0x08,0xc1,0x08,0xc1,0x08,0xc1,0x08,
0xc1,0x08,0xc1,0x08,0xc1,0x08,0xc1,0x08,0xc1,0x08,0xc1,0x08,0xc1,0x08,0xc1,0x08,
0xc1,0x08,0xc1,0x08,0xc1,0x08,0xc1,0x08,0xc1,0x08,0xc1,0x08,0xc1,0x08,0xc1,0x08,
0xc1,0x08,0xc1,0x08,0xc1,0x08,0xc1,0x08,0xc1,0x08,0xc1,0x08,0xc1,0x08,0xc1,0x08,
0xc1,0x08,0xc1,0x08,0xc1,0x08,0xc1,0x08,0xc1,0x08,0xc1,0x08,0xc1,0x08,0xc1,0x08,
0xc1,0x08,0xc1,0x08,0xc1,0x08,0xc1,0x08,0xc1,0x08,0xc1,0x08,0xc1,0x08,0xc1,0x08,
0xc1,0x08,0xc1,0x08,0xc1,0x08,0xc1,0x08,0xc1,0x08,0xc1,0x08,0xc1,0x08,0xc1,0x08,
0xc1,0x08,0xc1,0x08,0xc1,0x08,0xc1,0x08,0xc1,0x08,0xc1,0x08,0xc1,0x08,0xc1,0x08,
0xc1,0x08,0xc1,0x08,0xc1,0x08,0xc1,0x08,0xc1,0x08,0xc1,0x08,0xc1,0x08,0xc1,0x08,
0xc1,0x08,0xc1,0x08,0xc1,0x08,0xc1,0x08,0xc1,0x08,0xc1,0x08,0xc1,0x08,0xc1,0x08,
0xc1,0x08,0xc1,0x08,0xc1,0x08,0xc1,0x08,0xc1,0x08,0xc1,0x08,0xc1,0x08,0xc1,0x08,
0xc1,0x08,0xc1,0x08,0xc1,0x08,0xc1,0x08,0xc1,0x08,0xc1,0x08,0xc1,0x08,0xc1,0x08,
0xc1,0x08,0xc1,0x08,0xc1,0x08,0xc1,0x08,0xc1,0x08,0xc1,0x08,0xc1,0x08,0xc1,0x08,
0xc1,0x08,0xc1,0x08,0xc1,0x08,0xc1,0x08,0xc1,0x08,0xc1,0x08,0xc1,0x08,0xc1,0x08,
0xc1,0x08,0xc1,0x08,0xc1,0x08,0xc1,0x08,0xc1,0x08,0xc1,0x08,0xc1,0x08,0xc1,0x08,
0xc1,0x08,0xc1,0x08,0xc1,0x08,0xc1,0x08,0xc1,0x08,0xc1,0x08,0xc1,0x08,0xc1,0x08,
0xc1,0x08,0xc1,0x08,0xc1,0x08,0xc1,0x08,0xc1,0x08,0xc1,0x08,0xc1,0x08,0xc1,0x08,
0xc1,0x08,0xc1,0x08,0xc1,0x08,0xc1,0x08,0xc1,0x08,0xc1,0x08,0xc1,0x08,0xc1,0x08,
0xc1,0x08,0xc1,0x08,0xc1,0x08,0xc1,0x08,0xc1,0x08,0xc1,0x08,0xc1,0x08,0xc1,0x08,
0xc1,0x08,0xc1,0x08,0xc1,0x08,0xc1,0x08,0xc1,0x08,0xc1,0x08,0xc1,0x08,0xc1,0x08,
0xc1,0x08,0xc1,0x08,0xc1,0x08,0xc1,0x08,0xc1,0x08,0xc1,0x08,0xc1,0x08,0xc1,0x08,
0xc1,0x08,0xc1,0x08,0xc1,0x08,0xc1,0x08,0xc1,0x08,0xc1,0x08,0xc1,0x08,0xc1,0x08,
0xc1,0x08,0xc1,0x08,0xc1,0x08,0xc1,0x08,0xc1,0x08,0xc1,0x08,0xc1,0x08,0xc1,0x08,
0xc1,0x08,0xc1,0x08,0xc1,0x08,0xc1,0x08,0xc1,0x08,0xc1,0x08,0xc1,0x08,0xc1,0x08,
0xc1,0x08,0xc1,0x08,0xc1,0x08,0xc1,0x08,0xc1,0x08,0xc1,0x08,0xc1,0x08,0xc1,0x08,
0xc1,0x08,0xc1,0x08,0xc1,0x08,0xc1,0x08,0xc1,0x08,0xc1,0x08,0xc1,0x08,0xc1,0x08,
0xc1,0x08,0xc1,0x08,0xc1,0x08,0xc1,0x08,0xc1,0x08,0xc1,0x08,0xc1,0x08,0xc1,0x08,
0xc1,0x08,0xc1,0x08,0xc1,0x08,0xc1,0x08,0xc1,0x08,0xc1,0x08,0xc1,0x08,0xc1,0x08,
0xc1,0x08,0xc1,0x08,0xc1,0x08,0xc1,0x08,0xc1,0x08,0xc1,0x08,0xc1,0x08,0xc1,0x08,
0xc1,0x08,0xc1,0x08,0xc1,0x08,0xc1,0x08,0xc1,0x08,0xc1,0x08,0xc1,0x08,0xc1,0x08,
0xc1,0x08,0xc1,0x08,0xc1,0x08,0xc1,0x08,0xc1,0x08,0xc1,0x08,0xc1,0x08,0xc1,0x08,
0xc1,0x08,0xc1,0x08,0xc1,0x08,0xc1,0x08,0xc1,0x08,0xc1,0x08,0xc1,0x08,0xc1,0x08,
0xc1,0x08,0xc1,0x08,0xc1,0x08,0xc1,0x08,0xc1,0x08,0xc1,0x08,0xc1,0x08,0xc1,0x08,
0xc1,0x08,0xc1,0x08,0xc1,0x08,0xc1,0x08,0xc1,0x08,0xc1,0x08,0xc1,0x08,0xc1,0x08,
0xc1,0x08,0xc1,0x08,0xc1,0x08,0xc1,0x08,0xc1,0x08,0xc1,0x08,0xc1,0x08,0xc1,0x08,
0xc1,0x08,0xc1,0x08,0xc1,0x08,0xc1,0x08,0xc1,0x08,0xc1,0x08,0xc1,0x08,0xc1,0x08,
0xc1,0x08,0xc1,0x08,0xc1,0x08,0xc1,0x08,0xc1,0x08,0xc1,0x08,0xc1,0x08,0xc1,0x08,
0xc1,0x08,0xc1,0x08,0xc1,0x08,0xc1,0x08,0xc1,0x08,0xc1,0x08,0xc1,0x08,0xc1,0x08,
0xc1,0x08,0xc1,0x08,0xc1,0x08,0xc1,0x08,0xc1,0x08,0xc1,0x08,0xc1,0x08,0xc1,0x08,
0xc1,0x08,0xc1,0x08,0xc1,0x08,0xc1,0x08,0xc1,0x08,0xc1,0x08,0xc1,0x08,0xc1,0x08,
0xc1,0x08,0xc1,0x08,0xc1,0x08,0xc1,0x08,0xc1,0x08,0xc1,0x08,0xc1,0x08,0xc1,0x08,
0xc1,0x08,0xc1,0x08,0xc1,0x08,0xc1,0x08,0xc1,0x08,0xc1,0x08,0xc1,0x08,0xc1,0x08,
0xc1,0x08,0xc1,0x08,0xc1,0x08,0xc1,0x08,0xc1,0x08,0xc1,0x08,0xc1,0x08,0xc1,0x08,
0xc1,0x08,0xc1,0x08,0xc1,0x08,0xc1,0x08,0xc1,0x08,0xc1,0x08,0xc1,0x08,0xc1,0x08,
0xc1,0x08,0xc1,0x08,0xc1,0x08,0xc1,0x08,0xc1,0x08,0xc1,0x08,0xc1,0x08,0xc1,0x08,
0xc1,0x08,0xc1,0x08,0xc1,0x08,0xc1,0x08,0xc1,0x08,0xc1,0x08,0xc1,0x08,0xc1,0x08,
0xc1,0x08,0xc1,0x08,0xc1,0x08,0xc1,0x08,0xc1,0x08,0xc1,0x08,0xc1,0x08,0xc1,0x08,
0xc1,0x08,0xc1,0x08,0xc1,0x08,0xc1,0x08,0xc1,0x08,0xc1,0x08,0xc1,0x08,0xc1,0x08,
0xc1,0x08,0xc1,0x08,0xc1,0x08,0xc1,0x08,0xc1,0x08,0xc1,0x08,0xc1,0x08,0xc1,0x08,
0xc1,0x08,0xc1,0x08,0xc1,0x08,0xc1,0x08,0xc1,0x08,0xc1,0x08,0xc1,0x08,0xc1,0x08,
0xc1,0x08,0xc1,0x08,0xc1,0x08,0xc1,0x08,0xc1,0x08,0xc1,0x08,0xc1,0x08,0xc1,0x08,
0xc1,0x08,0xc1,0x08,0xc1,0x08,0xc1,0x08,0xc1,0x08,0xc1,0x08,0xc1,0x08,0xc1,0x08,
0xc1,0x08,0xc1,0x08,0xc1,0x08,0xc1,0x08,0xc1,0x08,0xc1,0x08,0xc1,0x08,0xc1,0x08,
0xc1,0x08,0xc1,0x08,0xc1,0x08,0xc1,0x08,0xc1,0x08,0xc1,0x08,0xc1,0x08,0xc1,0x08,
0xc1,0x08,0xc1,0x08,0xc1,0x08,0xc1,0x08,0xc1,0x08,0xc1,0x08,0xc1,0x08,0xc1,0x08,
0xc1,0x08,0xc1,0x08,0xc1,0x08,0xc1,0x08,0xc1,0x08,0xc1,0x08,0xc1,0x08,0xc1,0x08,
0xc1,0x08,0xc1,0x08,0xc1,0x08,0xc1,0x08,0xc1,0x08,0xc1,0x08,0xc1,0x08,0xc1,0x08,
0xc1,0x08,0xc1,0x08,0xc1,0x08,0xc1,0x08,0xc1,0x08,0xc1,0x08,0xc1,0x08,0xc1,0x08,
0xc1,0x08,0xc1,0x08,0xc1,0x08,0xc1,0x08,0xc1,0x08,0xc1,0x08,0xc1,0x08,0xc1,0x08,
0xc1,0x08,0xc1,0x08,0xc1,0x08,0xc1,0x08,0xc1,0x08,0xc1,0x08,0xc1,0x08,0xc1,0x08,
0xc1,0x08,0xc1,0x08,0xc1,0x08,0xc1,0x08,0xc1,0x08,0xc1,0x08,0xc1,0x08,0xc1,0x08,
0xc1,0x08,0xc1,0x08,0xc1,0x08,0xc1,0x08,0xc1,0x08,0xc1,0x08,0xc1,0x08,0xc1,0x08,
0xc1,0x08,0xc1,0x08,0xc1,0x08,0xc1,0x08,0xc1,0x08,0xc1,0x08,0xc1,0x08,0xc1,0x08,
0xc1,0x08,0xc1,0x08,0xc1,0x08,0xc1,0x08,0xc1,0x08,0xc1,0x08,0xc1,0x08,0xc1,0x08,
0xc1,0x08,0xc1,0x08,0xc1,0x08,0xc1,0x08,0xc1,0x08,0xc1,0x08,0xc1,0x08,0xc1,0x08,
0xc1,0x08,0xc1,0x08,0xc1,0x08,0xc1,0x08,0xc1,0x08,0xc1,0x08,0xc1,0x08,0xc1,0x08,
0xc1,0x08,0xc1,0x08,0xc1,0x08,0xc1,0x08,0xc1,0x08,0xc1,0x08,0xc1,0x08,0xc1,0x08,
0xc1,0x08,0xc1,0x08,0xc1,0x08,0xc1,0x08,0xc1,0x08,0xc1,0x08,0xc1,0x08,0xc1,0x08,
0xc1,0x08,0xc1,0x08,0xc1,0x08,0xc1,0x08,0xc1,0x08,0xc1,0x08,0xc1,0x08,0xc1,0x08,
0xc1,0x08,0xc1,0x08,0xc1,0x08,0xc1,0x08,0xc1,0x08,0xc1,0x08,0xc1,0x08,0xc1,0x08,
0xc1,0x08,0xc1,0x08,0xc1,0x08,0xc1,0x08,0xc1,0x08,0xc1,0x08,0xc1,0x08,0xc1,0x08,
0xc1,0x08,0xc1,0x08,0xc1,0x08,0xc1,0x08,0xc1,0x08,0xc1,0x08,0xc1,0x08,0xc1,0x08,
0xc1,0x08,0xc1,0x08,0xc1,0x08,0xc1,0x08,0xc1,0x08,0xc1,0x08,0xc1,0x08,0xc1,0x08,
0xc1,0x08,0xc1,0x08,0xc1,0x08,0xc1,0x08,0xc1,0x08,0xc1,0x08,0xc1,0x08,0xc1,0x08,
0xc1,0x08,0xc1,0x08,0xc1,0x08,0xc1,0x08,0xc1,0x08,0xc1,0x08,0xc1,0x08,0xc1,0x08,
0xc1,0x08,0xc1,0x08,0xc1,0x08,0xc1,0x08,0xc1,0x08,0xc1,0x08,0xc1,0x08,0xc1,0x08,
0xc1,0x08,0xc1,0x08,0xc1,0x08,0xc1,0x08,0xc1,0x08,0xc1,0x08,0xc1,0x08,0xc1,0x08,
0xc1,0x08,0xc1,0x08,0xc1,0x08,0xc1,0x08,0xc1,0x08,0xc1,0x08,0xc1,0x08,0xc1,0x08,
0xc1,0x08,0xc1,0x08,0xc1,0x08,0xc1,0x08,0xc1,0x08,0xc1,0x08,0xc1,0x08,0xc1,0x08,
0xc1,0x08,0xc1,0x08,0xc1,0x08,0xc1,0x08,0xc1,0x08,0xc1,0x08,0xc1,0x08,0xc1,0x08,
0xc1,0x08,0xc1,0x08,0xc1,0x08,0xc1,0x08,0xc1,0x08,0xc1,0x08,0xc1,0x08,0xc1,0x08,
0xc1,0x08,0xc1,0x08,0xc1,0x08,0xc1,0x08,0xc1,0x08,0xc1,0x08,0xc1,0x08,0xc1,0x08,
0xc1,0x08,0xc1,0x08,0xc1,0x08,0xc1,0x08,0xc1,0x08,0xc1,0x08,0xc1,0x08,0xc1,0x08,
0xc1,0x08,0xc1,0x08,0xc1,0x08,0xc1,0x08,0xc1,0x08,0xc1,0x08,0xc1,0x08,0xc1,0x08,
0xc1,0x08,0xc1,0x08,0xc1,0x08,0xc1,0x08,0xc1,0x08,0xc1,0x08,0xc1,0x08,0xc1,0x08,
0xc1,0x08,0xc1,0x08,0xc1,0x08,0xc1,0x08,0xc1,0x08,0xc1,0x08,0xc1,0x08,0xc1,0x08,
0xc1,0x08,0xc1,0x08,0xc1,0x08,0xc1,0x08,0xc1,0x08,0xc1,0x08,0xc1,0x08,0xc1,0x08,
0xc1,0x08,0xc1,0x08,0xc1,0x08,0xc1,0x08,0xc1,0x08,0xc1,0x08,0xc1,0x08,0xc1,0x08,
0xc1,0x08,0xc1,0x08,0xc1,0x08,0xc1,0x08,0xc1,0x08,0xc1,0x08,0xc1,0x08,0xc1,0x08,
0xc1,0x08,0xc1,0x08,0xc1,0x08,0xc1,0x08,0xc1,0x08,0xc1,0x08,0xc1,0x08,0xc1,0x08,
0xc1,0x08,0xc1,0x08,0xc1,0x08,0xc1,0x08,0xc1,0x08,0xc1,0x08,0xc1,0x08,0xc1,0x08,
0xc1,0x08,0xc1,0x08,0xc1,0x08,0xc1,0x08,0xc1,0x08,0xc1,0x08,0xc1,0x08,0xc1,0x08,
0xc1,0x08,0xc1,0x08,0xc1,0x08,0xc1,0x08,0xc1,0x08,0xc1,0x08,0xc1,0x08,0xc1,0x08,
0xc1,0x08,0xc1,0x08,0xc1,0x08,0xc1,0x08,0xc1,0x08,0xc1,0x08,0xc1,0x08,0xc1,0x08,
0xc1,0x08,0xc1,0x08,0xc1,0x08,0xc1,0x08,0xc1,0x08,0xc1,0x08,0xc1,0x08,0xc1,0x08,
0xc1,0x08,0xc1,0x08,0xc1,0x08,0xc1,0x08,0xc1,0x08,0xc1,0x08,0xc1,0x08,0xc1,0x08,
0xc1,0x08,0xc1,0x08,0xc1,0x08,0xc1,0x08,0xc1,0x08,0xc1,0x08,0xc1,0x08,0xc1,0x08,
0xc1,0x08,0xc1,0x08,0xc1,0x08,0xc1,0x08,0xc1,0x08,0xc1,0x08,0xc1,0x08,0xc1,0x08,
0xc1,0x08,0xc1,0x08,0xc1,0x08,0xc1,0x08,0xc1,0x08,0xc1,0x08,0xc1,0x08,0xc1,0x08,
0xc1,0x08,0xc1,0x08,0xc1,0x08,0xc1,0x08,0xc1,0x08,0xc1,0x08,0xc1,0x08,0xc1,0x08,
0xc1,0x08,0xc1,0x08,0xc1,0x08,0xc1,0x08,0xc1,0x08,0xc1,0x08,0xc1,0x08,0xc1,0x08,
0xc1,0x08,0xc1,0x08,0xc1,0x08,0xc1,0x08,0xc1,0x08,0xc1,0x08,0xc1,0x08,0xc1,0x08,
0xc1,0x08,0xc1,0x08,0xc1,0x08,0xc1,0x08,0xc1,0x08,0xc1,0x08,0xc1,0x08,0xc1,0x08,
0xc1,0x08,0xc1,0x08,0xc1,0x08,0xc1,0x08,0xc1,0x08,0xc1,0x08,0xc1,0x08,0xc1,0x08,
0xc1,0x08,0xc1,0x08,0xc1,0x08,0xc1,0x08,0xc1,0x08,0xc1,0x08,0xc1,0x08,0xc1,0x08,
0xc1,0x08,0xc1,0x08,0xc1,0x08,0xc1,0x08,0xc1,0x08,0xc1,0x08,0xc1,0x08,0xc1,0x08,
0xc1,0x08,0xc1,0x08,0xc1,0x08,0xc1,0x08,0xc1,0x08,0xc1,0x08,0xc1,0x08,0xc1,0x08,
0xc1,0x08,0xc1,0x08,0xc1,0x08,0xc1,0x08,0xc1,0x08,0xc1,0x08,0xc1,0x08,0xc1,0x08,
0xc1,0x08,0xc1,0x08,0xc1,0x08,0xc1,0x08,0xc1,0x08,0xc1,0x08,0xc1,0x08,0xc1,0x08,
0xc1,0x08,0xc1,0x08,0xc1,0x08,0xc1,0x08,0xc1,0x08,0xc1,0x08,0xc1,0x08,0xc1,0x08,
0xc1,0x08,0xc1,0x08,0xc1,0x08,0xc1,0x08,0xc1,0x08,0xc1,0x08,0xc1,0x08,0xc1,0x08,
0xc1,0x08,0xc1,0x08,0xc1,0x08,0xc1,0x08,0xc1,0x08,0xc1,0x08,0xc1,0x08,0xc1,0x08,
0xc1,0x08,0xc1,0x08,0xc1,0x08,0xc1,0x08,0xc1,0x08,0xc1,0x08,0xc1,0x08,0xc1,0x08,
0xc1,0x08,0xc1,0x08,0xc1,0x08,0xc1,0x08,0xc1,0x08,0xc1,0x08,0xc1,0x08,0xc1,0x08,
0xc1,0x08,0xc1,0x08,0xc1,0x08,0xc1,0x08,0xc1,0x08,0xc1,0x08,0xc1,0x08,0xc1,0x08,
0xc1,0x08,0xc1,0x08,0xc1,0x08,0xc1,0x08,0xc1,0x08,0xc1,0x08,0xc1,0x08,0xc1,0x08,
0xc1,0x08,0xc1,0x08,0xc1,0x08,0xc1,0x08,0xc1,0x08,0xc1,0x08,0xc1,0x08,0xc1,0x08,
0xc1,0x08,0xc1,0x08,0xc1,0x08,0xc1,0x08,0xc1,0x08,0xc1,0x08,0xc1,0x08,0xc1,0x08,
0xc1,0x08,0xc1,0x08,0xc1,0x08,0xc1,0x08,0xc1,0x08,0xc1,0x08,0xc1,0x08,0xc1,0x08,
0xc1,0x08,0xc1,0x08,0xc1,0x08,0xc1,0x08,0xc1,0x08,0xc1,0x08,0xc1,0x08,0xc1,0x08,
0xc1,0x08,0xc1,0x08,0xc1,0x08,0xc1,0x08,0xc1,0x08,0xc1,0x08,0xc1,0x08,0xc1,0x08,
0xc1,0x08,0xc1,0x08,0xc1,0x08,0xc1,0x08,0xc1,0x08,0xc1,0x08,0xc1,0x08,0xc1,0x08,
0xc1,0x08,0xc1,0x08,0xc1,0x08,0xc1,0x08,0xc1,0x08,0xc1,0x08,0xc1,0x08,0xc1,0x08,
0xc1,0x08,0xc1,0x08,0xc1,0x08,0xc1,0x08,0xc1,0x08,0xc1,0x08,0xc1,0x08,0xc1,0x08,
0xc1,0x08,0xc1,0x08,0xc1,0x08,0xc1,0x08,0xc1,0x08,0xc1,0x08,0xc1,0x08,0xc1,0x08,
0xc1,0x08,0xc1,0x08,0xc1,0x08,0xc1,0x08,0xc1,0x08,0xc1,0x08,0xc1,0x08,0xc1,0x08,
0xc1,0x08,0xc1,0x08,0xc1,0x08,0xc1,0x08,0xc1,0x08,0xc1,0x08,0xc1,0x08,0xc1,0x08,
0xc1,0x08,0xc1,0x08,0xc1,0x08,0xc1,0x08,0xc1,0x08,0xc1,0x08,0xc1,0x08,0xc1,0x08,
0xc1,0x08,0xc1,0x08,0xc1,0x08,0xc1,0x08,0xc1,0x08,0xc1,0x08,0xc1,0x08,0xc1,0x08,
0xc1,0x08,0xc1,0x08,0xc1,0x08,0xc1,0x08,0xc1,0x08,0xc1,0x08,0xc1,0x08,0xc1,0x08,
0xc1,0x08,0xc1,0x08,0xc1,0x08,0xc1,0x08,0xc1,0x08,0xc1,0x08,0xc1,0x08,0xc1,0x08,
0xc1,0x08,0xc1,0x08,0xc1,0x08,0xc1,0x08,0xc1,0x08,0xc1,0x08,0xc1,0x08,0xc1,0x08,
0xc1,0x08,0xc1,0x08,0xc1,0x08,0xc1,0x08,0xc1,0x08,0xc1,0x08,0xc1,0x08,0xc1,0x08,
0xc1,0x08,0xc1,0x08,0xc1,0x08,0xc1,0x08,0xc1,0x08,0xc1,0x08,0xc1,0x08,0xc1,0x08,
0xc1,0x08,0xc1,0x08,0xc1,0x08,0xc1,0x08,0xc1,0x08,0xc1,0x08,0xc1,0x08,0xc1,0x08,
0xc1,0x08,0xc1,0x08,0xc1,0x08,0xc1,0x08,0xc1,0x08,0xc1,0x08,0xc1,0x08,0xc1,0x08,
0xc1,0x08,0xc1,0x08,0xc1,0x08,0xc1,0x08,0xc1,0x08,0xc1,0x08,0xc1,0x08,0xc1,0x08,
0xc1,0x08,0xc1,0x08,0xc1,0x08,0xc1,0x08,0xc1,0x08,0xc1,0x08,0xc1,0x08,0xc1,0x08,
0xc1,0x08,0xc1,0x08,0xc1,0x08,0xc1,0x08,0xc1,0x08,0xc1,0x08,0xc1,0x08,0xc1,0x08,
0xc1,0x08,0xc1,0x08,0xc1,0x08,0xc1,0x08,0xc1,0x08,0xc1,0x08,0xc1,0x08,0xc1,0x08,
0xc1,0x08,0xc1,0x08,0xc1,0x08,0xc1,0x08,0xc1,0x08,0xc1,0x08,0xc1,0x08,0xc1,0x08,
0xc1,0x08,0xc1,0x08,0xc1,0x08,0xc1,0x08,0xc1,0x08,0xc1,0x08,0xc1,0x08,0xc1,0x08,
0xc1,0x08,0xc1,0x08,0xc1,0x08,0xc1,0x08,0xc1,0x08,0xc1,0x08,0xc1,0x08,0xc1,0x08,
0xc1,0x08,0xc1,0x08,0xc1,0x08,0xc1,0x08,0xc1,0x08,0xc1,0x08,0xc1,0x08,0xc1,0x08,
0xc1,0x08,0xc1,0x08,0xc1,0x08,0xc1,0x08,0xc1,0x08,0xc1,0x08,0xc1,0x08,0xc1,0x08,
0xc1,0x08,0xc1,0x08,0xc1,0x08,0xc1,0x08,0xc1,0x08,0xc1,0x08,0xc1,0x08,0xc1,0x08,
0xc1,0x08,0xc1,0x08,0xc1,0x08,0xc1,0x08,0xc1,0x08,0xc1,0x08,0xc1,0x08,0xc1,0x08,
0xc1,0x08,0xc1,0x08,0xc1,0x08,0xc1,0x08,0xc1,0x08,0xc1,0x08,0xc1,0x08,0xc1,0x08,
0xc1,0x08,0xc1,0x08,0xc1,0x08,0xc1,0x08,0xc1,0x08,0xc1,0x08,0xc1,0x08,0xc1,0x08,
0xc1,0x08,0xc1,0x08,0xc1,0x08,0xc1,0x08,0xc1,0x08,0xc1,0x08,0xc1,0x08,0xc1,0x08,
0xc1,0x08,0xc1,0x08,0xc1,0x08,0xc1,0x08,0xc1,0x08,0xc1,0x08,0xc1,0x08,0xc1,0x08,
0xc1,0x08,0xc1,0x08,0xc1,0x08,0xc1,0x08,0xc1,0x08,0xc1,0x08,0xc1,0x08,0xc1,0x08,
0xc1,0x08,0xc1,0x08,0xc1,0x08,0xc1,0x08,0xc1,0x08,0xc1,0x08,0xc1,0x08,0xc1,0x08,
0xc1,0x08,0xc1,0x08,0xc1,0x08,0xc1,0x08,0xc1,0x08,0xc1,0x08,0xc1,0x08,0xc1,0x08,
0xc1,0x08,0xc1,0x08,0xc1,0x08,0xc1,0x08,0xc1,0x08,0xc1,0x08,0xc1,0x08,0xc1,0x08,
0xc1,0x08,0xc1,0x08,0xc1,0x08,0xc1,0x08,0xc1,0x08,0xc1,0x08,0xc1,0x08,0xc1,0x08,
0xc1,0x08,0xc1,0x08,0xc1,0x08,0xc1,0x08,0xc1,0x08,0xc1,0x08,0xc1,0x08,0xc1,0x08,
0xc1,0x08,0xc1,0x08,0xc1,0x08,0xc1,0x08,0xc1,0x08,0xc1,0x08,0xc1,0x08,0xc1,0x08,
0xc1,0x08,0xc1,0x08,0xc1,0x08,0xc1,0x08,0xc1,0x08,0xc1,0x08,0xc1,0x08,0xc1,0x08,
0xc1,0x08,0xc1,0x08,0xc1,0x08,0xc1,0x08,0xc1,0x08,0xc1,0x08,0xc1,0x08,0xc1,0x08,
0xc1,0x08,0xc1,0x08,0xc1,0x08,0xc1,0x08,0xc1,0x08,0xc1,0x08,0xc1,0x08,0xc1,0x08,
0xc1,0x08,0xc1,0x08,0xc1,0x08,0xc1,0x08,0xc1,0x08,0xc1,0x08,0xc1,0x08,0xc1,0x08,
0xc1,0x08,0xc1,0x08,0xc1,0x08,0xc1,0x08,0xc1,0x08,0xc1,0x08,0xc1,0x08,0xc1,0x08,
0xc1,0x08,0xc1,0x08,0xc1,0x08,0xc1,0x08,0xc1,0x08,0xc1,0x08,0xc1,0x08,0xc1,0x08,
0xc1,0x08,0xc1,0x08,0xc1,0x08,0xc1,0x08,0xc1,0x08,0xc1,0x08,0xc1,0x08,0xc1,0x08,
0xc1,0x08,0xc1,0x08,0xc1,0x08,0xc1,0x08,0xc1,0x08,0xc1,0x08,0xc1,0x08,0xc1,0x08,
0xc1,0x08,0xc1,0x08,0xc1,0x08,0xc1,0x08,0xc1,0x08,0xc1,0x08,0xc1,0x08,0xc1,0x08,
0xc1,0x08,0xc1,0x08,0xc1,0x08,0xc1,0x08,0xc1,0x08,0xc1,0x08,0xc1,0x08,0xc1,0x08,
0xc1,0x08,0xc1,0x08,0xc1,0x08,0xc1,0x08,0xc1,0x08,0xc1,0x08,0xc1,0x08,0xc1,0x08,
0xc1,0x08,0xc1,0x08,0xc1,0x08,0xc1,0x08,0xc1,0x08,0xc1,0x08,0xc1,0x08,0xc1,0x08,
0xc1,0x08,0xc1,0x08,0xc1,0x08,0xc1,0x08,0xc1,0x08,0xc1,0x08,0xc1,0x08,0xc1,0x08,
0xc1,0x08,0xc1,0x08,0xc1,0x08,0xc1,0x08,0xc1,0x08,0xc1,0x08,0xc1,0x08,0xc1,0x08,
0xc1,0x08,0xc1,0x08,0xc1,0x08,0xc1,0x08,0xc1,0x08,0xc1,0x08,0xc1,0x08,0xc1,0x08,
0xc1,0x08,0xc1,0x08,0xc1,0x08,0xc1,0x08,0xc1,0x08,0xc1,0x08,0xc1,0x08,0xc1,0x08,
0xc1,0x08,0xc1,0x08,0xc1,0x08,0xc1,0x08,0xc1,0x08,0xc1,0x08,0xc1,0x08,0xc1,0x08,
0xc1,0x08,0xc1,0x08,0xc1,0x08,0xc1,0x08,0xc1,0x08,0xc1,0x08,0xc1,0x08,0xc1,0x08,
0xc1,0x08,0xc1,0x08,0xc1,0x08,0xc1,0x08,0xc1,0x08,0xc1,0x08,0xc1,0x08,0xc1,0x08,
0xc1,0x08,0xc1,0x08,0xc1,0x08,0xc1,0x08,0xc1,0x08,0xc1,0x08,0xc1,0x08,0xc1,0x08,
0xc1,0x08,0xc1,0x08,0xc1,0x08,0xc1,0x08,0xc1,0x08,0xc1,0x08,0xc1,0x08,0xc1,0x08,
0xc1,0x08,0xc1,0x08,0xc1,0x08,0xc1,0x08,0xc1,0x08,0xc1,0x08,0xc1,0x08,0xc1,0x08,
0xc1,0x08,0xc1,0x08,0xc1,0x08,0xc1,0x08,0xc1,0x08,0xc1,0x08,0xc1,0x08,0xc1,0x08,
0xc1,0x08,0xc1,0x08,0xc1,0x08,0xc1,0x08,0xc1,0x08,0xc1,0x08,0xc1,0x08,0xc1,0x08,
0xc1,0x08,0xc1,0x08,0xc1,0x08,0xc1,0x08,0xc1,0x08,0xc1,0x08,0xc1,0x08,0xc1,0x08,
0xc1,0x08,0xc1,0x08,0xc1,0x08,0xc1,0x08,0xc1,0x08,0xc1,0x08,0xc1,0x08,0xc1,0x08,
0xc1,0x08,0xc1,0x08,0xc1,0x08,0xc1,0x08,0xc1,0x08,0xc1,0x08,0xc1,0x08,0xc1,0x08,
0xc1,0x08,0xc1,0x08,0xc1,0x08,0xc1,0x08,0xc1,0x08,0xc1,0x08,0xc1,0x08,0xc1,0x08,
0xc1,0x08,0xc1,0x08,0xc1,0x08,0xc1,0x08,0xc1,0x08,0xc1,0x08,0xc1,0x08,0xc1,0x08,
0xc1,0x08,0xc1,0x08,0xc1,0x08,0xc1,0x08,0xc1,0x08,0xc1,0x08,0xc1,0x08,0xc1,0x08,
0xc1,0x08,0xc1,0x08,0xc1,0x08,0xc1,0x08,0xc1,0x08,0xc1,0x08,0xc1,0x08,0xc1,0x08,
0xc1,0x08,0xc1,0x08,0xc1,0x08,0xc1,0x08,0xc1,0x08,0xc1,0x08,0xc1,0x08,0xc1,0x08,
0xc1,0x08,0xc1,0x08,0xc1,0x08,0xc1,0x08,0xc1,0x08,0xc1,0x08,0xc1,0x08,0xc1,0x08,
0xc1,0x08,0xc1,0x08,0xc1,0x08,0xc1,0x08,0xc1,0x08,0xc1,0x08,0xc1,0x08,0xc1,0x08,
0xc1,0x08,0xc1,0x08,0xc1,0x08,0xc1,0x08,0xc1,0x08,0xc1,0x08,0xc1,0x08,0xc1,0x08,
0xc1,0x08,0xc1,0x08,0xc1,0x08,0xc1,0x08,0xc1,0x08,0xc1,0x08,0xc1,0x08,0xc1,0x08,
0xc1,0x08,0xc1,0x08,0xc1,0x08,0xc1,0x08,0xc1,0x08,0xc1,0x08,0xc1,0x08,0xc1,0x08,
0xc1,0x08,0xc1,0x08,0xc1,0x08,0xc1,0x08,0xc1,0x08,0xc1,0x08,0xc1,0x08,0xc1,0x08,
0xc1,0x08,0xc1,0x08,0xc1,0x08,0xc1,0x08,0xc1,0x08,0xc1,0x08,0xc1,0x08,0xc1,0x08,
0xc1,0x08,0xc1,0x08,0xc1,0x08,0xc1,0x08,0xc1,0x08,0xc1,0x08,0xc1,0x08,0xc1,0x08,
0xc1,0x08,0xc1,0x08,0xc1,0x08,0xc1,0x08,0xc1,0x08,0xc1,0x08,0xc1,0x08,0xc1,0x08,
0xc1,0x08,0xc1,0x08,0xc1,0x08,0xc1,0x08,0xc1,0x08,0xc1,0x08,0xc1,0x08,0xc1,0x08,
0xc1,0x08,0xc1,0x08,0xc1,0x08,0xc1,0x08,0xc1,0x08,0xc1,0x08,0xc1,0x08,0xc1,0x08,
0xc1,0x08,0xc1,0x08,0xc1,0x08,0xc1,0x08,0xc1,0x08,0xc1,0x08,0xc1,0x08,0xc1,0x08,
0xc1,0x08,0xc1,0x08,0xc1,0x08,0xc1,0x08,0xc1,0x08,0xc1,0x08,0xc1,0x08,0xc1,0x08,
0xc1,0x08,0xc1,0x08,0xc1,0x08,0xc1,0x08,0xc1,0x08,0xc1,0x08,0xc1,0x08,0xc1,0x08,
0xc1,0x08,0xc1,0x08,0xc1,0x08,0xc1,0x08,0xc1,0x08,0xc1,0x08,0xc1,0x08,0xc1,0x08,
0xc1,0x08,0xc1,0x08,0xc1,0x08,0xc1,0x08,0xc1,0x08,0xc1,0x08,0xc1,0x08,0xc1,0x08,
0xc1,0x08,0xc1,0x08,0xc1,0x08,0xc1,0x08,0xc1,0x08,0xc1,0x08,0xc1,0x08,0xc1,0x08,
0xc1,0x08,0xc1,0x08,0xc1,0x08,0xc1,0x08,0xc1,0x08,0xc1,0x08,0xc1,0x08,0xc1,0x08,
0xc1,0x08,0xc1,0x08,0xc1,0x08,0xc1,0x08,0xc1,0x08,0xc1,0x08,0xc1,0x08,0xc1,0x08,
0xc1,0x08,0xc1,0x08,0xc1,0x08,0xc1,0x08,0xc1,0x08,0xc1,0x08,0xc1,0x08,0xc1,0x08,
0xc1,0x08,0xc1,0x08,0xc1,0x08,0xc1,0x08,0xc1,0x08,0xc1,0x08,0xc1,0x08,0xc1,0x08,
0xc1,0x08,0xc1,0x08,0xc1,0x08,0xc1,0x08,0xc1,0x08,0xc1,0x08,0xc1,0x08,0xc1,0x08,
0xc1,0x08,0xc1,0x08,0xc1,0x08,0xc1,0x08,0xc1,0x08,0xc1,0x08,0xc1,0x08,0xc1,0x08,
0xc1,0x08,0xc1,0x08,0xc1,0x08,0xc1,0x08,0xc1,0x08,0xc1,0x08,0xc1,0x08,0xc1,0x08,
0xc1,0x08,0xc1,0x08,0xc1,0x08,0xc1,0x08,0xc1,0x08,0xc1,0x08,0xc1,0x08,0xc1,0x08,
0xc1,0x08,0xc1,0x08,0xc1,0x08,0xc1,0x08,0xc1,0x08,0xc1,0x08,0xc1,0x08,0xc1,0x08,
0xc1,0x08,0xc1,0x08,0xc1,0x08,0xc1,0x08,0xc1,0x08,0xc1,0x08,0xc1,0x08,0xc1,0x08,
0xc1,0x08,0xc1,0x08,0xc1,0x08,0xc1,0x08,0xc1,0x08,0xc1,0x08,0xc1,0x08,0xc1,0x08,
0xc1,0x08,0xc1,0x08,0xc1,0x08,0xc1,0x08,0xc1,0x08,0xc1,0x08,0xc1,0x08,0xc1,0x08,
0xc1,0x08,0xc1,0x08,0xc1,0x08,0xc1,0x08,0xc1,0x08,0xc1,0x08,0xc1,0x08,0xc1,0x08,
0xc1,0x08,0xc1,0x08,0xc1,0x08,0xc1,0x08,0xc1,0x08,0xc1,0x08,0xc1,0x08,0xc1,0x08,
0xc1,0x08,0xc1,0x08,0xc1,0x08,0xc1,0x08,0xc1,0x08,0xc1,0x08,0xc1,0x08,0xc1,0x08,
0xc1,0x08,0xc1,0x08,0xc1,0x08,0xc1,0x08,0xc1,0x08,0xc1,0x08,0xc1,0x08,0xc1,0x08,
0xc1,0x08,0xc1,0x08,0xc1,0x08,0xc1,0x08,0xc1,0x08,0xc1,0x08,0xc1,0x08,0xc1,0x08,
0xc1,0x08,0xc1,0x08,0xc1,0x08,0xc1,0x08,0xc1,0x08,0xc1,0x08,0xc1,0x08,0xc1,0x08,
0xc1,0x08,0xc1,0x08,0xc1,0x08,0xc1,0x08,0xc1,0x08,0xc1,0x08,0xc1,0x08,0xc1,0x08,
0xc1,0x08,0xc1,0x08,0xc1,0x08,0xc1,0x08,0xc1,0x08,0xc1,0x08,0xc1,0x08,0xc1,0x08,
0xc1,0x08,0xc1,0x08,0xc1,0x08,0xc1,0x08,0xc1,0x08,0xc1,0x08,0xc1,0x08,0xc1,0x08,
0xc1,0x08,0xc1,0x08,0xc1,0x08,0xc1,0x08,0xc1,0x08,0xc1,0x08,0xc1,0x08,0xc1,0x08,
0xc1,0x08,0xc1,0x08,0xc1,0x08,0xc1,0x08,0xc1,0x08,0xc1,0x08,0xc1,0x08,0xc1,0x08,
0xc1,0x08,0xc1,0x08,0xc1,0x08,0xc1,0x08,0xc1,0x08,0xc1,0x08,0xc1,0x08,0xc1,0x08,
0xc1,0x08,0xc1,0x08,0xc1,0x08,0xc1,0x08,0xc1,0x08,0xc1,0x08,0xc1,0x08,0xc1,0x08,
0xc1,0x08,0xc1,0x08,0xc1,0x08,0xc1,0x08,0xc1,0x08,0xc1,0x08,0xc1,0x08,0xc1,0x08,
0xc1,0x08,0xc1,0x08,0xc1,0x08,0xc1,0x08,0xc1,0x08,0xc1,0x08,0xc1,0x08,0xc1,0x08,
0xc1,0x08,0xc1,0x08,0xc1,0x08,0xc1,0x08,0xc1,0x08,0xc1,0x08,0xc1,0x08,0xc1,0x08,
0xc1,0x08,0xc1,0x08,0xc1,0x08,0xc1,0x08,0xc1,0x08,0xc1,0x08,0xc1,0x08,0xc1,0x08,
0xc1,0x08,0xc1,0x08,0xc1,0x08,0xc1,0x08,0xc1,0x08,0xc1,0x08,0xc1,0x08,0xc1,0x08,
0xc1,0x08,0xc1,0x08,0xc1,0x08,0xc1,0x08,0xc1,0x08,0xc1,0x08,0xc1,0x08,0xc1,0x08,
0xc1,0x08,0xc1,0x08,0xc1,0x08,0xc1,0x08,0xc1,0x08,0xc1,0x08,0xc1,0x08,0xc1,0x08,
0xc1,0x08,0xc1,0x08,0xc1,0x08,0xc1,0x08,0xc1,0x08,0xc1,0x08,0xc1,0x08,0xc1,0x08,
0xc1,0x08,0xc1,0x08,0xc1,0x08,0xc1,0x08,0xc1,0x08,0xc1,0x08,0xc1,0x08,0xc1,0x08,
0xc1,0x08,0xc1,0x08,0xc1,0x08,0xc1,0x08,0xc1,0x08,0xc1,0x08,0xc1,0x08,0xc1,0x08,
0xc1,0x08,0xc1,0x08,0xc1,0x08,0xc1,0x08,0xc1,0x08,0xc1,0x08,0xc1,0x08,0xc1,0x08,
0xc1,0x08,0xc1,0x08,0xc1,0x08,0xc1,0x08,0xc1,0x08,0xc1,0x08,0xc1,0x08,0xc1,0x08,
0xc1,0x08,0xc1,0x08,0xc1,0x08,0xc1,0x08,0xc1,0x08,0xc1,0x08,0xc1,0x08,0xc1,0x08,
0xc1,0x08,0xc1,0x08,0xc1,0x08,0xc1,0x08,0xc1,0x08,0xc1,0x08,0xc1,0x08,0xc1,0x08,
0xc1,0x08,0xc1,0x08,0xc1,0x08,0xc1,0x08,0xc1,0x08,0xc1,0x08,0xc1,0x08,0xc1,0x08,
0xc1,0x08,0xc1,0x08,0xc1,0x08,0xc1,0x08,0xc1,0x08,0xc1,0x08,0xc1,0x08,0xc1,0x08,
0xc1,0x08,0xc1,0x08,0xc1,0x08,0xc1,0x08,0xc1,0x08,0xc1,0x08,0xc1,0x08,0xc1,0x08,
0xc1,0x08,0xc1,0x08,0xc1,0x08,0xc1,0x08,0xc1,0x08,0xc1,0x08,0xc1,0x08,0xc1,0x08,
0xc1,0x08,0xc1,0x08,0xc1,0x08,0xc1,0x08,0xc1,0x08,0xc1,0x08,0xc1,0x08,0xc1,0x08,
0xc1,0x08,0xc1,0x08,0xc1,0x08,0xc1,0x08,0xc1,0x08,0xc1,0x08,0xc1,0x08,0xc1,0x08,
0xc1,0x08,0xc1,0x08,0xc1,0x08,0xc1,0x08,0xc1,0x08,0xc1,0x08,0xc1,0x08,0xc1,0x08,
0xc1,0x08,0xc1,0x08,0xc1,0x08,0xc1,0x08,0xc1,0x08,0xc1,0x08,0xc1,0x08,0xc1,0x08,
0xc1,0x08,0xc1,0x08,0xc1,0x08,0xc1,0x08,0xc1,0x08,0xc1,0x08,0xc1,0x08,0xc1,0x08,
0xc1,0x08,0xc1,0x08,0xc1,0x08,0xc1,0x08,0xc1,0x08,0xc1,0x08,0xc1,0x08,0xc1,0x08,
0xc1,0x08,0xc1,0x08,0xc1,0x08,0xc1,0x08,0xc1,0x08,0xc1,0x08,0xc1,0x08,0xc1,0x08,
0xc1,0x08,0xc1,0x08,0xc1,0x08,0xc1,0x08,0xc1,0x08,0xc1,0x08,0xc1,0x08,0xc1,0x08,
0xc1,0x08,0xc1,0x08,0xc1,0x08,0xc1,0x08,0xc1,0x08,0xc1,0x08,0xc1,0x08,0xc1,0x08,
0xc1,0x08,0xc1,0x08,0xc1,0x08,0xc1,0x08,0xc1,0x08,0xc1,0x08,0xc1,0x08,0xc1,0x08,
0xc1,0x08,0xc1,0x08,0xc1,0x08,0xc1,0x08,0xc1,0x08,0xc1,0x08,0xc1,0x08,0xc1,0x08,
0xc1,0x08,0xc1,0x08,0xc1,0x08,0xc1,0x08,0xc1,0x08,0xc1,0x08,0xc1,0x08,0xc1,0x08,
0xc1,0x08,0xc1,0x08,0xc1,0x08,0xc1,0x08,0xc1,0x08,0xc1,0x08,0xc1,0x08,0xc1,0x08,
0xc1,0x08,0xc1,0x08,0xc1,0x08,0xc1,0x08,0xc1,0x08,0xc1,0x08,0xc1,0x08,0xc1,0x08,
0xc1,0x08,0xc1,0x08,0xc1,0x08,0xc1,0x08,0xc1,0x08,0xc1,0x08,0xc1,0x08,0xc1,0x08,
0xc1,0x08,0xc1,0x08,0xc1,0x08,0xc1,0x08,0xc1,0x08,0xc1,0x08,0xc1,0x08,0xc1,0x08,
0xc1,0x08,0xc1,0x08,0xc1,0x08,0xc1,0x08,0xc1,0x08,0xc1,0x08,0xc1,0x08,0xc1,0x08,
0xc1,0x08,0xc1,0x08,0xc1,0x08,0xc1,0x08,0xc1,0x08,0xc1,0x08,0xc1,0x08,0xc1,0x08,
0xc1,0x08,0xc1,0x08,0xc1,0x08,0xc1,0x08,0xc1,0x08,0xc1,0x08,0xc1,0x08,0xc1,0x08,
0xc1,0x08,0xc1,0x08,0xc1,0x08,0xc1,0x08,0xc1,0x08,0xc1,0x08,0xc1,0x08,0xc1,0x08,
0xc1,0x08,0xc1,0x08,0xc1,0x08,0xc1,0x08,0xc1,0x08,0xc1,0x08,0xc1,0x08,0xc1,0x08,
0xc1,0x08,0xc1,0x08,0xc1,0x08,0xc1,0x08,0xc1,0x08,0xc1,0x08,0xc1,0x08,0xc1,0x08,
0xc1,0x08,0xc1,0x08,0xc1,0x08,0xc1,0x08,0xc1,0x08,0xc1,0x08,0xc1,0x08,0xc1,0x08,
0xc1,0x08,0xc1,0x08,0xc1,0x08,0xc1,0x08,0xc1,0x08,0xc1,0x08,0xc1,0x08,0xc1,0x08,
0xc1,0x08,0xc1,0x08,0xc1,0x08,0xc1,0x08,0xc1,0x08,0xc1,0x08,0xc1,0x08,0xc1,0x08,
0xc1,0x08,0xc1,0x08,0xc1,0x08,0xc1,0x08,0xc1,0x08,0xc1,0x08,0xc1,0x08,0xc1,0x08,
0xc1,0x08,0xc1,0x08,0xc1,0x08,0xc1,0x08,0xc1,0x08,0xc1,0x08,0xc1,0x08,0xc1,0x08,
0xc1,0x08,0xc1,0x08,0xc1,0x08,0xc1,0x08,0xc1,0x08,0xc1,0x08,0xc1,0x08,0xc1,0x08,
0xc1,0x08,0xc1,0x08,0xc1,0x08,0xc1,0x08,0xc1,0x08,0xc1,0x08,0xc1,0x08,0xc1,0x08,
0xc1,0x08,0xc1,0x08,0xc1,0x08,0xc1,0x08,0xc1,0x08,0xc1,0x08,0xc1,0x08,0xc1,0x08,
0xc1,0x08,0xc1,0x08,0xc1,0x08,0xc1,0x08,0xc1,0x08,0xc1,0x08,0xc1,0x08,0xc1,0x08,
0xc1,0x08,0xc1,0x08,0xc1,0x08,0xc1,0x08,0xc1,0x08,0xc1,0x08,0xc1,0x08,0xc1,0x08,
0xc1,0x08,0xc1,0x08,0xc1,0x08,0xc1,0x08,0xc1,0x08,0xc1,0x08,0xc1,0x08,0xc1,0x08,
0xc1,0x08,0xc1,0x08,0xc1,0x08,0xc1,0x08,0xc1,0x08,0xc1,0x08,0xc1,0x08,0xc1,0x08,
0xc1,0x08,0xc1,0x08,0xc1,0x08,0xc1,0x08,0xc1,0x08,0xc1,0x08,0xc1,0x08,0xc1,0x08,
0xc1,0x08,0xc1,0x08,0xc1,0x08,0xc1,0x08,0xc1,0x08,0xc1,0x08,0xc1,0x08,0xc1,0x08,
0xc1,0x08,0xc1,0x08,0xc1,0x08,0xc1,0x08,0xc1,0x08,0xc1,0x08,0xc1,0x08,0xc1,0x08,
0xc1,0x08,0xc1,0x08,0xc1,0x08,0xc1,0x08,0xc1,0x08,0xc1,0x08,0xc1,0x08,0xc1,0x08,
0xc1,0x08,0xc1,0x08,0xc1,0x08,0xc1,0x08,0xc1,0x08,0xc1,0x08,0xc1,0x08,0xc1,0x08,
0xc1,0x08,0xc1,0x08,0xc1,0x08,0xc1,0x08,0xc1,0x08,0xc1,0x08,0xc1,0x08,0xc1,0x08,
0xc1,0x08,0xc1,0x08,0xc1,0x08,0xc1,0x08,0xc1,0x08,0xc1,0x08,0xc1,0x08,0xc1,0x08,
0xc1,0x08,0xc1,0x08,0xc1,0x08,0xc1,0x08,0xc1,0x08,0xc1,0x08,0xc1,0x08,0xc1,0x08,
0xc1,0x08,0xc1,0x08,0xc1,0x08,0xc1,0x08,0xc1,0x08,0xc1,0x08,0xc1,0x08,0xc1,0x08,
0xc1,0x08,0xc1,0x08,0xc1,0x08,0xc1,0x08,0xc1,0x08,0xc1,0x08,0xc1,0x08,0xc1,0x08,
0xc1,0x08,0xc1,0x08,0xc1,0x08,0xc1,0x08,0xc1,0x08,0xc1,0x08,0xc1,0x08,0xc1,0x08,
0xc1,0x08,0xc1,0x08,0xc1,0x08,0xc1,0x08,0xc1,0x08,0xc1,0x08,0xc1,0x08,0xc1,0x08,
0xc1,0x08,0xc1,0x08,0xc1,0x08,0xc1,0x08,0xc1,0x08,0xc1,0x08,0xc1,0x08,0xc1,0x08,
0xc1,0x08,0xc1,0x08,0xc1,0x08,0xc1,0x08,0xc1,0x08,0xc1,0x08,0xc1,0x08,0xc1,0x08,
0xc1,0x08,0xc1,0x08,0xc1,0x08,0xc1,0x08,0xc1,0x08,0xc1,0x08,0xc1,0x08,0xc1,0x08,
0xc1,0x08,0xc1,0x08,0xc1,0x08,0xc1,0x08,0xc1,0x08,0xc1,0x08,0xc1,0x08,0xc1,0x08,
0xc1,0x08,0xc1,0x08,0xc1,0x08,0xc1,0x08,0xc1,0x08,0xc1,0x08,0xc1,0x08,0xc1,0x08,
0xc1,0x08,0xc1,0x08,0xc1,0x08,0xc1,0x08,0xc1,0x08,0xc1,0x08,0xc1,0x08,0xc1,0x08,
0xc1,0x08,0xc1,0x08,0xc1,0x08,0xc1,0x08,0xc1,0x08,0xc1,0x08,0xc1,0x08,0xc1,0x08,
0xc1,0x08,0xc1,0x08,0xc1,0x08,0xc1,0x08,0xc1,0x08,0xc1,0x08,0xc1,0x08,0xc1,0x08,
0xc1,0x08,0xc1,0x08,0xc1,0x08,0xc1,0x08,0xc1,0x08,0xc1,0x08,0xc1,0x08,0xc1,0x08,
0xc1,0x08,0xc1,0x08,0xc1,0x08,0xc1,0x08,0xc1,0x08,0xc1,0x08,0xc1,0x08,0xc1,0x08,
0xc1,0x08,0xc1,0x08,0xc1,0x08,0xc1,0x08,0xc1,0x08,0xc1,0x08,0xc1,0x08,0xc1,0x08,
0xc1,0x08,0xc1,0x08,0xc1,0x08,0xc1,0x08,0xc1,0x08,0xc1,0x08,0xc1,0x08,0xc1,0x08,
0xc1,0x08,0xc1,0x08,0xc1,0x08,0xc1,0x08,0xc1,0x08,0xc1,0x08,0xc1,0x08,0xc1,0x08,
0xc1,0x08,0xc1,0x08,0xc1,0x08,0xc1,0x08,0xc1,0x08,0xc1,0x08,0xc1,0x08,0xc1,0x08,
0xc1,0x08,0xc1,0x08,0xc1,0x08,0xc1,0x08,0xc1,0x08,0xc1,0x08,0xc1,0x08,0xc1,0x08,
0xc1,0x08,0xc1,0x08,0xc1,0x08,0xc1,0x08,0xc1,0x08,0xc1,0x08,0xc1,0x08,0xc1,0x08,
0xc1,0x08,0xc1,0x08,0xc1,0x08,0xc1,0x08,0xc1,0x08,0xc1,0x08,0xc1,0x08,0xc1,0x08,
0xc1,0x08,0xc1,0x08,0xc1,0x08,0xc1,0x08,0xc1,0x08,0xc1,0x08,0xc1,0x08,0xc1,0x08,
0xc1,0x08,0xc1,0x08,0xc1,0x08,0xc1,0x08,0xc1,0x08,0xc1,0x08,0xc1,0x08,0xc1,0x08,
0xc1,0x08,0xc1,0x08,0xc1,0x08,0xc1,0x08,0xc1,0x08,0xc1,0x08,0xc1,0x08,0xc1,0x08,
0xc1,0x08,0xc1,0x08,0xc1,0x08,0xc1,0x08,0xc1,0x08,0xc1,0x08,0xc1,0x08,0xc1,0x08,
0xc1,0x08,0xc1,0x08,0xc1,0x08,0xc1,0x08,0xc1,0x08,0xc1,0x08,0xc1,0x08,0xc1,0x08,
0xc1,0x08,0xc1,0x08,0xc1,0x08,0xc1,0x08,0xc1,0x08,0xc1,0x08,0xc1,0x08,0xc1,0x08,
0xc1,0x08,0xc1,0x08,0xc1,0x08,0xc1,0x08,0xc1,0x08,0xc1,0x08,0xc1,0x08,0xc1,0x08,
0xc1,0x08,0xc1,0x08,0xc1,0x08,0xc1,0x08,0xc1,0x08,0xc1,0x08,0xc1,0x08,0xc1,0x08,
0xc1,0x08,0xc1,0x08,0xc1,0x08,0xc1,0x08,0xc1,0x08,0xc1,0x08,0xc1,0x08,0xc1,0x08,
0xc1,0x08,0xc1,0x08,0xc1,0x08,0xc1,0x08,0xc1,0x08,0xc1,0x08,0xc1,0x08,0xc1,0x08,
0xc1,0x08,0xc1,0x08,0xc1,0x08,0xc1,0x08,0xc1,0x08,0xc1,0x08,0xc1,0x08,0xc1,0x08,
0xc1,0x08,0xc1,0x08,0xc1,0x08,0xc1,0x08,0xc1,0x08,0xc1,0x08,0xc1,0x08,0xc1,0x08,
0xc1,0x08,0xc1,0x08,0xc1,0x08,0xc1,0x08,0xc1,0x08,0xc1,0x08,0xc1,0x08,0xc1,0x08,
0xc1,0x08,0xc1,0x08,0xc1,0x08,0xc1,0x08,0xc1,0x08,0xc1,0x08,0xc1,0x08,0xc1,0x08,
0xc1,0x08,0xc1,0x08,0xc1,0x08,0xc1,0x08,0xc1,0x08,0xc1,0x08,0xc1,0x08,0xc1,0x08,
0xc1,0x08,0xc1,0x08,0xc1,0x08,0xc1,0x08,0xc1,0x08,0xc1,0x08,0xc1,0x08,0xc1,0x08,
0xc1,0x08,0xc1,0x08,0xc1,0x08,0xc1,0x08,0xc1,0x08,0xc1,0x08,0xc1,0x08,0xc1,0x08,
0xc1,0x08,0xc1,0x08,0xc1,0x08,0xc1,0x08,0xc1,0x08,0xc1,0x08,0xc1,0x08,0xc1,0x08,
0xc1,0x08,0xc1,0x08,0xc1,0x08,0xc1,0x08,0xc1,0x08,0xc1,0x08,0xc1,0x08,0xc1,0x08,
0xc1,0x08,0xc1,0x08,0xc1,0x08,0xc1,0x08,0xc1,0x08,0xc1,0x08,0xc1,0x08,0xc1,0x08,
0xc1,0x08,0xc1,0x08,0xc1,0x08,0xc1,0x08,0xc1,0x08,0xc1,0x08,0xc1,0x08,0xc1,0x08,
0xc1,0x08,0xc1,0x08,0xc1,0x08,0xc1,0x08,0xc1,0x08,0xc1,0x08,0xc1,0x08,0xc1,0x08,
0xc1,0x08,0xc1,0x08,0xc1,0x08,0xc1,0x08,0xc1,0x08,0xc1,0x08,0xc1,0x08,0xc1,0x08,
0xc1,0x08,0xc1,0x08,0xc1,0x08,0xc1,0x08,0xc1,0x08,0xc1,0x08,0xc1,0x08,0xc1,0x08,
0xc1,0x08,0xc1,0x08,0xc1,0x08,0xc1,0x08,0xc1,0x08,0xc1,0x08,0xc1,0x08,0xc1,0x08,
0xc1,0x08,0xc1,0x08,0xc1,0x08,0xc1,0x08,0xc1,0x08,0xc1,0x08,0xc1,0x08,0xc1,0x08,
0xc1,0x08,0xc1,0x08,0xc1,0x08,0xc1,0x08,0xc1,0x08,0xc1,0x08,0xc1,0x08,0xc1,0x08,
0xc1,0x08,0xc1,0x08,0xc1,0x08,0xc1,0x08,0xc1,0x08,0xc1,0x08,0xc1,0x08,0xc1,0x08,
0xc1,0x08,0xc1,0x08,0xc1,0x08,0xc1,0x08,0xc1,0x08,0xc1,0x08,0xc1,0x08,0xc1,0x08,
0xc1,0x08,0xc1,0x08,0xc1,0x08,0xc1,0x08,0xc1,0x08,0xc1,0x08,0xc1,0x08,0xc1,0x08,
0xc1,0x08,0xc1,0x08,0xc1,0x08,0xc1,0x08,0xc1,0x08,0xc1,0x08,0xc1,0x08,0xc1,0x08,
0xc1,0x08,0xc1,0x08,0xc1,0x08,0xc1,0x08,0xc1,0x08,0xc1,0x08,0xc1,0x08,0xc1,0x08,
0xc1,0x08,0xc1,0x08,0xc1,0x08,0xc1,0x08,0xc1,0x08,0xc1,0x08,0xc1,0x08,0xc1,0x08,
0xc1,0x08,0xc1,0x08,0xc1,0x08,0xc1,0x08,0xc1,0x08,0xc1,0x08,0xc1,0x08,0xc1,0x08,
0xc1,0x08,0xc1,0x08,0xc1,0x08,0xc1,0x08,0xc1,0x08,0xc1,0x08,0xc1,0x08,0xc1,0x08,
0xc1,0x08,0xc1,0x08,0xc1,0x08,0xc1,0x08,0xc1,0x08,0xc1,0x08,0xc1,0x08,0xc1,0x08,
0xc1,0x08,0xc1,0x08,0xc1,0x08,0xc1,0x08,0xc1,0x08,0xc1,0x08,0xc1,0x08,0xc1,0x08,
0xc1,0x08,0xc1,0x08,0xc1,0x08,0xc1,0x08,0xc1,0x08,0xc1,0x08,0xc1,0x08,0xc1,0x08,
0xc1,0x08,0xc1,0x08,0xc1,0x08,0xc1,0x08,0xc1,0x08,0xc1,0x08,0xc1,0x08,0xc1,0x08,
0xc1,0x08,0xc1,0x08,0xc1,0x08,0xc1,0x08,0xc1,0x08,0xc1,0x08,0xc1,0x08,0xc1,0x08,
0xc1,0x08,0xc1,0x08,0xc1,0x08,0xc1,0x08,0xc1,0x08,0xc1,0x08,0xc1,0x08,0xc1,0x08,
0xc1,0x08,0xc1,0x08,0xc1,0x08,0xc1,0x08,0xc1,0x08,0xc1,0x08,0xc1,0x08,0xc1,0x08,
0xc1,0x08,0xc1,0x08,0xc1,0x08,0xc1,0x08,0xc1,0x08,0xc1,0x08,0xc1,0x08,0xc1,0x08,
0xc1,0x08,0xc1,0x08,0xc1,0x08,0xc1,0x08,0xc1,0x08,0xc1,0x08,0xc1,0x08,0xc1,0x08,
0xc1,0x08,0xc1,0x08,0xc1,0x08,0xc1,0x08,0xc1,0x08,0xc1,0x08,0xc1,0x08,0xc1,0x08,
0xc1,0x08,0xc1,0x08,0xc1,0x08,0xc1,0x08,0xc1,0x08,0xc1,0x08,0xc1,0x08,0xc1,0x08,
0xc1,0x08,0xc1,0x08,0xc1,0x08,0xc1,0x08,0xc1,0x08,0xc1,0x08,0xc1,0x08,0xc1,0x08,
0xc1,0x08,0xc1,0x08,0xc1,0x08,0xc1,0x08,0xc1,0x08,0xc1,0x08,0xc1,0x08,0xc1,0x08,
0xc1,0x08,0xc1,0x08,0xc1,0x08,0xc1,0x08,0xc1,0x08,0xc1,0x08,0xc1,0x08,0xc1,0x08,
0xc1,0x08,0xc1,0x08,0xc1,0x08,0xc1,0x08,0xc1,0x08,0xc1,0x08,0xc1,0x08,0xc1,0x08,
0xc1,0x08,0xc1,0x08,0xc1,0x08,0xc1,0x08,0xc1,0x08,0xc1,0x08,0xc1,0x08,0xc1,0x08,
0xc1,0x08,0xc1,0x08,0xc1,0x08,0xc1,0x08,0xc1,0x08,0xc1,0x08,0xc1,0x08,0xc1,0x08,
0xc1,0x08,0xc1,0x08,0xc1,0x08,0xc1,0x08,0xc1,0x08,0xc1,0x08,0xc1,0x08,0xc1,0x08,
0xc1,0x08,0xc1,0x08,0xc1,0x08,0xc1,0x08,0xc1,0x08,0xc1,0x08,0xc1,0x08,0xc1,0x08,
0xc1,0x08,0xc1,0x08,0xc1,0x08,0xc1,0x08,0xc1,0x08,0xc1,0x08,0xc1,0x08,0xc1,0x08,
0xc1,0x08,0xc1,0x08,0xc1,0x08,0xc1,0x08,0xc1,0x08,0xc1,0x08,0xc1,0x08,0xc1,0x08,
0xc1,0x08,0xc1,0x08,0xc1,0x08,0xc1,0x08,0xc1,0x08,0xc1,0x08,0xc1,0x08,0xc1,0x08,
0xc1,0x08,0xc1,0x08,0xc1,0x08,0xc1,0x08,0xc1,0x08,0xc1,0x08,0xc1,0x08,0xc1,0x08,
0xc1,0x08,0xc1,0x08,0xc1,0x08,0xc1,0x08,0xc1,0x08,0xc1,0x08,0xc1,0x08,0xc1,0x08,
0xc1,0x08,0xc1,0x08,0xc1,0x08,0xc1,0x08,0xc1,0x08,0xc1,0x08,0xc1,0x08,0xc1,0x08,
0xc1,0x08,0xc1,0x08,0xc1,0x08,0xc1,0x08,0xc1,0x08,0xc1,0x08,0xc1,0x08,0xc1,0x08,
0xc1,0x08,0xc1,0x08,0xc1,0x08,0xc1,0x08,0xc1,0x08,0xc1,0x08,0xc1,0x08,0xc1,0x08,
0xc1,0x08,0xc1,0x08,0xc1,0x08,0xc1,0x08,0xc1,0x08,0xc1,0x08,0xc1,0x08,0xc1,0x08,
0xc1,0x08,0xc1,0x08,0xc1,0x08,0xc1,0x08,0xc1,0x08,0xc1,0x08,0xc1,0x08,0xc1,0x08,
0xc1,0x08,0xc1,0x08,0xc1,0x08,0xc1,0x08,0xc1,0x08,0xc1,0x08,0xc1,0x08,0xc1,0x08,
0xc1,0x08,0xc1,0x08,0xc1,0x08,0xc1,0x08,0xc1,0x08,0xc1,0x08,0xc1,0x08,0xc1,0x08,
0xc1,0x08,0xc1,0x08,0xc1,0x08,0xc1,0x08,0xc1,0x08,0xc1,0x08,0xc1,0x08,0xc1,0x08,
0xc1,0x08,0xc1,0x08,0xc1,0x08,0xc1,0x08,0xc1,0x08,0xc1,0x08,0xc1,0x08,0xc1,0x08,
0xc1,0x08,0xc1,0x08,0xc1,0x08,0xc1,0x08,0xc1,0x08,0xc1,0x08,0xc1,0x08,0xc1,0x08,
0xc1,0x08,0xc1,0x08,0xc1,0x08,0xc1,0x08,0xc1,0x08,0xc1,0x08,0xc1,0x08,0xc1,0x08,
0xc1,0x08,0xc1,0x08,0xc1,0x08,0xc1,0x08,0xc1,0x08,0xc1,0x08,0xc1,0x08,0xc1,0x08,
0xc1,0x08,0xc1,0x08,0xc1,0x08,0xc1,0x08,0xc1,0x08,0xc1,0x08,0xc1,0x08,0xc1,0x08,
0xc1,0x08,0xc1,0x08,0xc1,0x08,0xc1,0x08,0xc1,0x08,0xc1,0x08,0xc1,0x08,0xc1,0x08,
0xc1,0x08,0xc1,0x08,0xc1,0x08,0xc1,0x08,0xc1,0x08,0xc1,0x08,0xc1,0x08,0xc1,0x08,
0xc1,0x08,0xc1,0x08,0xc1,0x08,0xc1,0x08,0xc1,0x08,0xc1,0x08,0xc1,0x08,0xc1,0x08,
0xc1,0x08,0xc1,0x08,0xc1,0x08,0xc1,0x08,0xc1,0x08,0xc1,0x08,0xc1,0x08,0xc1,0x08,
0xc1,0x08,0xc1,0x08,0xc1,0x08,0xc1,0x08,0xc1,0x08,0xc1,0x08,0xc1,0x08,0xc1,0x08,
0xc1,0x08,0xc1,0x08,0xc1,0x08,0xc1,0x08,0xc1,0x08,0xc1,0x08,0xc1,0x08,0xc1,0x08,
0xc1,0x08,0xc1,0x08,0xc1,0x08,0xc1,0x08,0xc1,0x08,0xc1,0x08,0xc1,0x08,0xc1,0x08,
0xc1,0x08,0xc1,0x08,0xc1,0x08,0xc1,0x08,0xc1,0x08,0xc1,0x08,0xc1,0x08,0xc1,0x08,
0xc1,0x08,0xc1,0x08,0xc1,0x08,0xc1,0x08,0xc1,0x08,0xc1,0x08,0xc1,0x08,0xc1,0x08,
0xc1,0x08,0xc1,0x08,0xc1,0x08,0xc1,0x08,0xc1,0x08,0xc1,0x08,0xc1,0x08,0xc1,0x08,
0xc1,0x08,0xc1,0x08,0xc1,0x08,0xc1,0x08,0xc1,0x08,0xc1,0x08,0xc1,0x08,0xc1,0x08,
0xc1,0x08,0xc1,0x08,0xc1,0x08,0xc1,0x08,0xc1,0x08,0xc1,0x08,0xc1,0x08,0xc1,0x08,
0xc1,0x08,0xc1,0x08,0xc1,0x08,0xc1,0x08,0xc1,0x08,0xc1,0x08,0xc1,0x08,0xc1,0x08,
0xc1,0x08,0xc1,0x08,0xc1,0x08,0xc1,0x08,0xc1,0x08,0xc1,0x08,0xc1,0x08,0xc1,0x08,
0xc1,0x08,0xc1,0x08,0xc1,0x08,0xc1,0x08,0xc1,0x08,0xc1,0x08,0xc1,0x08,0xc1,0x08,
0xc1,0x08,0xc1,0x08,0xc1,0x08,0xc1,0x08,0xc1,0x08,0xc1,0x08,0xc1,0x08,0xc1,0x08,
0xc1,0x08,0xc1,0x08,0xc1,0x08,0xc1,0x08,0xc1,0x08,0xc1,0x08,0xc1,0x08,0xc1,0x08,
0xc1,0x08,0xc1,0x08,0xc1,0x08,0xc1,0x08,0xc1,0x08,0xc1,0x08,0xc1,0x08,0xc1,0x08,
0xc1,0x08,0xc1,0x08,0xc1,0x08,0xc1,0x08,0xc1,0x08,0xc1,0x08,0xc1,0x08,0xc1,0x08,
0xc1,0x08,0xc1,0x08,0xc1,0x08,0xc1,0x08,0xc1,0x08,0xc1,0x08,0xc1,0x08,0xc1,0x08,
0xc1,0x08,0xc1,0x08,0xc1,0x08,0xc1,0x08,0xc1,0x08,0xc1,0x08,0xc1,0x08,0xc1,0x08,
0xc1,0x08,0xc1,0x08,0xc1,0x08,0xc1,0x08,0xc1,0x08,0xc1,0x08,0xc1,0x08,0xc1,0x08,
0xc1,0x08,0xc1,0x08,0xc1,0x08,0xc1,0x08,0xc1,0x08,0xc1,0x08,0xc1,0x08,0xc1,0x08,
0xc1,0x08,0xc1,0x08,0xc1,0x08,0xc1,0x08,0xc1,0x08,0xc1,0x08,0xc1,0x08,0xc1,0x08,
0xc1,0x08,0xc1,0x08,0xc1,0x08,0xc1,0x08,0xc1,0x08,0xc1,0x08,0xc1,0x08,0xc1,0x08,
0xc1,0x08,0xc1,0x08,0xc1,0x08,0xc1,0x08,0xc1,0x08,0xc1,0x08,0xc1,0x08,0xc1,0x08,
0xc1,0x08,0xc1,0x08,0xc1,0x08,0xc1,0x08,0xc1,0x08,0xc1,0x08,0xc1,0x08,0xc1,0x08,
0xc1,0x08,0xc1,0x08,0xc1,0x08,0xc1,0x08,0xc1,0x08,0xc1,0x08,0xc1,0x08,0xc1,0x08,
0xc1,0x08,0xc1,0x08,0xc1,0x08,0xc1,0x08,0xc1,0x08,0xc1,0x08,0xc1,0x08,0xc1,0x08,
0xc1,0x08,0xc1,0x08,0xc1,0x08,0xc1,0x08,0xc1,0x08,0xc1,0x08,0xc1,0x08,0xc1,0x08,
0xc1,0x08,0xc1,0x08,0xc1,0x08,0xc1,0x08,0xc1,0x08,0xc1,0x08,0xc1,0x08,0xc1,0x08,
0xc1,0x08,0xc1,0x08,0xc1,0x08,0xc1,0x08,0xc1,0x08,0xc1,0x08,0xc1,0x08,0xc1,0x08,
0xc1,0x08,0xc1,0x08,0xc1,0x08,0xc1,0x08,0xc1,0x08,0xc1,0x08,0xc1,0x08,0xc1,0x08,
0xc1,0x08,0xc1,0x08,0xc1,0x08,0xc1,0x08,0xc1,0x08,0xc1,0x08,0xc1,0x08,0xc1,0x08,
0xc1,0x08,0xc1,0x08,0xc1,0x08,0xc1,0x08,0xc1,0x08,0xc1,0x08,0xc1,0x08,0xc1,0x08,
0xc1,0x08,0xc1,0x08,0xc1,0x08,0xc1,0x08,0xc1,0x08,0xc1,0x08,0xc1,0x08,0xc1,0x08,
0xc1,0x08,0xc1,0x08,0xc1,0x08,0xc1,0x08,0xc1,0x08,0xc1,0x08,0xc1,0x08,0xc1,0x08,
0xc1,0x08,0xc1,0x08,0xc1,0x08,0xc1,0x08,0xc1,0x08,0xc1,0x08,0xc1,0x08,0xc1,0x08,
0xc1,0x08,0xc1,0x08,0xc1,0x08,0xc1,0x08,0xc1,0x08,0xc1,0x08,0xc1,0x08,0xc1,0x08,
0xc1,0x08,0xc1,0x08,0xc1,0x08,0xc1,0x08,0xc1,0x08,0xc1,0x08,0xc1,0x08,0xc1,0x08,
0xc1,0x08,0xc1,0x08,0xc1,0x08,0xc1,0x08,0xc1,0x08,0xc1,0x08,0xc1,0x08,0xc1,0x08,
0xc1,0x08,0xc1,0x08,0xc1,0x08,0xc1,0x08,0xc1,0x08,0xc1,0x08,0xc1,0x08,0xc1,0x08,
0xc1,0x08,0xc1,0x08,0xc1,0x08,0xc1,0x08,0xc1,0x08,0xc1,0x08,0xc1,0x08,0xc1,0x08,
0xc1,0x08,0xc1,0x08,0xc1,0x08,0xc1,0x08,0xc1,0x08,0xc1,0x08,0xc1,0x08,0xc1,0x08,
0xc1,0x08,0xc1,0x08,0xc1,0x08,0xc1,0x08,0xc1,0x08,0xc1,0x08,0xc1,0x08,0xc1,0x08,
0xc1,0x08,0xc1,0x08,0xc1,0x08,0xc1,0x08,0xc1,0x08,0xc1,0x08,0xc1,0x08,0xc1,0x08,
0xc1,0x08,0xc1,0x08,0xc1,0x08,0xc1,0x08,0xc1,0x08,0xc1,0x08,0xc1,0x08,0xc1,0x08,
0xc1,0x08,0xc1,0x08,0xc1,0x08,0xc1,0x08,0xc1,0x08,0xc1,0x08,0xc1,0x08,0xc1,0x08,
0xc1,0x08,0xc1,0x08,0xc1,0x08,0xc1,0x08,0xc1,0x08,0xc1,0x08,0xc1,0x08,0xc1,0x08,
0xc1,0x08,0xc1,0x08,0xc1,0x08,0xc1,0x08,0xc1,0x08,0xc1,0x08,0xc1,0x08,0xc1,0x08,
0xc1,0x08,0xc1,0x08,0xc1,0x08,0xc1,0x08,0xc1,0x08,0xc1,0x08,0xc1,0x08,0xc1,0x08,
0xc1,0x08,0xc1,0x08,0xc1,0x08,0xc1,0x08,0xc1,0x08,0xc1,0x08,0xc1,0x08,0xc1,0x08,
0xc1,0x08,0xc1,0x08,0xc1,0x08,0xc1,0x08,0xc1,0x08,0xc1,0x08,0xc1,0x08,0xc1,0x08,
0xc1,0x08,0xc1,0x08,0xc1,0x08,0xc1,0x08,0xc1,0x08,0xc1,0x08,0xc1,0x08,0xc1,0x08,
0xc1,0x08,0xc1,0x08,0xc1,0x08,0xc1,0x08,0xc1,0x08,0xc1,0x08,0xc1,0x08,0xc1,0x08,
0xc1,0x08,0xc1,0x08,0xc1,0x08,0xc1,0x08,0xc1,0x08,0xc1,0x08,0xc1,0x08,0xc1,0x08,
0xc1,0x08,0xc1,0x08,0xc1,0x08,0xc1,0x08,0xc1,0x08,0xc1,0x08,0xc1,0x08,0xc1,0x08,
0xc1,0x08,0xc1,0x08,0xc1,0x08,0xc1,0x08,0xc1,0x08,0xc1,0x08,0xc1,0x08,0xc1,0x08,
0xc1,0x08,0xc1,0x08,0xc1,0x08,0xc1,0x08,0xc1,0x08,0xc1,0x08,0xc1,0x08,0xc1,0x08,
0xc1,0x08,0xc1,0x08,0xc1,0x08,0xc1,0x08,0xc1,0x08,0xc1,0x08,0xc1,0x08,0xc1,0x08,
0xc1,0x08,0xc1,0x08,0xc1,0x08,0xc1,0x08,0xc1,0x08,0xc1,0x08,0xc1,0x08,0xc1,0x08,
0xc1,0x08,0xc1,0x08,0xc1,0x08,0xc1,0x08,0xc1,0x08,0xc1,0x08,0xc1,0x08,0xc1,0x08,
0xc1,0x08,0xc1,0x08,0xc1,0x08,0xc1,0x08,0xc1,0x08,0xc1,0x08,0xc1,0x08,0xc1,0x08,
0xc1,0x08,0xc1,0x08,0xc1,0x08,0xc1,0x08,0xc1,0x08,0xc1,0x08,0xc1,0x08,0xc1,0x08,
0xc1,0x08,0xc1,0x08,0xc1,0x08,0xc1,0x08,0xc1,0x08,0xc1,0x08,0xc1,0x08,0xc1,0x08,
0xc1,0x08,0xc1,0x08,0xc1,0x08,0xc1,0x08,0xc1,0x08,0xc1,0x08,0xc1,0x08,0xc1,0x08,
0xc1,0x08,0xc1,0x08,0xc1,0x08,0xc1,0x08,0xc1,0x08,0xc1,0x08,0xc1,0x08,0xc1,0x08,
0xc1,0x08,0xc1,0x08,0xc1,0x08,0xc1,0x08,0xc1,0x08,0xc1,0x08,0xc1,0x08,0xc1,0x08,
0xc1,0x08,0xc1,0x08,0xc1,0x08,0xc1,0x08,0xc1,0x08,0xc1,0x08,0xc1,0x08,0xc1,0x08,
0xc1,0x08,0xc1,0x08,0xc1,0x08,0xc1,0x08,0xc1,0x08,0xc1,0x08,0xc1,0x08,0xc1,0x08,
0xc1,0x08,0xc1,0x08,0xc1,0x08,0xc1,0x08,0xc1,0x08,0xc1,0x08,0xc1,0x08,0xc1,0x08,
0xc1,0x08,0xc1,0x08,0xc1,0x08,0xc1,0x08,0xc1,0x08,0xc1,0x08,0xc1,0x08,0xc1,0x08,
0xc1,0x08,0xc1,0x08,0xc1,0x08,0xc1,0x08,0xc1,0x08,0xc1,0x08,0xc1,0x08,0xc1,0x08,
0xc1,0x08,0xc1,0x08,0xc1,0x08,0xc1,0x08,0xc1,0x08,0xc1,0x08,0xc1,0x08,0xc1,0x08,
0xc1,0x08,0xc1,0x08,0xc1,0x08,0xc1,0x08,0xc1,0x08,0xc1,0x08,0xc1,0x08,0xc1,0x08,
0xc1,0x08,0xc1,0x08,0xc1,0x08,0xc1,0x08,0xc1,0x08,0xc1,0x08,0xc1,0x08,0xc1,0x08,
0xc1,0x08,0xc1,0x08,0xc1,0x08,0xc1,0x08,0xc1,0x08,0xc1,0x08,0xc1,0x08,0xc1,0x08,
0xc1,0x08,0xc1,0x08,0xc1,0x08,0xc1,0x08,0xc1,0x08,0xc1,0x08,0xc1,0x08,0xc1,0x08,
0xc1,0x08,0xc1,0x08,0xc1,0x08,0xc1,0x08,0xc1,0x08,0xc1,0x08,0xc1,0x08,0xc1,0x08,
0xc1,0x08,0xc1,0x08,0xc1,0x08,0xc1,0x08,0xc1,0x08,0xc1,0x08,0xc1,0x08,0xc1,0x08,
0xc1,0x08,0xc1,0x08,0xc1,0x08,0xc1,0x08,0xc1,0x08,0xc1,0x08,0xc1,0x08,0xc1,0x08,
0xc1,0x08,0xc1,0x08,0xc1,0x08,0xc1,0x08,0xc1,0x08,0xc1,0x08,0xc1,0x08,0xc1,0x08,
0xc1,0x08,0xc1,0x08,0xc1,0x08,0xc1,0x08,0xc1,0x08,0xc1,0x08,0xc1,0x08,0xc1,0x08,
0xc1,0x08,0xc1,0x08,0xc1,0x08,0xc1,0x08,0xc1,0x08,0xc1,0x08,0xc1,0x08,0xc1,0x08,
0xc1,0x08,0xc1,0x08,0xc1,0x08,0xc1,0x08,0xc1,0x08,0xc1,0x08,0xc1,0x08,0xc1,0x08,
0xc1,0x08,0xc1,0x08,0xc1,0x08,0xc1,0x08,0xc1,0x08,0xc1,0x08,0xc1,0x08,0xc1,0x08,
0xc1,0x08,0xc1,0x08,0xc1,0x08,0xc1,0x08,0xc1,0x08,0xc1,0x08,0xc1,0x08,0xc1,0x08,
0xc1,0x08,0xc1,0x08,0xc1,0x08,0xc1,0x08,0xc1,0x08,0xc1,0x08,0xc1,0x08,0xc1,0x08,
0xc1,0x08,0xc1,0x08,0xc1,0x08,0xc1,0x08,0xc1,0x08,0xc1,0x08,0xc1,0x08,0xc1,0x08,
0xc1,0x08,0xc1,0x08,0xc1,0x08,0xc1,0x08,0xc1,0x08,0xc1,0x08,0xc1,0x08,0xc1,0x08,
0xc1,0x08,0xc1,0x08,0xc1,0x08,0xc1,0x08,0xc1,0x08,0xc1,0x08,0xc1,0x08,0xc1,0x08,
0xc1,0x08,0xc1,0x08,0xc1,0x08,0xc1,0x08,0xc1,0x08,0xc1,0x08,0xc1,0x08,0xc1,0x08,
0xc1,0x08,0xc1,0x08,0xc1,0x08,0xc1,0x08,0xc1,0x08,0xc1,0x08,0xc1,0x08,0xc1,0x08,
0xc1,0x08,0xc1,0x08,0xc1,0x08,0xc1,0x08,0xc1,0x08,0xc1,0x08,0xc1,0x08,0xc1,0x08,
0xc1,0x08,0xc1,0x08,0xc1,0x08,0xc1,0x08,0xc1,0x08,0xc1,0x08,0xc1,0x08,0xc1,0x08,
0xc1,0x08,0xc1,0x08,0xc1,0x08,0xc1,0x08,0xc1,0x08,0xc1,0x08,0xc1,0x08,0xc1,0x08,
0xc1,0x08,0xc1,0x08,0xc1,0x08,0xc1,0x08,0xc1,0x08,0xc1,0x08,0xc1,0x08,0xc1,0x08,
0xc1,0x08,0xc1,0x08,0xc1,0x08,0xc1,0x08,0xc1,0x08,0xc1,0x08,0xc1,0x08,0xc1,0x08,
0xc1,0x08,0xc1,0x08,0xc1,0x08,0xc1,0x08,0xc1,0x08,0xc1,0x08,0xc1,0x08,0xc1,0x08,
0xc1,0x08,0xc1,0x08,0xc1,0x08,0xc1,0x08,0xc1,0x08,0xc1,0x08,0xc1,0x08,0xc1,0x08,
0xc1,0x08,0xc1,0x08,0xc1,0x08,0xc1,0x08,0xc1,0x08,0xc1,0x08,0xc1,0x08,0xc1,0x08,
0xc1,0x08,0xc1,0x08,0xc1,0x08,0xc1,0x08,0xc1,0x08,0xc1,0x08,0xc1,0x08,0xc1,0x08,
0xc1,0x08,0xc1,0x08,0xc1,0x08,0xc1,0x08,0xc1,0x08,0xc1,0x08,0xc1,0x08,0xc1,0x08,
0xc1,0x08,0xc1,0x08,0xc1,0x08,0xc1,0x08,0xc1,0x08,0xc1,0x08,0xc1,0x08,0xc1,0x08,
0xc1,0x08,0xc1,0x08,0xc1,0x08,0xc1,0x08,0xc1,0x08,0xc1,0x08,0xc1,0x08,0xc1,0x08,
0xc1,0x08,0xc1,0x08,0xc1,0x08,0xc1,0x08,0xc1,0x08,0xc1,0x08,0xc1,0x08,0xc1,0x08,
0xc1,0x08,0xc1,0x08,0xc1,0x08,0xc1,0x08,0xc1,0x08,0xc1,0x08,0xc1,0x08,0xc1,0x08,
0xc1,0x08,0xc1,0x08,0xc1,0x08,0xc1,0x08,0xc1,0x08,0xc1,0x08,0xc1,0x08,0xc1,0x08,
0xc1,0x08,0xc1,0x08,0xc1,0x08,0xc1,0x08,0xc1,0x08,0xc1,0x08,0xc1,0x08,0xc1,0x08,
0xc1,0x08,0xc1,0x08,0xc1,0x08,0xc1,0x08,0xc1,0x08,0xc1,0x08,0xc1,0x08,0xc1,0x08,
0xc1,0x08,0xc1,0x08,0xc1,0x08,0xc1,0x08,0xc1,0x08,0xc1,0x08,0xc1,0x08,0xc1,0x08,
0xc1,0x08,0xc1,0x08,0xc1,0x08,0xc1,0x08,0xc1,0x08,0xc1,0x08,0xc1,0x08,0xc1,0x08,
0xc1,0x08,0xc1,0x08,0xc1,0x08,0xc1,0x08,0xc1,0x08,0xc1,0x08,0xc1,0x08,0xc1,0x08,
0xc1,0x08,0xc1,0x08,0xc1,0x08,0xc1,0x08,0xc1,0x08,0xc1,0x08,0xc1,0x08,0xc1,0x08,
0xc1,0x08,0xc1,0x08,0xc1,0x08,0xc1,0x08,0xc1,0x08,0xc1,0x08,0xc1,0x08,0xc1,0x08,
0xc1,0x08,0xc1,0x08,0xc1,0x08,0xc1,0x08,0xc1,0x08,0xc1,0x08,0xc1,0x08,0xc1,0x08,
0xc1,0x08,0xc1,0x08,0xc1,0x08,0xc1,0x08,0xc1,0x08,0xc1,0x08,0xc1,0x08,0xc1,0x08,
0xc1,0x08,0xc1,0x08,0xc1,0x08,0xc1,0x08,0xc1,0x08,0xc1,0x08,0xc1,0x08,0xc1,0x08,
0xc1,0x08,0xc1,0x08,0xc1,0x08,0xc1,0x08,0xc1,0x08,0xc1,0x08,0xc1,0x08,0xc1,0x08,
0xc1,0x08,0xc1,0x08,0xc1,0x08,0xc1,0x08,0xc1,0x08,0xc1,0x08,0xc1,0x08,0xc1,0x08,
0xc1,0x08,0xc1,0x08,0xc1,0x08,0xc1,0x08,0xc1,0x08,0xc1,0x08,0xc1,0x08,0xc1,0x08,
0xc1,0x08,0xc1,0x08,0xc1,0x08,0xc1,0x08,0xc1,0x08,0xc1,0x08,0xc1,0x08,0xc1,0x08,
0xc1,0x08,0xc1,0x08,0xc1,0x08,0xc1,0x08,0xc1,0x08,0xc1,0x08,0xc1,0x08,0xc1,0x08,
0xc1,0x08,0xc1,0x08,0xc1,0x08,0xc1,0x08,0xc1,0x08,0xc1,0x08,0xc1,0x08,0xc1,0x08,
0xc1,0x08,0xc1,0x08,0xc1,0x08,0xc1,0x08,0xc1,0x08,0xc1,0x08,0xc1,0x08,0xc1,0x08,
0xc1,0x08,0xc1,0x08,0xc1,0x08,0xc1,0x08,0xc1,0x08,0xc1,0x08,0xc1,0x08,0xc1,0x08,
0xc1,0x08,0xc1,0x08,0xc1,0x08,0xc1,0x08,0xc1,0x08,0xc1,0x08,0xc1,0x08,0xc1,0x08,
0xc1,0x08,0xc1,0x08,0xc1,0x08,0xc1,0x08,0xc1,0x08,0xc1,0x08,0xc1,0x08,0xc1,0x08,
0xc1,0x08,0xc1,0x08,0xc1,0x08,0xc1,0x08,0xc1,0x08,0xc1,0x08,0xc1,0x08,0xc1,0x08,
0xc1,0x08,0xc1,0x08,0xc1,0x08,0xc1,0x08,0xc1,0x08,0xc1,0x08,0xc1,0x08,0xc1,0x08,
0xc1,0x08,0xc1,0x08,0xc1,0x08,0xc1,0x08,0xc1,0x08,0xc1,0x08,0xc1,0x08,0xc1,0x08,
0xc1,0x08,0xc1,0x08,0xc1,0x08,0xc1,0x08,0xc1,0x08,0xc1,0x08,0xc1,0x08,0xc1,0x08,
0xc1,0x08,0xc1,0x08,0xc1,0x08,0xc1,0x08,0xc1,0x08,0xc1,0x08,0xc1,0x08,0xc1,0x08,
0xc1,0x08,0xc1,0x08,0xc1,0x08,0xc1,0x08,0xc1,0x08,0xc1,0x08,0xc1,0x08,0xc1,0x08,
0xc1,0x08,0xc1,0x08,0xc1,0x08,0xc1,0x08,0xc1,0x08,0xc1,0x08,0xc1,0x08,0xc1,0x08,
0xc1,0x08,0xc1,0x08,0xc1,0x08,0xc1,0x08,0xc1,0x08,0xc1,0x08,0xc1,0x08,0xc1,0x08,
0xc1,0x08,0xc1,0x08,0xc1,0x08,0xc1,0x08,0xc1,0x08,0xc1,0x08,0xc1,0x08,0xc1,0x08,
0xc1,0x08,0xc1,0x08,0xc1,0x08,0xc1,0x08,0xc1,0x08,0xc1,0x08,0xc1,0x08,0xc1,0x08,
0xc1,0x08,0xc1,0x08,0xc1,0x08,0xc1,0x08,0xc1,0x08,0xc1,0x08,0xc1,0x08,0xc1,0x08,
0xc1,0x08,0xc1,0x08,0xc1,0x08,0xc1,0x08,0xc1,0x08,0xc1,0x08,0xc1,0x08,0xc1,0x08,
0xc1,0x08,0xc1,0x08,0xc1,0x08,0xc1,0x08,0xc1,0x08,0xc1,0x08,0xc1,0x08,0xc1,0x08,
0xc1,0x08,0xc1,0x08,0xc1,0x08,0xc1,0x08,0xc1,0x08,0xc1,0x08,0xc1,0x08,0xc1,0x08,
0xc1,0x08,0xc1,0x08,0xc1,0x08,0xc1,0x08,0xc1,0x08,0xc1,0x08,0xc1,0x08,0xc1,0x08,
0xc1,0x08,0xc1,0x08,0xc1,0x08,0xc1,0x08,0xc1,0x08,0xc1,0x08,0xc1,0x08,0xc1,0x08,
0xc1,0x08,0xc1,0x08,0xc1,0x08,0xc1,0x08,0xc1,0x08,0xc1,0x08,0xc1,0x08,0xc1,0x08,
0xc1,0x08,0xc1,0x08,0xc1,0x08,0xc1,0x08,0xc1,0x08,0xc1,0x08,0xc1,0x08,0xc1,0x08,
0xc1,0x08,0xc1,0x08,0xc1,0x08,0xc1,0x08,0xc1,0x08,0xc1,0x08,0xc1,0x08,0xc1,0x08,
0xc1,0x08,0xc1,0x08,0xc1,0x08,0xc1,0x08,0xc1,0x08,0xc1,0x08,0xc1,0x08,0xc1,0x08,
0xc1,0x08,0xc1,0x08,0xc1,0x08,0xc1,0x08,0xc1,0x08,0xc1,0x08,0xc1,0x08,0xc1,0x08,
0xc1,0x08,0xc1,0x08,0xc1,0x08,0xc1,0x08,0xc1,0x08,0xc1,0x08,0xc1,0x08,0xc1,0x08,
0xc1,0x08,0xc1,0x08,0xc1,0x08,0xc1,0x08,0xc1,0x08,0xc1,0x08,0xc1,0x08,0xc1,0x08,
0xc1,0x08,0xc1,0x08,0xc1,0x08,0xc1,0x08,0xc1,0x08,0xc1,0x08,0xc1,0x08,0xc1,0x08,
0xc1,0x08,0xc1,0x08,0xc1,0x08,0xc1,0x08,0xc1,0x08,0xc1,0x08,0xc1,0x08,0xc1,0x08,
0xc1,0x08,0xc1,0x08,0xc1,0x08,0xc1,0x08,0xc1,0x08,0xc1,0x08,0xc1,0x08,0xc1,0x08,
0xc1,0x08,0xc1,0x08,0xc1,0x08,0xc1,0x08,0xc1,0x08,0xc1,0x08,0xc1,0x08,0xc1,0x08,
0xc1,0x08,0xc1,0x08,0xc1,0x08,0xc1,0x08,0xc1,0x08,0xc1,0x08,0xc1,0x08,0xc1,0x08,
0xc1,0x08,0xc1,0x08,0xc1,0x08,0xc1,0x08,0xc1,0x08,0xc1,0x08,0xc1,0x08,0xc1,0x08,
0xc1,0x08,0xc1,0x08,0xc1,0x08,0xc1,0x08,0xc1,0x08,0xc1,0x08,0xc1,0x08,0xc1,0x08,
0xc1,0x08,0xc1,0x08,0xc1,0x08,0xc1,0x08,0xc1,0x08,0xc1,0x08,0xc1,0x08,0xc1,0x08,
0xc1,0x08,0xc1,0x08,0xc1,0x08,0xc1,0x08,0xc1,0x08,0xc1,0x08,0xc1,0x08,0xc1,0x08,
0xc1,0x08,0xc1,0x08,0xc1,0x08,0xc1,0x08,0xc1,0x08,0xc1,0x08,0xc1,0x08,0xc1,0x08,
0xc1,0x08,0xc1,0x08,0xc1,0x08,0xc1,0x08,0xc1,0x08,0xc1,0x08,0xc1,0x08,0xc1,0x08,
0xc1,0x08,0xc1,0x08,0xc1,0x08,0xc1,0x08,0xc1,0x08,0xc1,0x08,0xc1,0x08,0xc1,0x08,
0xc1,0x08,0xc1,0x08,0xc1,0x08,0xc1,0x08,0xc1,0x08,0xc1,0x08,0xc1,0x08,0xc1,0x08,
0xc1,0x08,0xc1,0x08,0xc1,0x08,0xc1,0x08,0xc1,0x08,0xc1,0x08,0xc1,0x08,0xc1,0x08,
0xc1,0x08,0xc1,0x08,0xc1,0x08,0xc1,0x08,0xc1,0x08,0xc1,0x08,0xc1,0x08,0xc1,0x08,
0xc1,0x08,0xc1,0x08,0xc1,0x08,0xc1,0x08,0xc1,0x08,0xc1,0x08,0xc1,0x08,0xc1,0x08,
0xc1,0x08,0xc1,0x08,0xc1,0x08,0xc1,0x08,0xc1,0x08,0xc1,0x08,0xc1,0x08,0xc1,0x08,
0xc1,0x08,0xc1,0x08,0xc1,0x08,0xc1,0x08,0xc1,0x08,0xc1,0x08,0xc1,0x08,0xc1,0x08,
0xc1,0x08,0xc1,0x08,0xc1,0x08,0xc1,0x08,0xc1,0x08,0xc1,0x08,0xc1,0x08,0xc1,0x08,
0xc1,0x08,0xc1,0x08,0xc1,0x08,0xc1,0x08,0xc1,0x08,0xc1,0x08,0xc1,0x08,0xc1,0x08,
0xc1,0x08,0xc1,0x08,0xc1,0x08,0xc1,0x08,0xc1,0x08,0xc1,0x08,0xc1,0x08,0xc1,0x08,
0xc1,0x08,0xc1,0x08,0xc1,0x08,0xc1,0x08,0xc1,0x08,0xc1,0x08,0xc1,0x08,0xc1,0x08,
0xc1,0x08,0xc1,0x08,0xc1,0x08,0xc1,0x08,0xc1,0x08,0xc1,0x08,0xc1,0x08,0xc1,0x08,
0xc1,0x08,0xc1,0x08,0xc1,0x08,0xc1,0x08,0xc1,0x08,0xc1,0x08,0xc1,0x08,0xc1,0x08,
0xc1,0x08,0xc1,0x08,0xc1,0x08,0xc1,0x08,0xc1,0x08,0xc1,0x08,0xc1,0x08,0xc1,0x08,
0xc1,0x08,0xc1,0x08,0xc1,0x08,0xc1,0x08,0xc1,0x08,0xc1,0x08,0xc1,0x08,0xc1,0x08,
0xc1,0x08,0xc1,0x08,0xc1,0x08,0xc1,0x08,0xc1,0x08,0xc1,0x08,0xc1,0x08,0xc1,0x08,
0xc1,0x08,0xc1,0x08,0xc1,0x08,0xc1,0x08,0xc1,0x08,0xc1,0x08,0xc1,0x08,0xc1,0x08,
0xc1,0x08,0xc1,0x08,0xc1,0x08,0xc1,0x08,0xc1,0x08,0xc1,0x08,0xc1,0x08,0xc1,0x08,
0xc1,0x08,0xc1,0x08,0xc1,0x08,0xc1,0x08,0xc1,0x08,0xc1,0x08,0xc1,0x08,0xc1,0x08,
0xc1,0x08,0xc1,0x08,0xc1,0x08,0xc1,0x08,0xc1,0x08,0xc1,0x08,0xc1,0x08,0xc1,0x08,
0xc1,0x08,0xc1,0x08,0xc1,0x08,0xc1,0x08,0xc1,0x08,0xc1,0x08,0xc1,0x08,0xc1,0x08,
0xc1,0x08,0xc1,0x08,0xc1,0x08,0xc1,0x08,0xc1,0x08,0xc1,0x08,0xc1,0x08,0xc1,0x08,
0xc1,0x08,0xc1,0x08,0xc1,0x08,0xc1,0x08,0xc1,0x08,0xc1,0x08,0xc1,0x08,0xc1,0x08,
0xc1,0x08,0xc1,0x08,0xc1,0x08,0xc1,0x08,0xc1,0x08,0xc1,0x08,0xc1,0x08,0xc1,0x08,
0xc1,0x08,0xc1,0x08,0xc1,0x08,0xc1,0x08,0xc1,0x08,0xc1,0x08,0xc1,0x08,0xc1,0x08,
0xc1,0x08,0xc1,0x08,0xc1,0x08,0xc1,0x08,0xc1,0x08,0xc1,0x08,0xc1,0x08,0xc1,0x08,
0xc1,0x08,0xc1,0x08,0xc1,0x08,0xc1,0x08,0xc1,0x08,0xc1,0x08,0xc1,0x08,0xc1,0x08,
0xc1,0x08,0xc1,0x08,0xc1,0x08,0xc1,0x08,0xc1,0x08,0xc1,0x08,0xc1,0x08,0xc1,0x08,
0xc1,0x08,0xc1,0x08,0xc1,0x08,0xc1,0x08,0xc1,0x08,0xc1,0x08,0xc1,0x08,0xc1,0x08,
0xc1,0x08,0xc1,0x08,0xc1,0x08,0xc1,0x08,0xc1,0x08,0xc1,0x08,0xc1,0x08,0xc1,0x08,
0xc1,0x08,0xc1,0x08,0xc1,0x08,0xc1,0x08,0xc1,0x08,0xc1,0x08,0xc1,0x08,0xc1,0x08,
0xc1,0x08,0xc1,0x08,0xc1,0x08,0xc1,0x08,0xc1,0x08,0xc1,0x08,0xc1,0x08,0xc1,0x08,
0xc1,0x08,0xc1,0x08,0xc1,0x08,0xc1,0x08,0xc1,0x08,0xc1,0x08,0xc1,0x08,0xc1,0x08,
0xc1,0x08,0xc1,0x08,0xc1,0x08,0xc1,0x08,0xc1,0x08,0xc1,0x08,0xc1,0x08,0xc1,0x08,
0xc1,0x08,0xc1,0x08,0xc1,0x08,0xc1,0x08,0xc1,0x08,0xc1,0x08,0xc1,0x08,0xc1,0x08,
0xc1,0x08,0xc1,0x08,0xc1,0x08,0xc1,0x08,0xc1,0x08,0xc1,0x08,0xc1,0x08,0xc1,0x08,
0xc1,0x08,0xc1,0x08,0xc1,0x08,0xc1,0x08,0xc1,0x08,0xc1,0x08,0xc1,0x08,0xc1,0x08,
0xc1,0x08,0xc1,0x08,0xc1,0x08,0xc1,0x08,0xc1,0x08,0xc1,0x08,0xc1,0x08,0xc1,0x08,
0xc1,0x08,0xc1,0x08,0xc1,0x08,0xc1,0x08,0xc1,0x08,0xc1,0x08,0xc1,0x08,0xc1,0x08,
0xc1,0x08,0xc1,0x08,0xc1,0x08,0xc1,0x08,0xc1,0x08,0xc1,0x08,0xc1,0x08,0xc1,0x08,
0xc1,0x08,0xc1,0x08,0xc1,0x08,0xc1,0x08,0xc1,0x08,0xc1,0x08,0xc1,0x08,0xc1,0x08,
0xc1,0x08,0xc1,0x08,0xc1,0x08,0xc1,0x08,0xc1,0x08,0xc1,0x08,0xc1,0x08,0xc1,0x08,
0xc1,0x08,0xc1,0x08,0xc1,0x08,0xc1,0x08,0xc1,0x08,0xc1,0x08,0xc1,0x08,0xc1,0x08,
0xc1,0x08,0xc1,0x08,0xc1,0x08,0xc1,0x08,0xc1,0x08,0xc1,0x08,0xc1,0x08,0xc1,0x08,
0xc1,0x08,0xc1,0x08,0xc1,0x08,0xc1,0x08,0xc1,0x08,0xc1,0x08,0xc1,0x08,0xc1,0x08,
0xc1,0x08,0xc1,0x08,0xc1,0x08,0xc1,0x08,0xc1,0x08,0xc1,0x08,0xc1,0x08,0xc1,0x08,
0xc1,0x08,0xc1,0x08,0xc1,0x08,0xc1,0x08,0xc1,0x08,0xc1,0x08,0xc1,0x08,0xc1,0x08,
0xc1,0x08,0xc1,0x08,0xc1,0x08,0xc1,0x08,0xc1,0x08,0xc1,0x08,0xc1,0x08,0xc1,0x08,
0xc1,0x08,0xc1,0x08,0xc1,0x08,0xc1,0x08,0xc1,0x08,0xc1,0x08,0xc1,0x08,0xc1,0x08,
0xc1,0x08,0xc1,0x08,0xc1,0x08,0xc1,0x08,0xc1,0x08,0xc1,0x08,0xc1,0x08,0xc1,0x08,
0xc1,0x08,0xc1,0x08,0xc1,0x08,0xc1,0x08,0xc1,0x08,0xc1,0x08,0xc1,0x08,0xc1,0x08,
0xc1,0x08,0xc1,0x08,0xc1,0x08,0xc1,0x08,0xc1,0x08,0xc1,0x08,0xc1,0x08,0xc1,0x08,
0xc1,0x08,0xc1,0x08,0xc1,0x08,0xc1,0x08,0xc1,0x08,0xc1,0x08,0xc1,0x08,0xc1,0x08,
0xc1,0x08,0xc1,0x08,0xc1,0x08,0xc1,0x08,0xc1,0x08,0xc1,0x08,0xc1,0x08,0xc1,0x08,
0xc1,0x08,0xc1,0x08,0xc1,0x08,0xc1,0x08,0xc1,0x08,0xc1,0x08,0xc1,0x08,0xc1,0x08,
0xc1,0x08,0xc1,0x08,0xc1,0x08,0xc1,0x08,0xc1,0x08,0xc1,0x08,0xc1,0x08,0xc1,0x08,
0xc1,0x08,0xc1,0x08,0xc1,0x08,0xc1,0x08,0xc1,0x08,0xc1,0x08,0xc1,0x08,0xc1,0x08,
0xc1,0x08,0xc1,0x08,0xc1,0x08,0xc1,0x08,0xc1,0x08,0xc1,0x08,0xc1,0x08,0xc1,0x08,
0xc1,0x08,0xc1,0x08,0xc1,0x08,0xc1,0x08,0xc1,0x08,0xc1,0x08,0xc1,0x08,0xc1,0x08,
0xc1,0x08,0xc1,0x08,0xc1,0x08,0xc1,0x08,0xc1,0x08,0xc1,0x08,0xc1,0x08,0xc1,0x08,
0xc1,0x08,0xc1,0x08,0xc1,0x08,0xc1,0x08,0xc1,0x08,0xc1,0x08,0xc1,0x08,0xc1,0x08,
0xc1,0x08,0xc1,0x08,0xc1,0x08,0xc1,0x08,0xc1,0x08,0xc1,0x08,0xc1,0x08,0xc1,0x08,
0xc1,0x08,0xc1,0x08,0xc1,0x08,0xc1,0x08,0xc1,0x08,0xc1,0x08,0xc1,0x08,0xc1,0x08,
0xc1,0x08,0xc1,0x08,0xc1,0x08,0xc1,0x08,0xc1,0x08,0xc1,0x08,0xc1,0x08,0xc1,0x08,
0xc1,0x08,0xc1,0x08,0xc1,0x08,0xc1,0x08,0xc1,0x08,0xc1,0x08,0xc1,0x08,0xc1,0x08,
0xc1,0x08,0xc1,0x08,0xc1,0x08,0xc1,0x08,0xc1,0x08,0xc1,0x08,0xc1,0x08,0xc1,0x08,
0xc1,0x08,0xc1,0x08,0xc1,0x08,0xc1,0x08,0xc1,0x08,0xc1,0x08,0xc1,0x08,0xc1,0x08,
0xc1,0x08,0xc1,0x08,0xc1,0x08,0xc1,0x08,0xc1,0x08,0xc1,0x08,0xc1,0x08,0xc1,0x08,
0xc1,0x08,0xc1,0x08,0xc1,0x08,0xc1,0x08,0xc1,0x08,0xc1,0x08,0xc1,0x08,0xc1,0x08,
0xc1,0x08,0xc1,0x08,0xc1,0x08,0xc1,0x08,0xc1,0x08,0xc1,0x08,0xc1,0x08,0xc1,0x08,
0xc1,0x08,0xc1,0x08,0xc1,0x08,0xc1,0x08,0xc1,0x08,0xc1,0x08,0xc1,0x08,0xc1,0x08,
0xc1,0x08,0xc1,0x08,0xc1,0x08,0xc1,0x08,0xc1,0x08,0xc1,0x08,0xc1,0x08,0xc1,0x08,
0xc1,0x08,0xc1,0x08,0xc1,0x08,0xc1,0x08,0xc1,0x08,0xc1,0x08,0xc1,0x08,0xc1,0x08,
0xc1,0x08,0xc1,0x08,0xc1,0x08,0xc1,0x08,0xc1,0x08,0xc1,0x08,0xc1,0x08,0xc1,0x08,
0xc1,0x08,0xc1,0x08,0xc1,0x08,0xc1,0x08,0xc1,0x08,0xc1,0x08,0xc1,0x08,0xc1,0x08,
0xc1,0x08,0xc1,0x08,0xc1,0x08,0xc1,0x08,0xc1,0x08,0xc1,0x08,0xc1,0x08,0xc1,0x08,
0xc1,0x08,0xc1,0x08,0xc1,0x08,0xc1,0x08,0xc1,0x08,0xc1,0x08,0xc1,0x08,0xc1,0x08,
0xc1,0x08,0xc1,0x08,0xc1,0x08,0xc1,0x08,0xc1,0x08,0xc1,0x08,0xc1,0x08,0xc1,0x08,
0xc1,0x08,0xc1,0x08,0xc1,0x08,0xc1,0x08,0xc1,0x08,0xc1,0x08,0xc1,0x08,0xc1,0x08,
0xc1,0x08,0xc1,0x08,0xc1,0x08,0xc1,0x08,0xc1,0x08,0xc1,0x08,0xc1,0x08,0xc1,0x08,
0xc1,0x08,0xc1,0x08,0xc1,0x08,0xc1,0x08,0xc1,0x08,0xc1,0x08,0xc1,0x08,0xc1,0x08,
0xc1,0x08,0xc1,0x08,0xc1,0x08,0xc1,0x08,0xc1,0x08,0xc1,0x08,0xc1,0x08,0xc1,0x08,
0xc1,0x08,0xc1,0x08,0xc1,0x08,0xc1,0x08,0xc1,0x08,0xc1,0x08,0xc1,0x08,0xc1,0x08,
0xc1,0x08,0xc1,0x08,0xc1,0x08,0xc1,0x08,0xc1,0x08,0xc1,0x08,0xc1,0x08,0xc1,0x08,
0xc1,0x08,0xc1,0x08,0xc1,0x08,0xc1,0x08,0xc1,0x08,0xc1,0x08,0xc1,0x08,0xc1,0x08,
0xc1,0x08,0xc1,0x08,0xc1,0x08,0xc1,0x08,0xc1,0x08,0xc1,0x08,0xc1,0x08,0xc1,0x08,
0xc1,0x08,0xc1,0x08,0xc1,0x08,0xc1,0x08,0xc1,0x08,0xc1,0x08,0xc1,0x08,0xc1,0x08,
0xc1,0x08,0xc1,0x08,0xc1,0x08,0xc1,0x08,0xc1,0x08,0xc1,0x08,0xc1,0x08,0xc1,0x08,
0xc1,0x08,0xc1,0x08,0xc1,0x08,0xc1,0x08,0xc1,0x08,0xc1,0x08,0xc1,0x08,0xc1,0x08,
0xc1,0x08,0xc1,0x08,0xc1,0x08,0xc1,0x08,0xc1,0x08,0xc1,0x08,0xc1,0x08,0xc1,0x08,
0xc1,0x08,0xc1,0x08,0xc1,0x08,0xc1,0x08,0xc1,0x08,0xc1,0x08,0xc1,0x08,0xc1,0x08,
0xc1,0x08,0xc1,0x08,0xc1,0x08,0xc1,0x08,0xc1,0x08,0xc1,0x08,0xc1,0x08,0xc1,0x08,
0xc1,0x08,0xc1,0x08,0xc1,0x08,0xc1,0x08,0xc1,0x08,0xc1,0x08,0xc1,0x08,0xc1,0x08,
0xc1,0x08,0xc1,0x08,0xc1,0x08,0xc1,0x08,0xc1,0x08,0xc1,0x08,0xc1,0x08,0xc1,0x08,
0xc1,0x08,0xc1,0x08,0xc1,0x08,0xc1,0x08,0xc1,0x08,0xc1,0x08,0xc1,0x08,0xc1,0x08,
0xc1,0x08,0xc1,0x08,0xc1,0x08,0xc1,0x08,0xc1,0x08,0xc1,0x08,0xc1,0x08,0xc1,0x08,
0xc1,0x08,0xc1,0x08,0xc1,0x08,0xc1,0x08,0xc1,0x08,0xc1,0x08,0xc1,0x08,0xc1,0x08,
0xc1,0x08,0xc1,0x08,0xc1,0x08,0xc1,0x08,0xc1,0x08,0xc1,0x08,0xc1,0x08,0xc1,0x08,
0xc1,0x08,0xc1,0x08,0xc1,0x08,0xc1,0x08,0xc1,0x08,0xc1,0x08,0xc1,0x08,0xc1,0x08,
0xc1,0x08,0xc1,0x08,0xc1,0x08,0xc1,0x08,0xc1,0x08,0xc1,0x08,0xc1,0x08,0xc1,0x08,
0xc1,0x08,0xc1,0x08,0xc1,0x08,0xc1,0x08,0xc1,0x08,0xc1,0x08,0xc1,0x08,0xc1,0x08,
0xc1,0x08,0xc1,0x08,0xc1,0x08,0xc1,0x08,0xc1,0x08,0xc1,0x08,0xc1,0x08,0xc1,0x08,
0xc1,0x08,0xc1,0x08,0xc1,0x08,0xc1,0x08,0xc1,0x08,0xc1,0x08,0xc1,0x08,0xc1,0x08,
0xc1,0x08,0xc1,0x08,0xc1,0x08,0xc1,0x08,0xc1,0x08,0xc1,0x08,0xc1,0x08,0xc1,0x08,
0xc1,0x08,0xc1,0x08,0xc1,0x08,0xc1,0x08,0xc1,0x08,0xc1,0x08,0xc1,0x08,0xc1,0x08,
0xc1,0x08,0xc1,0x08,0xc1,0x08,0xc1,0x08,0xc1,0x08,0xc1,0x08,0xc1,0x08,0xc1,0x08,
0xc1,0x08,0xc1,0x08,0xc1,0x08,0xc1,0x08,0xc1,0x08,0xc1,0x08,0xc1,0x08,0xc1,0x08,
0xc1,0x08,0xc1,0x08,0xc1,0x08,0xc1,0x08,0xc1,0x08,0xc1,0x08,0xc1,0x08,0xc1,0x08,
0xc1,0x08,0xc1,0x08,0xc1,0x08,0xc1,0x08,0xc1,0x08,0xc1,0x08,0xc1,0x08,0xc1,0x08,
0xc1,0x08,0xc1,0x08,0xc1,0x08,0xc1,0x08,0xc1,0x08,0xc1,0x08,0xc1,0x08,0xc1,0x08,
0xc1,0x08,0xc1,0x08,0xc1,0x08,0xc1,0x08,0xc1,0x08,0xc1,0x08,0xc1,0x08,0xc1,0x08,
0xc1,0x08,0xc1,0x08,0xc1,0x08,0xc1,0x08,0xc1,0x08,0xc1,0x08,0xc1,0x08,0xc1,0x08,
0xc1,0x08,0xc1,0x08,0xc1,0x08,0xc1,0x08,0xc1,0x08,0xc1,0x08,0xc1,0x08,0xc1,0x08,
0xc1,0x08,0xc1,0x08,0xc1,0x08,0xc1,0x08,0xc1,0x08,0xc1,0x08,0xc1,0x08,0xc1,0x08,
0xc1,0x08,0xc1,0x08,0xc1,0x08,0xc1,0x08,0xc1,0x08,0xc1,0x08,0xc1,0x08,0xc1,0x08,
0xc1,0x08,0xc1,0x08,0xc1,0x08,0xc1,0x08,0xc1,0x08,0xc1,0x08,0xc1,0x08,0xc1,0x08,
0xc1,0x08,0xc1,0x08,0xc1,0x08,0xc1,0x08,0xc1,0x08,0xc1,0x08,0xc1,0x08,0xc1,0x08,
0xc1,0x08,0xc1,0x08,0xc1,0x08,0xc1,0x08,0xc1,0x08,0xc1,0x08,0xc1,0x08,0xc1,0x08,
0xc1,0x08,0xc1,0x08,0xc1,0x08,0xc1,0x08,0xc1,0x08,0xc1,0x08,0xc1,0x08,0xc1,0x08,
0xc1,0x08,0xc1,0x08,0xc1,0x08,0xc1,0x08,0xc1,0x08,0xc1,0x08,0xc1,0x08,0xc1,0x08,
0xc1,0x08,0xc1,0x08,0xc1,0x08,0xc1,0x08,0xc1,0x08,0xc1,0x08,0xc1,0x08,0xc1,0x08,
0xc1,0x08,0xc1,0x08,0xc1,0x08,0xc1,0x08,0xc1,0x08,0xc1,0x08,0xc1,0x08,0xc1,0x08,
0xc1,0x08,0xc1,0x08,0xc1,0x08,0xc1,0x08,0xc1,0x08,0xc1,0x08,0xc1,0x08,0xc1,0x08,
0xc1,0x08,0xc1,0x08,0xc1,0x08,0xc1,0x08,0xc1,0x08,0xc1,0x08,0xc1,0x08,0xc1,0x08,
0xc1,0x08,0xc1,0x08,0xc1,0x08,0xc1,0x08,0xc1,0x08,0xc1,0x08,0xc1,0x08,0xc1,0x08,
0xc1,0x08,0xc1,0x08,0xc1,0x08,0xc1,0x08,0xc1,0x08,0xc1,0x08,0xc1,0x08,0xc1,0x08,
0xc1,0x08,0xc1,0x08,0xc1,0x08,0xc1,0x08,0xc1,0x08,0xc1,0x08,0xc1,0x08,0xc1,0x08,
0xc1,0x08,0xc1,0x08,0xc1,0x08,0xc1,0x08,0xc1,0x08,0xc1,0x08,0xc1,0x08,0xc1,0x08,
0xc1,0x08,0xc1,0x08,0xc1,0x08,0xc1,0x08,0xc1,0x08,0xc1,0x08,0xc1,0x08,0xc1,0x08,
0xc1,0x08,0xc1,0x08,0xc1,0x08,0xc1,0x08,0xc1,0x08,0xc1,0x08,0xc1,0x08,0xc1,0x08,
0xc1,0x08,0xc1,0x08,0xc1,0x08,0xc1,0x08,0xc1,0x08,0xc1,0x08,0xc1,0x08,0xc1,0x08,
0xc1,0x08,0xc1,0x08,0xc1,0x08,0xc1,0x08,0xc1,0x08,0xc1,0x08,0xc1,0x08,0xc1,0x08,
0xc1,0x08,0xc1,0x08,0xc1,0x08,0xc1,0x08,0xc1,0x08,0xc1,0x08,0xc1,0x08,0xc1,0x08,
0xc1,0x08,0xc1,0x08,0xc1,0x08,0xc1,0x08,0xc1,0x08,0xc1,0x08,0xc1,0x08,0xc1,0x08,
0xc1,0x08,0xc1,0x08,0xc1,0x08,0xc1,0x08,0xc1,0x08,0xc1,0x08,0xc1,0x08,0xc1,0x08,
0xc1,0x08,0xc1,0x08,0xc1,0x08,0xc1,0x08,0xc1,0x08,0xc1,0x08,0xc1,0x08,0xc1,0x08,
0xc1,0x08,0xc1,0x08,0xc1,0x08,0xc1,0x08,0xc1,0x08,0xc1,0x08,0xc1,0x08,0xc1,0x08,
0xc1,0x08,0xc1,0x08,0xc1,0x08,0xc1,0x08,0xc1,0x08,0xc1,0x08,0xc1,0x08,0xc1,0x08,
0xc1,0x08,0xc1,0x08,0xc1,0x08,0xc1,0x08,0xc1,0x08,0xc1,0x08,0xc1,0x08,0xc1,0x08,
0xc1,0x08,0xc1,0x08,0xc1,0x08,0xc1,0x08,0xc1,0x08,0xc1,0x08,0xc1,0x08,0xc1,0x08,
0xc1,0x08,0xc1,0x08,0xc1,0x08,0xc1,0x08,0xc1,0x08,0xc1,0x08,0xc1,0x08,0xc1,0x08,
0xc1,0x08,0xc1,0x08,0xc1,0x08,0xc1,0x08,0xc1,0x08,0xc1,0x08,0xc1,0x08,0xc1,0x08,
0xc1,0x08,0xc1,0x08,0xc1,0x08,0xc1,0x08,0xc1,0x08,0xc1,0x08,0xc1,0x08,0xc1,0x08,
0xc1,0x08,0xc1,0x08,0xc1,0x08,0xc1,0x08,0xc1,0x08,0xc1,0x08,0xc1,0x08,0xc1,0x08,
0xc1,0x08,0xc1,0x08,0xc1,0x08,0xc1,0x08,0xc1,0x08,0xc1,0x08,0xc1,0x08,0xc1,0x08,
0xc1,0x08,0xc1,0x08,0xc1,0x08,0xc1,0x08,0xc1,0x08,0xc1,0x08,0xc1,0x08,0xc1,0x08,
0xc1,0x08,0xc1,0x08,0xc1,0x08,0xc1,0x08,0xc1,0x08,0xc1,0x08,0xc1,0x08,0xc1,0x08,
0xc1,0x08,0xc1,0x08,0xc1,0x08,0xc1,0x08,0xc1,0x08,0xc1,0x08,0xc1,0x08,0xc1,0x08,
0xc1,0x08,0xc1,0x08,0xc1,0x08,0xc1,0x08,0xc1,0x08,0xc1,0x08,0xc1,0x08,0xc1,0x08,
0xc1,0x08,0xc1,0x08,0xc1,0x08,0xc1,0x08,0xc1,0x08,0xc1,0x08,0xc1,0x08,0xc1,0x08,
0xc1,0x08,0xc1,0x08,0xc1,0x08,0xc1,0x08,0xc1,0x08,0xc1,0x08,0xc1,0x08,0xc1,0x08,
0xc1,0x08,0xc1,0x08,0xc1,0x08,0xc1,0x08,0xc1,0x08,0xc1,0x08,0xc1,0x08,0xc1,0x08,
0xc1,0x08,0xc1,0x08,0xc1,0x08,0xc1,0x08,0xc1,0x08,0xc1,0x08,0xc1,0x08,0xc1,0x08,
0xc1,0x08,0xc1,0x08,0xc1,0x08,0xc1,0x08,0xc1,0x08,0xc1,0x08,0xc1,0x08,0xc1,0x08,
0xc1,0x08,0xc1,0x08,0xc1,0x08,0xc1,0x08,0xc1,0x08,0xc1,0x08,0xc1,0x08,0xc1,0x08,
0xc1,0x08,0xc1,0x08,0xc1,0x08,0xc1,0x08,0xc1,0x08,0xc1,0x08,0xc1,0x08,0xc1,0x08,
0xc1,0x08,0xc1,0x08,0xc1,0x08,0xc1,0x08,0xc1,0x08,0xc1,0x08,0xc1,0x08,0xc1,0x08,
0xc1,0x08,0xc1,0x08,0xc1,0x08,0xc1,0x08,0xc1,0x08,0xc1,0x08,0xc1,0x08,0xc1,0x08,
0xc1,0x08,0xc1,0x08,0xc1,0x08,0xc1,0x08,0xc1,0x08,0xc1,0x08,0xc1,0x08,0xc1,0x08,
0xc1,0x08,0xc1,0x08,0xc1,0x08,0xc1,0x08,0xc1,0x08,0xc1,0x08,0xc1,0x08,0xc1,0x08,
0xc1,0x08,0xc1,0x08,0xc1,0x08,0xc1,0x08,0xc1,0x08,0xc1,0x08,0xc1,0x08,0xc1,0x08,
0xc1,0x08,0xc1,0x08,0xc1,0x08,0xc1,0x08,0xc1,0x08,0xc1,0x08,0xc1,0x08,0xc1,0x08,
0xc1,0x08,0xc1,0x08,0xc1,0x08,0xc1,0x08,0xc1,0x08,0xc1,0x08,0xc1,0x08,0xc1,0x08,
0xc1,0x08,0xc1,0x08,0xc1,0x08,0xc1,0x08,0xc1,0x08,0xc1,0x08,0xc1,0x08,0xc1,0x08,
0xc1,0x08,0xc1,0x08,0xc1,0x08,0xc1,0x08,0xc1,0x08,0xc1,0x08,0xc1,0x08,0xc1,0x08,
0xc1,0x08,0xc1,0x08,0xc1,0x08,0xc1,0x08,0xc1,0x08,0xc1,0x08,0xc1,0x08,0xc1,0x08,
0xc1,0x08,0xc1,0x08,0xc1,0x08,0xc1,0x08,0xc1,0x08,0xc1,0x08,0xc1,0x08,0xc1,0x08,
0xc1,0x08,0xc1,0x08,0xc1,0x08,0xc1,0x08,0xc1,0x08,0xc1,0x08,0xc1,0x08,0xc1,0x08,
0xc1,0x08,0xc1,0x08,0xc1,0x08,0xc1,0x08,0xc1,0x08,0xc1,0x08,0xc1,0x08,0xc1,0x08,
0xc1,0x08,0xc1,0x08,0xc1,0x08,0xc1,0x08,0xc1,0x08,0xc1,0x08,0xc1,0x08,0xc1,0x08,
0xc1,0x08,0xc1,0x08,0xc1,0x08,0xc1,0x08,0xc1,0x08,0xc1,0x08,0xc1,0x08,0xc1,0x08,
0xc1,0x08,0xc1,0x08,0xc1,0x08,0xc1,0x08,0xc1,0x08,0xc1,0x08,0xc1,0x08,0xc1,0x08,
0xc1,0x08,0xc1,0x08,0xc1,0x08,0xc1,0x08,0xc1,0x08,0xc1,0x08,0xc1,0x08,0xc1,0x08,
0xc1,0x08,0xc1,0x08,0xc1,0x08,0xc1,0x08,0xc1,0x08,0xc1,0x08,0xc1,0x08,0xc1,0x08,
0xc1,0x08,0xc1,0x08,0xc1,0x08,0xc1,0x08,0xc1,0x08,0xc1,0x08,0xc1,0x08,0xc1,0x08,
0xc1,0x08,0xc1,0x08,0xc1,0x08,0xc1,0x08,0xc1,0x08,0xc1,0x08,0xc1,0x08,0xc1,0x08,
0xc1,0x08,0xc1,0x08,0xc1,0x08,0xc1,0x08,0xc1,0x08,0xc1,0x08,0xc1,0x08,0xc1,0x08,
0xc1,0x08,0xc1,0x08,0xc1,0x08,0xc1,0x08,0xc1,0x08,0xc1,0x08,0xc1,0x08,0xc1,0x08,
0xc1,0x08,0xc1,0x08,0xc1,0x08,0xc1,0x08,0xc1,0x08,0xc1,0x08,0xc1,0x08,0xc1,0x08,
0xc1,0x08,0xc1,0x08,0xc1,0x08,0xc1,0x08,0xc1,0x08,0xc1,0x08,0xc1,0x08,0xc1,0x08,
0xc1,0x08,0xc1,0x08,0xc1,0x08,0xc1,0x08,0xc1,0x08,0xc1,0x08,0xc1,0x08,0xc1,0x08,
0xc1,0x08,0xc1,0x08,0xc1,0x08,0xc1,0x08,0xc1,0x08,0xc1,0x08,0xc1,0x08,0xc1,0x08,
0xc1,0x08,0xc1,0x08,0xc1,0x08,0xc1,0x08,0xc1,0x08,0xc1,0x08,0xc1,0x08,0xc1,0x08,
0xc1,0x08,0xc1,0x08,0xc1,0x08,0xc1,0x08,0xc1,0x08,0xc1,0x08,0xc1,0x08,0xc1,0x08,
0xc1,0x08,0xc1,0x08,0xc1,0x08,0xc1,0x08,0xc1,0x08,0xc1,0x08,0xc1,0x08,0xc1,0x08,
0xc1,0x08,0xc1,0x08,0xc1,0x08,0xc1,0x08,0xc1,0x08,0xc1,0x08,0xc1,0x08,0xc1,0x08,
0xc1,0x08,0xc1,0x08,0xc1,0x08,0xc1,0x08,0xc1,0x08,0xc1,0x08,0xc1,0x08,0xc1,0x08,
0xc1,0x08,0xc1,0x08,0xc1,0x08,0xc1,0x08,0xc1,0x08,0xc1,0x08,0xc1,0x08,0xc1,0x08,
0xc1,0x08,0xc1,0x08,0xc1,0x08,0xc1,0x08,0xc1,0x08,0xc1,0x08,0xc1,0x08,0xc1,0x08,
0xc1,0x08,0xc1,0x08,0xc1,0x08,0xc1,0x08,0xc1,0x08,0xc1,0x08,0xc1,0x08,0xc1,0x08,
0xc1,0x08,0xc1,0x08,0xc1,0x08,0xc1,0x08,0xc1,0x08,0xc1,0x08,0xc1,0x08,0xc1,0x08,
0xc1,0x08,0xc1,0x08,0xc1,0x08,0xc1,0x08,0xc1,0x08,0xc1,0x08,0xc1,0x08,0xc1,0x08,
0xc1,0x08,0xc1,0x08,0xc1,0x08,0xc1,0x08,0xc1,0x08,0xc1,0x08,0xc1,0x08,0xc1,0x08,
0xc1,0x08,0xc1,0x08,0xc1,0x08,0xc1,0x08,0xc1,0x08,0xc1,0x08,0xc1,0x08,0xc1,0x08,
0xc1,0x08,0xc1,0x08,0xc1,0x08,0xc1,0x08,0xc1,0x08,0xc1,0x08,0xc1,0x08,0xc1,0x08,
0xc1,0x08,0xc1,0x08,0xc1,0x08,0xc1,0x08,0xc1,0x08,0xc1,0x08,0xc1,0x08,0xc1,0x08,
0xc1,0x08,0xc1,0x08,0xc1,0x08,0xc1,0x08,0xc1,0x08,0xc1,0x08,0xc1,0x08,0xc1,0x08,
0xc1,0x08,0xc1,0x08,0xc1,0x08,0xc1,0x08,0xc1,0x08,0xc1,0x08,0xc1,0x08,0xc1,0x08,
0xc1,0x08,0xc1,0x08,0xc1,0x08,0xc1,0x08,0xc1,0x08,0xc1,0x08,0xc1,0x08,0xc1,0x08,
0xc1,0x08,0xc1,0x08,0xc1,0x08,0xc1,0x08,0xc1,0x08,0xc1,0x08,0xc1,0x08,0xc1,0x08,
0xc1,0x08,0xc1,0x08,0xc1,0x08,0xc1,0x08,0xc1,0x08,0xc1,0x08,0xc1,0x08,0xc1,0x08,
0xc1,0x08,0xc1,0x08,0xc1,0x08,0xc1,0x08,0xc1,0x08,0xc1,0x08,0xc1,0x08,0xc1,0x08,
0xc1,0x08,0xc1,0x08,0xc1,0x08,0xc1,0x08,0xc1,0x08,0xc1,0x08,0xc1,0x08,0xc1,0x08,
0xc1,0x08,0xc1,0x08,0xc1,0x08,0xc1,0x08,0xc1,0x08,0xc1,0x08,0xc1,0x08,0xc1,0x08,
0xc1,0x08,0xc1,0x08,0xc1,0x08,0xc1,0x08,0xc1,0x08,0xc1,0x08,0xc1,0x08,0xc1,0x08,
0xc1,0x08,0xc1,0x08,0xc1,0x08,0xc1,0x08,0xc1,0x08,0xc1,0x08,0xc1,0x08,0xc1,0x08,
0xc1,0x08,0xc1,0x08,0xc1,0x08,0xc1,0x08,0xc1,0x08,0xc1,0x08,0xc1,0x08,0xc1,0x08,
0xc1,0x08,0xc1,0x08,0xc1,0x08,0xc1,0x08,0xc1,0x08,0xc1,0x08,0xc1,0x08,0xc1,0x08,
0xc1,0x08,0xc1,0x08,0xc1,0x08,0xc1,0x08,0xc1,0x08,0xc1,0x08,0xc1,0x08,0xc1,0x08,
0xc1,0x08,0xc1,0x08,0xc1,0x08,0xc1,0x08,0xc1,0x08,0xc1,0x08,0xc1,0x08,0xc1,0x08,
0xc1,0x08,0xc1,0x08,0xc1,0x08,0xc1,0x08,0xc1,0x08,0xc1,0x08,0xc1,0x08,0xc1,0x08,
0xc1,0x08,0xc1,0x08,0xc1,0x08,0xc1,0x08,0xc1,0x08,0xc1,0x08,0xc1,0x08,0xc1,0x08,
0xc1,0x08,0xc1,0x08,0xc1,0x08,0xc1,0x08,0xc1,0x08,0xc1,0x08,0xc1,0x08,0xc1,0x08,
0xc1,0x08,0xc1,0x08,0xc1,0x08,0xc1,0x08,0xc1,0x08,0xc1,0x08,0xc1,0x08,0xc1,0x08,
0xc1,0x08,0xc1,0x08,0xc1,0x08,0xc1,0x08,0xc1,0x08,0xc1,0x08,0xc1,0x08,0xc1,0x08,
0xc1,0x08,0xc1,0x08,0xc1,0x08,0xc1,0x08,0xc1,0x08,0xc1,0x08,0xc1,0x08,0xc1,0x08,
0xc1,0x08,0xc1,0x08,0xc1,0x08,0xc1,0x08,0xc1,0x08,0xc1,0x08,0xc1,0x08,0xc1,0x08,
0xc1,0x08,0xc1,0x08,0xc1,0x08,0xc1,0x08,0xc1,0x08,0xc1,0x08,0xc1,0x08,0xc1,0x08,
0xc1,0x08,0xc1,0x08,0xc1,0x08,0xc1,0x08,0xc1,0x08,0xc1,0x08,0xc1,0x08,0xc1,0x08,
0xc1,0x08,0xc1,0x08,0xc1,0x08,0xc1,0x08,0xc1,0x08,0xc1,0x08,0xc1,0x08,0xc1,0x08,
0xc1,0x08,0xc1,0x08,0xc1,0x08,0xc1,0x08,0xc1,0x08,0xc1,0x08,0xc1,0x08,0xc1,0x08,
0xc1,0x08,0xc1,0x08,0xc1,0x08,0xc1,0x08,0xc1,0x08,0xc1,0x08,0xc1,0x08,0xc1,0x08,
0xc1,0x08,0xc1,0x08,0xc1,0x08,0xc1,0x08,0xc1,0x08,0xc1,0x08,0xc1,0x08,0xc1,0x08,
0xc1,0x08,0xc1,0x08,0xc1,0x08,0xc1,0x08,0xc1,0x08,0xc1,0x08,0xc1,0x08,0xc1,0x08,
0xc1,0x08,0xc1,0x08,0xc1,0x08,0xc1,0x08,0xc1,0x08,0xc1,0x08,0xc1,0x08,0xc1,0x08,
0xc1,0x08,0xc1,0x08,0xc1,0x08,0xc1,0x08,0xc1,0x08,0xc1,0x08,0xc1,0x08,0xc1,0x08,
0xc1,0x08,0xc1,0x08,0xc1,0x08,0xc1,0x08,0xc1,0x08,0xc1,0x08,0xc1,0x08,0xc1,0x08,
0xc1,0x08,0xc1,0x08,0xc1,0x08,0xc1,0x08,0xc1,0x08,0xc1,0x08,0xc1,0x08,0xc1,0x08,
0xc1,0x08,0xc1,0x08,0xc1,0x08,0xc1,0x08,0xc1,0x08,0xc1,0x08,0xc1,0x08,0xc1,0x08,
0xc1,0x08,0xc1,0x08,0xc1,0x08,0xc1,0x08,0xc1,0x08,0xc1,0x08,0xc1,0x08,0xc1,0x08,
0xc1,0x08,0xc1,0x08,0xc1,0x08,0xc1,0x08,0xc1,0x08,0xc1,0x08,0xc1,0x08,0xc1,0x08,
0xc1,0x08,0xc1,0x08,0xc1,0x08,0xc1,0x08,0xc1,0x08,0xc1,0x08,0xc1,0x08,0xc1,0x08,
0xc1,0x08,0xc1,0x08,0xc1,0x08,0xc1,0x08,0xc1,0x08,0xc1,0x08,0xc1,0x08,0xc1,0x08,
0xc1,0x08,0xc1,0x08,0xc1,0x08,0xc1,0x08,0xc1,0x08,0xc1,0x08,0xc1,0x08,0xc1,0x08,
0xc1,0x08,0xc1,0x08,0xc1,0x08,0xc1,0x08,0xc1,0x08,0xc1,0x08,0xc1,0x08,0xc1,0x08,
0xc1,0x08,0xc1,0x08,0xc1,0x08,0xc1,0x08,0xc1,0x08,0xc1,0x08,0xc1,0x08,0xc1,0x08,
0xc1,0x08,0xc1,0x08,0xc1,0x08,0xc1,0x08,0xc1,0x08,0xc1,0x08,0xc1,0x08,0xc1,0x08,
0xc1,0x08,0xc1,0x08,0xc1,0x08,0xc1,0x08,0xc1,0x08,0xc1,0x08,0xc1,0x08,0xc1,0x08,
0xc1,0x08,0xc1,0x08,0xc1,0x08,0xc1,0x08,0xc1,0x08,0xc1,0x08,0xc1,0x08,0xc1,0x08,
0xc1,0x08,0xc1,0x08,0xc1,0x08,0xc1,0x08,0xc1,0x08,0xc1,0x08,0xc1,0x08,0xc1,0x08,
0xc1,0x08,0xc1,0x08,0xc1,0x08,0xc1,0x08,0xc1,0x08,0xc1,0x08,0xc1,0x08,0xc1,0x08,
0xc1,0x08,0xc1,0x08,0xc1,0x08,0xc1,0x08,0xc1,0x08,0xc1,0x08,0xc1,0x08,0xc1,0x08,
0xc1,0x08,0xc1,0x08,0xc1,0x08,0xc1,0x08,0xc1,0x08,0xc1,0x08,0xc1,0x08,0xc1,0x08,
0xc1,0x08,0xc1,0x08,0xc1,0x08,0xc1,0x08,0xc1,0x08,0xc1,0x08,0xc1,0x08,0xc1,0x08,
0xc1,0x08,0xc1,0x08,0xc1,0x08,0xc1,0x08,0xc1,0x08,0xc1,0x08,0xc1,0x08,0xc1,0x08,
0xc1,0x08,0xc1,0x08,0xc1,0x08,0xc1,0x08,0xc1,0x08,0xc1,0x08,0xc1,0x08,0xc1,0x08,
0xc1,0x08,0xc1,0x08,0xc1,0x08,0xc1,0x08,0xc1,0x08,0xc1,0x08,0xc1,0x08,0xc1,0x08,
0xc1,0x08,0xc1,0x08,0xc1,0x08,0xc1,0x08,0xc1,0x08,0xc1,0x08,0xc1,0x08,0xc1,0x08,
0xc1,0x08,0xc1,0x08,0xc1,0x08,0xc1,0x08,0xc1,0x08,0xc1,0x08,0xc1,0x08,0xc1,0x08,
0xc1,0x08,0xc1,0x08,0xc1,0x08,0xc1,0x08,0xc1,0x08,0xc1,0x08,0xc1,0x08,0xc1,0x08,
0xc1,0x08,0xc1,0x08,0xc1,0x08,0xc1,0x08,0xc1,0x08,0xc1,0x08,0xc1,0x08,0xc1,0x08,
0xc1,0x08,0xc1,0x08,0xc1,0x08,0xc1,0x08,0xc1,0x08,0xc1,0x08,0xc1,0x08,0xc1,0x08,
0xc1,0x08,0xc1,0x08,0xc1,0x08,0xc1,0x08,0xc1,0x08,0xc1,0x08,0xc1,0x08,0xc1,0x08,
0xc1,0x08,0xc1,0x08,0xc1,0x08,0xc1,0x08,0xc1,0x08,0xc1,0x08,0xc1,0x08,0xc1,0x08,
0xc1,0x08,0xc1,0x08,0xc1,0x08,0xc1,0x08,0xc1,0x08,0xc1,0x08,0xc1,0x08,0xc1,0x08,
0xc1,0x08,0xc1,0x08,0xc1,0x08,0xc1,0x08,0xc1,0x08,0xc1,0x08,0xc1,0x08,0xc1,0x08,
0xc1,0x08,0xc1,0x08,0xc1,0x08,0xc1,0x08,0xc1,0x08,0xc1,0x08,0xc1,0x08,0xc1,0x08,
0xc1,0x08,0xc1,0x08,0xc1,0x08,0xc1,0x08,0xc1,0x08,0xc1,0x08,0xc1,0x08,0xc1,0x08,
0xc1,0x08,0xc1,0x08,0xc1,0x08,0xc1,0x08,0xc1,0x08,0xc1,0x08,0xc1,0x08,0xc1,0x08,
0xc1,0x08,0xc1,0x08,0xc1,0x08,0xc1,0x08,0xc1,0x08,0xc1,0x08,0xc1,0x08,0xc1,0x08,
0xc1,0x08,0xc1,0x08,0xc1,0x08,0xc1,0x08,0xc1,0x08,0xc1,0x08,0xc1,0x08,0xc1,0x08,
0xc1,0x08,0xc1,0x08,0xc1,0x08,0xc1,0x08,0xc1,0x08,0xc1,0x08,0xc1,0x08,0xc1,0x08,
0xc1,0x08,0xc1,0x08,0xc1,0x08,0xc1,0x08,0xc1,0x08,0xc1,0x08,0xc1,0x08,0xc1,0x08,
0xc1,0x08,0xc1,0x08,0xc1,0x08,0xc1,0x08,0xc1,0x08,0xc1,0x08,0xc1,0x08,0xc1,0x08,
0xc1,0x08,0xc1,0x08,0xc1,0x08,0xc1,0x08,0xc1,0x08,0xc1,0x08,0xc1,0x08,0xc1,0x08,
0xc1,0x08,0xc1,0x08,0xc1,0x08,0xc1,0x08,0xc1,0x08,0xc1,0x08,0xc1,0x08,0xc1,0x08,
0xc1,0x08,0xc1,0x08,0xc1,0x08,0xc1,0x08,0xc1,0x08,0xc1,0x08,0xc1,0x08,0xc1,0x08,
0xc1,0x08,0xc1,0x08,0xc1,0x08,0xc1,0x08,0xc1,0x08,0xc1,0x08,0xc1,0x08,0xc1,0x08,
0xc1,0x08,0xc1,0x08,0xc1,0x08,0xc1,0x08,0xc1,0x08,0xc1,0x08,0xc1,0x08,0xc1,0x08,
0xc1,0x08,0xc1,0x08,0xc1,0x08,0xc1,0x08,0xc1,0x08,0xc1,0x08,0xc1,0x08,0xc1,0x08,
0xc1,0x08,0xc1,0x08,0xc1,0x08,0xc1,0x08,0xc1,0x08,0xc1,0x08,0xc1,0x08,0xc1,0x08,
0xc1,0x08,0xc1,0x08,0xc1,0x08,0xc1,0x08,0xc1,0x08,0xc1,0x08,0xc1,0x08,0xc1,0x08,
0xc1,0x08,0xc1,0x08,0xc1,0x08,0xc1,0x08,0xc1,0x08,0xc1,0x08,0xc1,0x08,0xc1,0x08,
0xc1,0x08,0xc1,0x08,0xc1,0x08,0xc1,0x08,0xc1,0x08,0xc1,0x08,0xc1,0x08,0xc1,0x08,
0xc1,0x08,0xc1,0x08,0xc1,0x08,0xc1,0x08,0xc1,0x08,0xc1,0x08,0xc1,0x08,0xc1,0x08,
0xc1,0x08,0xc1,0x08,0xc1,0x08,0xc1,0x08,0xc1,0x08,0xc1,0x08,0xc1,0x08,0xc1,0x08,
0xc1,0x08,0xc1,0x08,0xc1,0x08,0xc1,0x08,0xc1,0x08,0xc1,0x08,0xc1,0x08,0xc1,0x08,
0xc1,0x08,0xc1,0x08,0xc1,0x08,0xc1,0x08,0xc1,0x08,0xc1,0x08,0xc1,0x08,0xc1,0x08,
0xc1,0x08,0xc1,0x08,0xc1,0x08,0xc1,0x08,0xc1,0x08,0xc1,0x08,0xc1,0x08,0xc1,0x08,
0xc1,0x08,0xc1,0x08,0xc1,0x08,0xc1,0x08,0xc1,0x08,0xc1,0x08,0xc1,0x08,0xc1,0x08,
0xc1,0x08,0xc1,0x08,0xc1,0x08,0xc1,0x08,0xc1,0x08,0xc1,0x08,0xc1,0x08,0xc1,0x08,
0xc1,0x08,0xc1,0x08,0xc1,0x08,0xc1,0x08,0xc1,0x08,0xc1,0x08,0xc1,0x08,0xc1,0x08,
0xc1,0x08,0xc1,0x08,0xc1,0x08,0xc1,0x08,0xc1,0x08,0xc1,0x08,0xc1,0x08,0xc1,0x08,
0xc1,0x08,0xc1,0x08,0xc1,0x08,0xc1,0x08,0xc1,0x08,0xc1,0x08,0xc1,0x08,0xc1,0x08,
0xc1,0x08,0xc1,0x08,0xc1,0x08,0xc1,0x08,0xc1,0x08,0xc1,0x08,0xc1,0x08,0xc1,0x08,
0xc1,0x08,0xc1,0x08,0xc1,0x08,0xc1,0x08,0xc1,0x08,0xc1,0x08,0xc1,0x08,0xc1,0x08,
0xc1,0x08,0xc1,0x08,0xc1,0x08,0xc1,0x08,0xc1,0x08,0xc1,0x08,0xc1,0x08,0xc1,0x08,
0xc1,0x08,0xc1,0x08,0xc1,0x08,0xc1,0x08,0xc1,0x08,0xc1,0x08,0xc1,0x08,0xc1,0x08,
0xc1,0x08,0xc1,0x08,0xc1,0x08,0xc1,0x08,0xc1,0x08,0xc1,0x08,0xc1,0x08,0xc1,0x08,
0xc1,0x08,0xc1,0x08,0xc1,0x08,0xc1,0x08,0xc1,0x08,0xc1,0x08,0xc1,0x08,0xc1,0x08,
0xc1,0x08,0xc1,0x08,0xc1,0x08,0xc1,0x08,0xc1,0x08,0xc1,0x08,0xc1,0x08,0xc1,0x08,
0xc1,0x08,0xc1,0x08,0xc1,0x08,0xc1,0x08,0xc1,0x08,0xc1,0x08,0xc1,0x08,0xc1,0x08,
0xc1,0x08,0xc1,0x08,0xc1,0x08,0xc1,0x08,0xc1,0x08,0xc1,0x08,0xc1,0x08,0xc1,0x08,
0xc1,0x08,0xc1,0x08,0xc1,0x08,0xc1,0x08,0xc1,0x08,0xc1,0x08,0xc1,0x08,0xc1,0x08,
0xc1,0x08,0xc1,0x08,0xc1,0x08,0xc1,0x08,0xc1,0x08,0xc1,0x08,0xc1,0x08,0xc1,0x08,
0xc1,0x08,0xc1,0x08,0xc1,0x08,0xc1,0x08,0xc1,0x08,0xc1,0x08,0xc1,0x08,0xc1,0x08,
0xc1,0x08,0xc1,0x08,0xc1,0x08,0xc1,0x08,0xc1,0x08,0xc1,0x08,0xc1,0x08,0xc1,0x08,
0xc1,0x08,0xc1,0x08,0xc1,0x08,0xc1,0x08,0xc1,0x08,0xc1,0x08,0xc1,0x08,0xc1,0x08,
0xc1,0x08,0xc1,0x08,0xc1,0x08,0xc1,0x08,0xc1,0x08,0xc1,0x08,0xc1,0x08,0xc1,0x08,
0xc1,0x08,0xc1,0x08,0xc1,0x08,0xc1,0x08,0xc1,0x08,0xc1,0x08,0xc1,0x08,0xc1,0x08,
0xc1,0x08,0xc1,0x08,0xc1,0x08,0xc1,0x08,0xc1,0x08,0xc1,0x08,0xc1,0x08,0xc1,0x08,
0xc1,0x08,0xc1,0x08,0xc1,0x08,0xc1,0x08,0xc1,0x08,0xc1,0x08,0xc1,0x08,0xc1,0x08,
0xc1,0x08,0xc1,0x08,0xc1,0x08,0xc1,0x08,0xc1,0x08,0xc1,0x08,0xc1,0x08,0xc1,0x08,
0xc1,0x08,0xc1,0x08,0xc1,0x08,0xc1,0x08,0xc1,0x08,0xc1,0x08,0xc1,0x08,0xc1,0x08,
0xc1,0x08,0xc1,0x08,0xc1,0x08,0xc1,0x08,0xc1,0x08,0xc1,0x08,0xc1,0x08,0xc1,0x08,
0xc1,0x08,0xc1,0x08,0xc1,0x08,0xc1,0x08,0xc1,0x08,0xc1,0x08,0xc1,0x08,0xc1,0x08,
0xc1,0x08,0xc1,0x08,0xc1,0x08,0xc1,0x08,0xc1,0x08,0xc1,0x08,0xc1,0x08,0xc1,0x08,
0xc1,0x08,0xc1,0x08,0xc1,0x08,0xc1,0x08,0xc1,0x08,0xc1,0x08,0xc1,0x08,0xc1,0x08,
0xc1,0x08,0xc1,0x08,0xc1,0x08,0xc1,0x08,0xc1,0x08,0xc1,0x08,0xc1,0x08,0xc1,0x08,
0xc1,0x08,0xc1,0x08,0xc1,0x08,0xc1,0x08,0xc1,0x08,0xc1,0x08,0xc1,0x08,0xc1,0x08,
0xc1,0x08,0xc1,0x08,0xc1,0x08,0xc1,0x08,0xc1,0x08,0xc1,0x08,0xc1,0x08,0xc1,0x08,
0xc1,0x08,0xc1,0x08,0xc1,0x08,0xc1,0x08,0xc1,0x08,0xc1,0x08,0xc1,0x08,0xc1,0x08,
0xc1,0x08,0xc1,0x08,0xc1,0x08,0xc1,0x08,0xc1,0x08,0xc1,0x08,0xc1,0x08,0xc1,0x08,
0xc1,0x08,0xc1,0x08,0xc1,0x08,0xc1,0x08,0xc1,0x08,0xc1,0x08,0xc1,0x08,0xc1,0x08,
0xc1,0x08,0xc1,0x08,0xc1,0x08,0xc1,0x08,0xc1,0x08,0xc1,0x08,0xc1,0x08,0xc1,0x08,
0xc1,0x08,0xc1,0x08,0xc1,0x08,0xc1,0x08,0xc1,0x08,0xc1,0x08,0xc1,0x08,0xc1,0x08,
0xc1,0x08,0xc1,0x08,0xc1,0x08,0xc1,0x08,0xc1,0x08,0xc1,0x08,0xc1,0x08,0xc1,0x08,
0xc1,0x08,0xc1,0x08,0xc1,0x08,0xc1,0x08,0xc1,0x08,0xc1,0x08,0xc1,0x08,0xc1,0x08,
0xc1,0x08,0xc1,0x08,0xc1,0x08,0xc1,0x08,0xc1,0x08,0xc1,0x08,0xc1,0x08,0xc1,0x08,
0xc1,0x08,0xc1,0x08,0xc1,0x08,0xc1,0x08,0xc1,0x08,0xc1,0x08,0xc1,0x08,0xc1,0x08,
0xc1,0x08,0xc1,0x08,0xc1,0x08,0xc1,0x08,0xc1,0x08,0xc1,0x08,0xc1,0x08,0xc1,0x08,
0xc1,0x08,0xc1,0x08,0xc1,0x08,0xc1,0x08,0xc1,0x08,0xc1,0x08,0xc1,0x08,0xc1,0x08,
0xc1,0x08,0xc1,0x08,0xc1,0x08,0xc1,0x08,0xc1,0x08,0xc1,0x08,0xc1,0x08,0xc1,0x08,
0xc1,0x08,0xc1,0x08,0xc1,0x08,0xc1,0x08,0xc1,0x08,0xc1,0x08,0xc1,0x08,0xc1,0x08,
0xc1,0x08,0xc1,0x08,0xc1,0x08,0xc1,0x08,0xc1,0x08,0xc1,0x08,0xc1,0x08,0xc1,0x08,
0xc1,0x08,0xc1,0x08,0xc1,0x08,0xc1,0x08,0xc1,0x08,0xc1,0x08,0xc1,0x08,0xc1,0x08,
0xc1,0x08,0xc1,0x08,0xc1,0x08,0xc1,0x08,0xc1,0x08,0xc1,0x08,0xc1,0x08,0xc1,0x08,
0xc1,0x08,0xc1,0x08,0xc1,0x08,0xc1,0x08,0xc1,0x08,0xc1,0x08,0xc1,0x08,0xc1,0x08,
0xc1,0x08,0xc1,0x08,0xc1,0x08,0xc1,0x08,0xc1,0x08,0xc1,0x08,0xc1,0x08,0xc1,0x08,
0xc1,0x08,0xc1,0x08,0xc1,0x08,0xc1,0x08,0xc1,0x08,0xc1,0x08,0xc1,0x08,0xc1,0x08,
0xc1,0x08,0xc1,0x08,0xc1,0x08,0xc1,0x08,0xc1,0x08,0xc1,0x08,0xc1,0x08,0xc1,0x08,
0xc1,0x08,0xc1,0x08,0xc1,0x08,0xc1,0x08,0xc1,0x08,0xc1,0x08,0xc1,0x08,0xc1,0x08,
0xc1,0x08,0xc1,0x08,0xc1,0x08,0xc1,0x08,0xc1,0x08,0xc1,0x08,0xc1,0x08,0xc1,0x08,
0xc1,0x08,0xc1,0x08,0xc1,0x08,0xc1,0x08,0xc1,0x08,0xc1,0x08,0xc1,0x08,0xc1,0x08,
0xc1,0x08,0xc1,0x08,0xc1,0x08,0xc1,0x08,0xc1,0x08,0xc1,0x08,0xc1,0x08,0xc1,0x08,
0xc1,0x08,0xc1,0x08,0xc1,0x08,0xc1,0x08,0xc1,0x08,0xc1,0x08,0xc1,0x08,0xc1,0x08,
0xc1,0x08,0xc1,0x08,0xc1,0x08,0xc1,0x08,0xc1,0x08,0xc1,0x08,0xc1,0x08,0xc1,0x08,
0xc1,0x08,0xc1,0x08,0xc1,0x08,0xc1,0x08,0xc1,0x08,0xc1,0x08,0xc1,0x08,0xc1,0x08,
0xc1,0x08,0xc1,0x08,0xc1,0x08,0xc1,0x08,0xc1,0x08,0xc1,0x08,0xc1,0x08,0xc1,0x08,
0xc1,0x08,0xc1,0x08,0xc1,0x08,0xc1,0x08,0xc1,0x08,0xc1,0x08,0xc1,0x08,0xc1,0x08,
0xc1,0x08,0xc1,0x08,0xc1,0x08,0xc1,0x08,0xc1,0x08,0xc1,0x08,0xc1,0x08,0xc1,0x08,
0xc1,0x08,0xc1,0x08,0xc1,0x08,0xc1,0x08,0xc1,0x08,0xc1,0x08,0xc1,0x08,0xc1,0x08,
0xc1,0x08,0xc1,0x08,0xc1,0x08,0xc1,0x08,0xc1,0x08,0xc1,0x08,0xc1,0x08,0xc1,0x08,
0xc1,0x08,0xc1,0x08,0xc1,0x08,0xc1,0x08,0xc1,0x08,0xc1,0x08,0xc1,0x08,0xc1,0x08,
0xc1,0x08,0xc1,0x08,0xc1,0x08,0xc1,0x08,0xc1,0x08,0xc1,0x08,0xc1,0x08,0xc1,0x08,
0xc1,0x08,0xc1,0x08,0xc1,0x08,0xc1,0x08,0xc1,0x08,0xc1,0x08,0xc1,0x08,0xc1,0x08,
0xc1,0x08,0xc1,0x08,0xc1,0x08,0xc1,0x08,0xc1,0x08,0xc1,0x08,0xc1,0x08,0xc1,0x08,
0xc1,0x08,0xc1,0x08,0xc1,0x08,0xc1,0x08,0xc1,0x08,0xc1,0x08,0xc1,0x08,0xc1,0x08,
0xc1,0x08,0xc1,0x08,0xc1,0x08,0xc1,0x08,0xc1,0x08,0xc1,0x08,0xc1,0x08,0xc1,0x08,
0xc1,0x08,0xc1,0x08,0xc1,0x08,0xc1,0x08,0xc1,0x08,0xc1,0x08,0xc1,0x08,0xc1,0x08,
0xc1,0x08,0xc1,0x08,0xc1,0x08,0xc1,0x08,0xc1,0x08,0xc1,0x08,0xc1,0x08,0xc1,0x08,
0xc1,0x08,0xc1,0x08,0xc1,0x08,0xc1,0x08,0xc1,0x08,0xc1,0x08,0xc1,0x08,0xc1,0x08,
0xc1,0x08,0xc1,0x08,0xc1,0x08,0xc1,0x08,0xc1,0x08,0xc1,0x08,0xc1,0x08,0xc1,0x08,
0xc1,0x08,0xc1,0x08,0xc1,0x08,0xc1,0x08,0xc1,0x08,0xc1,0x08,0xc1,0x08,0xc1,0x08,
0xc1,0x08,0xc1,0x08,0xc1,0x08,0xc1,0x08,0xc1,0x08,0xc1,0x08,0xc1,0x08,0xc1,0x08,
0xc1,0x08,0xc1,0x08,0xc1,0x08,0xc1,0x08,0xc1,0x08,0xc1,0x08,0xc1,0x08,0xc1,0x08,
0xc1,0x08,0xc1,0x08,0xc1,0x08,0xc1,0x08,0xc1,0x08,0xc1,0x08,0xc1,0x08,0xc1,0x08,
0xc1,0x08,0xc1,0x08,0xc1,0x08,0xc1,0x08,0xc1,0x08,0xc1,0x08,0xc1,0x08,0xc1,0x08,
0xc1,0x08,0xc1,0x08,0xc1,0x08,0xc1,0x08,0xc1,0x08,0xc1,0x08,0xc1,0x08,0xc1,0x08,
0xc1,0x08,0xc1,0x08,0xc1,0x08,0xc1,0x08,0xc1,0x08,0xc1,0x08,0xc1,0x08,0xc1,0x08,
0xc1,0x08,0xc1,0x08,0xc1,0x08,0xc1,0x08,0xc1,0x08,0xc1,0x08,0xc1,0x08,0xc1,0x08,
0xc1,0x08,0xc1,0x08,0xc1,0x08,0xc1,0x08,0xc1,0x08,0xc1,0x08,0xc1,0x08,0xc1,0x08,
0xc1,0x08,0xc1,0x08,0xc1,0x08,0xc1,0x08,0xc1,0x08,0xc1,0x08,0xc1,0x08,0xc1,0x08,
0xc1,0x08,0xc1,0x08,0xc1,0x08,0xc1,0x08,0xc1,0x08,0xc1,0x08,0xc1,0x08,0xc1,0x08,
0xc1,0x08,0xc1,0x08,0xc1,0x08,0xc1,0x08,0xc1,0x08,0xc1,0x08,0xc1,0x08,0xc1,0x08,
0xc1,0x08,0xc1,0x08,0xc1,0x08,0xc1,0x08,0xc1,0x08,0xc1,0x08,0xc1,0x08,0xc1,0x08,
0xc1,0x08,0xc1,0x08,0xc1,0x08,0xc1,0x08,0xc1,0x08,0xc1,0x08,0xc1,0x08,0xc1,0x08,
0xc1,0x08,0xc1,0x08,0xc1,0x08,0xc1,0x08,0xc1,0x08,0xc1,0x08,0xc1,0x08,0xc1,0x08,
0xc1,0x08,0xc1,0x08,0xc1,0x08,0xc1,0x08,0xc1,0x08,0xc1,0x08,0xc1,0x08,0xc1,0x08,
0xc1,0x08,0xc1,0x08,0xc1,0x08,0xc1,0x08,0xc1,0x08,0xc1,0x08,0xc1,0x08,0xc1,0x08,
0xc1,0x08,0xc1,0x08,0xc1,0x08,0xc1,0x08,0xc1,0x08,0xc1,0x08,0xc1,0x08,0xc1,0x08,
0xc1,0x08,0xc1,0x08,0xc1,0x08,0xc1,0x08,0xc1,0x08,0xc1,0x08,0xc1,0x08,0xc1,0x08,
0xc1,0x08,0xc1,0x08,0xc1,0x08,0xc1,0x08,0xc1,0x08,0xc1,0x08,0xc1,0x08,0xc1,0x08,
0xc1,0x08,0xc1,0x08,0xc1,0x08,0xc1,0x08,0xc1,0x08,0xc1,0x08,0xc1,0x08,0xc1,0x08,
0xc1,0x08,0xc1,0x08,0xc1,0x08,0xc1,0x08,0xc1,0x08,0xc1,0x08,0xc1,0x08,0xc1,0x08,
0xc1,0x08,0xc1,0x08,0xc1,0x08,0xc1,0x08,0xc1,0x08,0xc1,0x08,0xc1,0x08,0xc1,0x08,
0xc1,0x08,0xc1,0x08,0xc1,0x08,0xc1,0x08,0xc1,0x08,0xc1,0x08,0xc1,0x08,0xc1,0x08,
0xc1,0x08,0xc1,0x08,0xc1,0x08,0xc1,0x08,0xc1,0x08,0xc1,0x08,0xc1,0x08,0xc1,0x08,
0xc1,0x08,0xc1,0x08,0xc1,0x08,0xc1,0x08,0xc1,0x08,0xc1,0x08,0xc1,0x08,0xc1,0x08,
0xc1,0x08,0xc1,0x08,0xc1,0x08,0xc1,0x08,0xc1,0x08,0xc1,0x08,0xc1,0x08,0xc1,0x08,
0xc1,0x08,0xc1,0x08,0xc1,0x08,0xc1,0x08,0xc1,0x08,0xc1,0x08,0xc1,0x08,0xc1,0x08,
0xc1,0x08,0xc1,0x08,0xc1,0x08,0xc1,0x08,0xc1,0x08,0xc1,0x08,0xc1,0x08,0xc1,0x08,
0xc1,0x08,0xc1,0x08,0xc1,0x08,0xc1,0x08,0xc1,0x08,0xc1,0x08,0xc1,0x08,0xc1,0x08,
0xc1,0x08,0xc1,0x08,0xc1,0x08,0xc1,0x08,0xc1,0x08,0xc1,0x08,0xc1,0x08,0xc1,0x08,
0xc1,0x08,0xc1,0x08,0xc1,0x08,0xc1,0x08,0xc1,0x08,0xc1,0x08,0xc1,0x08,0xc1,0x08,
0xc1,0x08,0xc1,0x08,0xc1,0x08,0xc1,0x08,0xc1,0x08,0xc1,0x08,0xc1,0x08,0xc1,0x08,
0xc1,0x08,0xc1,0x08,0xc1,0x08,0xc1,0x08,0xc1,0x08,0xc1,0x08,0xc1,0x08,0xc1,0x08,
0xc1,0x08,0xc1,0x08,0xc1,0x08,0xc1,0x08,0xc1,0x08,0xc1,0x08,0xc1,0x08,0xc1,0x08,
0xc1,0x08,0xc1,0x08,0xc1,0x08,0xc1,0x08,0xc1,0x08,0xc1,0x08,0xc1,0x08,0xc1,0x08,
0xc1,0x08,0xc1,0x08,0xc1,0x08,0xc1,0x08,0xc1,0x08,0xc1,0x08,0xc1,0x08,0xc1,0x08,
0xc1,0x08,0xc1,0x08,0xc1,0x08,0xc1,0x08,0xc1,0x08,0xc1,0x08,0xc1,0x08,0xc1,0x08,
0xc1,0x08,0xc1,0x08,0xc1,0x08,0xc1,0x08,0xc1,0x08,0xc1,0x08,0xc1,0x08,0xc1,0x08,
0xc1,0x08,0xc1,0x08,0xc1,0x08,0xc1,0x08,0xc1,0x08,0xc1,0x08,0xc1,0x08,0xc1,0x08,
0xc1,0x08,0xc1,0x08,0xc1,0x08,0xc1,0x08,0xc1,0x08,0xc1,0x08,0xc1,0x08,0xc1,0x08,
0xc1,0x08,0xc1,0x08,0xc1,0x08,0xc1,0x08,0xc1,0x08,0xc1,0x08,0xc1,0x08,0xc1,0x08,
0xc1,0x08,0xc1,0x08,0xc1,0x08,0xc1,0x08,0xc1,0x08,0xc1,0x08,0xc1,0x08,0xc1,0x08,
0xc1,0x08,0xc1,0x08,0xc1,0x08,0xc1,0x08,0xc1,0x08,0xc1,0x08,0xc1,0x08,0xc1,0x08,
0xc1,0x08,0xc1,0x08,0xc1,0x08,0xc1,0x08,0xc1,0x08,0xc1,0x08,0xc1,0x08,0xc1,0x08,
0xc1,0x08,0xc1,0x08,0xc1,0x08,0xc1,0x08,0xc1,0x08,0xc1,0x08,0xc1,0x08,0xc1,0x08,
0xc1,0x08,0xc1,0x08,0xc1,0x08,0xc1,0x08,0xc1,0x08,0xc1,0x08,0xc1,0x08,0xc1,0x08,
0xc1,0x08,0xc1,0x08,0xc1,0x08,0xc1,0x08,0xc1,0x08,0xc1,0x08,0xc1,0x08,0xc1,0x08,
0xc1,0x08,0xc1,0x08,0xc1,0x08,0xc1,0x08,0xc1,0x08,0xc1,0x08,0xc1,0x08,0xc1,0x08,
0xc1,0x08,0xc1,0x08,0xc1,0x08,0xc1,0x08,0xc1,0x08,0xc1,0x08,0xc1,0x08,0xc1,0x08,
0xc1,0x08,0xc1,0x08,0xc1,0x08,0xc1,0x08,0xc1,0x08,0xc1,0x08,0xc1,0x08,0xc1,0x08,
0xc1,0x08,0xc1,0x08,0xc1,0x08,0xc1,0x08,0xc1,0x08,0xc1,0x08,0xc1,0x08,0xc1,0x08,
0xc1,0x08,0xc1,0x08,0xc1,0x08,0xc1,0x08,0xc1,0x08,0xc1,0x08,0xc1,0x08,0xc1,0x08,
0xc1,0x08,0xc1,0x08,0xc1,0x08,0xc1,0x08,0xc1,0x08,0xc1,0x08,0xc1,0x08,0xc1,0x08,
0xc1,0x08,0xc1,0x08,0xc1,0x08,0xc1,0x08,0xc1,0x08,0xc1,0x08,0xc1,0x08,0xc1,0x08,
0xc1,0x08,0xc1,0x08,0xc1,0x08,0xc1,0x08,0xc1,0x08,0xc1,0x08,0xc1,0x08,0xc1,0x08,
0xc1,0x08,0xc1,0x08,0xc1,0x08,0xc1,0x08,0xc1,0x08,0xc1,0x08,0xc1,0x08,0xc1,0x08,
0xc1,0x08,0xc1,0x08,0xc1,0x08,0xc1,0x08,0xc1,0x08,0xc1,0x08,0xc1,0x08,0xc1,0x08,
0xc1,0x08,0xc1,0x08,0xc1,0x08,0xc1,0x08,0xc1,0x08,0xc1,0x08,0xc1,0x08,0xc1,0x08,
0xc1,0x08,0xc1,0x08,0xc1,0x08,0xc1,0x08,0xc1,0x08,0xc1,0x08,0xc1,0x08,0xc1,0x08,
0xc1,0x08,0xc1,0x08,0xc1,0x08,0xc1,0x08,0xc1,0x08,0xc1,0x08,0xc1,0x08,0xc1,0x08,
0xc1,0x08,0xc1,0x08,0xc1,0x08,0xc1,0x08,0xc1,0x08,0xc1,0x08,0xc1,0x08,0xc1,0x08,
0xc1,0x08,0xc1,0x08,0xc1,0x08,0xc1,0x08,0xc1,0x08,0xc1,0x08,0xc1,0x08,0xc1,0x08,
0xc1,0x08,0xc1,0x08,0xc1,0x08,0xc1,0x08,0xc1,0x08,0xc1,0x08,0xc1,0x08,0xc1,0x08,
0xc1,0x08,0xc1,0x08,0xc1,0x08,0xc1,0x08,0xc1,0x08,0xc1,0x08,0xc1,0x08,0xc1,0x08,
0xc1,0x08,0xc1,0x08,0xc1,0x08,0xc1,0x08,0xc1,0x08,0xc1,0x08,0xc1,0x08,0xc1,0x08,
0xc1,0x08,0xc1,0x08,0xc1,0x08,0xc1,0x08,0xc1,0x08,0xc1,0x08,0xc1,0x08,0xc1,0x08,
0xc1,0x08,0xc1,0x08,0xc1,0x08,0xc1,0x08,0xc1,0x08,0xc1,0x08,0xc1,0x08,0xc1,0x08,
0xc1,0x08,0xc1,0x08,0xc1,0x08,0xc1,0x08,0xc1,0x08,0xc1,0x08,0xc1,0x08,0xc1,0x08,
0xc1,0x08,0xc1,0x08,0xc1,0x08,0xc1,0x08,0xc1,0x08,0xc1,0x08,0xc1,0x08,0xc1,0x08,
0xc1,0x08,0xc1,0x08,0xc1,0x08,0xc1,0x08,0xc1,0x08,0xc1,0x08,0xc1,0x08,0xc1,0x08,
0xc1,0x08,0xc1,0x08,0xc1,0x08,0xc1,0x08,0xc1,0x08,0xc1,0x08,0xc1,0x08,0xc1,0x08,
0xc1,0x08,0xc1,0x08,0xc1,0x08,0xc1,0x08,0xc1,0x08,0xc1,0x08,0xc1,0x08,0xc1,0x08,
0xc1,0x08,0xc1,0x08,0xc1,0x08,0xc1,0x08,0xc1,0x08,0xc1,0x08,0xc1,0x08,0xc1,0x08,
0xc1,0x08,0xc1,0x08,0xc1,0x08,0xc1,0x08,0xc1,0x08,0xc1,0x08,0xc1,0x08,0xc1,0x08,
0xc1,0x08,0xc1,0x08,0xc1,0x08,0xc1,0x08,0xc1,0x08,0xc1,0x08,0xc1,0x08,0xc1,0x08,
0xc1,0x08,0xc1,0x08,0xc1,0x08,0xc1,0x08,0xc1,0x08,0xc1,0x08,0xc1,0x08,0xc1,0x08,
0xc1,0x08,0xc1,0x08,0xc1,0x08,0xc1,0x08,0xc1,0x08,0xc1,0x08,0xc1,0x08,0xc1,0x08,
0xc1,0x08,0xc1,0x08,0xc1,0x08,0xc1,0x08,0xc1,0x08,0xc1,0x08,0xc1,0x08,0xc1,0x08,
0xc1,0x08,0xc1,0x08,0xc1,0x08,0xc1,0x08,0xc1,0x08,0xc1,0x08,0xc1,0x08,0xc1,0x08,
0xc1,0x08,0xc1,0x08,0xc1,0x08,0xc1,0x08,0xc1,0x08,0xc1,0x08,0xc1,0x08,0xc1,0x08,
0xc1,0x08,0xc1,0x08,0xc1,0x08,0xc1,0x08,0xc1,0x08,0xc1,0x08,0xc1,0x08,0xc1,0x08,
0xc1,0x08,0xc1,0x08,0xc1,0x08,0xc1,0x08,0xc1,0x08,0xc1,0x08,0xc1,0x08,0xc1,0x08,
0xc1,0x08,0xc1,0x08,0xc1,0x08,0xc1,0x08,0xc1,0x08,0xc1,0x08,0xc1,0x08,0xc1,0x08,
0xc1,0x08,0xc1,0x08,0xc1,0x08,0xc1,0x08,0xc1,0x08,0xc1,0x08,0xc1,0x08,0xc1,0x08,
0xc1,0x08,0xc1,0x08,0xc1,0x08,0xc1,0x08,0xc1,0x08,0xc1,0x08,0xc1,0x08,0xc1,0x08,
0xc1,0x08,0xc1,0x08,0xc1,0x08,0xc1,0x08,0xc1,0x08,0xc1,0x08,0xc1,0x08,0xc1,0x08,
0xc1,0x08,0xc1,0x08,0xc1,0x08,0xc1,0x08,0xc1,0x08,0xc1,0x08,0xc1,0x08,0xc1,0x08,
0xc1,0x08,0xc1,0x08,0xc1,0x08,0xc1,0x08,0xc1,0x08,0xc1,0x08,0xc1,0x08,0xc1,0x08,
0xc1,0x08,0xc1,0x08,0xc1,0x08,0xc1,0x08,0xc1,0x08,0xc1,0x08,0xc1,0x08,0xc1,0x08,
0xc1,0x08,0xc1,0x08,0xc1,0x08,0xc1,0x08,0xc1,0x08,0xc1,0x08,0xc1,0x08,0xc1,0x08,
0xc1,0x08,0xc1,0x08,0xc1,0x08,0xc1,0x08,0xc1,0x08,0xc1,0x08,0xc1,0x08,0xc1,0x08,
0xc1,0x08,0xc1,0x08,0xc1,0x08,0xc1,0x08,0xc1,0x08,0xc1,0x08,0xc1,0x08,0xc1,0x08,
0xc1,0x08,0xc1,0x08,0xc1,0x08,0xc1,0x08,0xc1,0x08,0xc1,0x08,0xc1,0x08,0xc1,0x08,
0xc1,0x08,0xc1,0x08,0xc1,0x08,0xc1,0x08,0xc1,0x08,0xc1,0x08,0xc1,0x08,0xc1,0x08,
0xc1,0x08,0xc1,0x08,0xc1,0x08,0xc1,0x08,0xc1,0x08,0xc1,0x08,0xc1,0x08,0xc1,0x08,
0xc1,0x08,0xc1,0x08,0xc1,0x08,0xc1,0x08,0xc1,0x08,0xc1,0x08,0xc1,0x08,0xc1,0x08,
0xc1,0x08,0xc1,0x08,0xc1,0x08,0xc1,0x08,0xc1,0x08,0xc1,0x08,0xc1,0x08,0xc1,0x08,
0xc1,0x08,0xc1,0x08,0xc1,0x08,0xc1,0x08,0xc1,0x08,0xc1,0x08,0xc1,0x08,0xc1,0x08,
0xc1,0x08,0xc1,0x08,0xc1,0x08,0xc1,0x08,0xc1,0x08,0xc1,0x08,0xc1,0x08,0xc1,0x08,
0xc1,0x08,0xc1,0x08,0xc1,0x08,0xc1,0x08,0xc1,0x08,0xc1,0x08,0xc1,0x08,0xc1,0x08,
0xc1,0x08,0xc1,0x08,0xc1,0x08,0xc1,0x08,0xc1,0x08,0xc1,0x08,0xc1,0x08,0xc1,0x08,
0xc1,0x08,0xc1,0x08,0xc1,0x08,0xc1,0x08,0xc1,0x08,0xc1,0x08,0xc1,0x08,0xc1,0x08,
0xc1,0x08,0xc1,0x08,0xc1,0x08,0xc1,0x08,0xc1,0x08,0xc1,0x08,0xc1,0x08,0xc1,0x08,
0xc1,0x08,0xc1,0x08,0xc1,0x08,0xc1,0x08,0xc1,0x08,0xc1,0x08,0xc1,0x08,0xc1,0x08,
0xc1,0x08,0xc1,0x08,0xc1,0x08,0xc1,0x08,0xc1,0x08,0xc1,0x08,0xc1,0x08,0xc1,0x08,
0xc1,0x08,0xc1,0x08,0xc1,0x08,0xc1,0x08,0xc1,0x08,0xc1,0x08,0xc1,0x08,0xc1,0x08,
0xc1,0x08,0xc1,0x08,0xc1,0x08,0xc1,0x08,0xc1,0x08,0xc1,0x08,0xc1,0x08,0xc1,0x08,
0xc1,0x08,0xc1,0x08,0xc1,0x08,0xc1,0x08,0xc1,0x08,0xc1,0x08,0xc1,0x08,0xc1,0x08,
0xc1,0x08,0xc1,0x08,0xc1,0x08,0xc1,0x08,0xc1,0x08,0xc1,0x08,0xc1,0x08,0xc1,0x08,
0xc1,0x08,0xc1,0x08,0xc1,0x08,0xc1,0x08,0xc1,0x08,0xc1,0x08,0xc1,0x08,0xc1,0x08,
0xc1,0x08,0xc1,0x08,0xc1,0x08,0xc1,0x08,0xc1,0x08,0xc1,0x08,0xc1,0x08,0xc1,0x08,
0xc1,0x08,0xc1,0x08,0xc1,0x08,0xc1,0x08,0xc1,0x08,0xc1,0x08,0xc1,0x08,0xc1,0x08,
0xc1,0x08,0xc1,0x08,0xc1,0x08,0xc1,0x08,0xc1,0x08,0xc1,0x08,0xc1,0x08,0xc1,0x08,
0xc1,0x08,0xc1,0x08,0xc1,0x08,0xc1,0x08,0xc1,0x08,0xc1,0x08,0xc1,0x08,0xc1,0x08,
0xc1,0x08,0xc1,0x08,0xc1,0x08,0xc1,0x08,0xc1,0x08,0xc1,0x08,0xc1,0x08,0xc1,0x08,
0xc1,0x08,0xc1,0x08,0xc1,0x08,0xc1,0x08,0xc1,0x08,0xc1,0x08,0xc1,0x08,0xc1,0x08,
0xc1,0x08,0xc1,0x08,0xc1,0x08,0xc1,0x08,0xc1,0x08,0xc1,0x08,0xc1,0x08,0xc1,0x08,
0xc1,0x08,0xc1,0x08,0xc1,0x08,0xc1,0x08,0xc1,0x08,0xc1,0x08,0xc1,0x08,0xc1,0x08,
0xc1,0x08,0xc1,0x08,0xc1,0x08,0xc1,0x08,0xc1,0x08,0xc1,0x08,0xc1,0x08,0xc1,0x08,
0xc1,0x08,0xc1,0x08,0xc1,0x08,0xc1,0x08,0xc1,0x08,0xc1,0x08,0xc1,0x08,0xc1,0x08,
0xc1,0x08,0xc1,0x08,0xc1,0x08,0xc1,0x08,0xc1,0x08,0xc1,0x08,0xc1,0x08,0xc1,0x08,
0xc1,0x08,0xc1,0x08,0xc1,0x08,0xc1,0x08,0xc1,0x08,0xc1,0x08,0xc1,0x08,0xc1,0x08,
0xc1,0x08,0xc1,0x08,0xc1,0x08,0xc1,0x08,0xc1,0x08,0xc1,0x08,0xc1,0x08,0xc1,0x08,
0xc1,0x08,0xc1,0x08,0xc1,0x08,0xc1,0x08,0xc1,0x08,0xc1,0x08,0xc1,0x08,0xc1,0x08,
0xc1,0x08,0xc1,0x08,0xc1,0x08,0xc1,0x08,0xc1,0x08,0xc1,0x08,0xc1,0x08,0xc1,0x08,
0xc1,0x08,0xc1,0x08,0xc1,0x08,0xc1,0x08,0xc1,0x08,0xc1,0x08,0xc1,0x08,0xc1,0x08,
0xc1,0x08,0xc1,0x08,0xc1,0x08,0xc1,0x08,0xc1,0x08,0xc1,0x08,0xc1,0x08,0xc1,0x08,
0xc1,0x08,0xc1,0x08,0xc1,0x08,0xc1,0x08,0xc1,0x08,0xc1,0x08,0xc1,0x08,0xc1,0x08,
0xc1,0x08,0xc1,0x08,0xc1,0x08,0xc1,0x08,0xc1,0x08,0xc1,0x08,0xc1,0x08,0xc1,0x08,
0xc1,0x08,0xc1,0x08,0xc1,0x08,0xc1,0x08,0xc1,0x08,0xc1,0x08,0xc1,0x08,0xc1,0x08,
0xc1,0x08,0xc1,0x08,0xc1,0x08,0xc1,0x08,0xc1,0x08,0xc1,0x08,0xc1,0x08,0xc1,0x08,
0xc1,0x08,0xc1,0x08,0xc1,0x08,0xc1,0x08,0xc1,0x08,0xc1,0x08,0xc1,0x08,0xc1,0x08,
0xc1,0x08,0xc1,0x08,0xc1,0x08,0xc1,0x08,0xc1,0x08,0xc1,0x08,0xc1,0x08,0xc1,0x08,
0xc1,0x08,0xc1,0x08,0xc1,0x08,0xc1,0x08,0xc1,0x08,0xc1,0x08,0xc1,0x08,0xc1,0x08,
0xc1,0x08,0xc1,0x08,0xc1,0x08,0xc1,0x08,0xc1,0x08,0xc1,0x08,0xc1,0x08,0xc1,0x08,
0xc1,0x08,0xc1,0x08,0xc1,0x08,0xc1,0x08,0xc1,0x08,0xc1,0x08,0xc1,0x08,0xc1,0x08,
0xc1,0x08,0xc1,0x08,0xc1,0x08,0xc1,0x08,0xc1,0x08,0xc1,0x08,0xc1,0x08,0xc1,0x08,
0xc1,0x08,0xc1,0x08,0xc1,0x08,0xc1,0x08,0xc1,0x08,0xc1,0x08,0xc1,0x08,0xc1,0x08,
0xc1,0x08,0xc1,0x08,0xc1,0x08,0xc1,0x08,0xc1,0x08,0xc1,0x08,0xc1,0x08,0xc1,0x08,
0xc1,0x08,0xc1,0x08,0xc1,0x08,0xc1,0x08,0xc1,0x08,0xc1,0x08,0xc1,0x08,0xc1,0x08,
0xc1,0x08,0xc1,0x08,0xc1,0x08,0xc1,0x08,0xc1,0x08,0xc1,0x08,0xc1,0x08,0xc1,0x08,
0xc1,0x08,0xc1,0x08,0xc1,0x08,0xc1,0x08,0xc1,0x08,0xc1,0x08,0xc1,0x08,0xc1,0x08,
0xc1,0x08,0xc1,0x08,0xc1,0x08,0xc1,0x08,0xc1,0x08,0xc1,0x08,0xc1,0x08,0xc1,0x08,
0xc1,0x08,0xc1,0x08,0xc1,0x08,0xc1,0x08,0xc1,0x08,0xc1,0x08,0xc1,0x08,0xc1,0x08,
0xc1,0x08,0xc1,0x08,0xc1,0x08,0xc1,0x08,0xc1,0x08,0xc1,0x08,0xc1,0x08,0xc1,0x08,
0xc1,0x08,0xc1,0x08,0xc1,0x08,0xc1,0x08,0xc1,0x08,0xc1,0x08,0xc1,0x08,0xc1,0x08,
0xc1,0x08,0xc1,0x08,0xc1,0x08,0xc1,0x08,0xc1,0x08,0xc1,0x08,0xc1,0x08,0xc1,0x08,
0xc1,0x08,0xc1,0x08,0xc1,0x08,0xc1,0x08,0xc1,0x08,0xc1,0x08,0xc1,0x08,0xc1,0x08,
0xc1,0x08,0xc1,0x08,0xc1,0x08,0xc1,0x08,0xc1,0x08,0xc1,0x08,0xc1,0x08,0xc1,0x08,
0xc1,0x08,0xc1,0x08,0xc1,0x08,0xc1,0x08,0xc1,0x08,0xc1,0x08,0xc1,0x08,0xc1,0x08,
0xc1,0x08,0xc1,0x08,0xc1,0x08,0xc1,0x08,0xc1,0x08,0xc1,0x08,0xc1,0x08,0xc1,0x08,
0xc1,0x08,0xc1,0x08,0xc1,0x08,0xc1,0x08,0xc1,0x08,0xc1,0x08,0xc1,0x08,0xc1,0x08,
0xc1,0x08,0xc1,0x08,0xc1,0x08,0xc1,0x08,0xc1,0x08,0xc1,0x08,0xc1,0x08,0xc1,0x08,
0xc1,0x08,0xc1,0x08,0xc1,0x08,0xc1,0x08,0xc1,0x08,0xc1,0x08,0xc1,0x08,0xc1,0x08,
0xc1,0x08,0xc1,0x08,0xc1,0x08,0xc1,0x08,0xc1,0x08,0xc1,0x08,0xc1,0x08,0xc1,0x08,
0xc1,0x08,0xc1,0x08,0xc1,0x08,0xc1,0x08,0xc1,0x08,0xc1,0x08,0xc1,0x08,0xc1,0x08,
0xc1,0x08,0xc1,0x08,0xc1,0x08,0xc1,0x08,0xc1,0x08,0xc1,0x08,0xc1,0x08,0xc1,0x08,
0xc1,0x08,0xc1,0x08,0xc1,0x08,0xc1,0x08,0xc1,0x08,0xc1,0x08,0xc1,0x08,0xc1,0x08,
0xc1,0x08,0xc1,0x08,0xc1,0x08,0xc1,0x08,0xc1,0x08,0xc1,0x08,0xc1,0x08,0xc1,0x08,
0xc1,0x08,0xc1,0x08,0xc1,0x08,0xc1,0x08,0xc1,0x08,0xc1,0x08,0xc1,0x08,0xc1,0x08,
0xc1,0x08,0xc1,0x08,0xc1,0x08,0xc1,0x08,0xc1,0x08,0xc1,0x08,0xc1,0x08,0xc1,0x08,
0xc1,0x08,0xc1,0x08,0xc1,0x08,0xc1,0x08,0xc1,0x08,0xc1,0x08,0xc1,0x08,0xc1,0x08,
0xc1,0x08,0xc1,0x08,0xc1,0x08,0xc1,0x08,0xc1,0x08,0xc1,0x08,0xc1,0x08,0xc1,0x08,
0xc1,0x08,0xc1,0x08,0xc1,0x08,0xc1,0x08,0xc1,0x08,0xc1,0x08,0xc1,0x08,0xc1,0x08,
0xc1,0x08,0xc1,0x08,0xc1,0x08,0xc1,0x08,0xc1,0x08,0xc1,0x08,0xc1,0x08,0xc1,0x08,
0xc1,0x08,0xc1,0x08,0xc1,0x08,0xc1,0x08,0xc1,0x08,0xc1,0x08,0xc1,0x08,0xc1,0x08,
0xc1,0x08,0xc1,0x08,0xc1,0x08,0xc1,0x08,0xc1,0x08,0xc1,0x08,0xc1,0x08,0xc1,0x08,
0xc1,0x08,0xc1,0x08,0xc1,0x08,0xc1,0x08,0xc1,0x08,0xc1,0x08,0xc1,0x08,0xc1,0x08,
0xc1,0x08,0xc1,0x08,0xc1,0x08,0xc1,0x08,0xc1,0x08,0xc1,0x08,0xc1,0x08,0xc1,0x08,
0xc1,0x08,0xc1,0x08,0xc1,0x08,0xc1,0x08,0xc1,0x08,0xc1,0x08,0xc1,0x08,0xc1,0x08,
0xc1,0x08,0xc1,0x08,0xc1,0x08,0xc1,0x08,0xc1,0x08,0xc1,0x08,0xc1,0x08,0xc1,0x08,
0xc1,0x08,0xc1,0x08,0xc1,0x08,0xc1,0x08,0xc1,0x08,0xc1,0x08,0xc1,0x08,0xc1,0x08,
0xc1,0x08,0xc1,0x08,0xc1,0x08,0xc1,0x08,0xc1,0x08,0xc1,0x08,0xc1,0x08,0xc1,0x08,
0xc1,0x08,0xc1,0x08,0xc1,0x08,0xc1,0x08,0xc1,0x08,0xc1,0x08,0xc1,0x08,0xc1,0x08,
0xc1,0x08,0xc1,0x08,0xc1,0x08,0xc1,0x08,0xc1,0x08,0xc1,0x08,0xc1,0x08,0xc1,0x08,
0xc1,0x08,0xc1,0x08,0xc1,0x08,0xc1,0x08,0xc1,0x08,0xc1,0x08,0xc1,0x08,0xc1,0x08,
0xc1,0x08,0xc1,0x08,0xc1,0x08,0xc1,0x08,0xc1,0x08,0xc1,0x08,0xc1,0x08,0xc1,0x08,
0xc1,0x08,0xc1,0x08,0xc1,0x08,0xc1,0x08,0xc1,0x08,0xc1,0x08,0xc1,0x08,0xc1,0x08,
0xc1,0x08,0xc1,0x08,0xc1,0x08,0xc1,0x08,0xc1,0x08,0xc1,0x08,0xc1,0x08,0xc1,0x08,
0xc1,0x08,0xc1,0x08,0xc1,0x08,0xc1,0x08,0xc1,0x08,0xc1,0x08,0xc1,0x08,0xc1,0x08,
0xc1,0x08,0xc1,0x08,0xc1,0x08,0xc1,0x08,0xc1,0x08,0xc1,0x08,0xc1,0x08,0xc1,0x08,
0xc1,0x08,0xc1,0x08,0xc1,0x08,0xc1,0x08,0xc1,0x08,0xc1,0x08,0xc1,0x08,0xc1,0x08,
0xc1,0x08,0xc1,0x08,0xc1,0x08,0xc1,0x08,0xc1,0x08,0xc1,0x08,0xc1,0x08,0xc1,0x08,
0xc1,0x08,0xc1,0x08,0xc1,0x08,0xc1,0x08,0xc1,0x08,0xc1,0x08,0xc1,0x08,0xc1,0x08,
0xc1,0x08,0xc1,0x08,0xc1,0x08,0xc1,0x08,0xc1,0x08,0xc1,0x08,0xc1,0x08,0xc1,0x08,
0xc1,0x08,0xc1,0x08,0xc1,0x08,0xc1,0x08,0xc1,0x08,0xc1,0x08,0xc1,0x08,0xc1,0x08,
0xc1,0x08,0xc1,0x08,0xc1,0x08,0xc1,0x08,0xc1,0x08,0xc1,0x08,0xc1,0x08,0xc1,0x08,
0xc1,0x08,0xc1,0x08,0xc1,0x08,0xc1,0x08,0xc1,0x08,0xc1,0x08,0xc1,0x08,0xc1,0x08,
0xc1,0x08,0xc1,0x08,0xc1,0x08,0xc1,0x08,0xc1,0x08,0xc1,0x08,0xc1,0x08,0xc1,0x08,
0xc1,0x08,0xc1,0x08,0xc1,0x08,0xc1,0x08,0xc1,0x08,0xc1,0x08,0xc1,0x08,0xc1,0x08,
0xc1,0x08,0xc1,0x08,0xc1,0x08,0xc1,0x08,0xc1,0x08,0xc1,0x08,0xc1,0x08,0xc1,0x08,
0xc1,0x08,0xc1,0x08,0xc1,0x08,0xc1,0x08,0xc1,0x08,0xc1,0x08,0xc1,0x08,0xc1,0x08,
0xc1,0x08,0xc1,0x08,0xc1,0x08,0xc1,0x08,0xc1,0x08,0xc1,0x08,0xc1,0x08,0xc1,0x08,
0xc1,0x08,0xc1,0x08,0xc1,0x08,0xc1,0x08,0xc1,0x08,0xc1,0x08,0xc1,0x08,0xc1,0x08,
0xc1,0x08,0xc1,0x08,0xc1,0x08,0xc1,0x08,0xc1,0x08,0xc1,0x08,0xc1,0x08,0xc1,0x08,
0xc1,0x08,0xc1,0x08,0xc1,0x08,0xc1,0x08,0xc1,0x08,0xc1,0x08,0xc1,0x08,0xc1,0x08,
0xc1,0x08,0xc1,0x08,0xc1,0x08,0xc1,0x08,0xc1,0x08,0xc1,0x08,0xc1,0x08,0xc1,0x08,
0xc1,0x08,0xc1,0x08,0xc1,0x08,0xc1,0x08,0xc1,0x08,0xc1,0x08,0xc1,0x08,0xc1,0x08,
0xc1,0x08,0xc1,0x08,0xc1,0x08,0xc1,0x08,0xc1,0x08,0xc1,0x08,0xc1,0x08,0xc1,0x08,
0xc1,0x08,0xc1,0x08,0xc1,0x08,0xc1,0x08,0xc1,0x08,0xc1,0x08,0xc1,0x08,0xc1,0x08,
0xc1,0x08,0xc1,0x08,0xc1,0x08,0xc1,0x08,0xc1,0x08,0xc1,0x08,0xc1,0x08,0xc1,0x08,
0xc1,0x08,0xc1,0x08,0xc1,0x08,0xc1,0x08,0xc1,0x08,0xc1,0x08,0xc1,0x08,0xc1,0x08,
0xc1,0x08,0xc1,0x08,0xc1,0x08,0xc1,0x08,0xc1,0x08,0xc1,0x08,0xc1,0x08,0xc1,0x08,
0xc1,0x08,0xc1,0x08,0xc1,0x08,0xc1,0x08,0xc1,0x08,0xc1,0x08,0xc1,0x08,0xc1,0x08,
0xc1,0x08,0xc1,0x08,0xc1,0x08,0xc1,0x08,0xc1,0x08,0xc1,0x08,0xc1,0x08,0xc1,0x08,
0xc1,0x08,0xc1,0x08,0xc1,0x08,0xc1,0x08,0xc1,0x08,0xc1,0x08,0xc1,0x08,0xc1,0x08,
0xc1,0x08,0xc1,0x08,0xc1,0x08,0xc1,0x08,0xc1,0x08,0xc1,0x08,0xc1,0x08,0xc1,0x08,
0xc1,0x08,0xc1,0x08,0xc1,0x08,0xc1,0x08,0xc1,0x08,0xc1,0x08,0xc1,0x08,0xc1,0x08,
0xc1,0x08,0xc1,0x08,0xc1,0x08,0xc1,0x08,0xc1,0x08,0xc1,0x08,0xc1,0x08,0xc1,0x08,
0xc1,0x08,0xc1,0x08,0xc1,0x08,0xc1,0x08,0xc1,0x08,0xc1,0x08,0xc1,0x08,0xc1,0x08,
0xc1,0x08,0xc1,0x08,0xc1,0x08,0xc1,0x08,0xc1,0x08,0xc1,0x08,0xc1,0x08,0xc1,0x08,
0xc1,0x08,0xc1,0x08,0xc1,0x08,0xc1,0x08,0xc1,0x08,0xc1,0x08,0xc1,0x08,0xc1,0x08,
0xc1,0x08,0xc1,0x08,0xc1,0x08,0xc1,0x08,0xc1,0x08,0xc1,0x08,0xc1,0x08,0xc1,0x08,
0xc1,0x08,0xc1,0x08,0xc1,0x08,0xc1,0x08,0xc1,0x08,0xc1,0x08,0xc1,0x08,0xc1,0x08,
0xc1,0x08,0xc1,0x08,0xc1,0x08,0xc1,0x08,0xc1,0x08,0xc1,0x08,0xc1,0x08,0xc1,0x08,
0xc1,0x08,0xc1,0x08,0xc1,0x08,0xc1,0x08,0xc1,0x08,0xc1,0x08,0xc1,0x08,0xc1,0x08,
0xc1,0x08,0xc1,0x08,0xc1,0x08,0xc1,0x08,0xc1,0x08,0xc1,0x08,0xc1,0x08,0xc1,0x08,
0xc1,0x08,0xc1,0x08,0xc1,0x08,0xc1,0x08,0xc1,0x08,0xc1,0x08,0xc1,0x08,0xc1,0x08,
0xc1,0x08,0xc1,0x08,0xc1,0x08,0xc1,0x08,0xc1,0x08,0xc1,0x08,0xc1,0x08,0xc1,0x08,
0xc1,0x08,0xc1,0x08,0xc1,0x08,0xc1,0x08,0xc1,0x08,0xc1,0x08,0xc1,0x08,0xc1,0x08,
0xc1,0x08,0xc1,0x08,0xc1,0x08,0xc1,0x08,0xc1,0x08,0xc1,0x08,0xc1,0x08,0xc1,0x08,
0xc1,0x08,0xc1,0x08,0xc1,0x08,0xc1,0x08,0xc1,0x08,0xc1,0x08,0xc1,0x08,0xc1,0x08,
0xc1,0x08,0xc1,0x08,0xc1,0x08,0xc1,0x08,0xc1,0x08,0xc1,0x08,0xc1,0x08,0xc1,0x08,
0xc1,0x08,0xc1,0x08,0xc1,0x08,0xc1,0x08,0xc1,0x08,0xc1,0x08,0xc1,0x08,0xc1,0x08,
0xc1,0x08,0xc1,0x08,0xc1,0x08,0xc1,0x08,0xc1,0x08,0xc1,0x08,0xc1,0x08,0xc1,0x08,
0xc1,0x08,0xc1,0x08,0xc1,0x08,0xc1,0x08,0xc1,0x08,0xc1,0x08,0xc1,0x08,0xc1,0x08,
0xc1,0x08,0xc1,0x08,0xc1,0x08,0xc1,0x08,0xc1,0x08,0xc1,0x08,0xc1,0x08,0xc1,0x08,
0xc1,0x08,0xc1,0x08,0xc1,0x08,0xc1,0x08,0xc1,0x08,0xc1,0x08,0xc1,0x08,0xc1,0x08,
0xc1,0x08,0xc1,0x08,0xc1,0x08,0xc1,0x08,0xc1,0x08,0xc1,0x08,0xc1,0x08,0xc1,0x08,
0xc1,0x08,0xc1,0x08,0xc1,0x08,0xc1,0x08,0xc1,0x08,0xc1,0x08,0xc1,0x08,0xc1,0x08,
0xc1,0x08,0xc1,0x08,0xc1,0x08,0xc1,0x08,0xc1,0x08,0xc1,0x08,0xc1,0x08,0xc1,0x08,
0xc1,0x08,0xc1,0x08,0xc1,0x08,0xc1,0x08,0xc1,0x08,0xc1,0x08,0xc1,0x08,0xc1,0x08,
0xc1,0x08,0xc1,0x08,0xc1,0x08,0xc1,0x08,0xc1,0x08,0xc1,0x08,0xc1,0x08,0xc1,0x08,
0xc1,0x08,0xc1,0x08,0xc1,0x08,0xc1,0x08,0xc1,0x08,0xc1,0x08,0xc1,0x08,0xc1,0x08,
0xc1,0x08,0xc1,0x08,0xc1,0x08,0xc1,0x08,0xc1,0x08,0xc1,0x08,0xc1,0x08,0xc1,0x08,
0xc1,0x08,0xc1,0x08,0xc1,0x08,0xc1,0x08,0xc1,0x08,0xc1,0x08,0xc1,0x08,0xc1,0x08,
0xc1,0x08,0xc1,0x08,0xc1,0x08,0xc1,0x08,0xc1,0x08,0xc1,0x08,0xc1,0x08,0xc1,0x08,
0xc1,0x08,0xc1,0x08,0xc1,0x08,0xc1,0x08,0xc1,0x08,0xc1,0x08,0xc1,0x08,0xc1,0x08,
0xc1,0x08,0xc1,0x08,0xc1,0x08,0xc1,0x08,0xc1,0x08,0xc1,0x08,0xc1,0x08,0xc1,0x08,
0xc1,0x08,0xc1,0x08,0xc1,0x08,0xc1,0x08,0xc1,0x08,0xc1,0x08,0xc1,0x08,0xc1,0x08,
0xc1,0x08,0xc1,0x08,0xc1,0x08,0xc1,0x08,0xc1,0x08,0xc1,0x08,0xc1,0x08,0xc1,0x08,
0xc1,0x08,0xc1,0x08,0xc1,0x08,0xc1,0x08,0xc1,0x08,0xc1,0x08,0xc1,0x08,0xc1,0x08,
0xc1,0x08,0xc1,0x08,0xc1,0x08,0xc1,0x08,0xc1,0x08,0xc1,0x08,0xc1,0x08,0xc1,0x08,
0xc1,0x08,0xc1,0x08,0xc1,0x08,0xc1,0x08,0xc1,0x08,0xc1,0x08,0xc1,0x08,0xc1,0x08,
0xc1,0x08,0xc1,0x08,0xc1,0x08,0xc1,0x08,0xc1,0x08,0xc1,0x08,0xc1,0x08,0xc1,0x08,
0xc1,0x08,0xc1,0x08,0xc1,0x08,0xc1,0x08,0xc1,0x08,0xc1,0x08,0xc1,0x08,0xc1,0x08,
0xc1,0x08,0xc1,0x08,0xc1,0x08,0xc1,0x08,0xc1,0x08,0xc1,0x08,0xc1,0x08,0xc1,0x08,
0xc1,0x08,0xc1,0x08,0xc1,0x08,0xc1,0x08,0xc1,0x08,0xc1,0x08,0xc1,0x08,0xc1,0x08,
0xc1,0x08,0xc1,0x08,0xc1,0x08,0xc1,0x08,0xc1,0x08,0xc1,0x08,0xc1,0x08,0xc1,0x08,
0xc1,0x08,0xc1,0x08,0xc1,0x08,0xc1,0x08,0xc1,0x08,0xc1,0x08,0xc1,0x08,0xc1,0x08,
0xc1,0x08,0xc1,0x08,0xc1,0x08,0xc1,0x08,0xc1,0x08,0xc1,0x08,0xc1,0x08,0xc1,0x08,
0xc1,0x08,0xc1,0x08,0xc1,0x08,0xc1,0x08,0xc1,0x08,0xc1,0x08,0xc1,0x08,0xc1,0x08,
0xc1,0x08,0xc1,0x08,0xc1,0x08,0xc1,0x08,0xc1,0x08,0xc1,0x08,0xc1,0x08,0xc1,0x08,
0xc1,0x08,0xc1,0x08,0xc1,0x08,0xc1,0x08,0xc1,0x08,0xc1,0x08,0xc1,0x08,0xc1,0x08,
0xc1,0x08,0xc1,0x08,0xc1,0x08,0xc1,0x08,0xc1,0x08,0xc1,0x08,0xc1,0x08,0xc1,0x08,
0xc1,0x08,0xc1,0x08,0xc1,0x08,0xc1,0x08,0xc1,0x08,0xc1,0x08,0xc1,0x08,0xc1,0x08,
0xc1,0x08,0xc1,0x08,0xc1,0x08,0xc1,0x08,0xc1,0x08,0xc1,0x08,0xc1,0x08,0xc1,0x08,
0xc1,0x08,0xc1,0x08,0xc1,0x08,0xc1,0x08,0xc1,0x08,0xc1,0x08,0xc1,0x08,0xc1,0x08,
0xc1,0x08,0xc1,0x08,0xc1,0x08,0xc1,0x08,0xc1,0x08,0xc1,0x08,0xc1,0x08,0xc1,0x08,
0xc1,0x08,0xc1,0x08,0xc1,0x08,0xc1,0x08,0xc1,0x08,0xc1,0x08,0xc1,0x08,0xc1,0x08,
0xc1,0x08,0xc1,0x08,0xc1,0x08,0xc1,0x08,0xc1,0x08,0xc1,0x08,0xc1,0x08,0xc1,0x08,
0xc1,0x08,0xc1,0x08,0xc1,0x08,0xc1,0x08,0xc1,0x08,0xc1,0x08,0xc1,0x08,0xc1,0x08,
0xc1,0x08,0xc1,0x08,0xc1,0x08,0xc1,0x08,0xc1,0x08,0xc1,0x08,0xc1,0x08,0xc1,0x08,
0xc1,0x08,0xc1,0x08,0xc1,0x08,0xc1,0x08,0xc1,0x08,0xc1,0x08,0xc1,0x08,0xc1,0x08,
0xc1,0x08,0xc1,0x08,0xc1,0x08,0xc1,0x08,0xc1,0x08,0xc1,0x08,0xc1,0x08,0xc1,0x08,
0xc1,0x08,0xc1,0x08,0xc1,0x08,0xc1,0x08,0xc1,0x08,0xc1,0x08,0xc1,0x08,0xc1,0x08,
0xc1,0x08,0xc1,0x08,0xc1,0x08,0xc1,0x08,0xc1,0x08,0xc1,0x08,0xc1,0x08,0xc1,0x08,
0xc1,0x08,0xc1,0x08,0xc1,0x08,0xc1,0x08,0xc1,0x08,0xc1,0x08,0xc1,0x08,0xc1,0x08,
0xc1,0x08,0xc1,0x08,0xc1,0x08,0xc1,0x08,0xc1,0x08,0xc1,0x08,0xc1,0x08,0xc1,0x08,
0xc1,0x08,0xc1,0x08,0xc1,0x08,0xc1,0x08,0xc1,0x08,0xc1,0x08,0xc1,0x08,0xc1,0x08,
0xc1,0x08,0xc1,0x08,0xc1,0x08,0xc1,0x08,0xc1,0x08,0xc1,0x08,0xc1,0x08,0xc1,0x08,
0xc1,0x08,0xc1,0x08,0xc1,0x08,0xc1,0x08,0xc1,0x08,0xc1,0x08,0xc1,0x08,0xc1,0x08,
0xc1,0x08,0xc1,0x08,0xc1,0x08,0xc1,0x08,0xc1,0x08,0xc1,0x08,0xc1,0x08,0xc1,0x08,
0xc1,0x08,0xc1,0x08,0xc1,0x08,0xc1,0x08,0xc1,0x08,0xc1,0x08,0xc1,0x08,0xc1,0x08,
0xc1,0x08,0xc1,0x08,0xc1,0x08,0xc1,0x08,0xc1,0x08,0xc1,0x08,0xc1,0x08,0xc1,0x08,
0xc1,0x08,0xc1,0x08,0xc1,0x08,0xc1,0x08,0xc1,0x08,0xc1,0x08,0xc1,0x08,0xc1,0x08,
0xc1,0x08,0xc1,0x08,0xc1,0x08,0xc1,0x08,0xc1,0x08,0xc1,0x08,0xc1,0x08,0xc1,0x08,
0xc1,0x08,0xc1,0x08,0xc1,0x08,0xc1,0x08,0xc1,0x08,0xc1,0x08,0xc1,0x08,0xc1,0x08,
0xc1,0x08,0xc1,0x08,0xc1,0x08,0xc1,0x08,0xc1,0x08,0xc1,0x08,0xc1,0x08,0xc1,0x08,
0xc1,0x08,0xc1,0x08,0xc1,0x08,0xc1,0x08,0xc1,0x08,0xc1,0x08,0xc1,0x08,0xc1,0x08,
0xc1,0x08,0xc1,0x08,0xc1,0x08,0xc1,0x08,0xc1,0x08,0xc1,0x08,0xc1,0x08,0xc1,0x08,
0xc1,0x08,0xc1,0x08,0xc1,0x08,0xc1,0x08,0xc1,0x08,0xc1,0x08,0xc1,0x08,0xc1,0x08,
0xc1,0x08,0xc1,0x08,0xc1,0x08,0xc1,0x08,0xc1,0x08,0xc1,0x08,0xc1,0x08,0xc1,0x08,
0xc1,0x08,0xc1,0x08,0xc1,0x08,0xc1,0x08,0xc1,0x08,0xc1,0x08,0xc1,0x08,0xc1,0x08,
0xc1,0x08,0xc1,0x08,0xc1,0x08,0xc1,0x08,0xc1,0x08,0xc1,0x08,0xc1,0x08,0xc1,0x08,
0xc1,0x08,0xc1,0x08,0xc1,0x08,0xc1,0x08,0xc1,0x08,0xc1,0x08,0xc1,0x08,0xc1,0x08,
0xc1,0x08,0xc1,0x08,0xc1,0x08,0xc1,0x08,0xc1,0x08,0xc1,0x08,0xc1,0x08,0xc1,0x08,
0xc1,0x08,0xc1,0x08,0xc1,0x08,0xc1,0x08,0xc1,0x08,0xc1,0x08,0xc1,0x08,0xc1,0x08,
0xc1,0x08,0xc1,0x08,0xc1,0x08,0xc1,0x08,0xc1,0x08,0xc1,0x08,0xc1,0x08,0xc1,0x08,
0xc1,0x08,0xc1,0x08,0xc1,0x08,0xc1,0x08,0xc1,0x08,0xc1,0x08,0xc1,0x08,0xc1,0x08,
0xc1,0x08,0xc1,0x08,0xc1,0x08,0xc1,0x08,0xc1,0x08,0xc1,0x08,0xc1,0x08,0xc1,0x08,
0xc1,0x08,0xc1,0x08,0xc1,0x08,0xc1,0x08,0xc1,0x08,0xc1,0x08,0xc1,0x08,0xc1,0x08,
0xc1,0x08,0xc1,0x08,0xc1,0x08,0xc1,0x08,0xc1,0x08,0xc1,0x08,0xc1,0x08,0xc1,0x08,
0xc1,0x08,0xc1,0x08,0xc1,0x08,0xc1,0x08,0xc1,0x08,0xc1,0x08,0xc1,0x08,0xc1,0x08,
0xc1,0x08,0xc1,0x08,0xc1,0x08,0xc1,0x08,0xc1,0x08,0xc1,0x08,0xc1,0x08,0xc1,0x08,
0xc1,0x08,0xc1,0x08,0xc1,0x08,0xc1,0x08,0xc1,0x08,0xc1,0x08,0xc1,0x08,0xc1,0x08,
0xc1,0x08,0xc1,0x08,0xc1,0x08,0xc1,0x08,0xc1,0x08,0xc1,0x08,0xc1,0x08,0xc1,0x08,
0xc1,0x08,0xc1,0x08,0xc1,0x08,0xc1,0x08,0xc1,0x08,0xc1,0x08,0xc1,0x08,0xc1,0x08,
0xc1,0x08,0xc1,0x08,0xc1,0x08,0xc1,0x08,0xc1,0x08,0xc1,0x08,0xc1,0x08,0xc1,0x08,
0xc1,0x08,0xc1,0x08,0xc1,0x08,0xc1,0x08,0xc1,0x08,0xc1,0x08,0xc1,0x08,0xc1,0x08,
0xc1,0x08,0xc1,0x08,0xc1,0x08,0xc1,0x08,0xc1,0x08,0xc1,0x08,0xc1,0x08,0xc1,0x08,
0xc1,0x08,0xc1,0x08,0xc1,0x08,0xc1,0x08,0xc1,0x08,0xc1,0x08,0xc1,0x08,0xc1,0x08,
0xc1,0x08,0xc1,0x08,0xc1,0x08,0xc1,0x08,0xc1,0x08,0xc1,0x08,0xc1,0x08,0xc1,0x08,
0xc1,0x08,0xc1,0x08,0xc1,0x08,0xc1,0x08,0xc1,0x08,0xc1,0x08,0xc1,0x08,0xc1,0x08,
0xc1,0x08,0xc1,0x08,0xc1,0x08,0xc1,0x08,0xc1,0x08,0xc1,0x08,0xc1,0x08,0xc1,0x08,
0xc1,0x08,0xc1,0x08,0xc1,0x08,0xc1,0x08,0xc1,0x08,0xc1,0x08,0xc1,0x08,0xc1,0x08,
0xc1,0x08,0xc1,0x08,0xc1,0x08,0xc1,0x08,0xc1,0x08,0xc1,0x08,0xc1,0x08,0xc1,0x08,
0xc1,0x08,0xc1,0x08,0xc1,0x08,0xc1,0x08,0xc1,0x08,0xc1,0x08,0xc1,0x08,0xc1,0x08,
0xc1,0x08,0xc1,0x08,0xc1,0x08,0xc1,0x08,0xc1,0x08,0xc1,0x08,0xc1,0x08,0xc1,0x08,
0xc1,0x08,0xc1,0x08,0xc1,0x08,0xc1,0x08,0xc1,0x08,0xc1,0x08,0xc1,0x08,0xc1,0x08,
0xc1,0x08,0xc1,0x08,0xc1,0x08,0xc1,0x08,0xc1,0x08,0xc1,0x08,0xc1,0x08,0xc1,0x08,
0xc1,0x08,0xc1,0x08,0xc1,0x08,0xc1,0x08,0xc1,0x08,0xc1,0x08,0xc1,0x08,0xc1,0x08,
0xc1,0x08,0xc1,0x08,0xc1,0x08,0xc1,0x08,0xc1,0x08,0xc1,0x08,0xc1,0x08,0xc1,0x08,
0xc1,0x08,0xc1,0x08,0xc1,0x08,0xc1,0x08,0xc1,0x08,0xc1,0x08,0xc1,0x08,0xc1,0x08,
0xc1,0x08,0xc1,0x08,0xc1,0x08,0xc1,0x08,0xc1,0x08,0xc1,0x08,0xc1,0x08,0xc1,0x08,
0xc1,0x08,0xc1,0x08,0xc1,0x08,0xc1,0x08,0xc1,0x08,0xc1,0x08,0xc1,0x08,0xc1,0x08,
0xc1,0x08,0xc1,0x08,0xc1,0x08,0xc1,0x08,0xc1,0x08,0xc1,0x08,0xc1,0x08,0xc1,0x08,
0xc1,0x08,0xc1,0x08,0xc1,0x08,0xc1,0x08,0xc1,0x08,0xc1,0x08,0xc1,0x08,0xc1,0x08,
0xc1,0x08,0xc1,0x08,0xc1,0x08,0xc1,0x08,0xc1,0x08,0xc1,0x08,0xc1,0x08,0xc1,0x08,
0xc1,0x08,0xc1,0x08,0xc1,0x08,0xc1,0x08,0xc1,0x08,0xc1,0x08,0xc1,0x08,0xc1,0x08,
0xc1,0x08,0xc1,0x08,0xc1,0x08,0xc1,0x08,0xc1,0x08,0xc1,0x08,0xc1,0x08,0xc1,0x08,
0xc1,0x08,0xc1,0x08,0xc1,0x08,0xc1,0x08,0xc1,0x08,0xc1,0x08,0xc1,0x08,0xc1,0x08,
0xc1,0x08,0xc1,0x08,0xc1,0x08,0xc1,0x08,0xc1,0x08,0xc1,0x08,0xc1,0x08,0xc1,0x08,
0xc1,0x08,0xc1,0x08,0xc1,0x08,0xc1,0x08,0xc1,0x08,0xc1,0x08,0xc1,0x08,0xc1,0x08,
0xc1,0x08,0xc1,0x08,0xc1,0x08,0xc1,0x08,0xc1,0x08,0xc1,0x08,0xc1,0x08,0xc1,0x08,
0xc1,0x08,0xc1,0x08,0xc1,0x08,0xc1,0x08,0xc1,0x08,0xc1,0x08,0xc1,0x08,0xc1,0x08,
0xc1,0x08,0xc1,0x08,0xc1,0x08,0xc1,0x08,0xc1,0x08,0xc1,0x08,0xc1,0x08,0xc1,0x08,
0xc1,0x08,0xc1,0x08,0xc1,0x08,0xc1,0x08,0xc1,0x08,0xc1,0x08,0xc1,0x08,0xc1,0x08,
0xc1,0x08,0xc1,0x08,0xc1,0x08,0xc1,0x08,0xc1,0x08,0xc1,0x08,0xc1,0x08,0xc1,0x08,
0xc1,0x08,0xc1,0x08,0xc1,0x08,0xc1,0x08,0xc1,0x08,0xc1,0x08,0xc1,0x08,0xc1,0x08,
0xc1,0x08,0xc1,0x08,0xc1,0x08,0xc1,0x08,0xc1,0x08,0xc1,0x08,0xc1,0x08,0xc1,0x08,
0xc1,0x08,0xc1,0x08,0xc1,0x08,0xc1,0x08,0xc1,0x08,0xc1,0x08,0xc1,0x08,0xc1,0x08,
0xc1,0x08,0xc1,0x08,0xc1,0x08,0xc1,0x08,0xc1,0x08,0xc1,0x08,0xc1,0x08,0xc1,0x08,
0xc1,0x08,0xc1,0x08,0xc1,0x08,0xc1,0x08,0xc1,0x08,0xc1,0x08,0xc1,0x08,0xc1,0x08,
0xc1,0x08,0xc1,0x08,0xc1,0x08,0xc1,0x08,0xc1,0x08,0xc1,0x08,0xc1,0x08,0xc1,0x08,
0xc1,0x08,0xc1,0x08,0xc1,0x08,0xc1,0x08,0xc1,0x08,0xc1,0x08,0xc1,0x08,0xc1,0x08,
0xc1,0x08,0xc1,0x08,0xc1,0x08,0xc1,0x08,0xc1,0x08,0xc1,0x08,0xc1,0x08,0xc1,0x08,
0xc1,0x08,0xc1,0x08,0xc1,0x08,0xc1,0x08,0xc1,0x08,0xc1,0x08,0xc1,0x08,0xc1,0x08,
0xc1,0x08,0xc1,0x08,0xc1,0x08,0xc1,0x08,0xc1,0x08,0xc1,0x08,0xc1,0x08,0xc1,0x08,
0xc1,0x08,0xc1,0x08,0xc1,0x08,0xc1,0x08,0xc1,0x08,0xc1,0x08,0xc1,0x08,0xc1,0x08,
0xc1,0x08,0xc1,0x08,0xc1,0x08,0xc1,0x08,0xc1,0x08,0xc1,0x08,0xc1,0x08,0xc1,0x08,
0xc1,0x08,0xc1,0x08,0xc1,0x08,0xc1,0x08,0xc1,0x08,0xc1,0x08,0xc1,0x08,0xc1,0x08,
0xc1,0x08,0xc1,0x08,0xc1,0x08,0xc1,0x08,0xc1,0x08,0xc1,0x08,0xc1,0x08,0xc1,0x08,
0xc1,0x08,0xc1,0x08,0xc1,0x08,0xc1,0x08,0xc1,0x08,0xc1,0x08,0xc1,0x08,0xc1,0x08,
0xc1,0x08,0xc1,0x08,0xc1,0x08,0xc1,0x08,0xc1,0x08,0xc1,0x08,0xc1,0x08,0xc1,0x08,
0xc1,0x08,0xc1,0x08,0xc1,0x08,0xc1,0x08,0xc1,0x08,0xc1,0x08,0xc1,0x08,0xc1,0x08,
0xc1,0x08,0xc1,0x08,0xc1,0x08,0xc1,0x08,0xc1,0x08,0xc1,0x08,0xc1,0x08,0xc1,0x08,
0xc1,0x08,0xc1,0x08,0xc1,0x08,0xc1,0x08,0xc1,0x08,0xc1,0x08,0xc1,0x08,0xc1,0x08,
0xc1,0x08,0xc1,0x08,0xc1,0x08,0xc1,0x08,0xc1,0x08,0xc1,0x08,0xc1,0x08,0xc1,0x08,
0xc1,0x08,0xc1,0x08,0xc1,0x08,0xc1,0x08,0xc1,0x08,0xc1,0x08,0xc1,0x08,0xc1,0x08,
0xc1,0x08,0xc1,0x08,0xc1,0x08,0xc1,0x08,0xc1,0x08,0xc1,0x08,0xc1,0x08,0xc1,0x08,
0xc1,0x08,0xc1,0x08,0xc1,0x08,0xc1,0x08,0xc1,0x08,0xc1,0x08,0xc1,0x08,0xc1,0x08,
0xc1,0x08,0xc1,0x08,0xc1,0x08,0xc1,0x08,0xc1,0x08,0xc1,0x08,0xc1,0x08,0xc1,0x08,
0xc1,0x08,0xc1,0x08,0xc1,0x08,0xc1,0x08,0xc1,0x08,0xc1,0x08,0xc1,0x08,0xc1,0x08,
0xc1,0x08,0xc1,0x08,0xc1,0x08,0xc1,0x08,0xc1,0x08,0xc1,0x08,0xc1,0x08,0xc1,0x08,
0xc1,0x08,0xc1,0x08,0xc1,0x08,0xc1,0x08,0xc1,0x08,0xc1,0x08,0xc1,0x08,0xc1,0x08,
0xc1,0x08,0xc1,0x08,0xc1,0x08,0xc1,0x08,0xc1,0x08,0xc1,0x08,0xc1,0x08,0xc1,0x08,
0xc1,0x08,0xc1,0x08,0xc1,0x08,0xc1,0x08,0xc1,0x08,0xc1,0x08,0xc1,0x08,0xc1,0x08,
0xc1,0x08,0xc1,0x08,0xc1,0x08,0xc1,0x08,0xc1,0x08,0xc1,0x08,0xc1,0x08,0xc1,0x08,
0xc1,0x08,0xc1,0x08,0xc1,0x08,0xc1,0x08,0xc1,0x08,0xc1,0x08,0xc1,0x08,0xc1,0x08,
0xc1,0x08,0xc1,0x08,0xc1,0x08,0xc1,0x08,0xc1,0x08,0xc1,0x08,0xc1,0x08,0xc1,0x08,
0xc1,0x08,0xc1,0x08,0xc1,0x08,0xc1,0x08,0xc1,0x08,0xc1,0x08,0xc1,0x08,0xc1,0x08,
0xc1,0x08,0xc1,0x08,0xc1,0x08,0xc1,0x08,0xc1,0x08,0xc1,0x08,0xc1,0x08,0xc1,0x08,
0xc1,0x08,0xc1,0x08,0xc1,0x08,0xc1,0x08,0xc1,0x08,0xc1,0x08,0xc1,0x08,0xc1,0x08,
0xc1,0x08,0xc1,0x08,0xc1,0x08,0xc1,0x08,0xc1,0x08,0xc1,0x08,0xc1,0x08,0xc1,0x08,
0xc1,0x08,0xc1,0x08,0xc1,0x08,0xc1,0x08,0xc1,0x08,0xc1,0x08,0xc1,0x08,0xc1,0x08,
0xc1,0x08,0xc1,0x08,0xc1,0x08,0xc1,0x08,0xc1,0x08,0xc1,0x08,0xc1,0x08,0xc1,0x08,
0xc1,0x08,0xc1,0x08,0xc1,0x08,0xc1,0x08,0xc1,0x08,0xc1,0x08,0xc1,0x08,0xc1,0x08,
0xc1,0x08,0xc1,0x08,0xc1,0x08,0xc1,0x08,0xc1,0x08,0xc1,0x08,0xc1,0x08,0xc1,0x08,
0xc1,0x08,0xc1,0x08,0xc1,0x08,0xc1,0x08,0xc1,0x08,0xc1,0x08,0xc1,0x08,0xc1,0x08,
0xc1,0x08,0xc1,0x08,0xc1,0x08,0xc1,0x08,0xc1,0x08,0xc1,0x08,0xc1,0x08,0xc1,0x08,
0xc1,0x08,0xc1,0x08,0xc1,0x08,0xc1,0x08,0xc1,0x08,0xc1,0x08,0xc1,0x08,0xc1,0x08,
0xc1,0x08,0xc1,0x08,0xc1,0x08,0xc1,0x08,0xc1,0x08,0xc1,0x08,0xc1,0x08,0xc1,0x08,
0xc1,0x08,0xc1,0x08,0xc1,0x08,0xc1,0x08,0xc1,0x08,0xc1,0x08,0xc1,0x08,0xc1,0x08,
0xc1,0x08,0xc1,0x08,0xc1,0x08,0xc1,0x08,0xc1,0x08,0xc1,0x08,0xc1,0x08,0xc1,0x08,
0xc1,0x08,0xc1,0x08,0xc1,0x08,0xc1,0x08,0xc1,0x08,0xc1,0x08,0xc1,0x08,0xc1,0x08,
0xc1,0x08,0xc1,0x08,0xc1,0x08,0xc1,0x08,0xc1,0x08,0xc1,0x08,0xc1,0x08,0xc1,0x08,
0xc1,0x08,0xc1,0x08,0xc1,0x08,0xc1,0x08,0xc1,0x08,0xc1,0x08,0xc1,0x08,0xc1,0x08,
0xc1,0x08,0xc1,0x08,0xc1,0x08,0xc1,0x08,0xc1,0x08,0xc1,0x08,0xc1,0x08,0xc1,0x08,
0xc1,0x08,0xc1,0x08,0xc1,0x08,0xc1,0x08,0xc1,0x08,0xc1,0x08,0xc1,0x08,0xc1,0x08,
0xc1,0x08,0xc1,0x08,0xc1,0x08,0xc1,0x08,0xc1,0x08,0xc1,0x08,0xc1,0x08,0xc1,0x08,
0xc1,0x08,0xc1,0x08,0xc1,0x08,0xc1,0x08,0xc1,0x08,0xc1,0x08,0xc1,0x08,0xc1,0x08,
0xc1,0x08,0xc1,0x08,0xc1,0x08,0xc1,0x08,0xc1,0x08,0xc1,0x08,0xc1,0x08,0xc1,0x08,
0xc1,0x08,0xc1,0x08,0xc1,0x08,0xc1,0x08,0xc1,0x08,0xc1,0x08,0xc1,0x08,0xc1,0x08,
0xc1,0x08,0xc1,0x08,0xc1,0x08,0xc1,0x08,0xc1,0x08,0xc1,0x08,0xc1,0x08,0xc1,0x08,
0xc1,0x08,0xc1,0x08,0xc1,0x08,0xc1,0x08,0xc1,0x08,0xc1,0x08,0xc1,0x08,0xc1,0x08,
0xc1,0x08,0xc1,0x08,0xc1,0x08,0xc1,0x08,0xc1,0x08,0xc1,0x08,0xc1,0x08,0xc1,0x08,
0xc1,0x08,0xc1,0x08,0xc1,0x08,0xc1,0x08,0xc1,0x08,0xc1,0x08,0xc1,0x08,0xc1,0x08,
0xc1,0x08,0xc1,0x08,0xc1,0x08,0xc1,0x08,0xc1,0x08,0xc1,0x08,0xc1,0x08,0xc1,0x08,
0xc1,0x08,0xc1,0x08,0xc1,0x08,0xc1,0x08,0xc1,0x08,0xc1,0x08,0xc1,0x08,0xc1,0x08,
0xc1,0x08,0xc1,0x08,0xc1,0x08,0xc1,0x08,0xc1,0x08,0xc1,0x08,0xc1,0x08,0xc1,0x08,
0xc1,0x08,0xc1,0x08,0xc1,0x08,0xc1,0x08,0xc1,0x08,0xc1,0x08,0xc1,0x08,0xc1,0x08,
0xc1,0x08,0xc1,0x08,0xc1,0x08,0xc1,0x08,0xc1,0x08,0xc1,0x08,0xc1,0x08,0xc1,0x08,
0xc1,0x08,0xc1,0x08,0xc1,0x08,0xc1,0x08,0xc1,0x08,0xc1,0x08,0xc1,0x08,0xc1,0x08,
0xc1,0x08,0xc1,0x08,0xc1,0x08,0xc1,0x08,0xc1,0x08,0xc1,0x08,0xc1,0x08,0xc1,0x08,
0xc1,0x08,0xc1,0x08,0xc1,0x08,0xc1,0x08,0xc1,0x08,0xc1,0x08,0xc1,0x08,0xc1,0x08,
0xc1,0x08,0xc1,0x08,0xc1,0x08,0xc1,0x08,0xc1,0x08,0xc1,0x08,0xc1,0x08,0xc1,0x08,
0xc1,0x08,0xc1,0x08,0xc1,0x08,0xc1,0x08,0xc1,0x08,0xc1,0x08,0xc1,0x08,0xc1,0x08,
0xc1,0x08,0xc1,0x08,0xc1,0x08,0xc1,0x08,0xc1,0x08,0xc1,0x08,0xc1,0x08,0xc1,0x08,
0xc1,0x08,0xc1,0x08,0xc1,0x08,0xc1,0x08,0xc1,0x08,0xc1,0x08,0xc1,0x08,0xc1,0x08,
0xc1,0x08,0xc1,0x08,0xc1,0x08,0xc1,0x08,0xc1,0x08,0xc1,0x08,0xc1,0x08,0xc1,0x08,
0xc1,0x08,0xc1,0x08,0xc1,0x08,0xc1,0x08,0xc1,0x08,0xc1,0x08,0xc1,0x08,0xc1,0x08,
0xc1,0x08,0xc1,0x08,0xc1,0x08,0xc1,0x08,0xc1,0x08,0xc1,0x08,0xc1,0x08,0xc1,0x08,
0xc1,0x08,0xc1,0x08,0xc1,0x08,0xc1,0x08,0xc1,0x08,0xc1,0x08,0xc1,0x08,0xc1,0x08,
0xc1,0x08,0xc1,0x08,0xc1,0x08,0xc1,0x08,0xc1,0x08,0xc1,0x08,0xc1,0x08,0xc1,0x08,
0xc1,0x08,0xc1,0x08,0xc1,0x08,0xc1,0x08,0xc1,0x08,0xc1,0x08,0xc1,0x08,0xc1,0x08,
0xc1,0x08,0xc1,0x08,0xc1,0x08,0xc1,0x08,0xc1,0x08,0xc1,0x08,0xc1,0x08,0xc1,0x08,
0xc1,0x08,0xc1,0x08,0xc1,0x08,0xc1,0x08,0xc1,0x08,0xc1,0x08,0xc1,0x08,0xc1,0x08,
0xc1,0x08,0xc1,0x08,0xc1,0x08,0xc1,0x08,0xc1,0x08,0xc1,0x08,0xc1,0x08,0xc1,0x08,
0xc1,0x08,0xc1,0x08,0xc1,0x08,0xc1,0x08,0xc1,0x08,0xc1,0x08,0xc1,0x08,0xc1,0x08,
0xc1,0x08,0xc1,0x08,0xc1,0x08,0xc1,0x08,0xc1,0x08,0xc1,0x08,0xc1,0x08,0xc1,0x08,
0xc1,0x08,0xc1,0x08,0xc1,0x08,0xc1,0x08,0xc1,0x08,0xc1,0x08,0xc1,0x08,0xc1,0x08,
0xc1,0x08,0xc1,0x08,0xc1,0x08,0xc1,0x08,0xc1,0x08,0xc1,0x08,0xc1,0x08,0xc1,0x08,
0xc1,0x08,0xc1,0x08,0xc1,0x08,0xc1,0x08,0xc1,0x08,0xc1,0x08,0xc1,0x08,0xc1,0x08,
0xc1,0x08,0xc1,0x08,0xc1,0x08,0xc1,0x08,0xc1,0x08,0xc1,0x08,0xc1,0x08,0xc1,0x08,
0xc1,0x08,0xc1,0x08,0xc1,0x08,0xc1,0x08,0xc1,0x08,0xc1,0x08,0xc1,0x08,0xc1,0x08,
0xc1,0x08,0xc1,0x08,0xc1,0x08,0xc1,0x08,0xc1,0x08,0xc1,0x08,0xc1,0x08,0xc1,0x08,
0xc1,0x08,0xc1,0x08,0xc1,0x08,0xc1,0x08,0xc1,0x08,0xc1,0x08,0xc1,0x08,0xc1,0x08,
0xc1,0x08,0xc1,0x08,0xc1,0x08,0xc1,0x08,0xc1,0x08,0xc1,0x08,0xc1,0x08,0xc1,0x08,
0xc1,0x08,0xc1,0x08,0xc1,0x08,0xc1,0x08,0xc1,0x08,0xc1,0x08,0xc1,0x08,0xc1,0x08,
0xc1,0x08,0xc1,0x08,0xc1,0x08,0xc1,0x08,0xc1,0x08,0xc1,0x08,0xc1,0x08,0xc1,0x08,
0xc1,0x08,0xc1,0x08,0xc1,0x08,0xc1,0x08,0xc1,0x08,0xc1,0x08,0xc1,0x08,0xc1,0x08,
0xc1,0x08,0xc1,0x08,0xc1,0x08,0xc1,0x08,0xc1,0x08,0xc1,0x08,0xc1,0x08,0xc1,0x08,
0xc1,0x08,0xc1,0x08,0xc1,0x08,0xc1,0x08,0xc1,0x08,0xc1,0x08,0xc1,0x08,0xc1,0x08,
0xc1,0x08,0xc1,0x08,0xc1,0x08,0xc1,0x08,0xc1,0x08,0xc1,0x08,0xc1,0x08,0xc1,0x08,
0xc1,0x08,0xc1,0x08,0xc1,0x08,0xc1,0x08,0xc1,0x08,0xc1,0x08,0xc1,0x08,0xc1,0x08,
0xc1,0x08,0xc1,0x08,0xc1,0x08,0xc1,0x08,0xc1,0x08,0xc1,0x08,0xc1,0x08,0xc1,0x08,
0xc1,0x08,0xc1,0x08,0xc1,0x08,0xc1,0x08,0xc1,0x08,0xc1,0x08,0xc1,0x08,0xc1,0x08,
0xc1,0x08,0xc1,0x08,0xc1,0x08,0xc1,0x08,0xc1,0x08,0xc1,0x08,0xc1,0x08,0xc1,0x08,
0xc1,0x08,0xc1,0x08,0xc1,0x08,0xc1,0x08,0xc1,0x08,0xc1,0x08,0xc1,0x08,0xc1,0x08,
0xc1,0x08,0xc1,0x08,0xc1,0x08,0xc1,0x08,0xc1,0x08,0xc1,0x08,0xc1,0x08,0xc1,0x08,
0xc1,0x08,0xc1,0x08,0xc1,0x08,0xc1,0x08,0xc1,0x08,0xc1,0x08,0xc1,0x08,0xc1,0x08,
0xc1,0x08,0xc1,0x08,0xc1,0x08,0xc1,0x08,0xc1,0x08,0xc1,0x08,0xc1,0x08,0xc1,0x08,
0xc1,0x08,0xc1,0x08,0xc1,0x08,0xc1,0x08,0xc1,0x08,0xc1,0x08,0xc1,0x08,0xc1,0x08,
0xc1,0x08,0xc1,0x08,0xc1,0x08,0xc1,0x08,0xc1,0x08,0xc1,0x08,0xc1,0x08,0xc1,0x08,
0xc1,0x08,0xc1,0x08,0xc1,0x08,0xc1,0x08,0xc1,0x08,0xc1,0x08,0xc1,0x08,0xc1,0x08,
0xc1,0x08,0xc1,0x08,0xc1,0x08,0xc1,0x08,0xc1,0x08,0xc1,0x08,0xc1,0x08,0xc1,0x08,
0xc1,0x08,0xc1,0x08,0xc1,0x08,0xc1,0x08,0xc1,0x08,0xc1,0x08,0xc1,0x08,0xc1,0x08,
0xc1,0x08,0xc1,0x08,0xc1,0x08,0xc1,0x08,0xc1,0x08,0xc1,0x08,0xc1,0x08,0xc1,0x08,
0xc1,0x08,0xc1,0x08,0xc1,0x08,0xc1,0x08,0xc1,0x08,0xc1,0x08,0xc1,0x08,0xc1,0x08,
0xc1,0x08,0xc1,0x08,0xc1,0x08,0xc1,0x08,0xc1,0x08,0xc1,0x08,0xc1,0x08,0xc1,0x08,
0xc1,0x08,0xc1,0x08,0xc1,0x08,0xc1,0x08,0xc1,0x08,0xc1,0x08,0xc1,0x08,0xc1,0x08,
0xc1,0x08,0xc1,0x08,0xc1,0x08,0xc1,0x08,0xc1,0x08,0xc1,0x08,0xc1,0x08,0xc1,0x08,
0xc1,0x08,0xc1,0x08,0xc1,0x08,0xc1,0x08,0xc1,0x08,0xc1,0x08,0xc1,0x08,0xc1,0x08,
0xc1,0x08,0xc1,0x08,0xc1,0x08,0xc1,0x08,0xc1,0x08,0xc1,0x08,0xc1,0x08,0xc1,0x08,
0xc1,0x08,0xc1,0x08,0xc1,0x08,0xc1,0x08,0xc1,0x08,0xc1,0x08,0xc1,0x08,0xc1,0x08,
0xc1,0x08,0xc1,0x08,0xc1,0x08,0xc1,0x08,0xc1,0x08,0xc1,0x08,0xc1,0x08,0xc1,0x08,
0xc1,0x08,0xc1,0x08,0xc1,0x08,0xc1,0x08,0xc1,0x08,0xc1,0x08,0xc1,0x08,0xc1,0x08,
0xc1,0x08,0xc1,0x08,0xc1,0x08,0xc1,0x08,0xc1,0x08,0xc1,0x08,0xc1,0x08,0xc1,0x08,
0xc1,0x08,0xc1,0x08,0xc1,0x08,0xc1,0x08,0xc1,0x08,0xc1,0x08,0xc1,0x08,0xc1,0x08,
0xc1,0x08,0xc1,0x08,0xc1,0x08,0xc1,0x08,0xc1,0x08,0xc1,0x08,0xc1,0x08,0xc1,0x08,
0xc1,0x08,0xc1,0x08,0xc1,0x08,0xc1,0x08,0xc1,0x08,0xc1,0x08,0xc1,0x08,0xc1,0x08,
0xc1,0x08,0xc1,0x08,0xc1,0x08,0xc1,0x08,0xc1,0x08,0xc1,0x08,0xc1,0x08,0xc1,0x08,
0xc1,0x08,0xc1,0x08,0xc1,0x08,0xc1,0x08,0xc1,0x08,0xc1,0x08,0xc1,0x08,0xc1,0x08,
0xc1,0x08,0xc1,0x08,0xc1,0x08,0xc1,0x08,0xc1,0x08,0xc1,0x08,0xc1,0x08,0xc1,0x08,
0xc1,0x08,0xc1,0x08,0xc1,0x08,0xc1,0x08,0xc1,0x08,0xc1,0x08,0xc1,0x08,0xc1,0x08,
0xc1,0x08,0xc1,0x08,0xc1,0x08,0xc1,0x08,0xc1,0x08,0xc1,0x08,0xc1,0x08,0xc1,0x08,
0xc1,0x08,0xc1,0x08,0xc1,0x08,0xc1,0x08,0xc1,0x08,0xc1,0x08,0xc1,0x08,0xc1,0x08,
0xc1,0x08,0xc1,0x08,0xc1,0x08,0xc1,0x08,0xc1,0x08,0xc1,0x08,0xc1,0x08,0xc1,0x08,
0xc1,0x08,0xc1,0x08,0xc1,0x08,0xc1,0x08,0xc1,0x08,0xc1,0x08,0xc1,0x08,0xc1,0x08,
0xc1,0x08,0xc1,0x08,0xc1,0x08,0xc1,0x08,0xc1,0x08,0xc1,0x08,0xc1,0x08,0xc1,0x08,
0xc1,0x08,0xc1,0x08,0xc1,0x08,0xc1,0x08,0xc1,0x08,0xc1,0x08,0xc1,0x08,0xc1,0x08,
0xc1,0x08,0xc1,0x08,0xc1,0x08,0xc1,0x08,0xc1,0x08,0xc1,0x08,0xc1,0x08,0xc1,0x08,
0xc1,0x08,0xc1,0x08,0xc1,0x08,0xc1,0x08,0xc1,0x08,0xc1,0x08,0xc1,0x08,0xc1,0x08,
0xc1,0x08,0xc1,0x08,0xc1,0x08,0xc1,0x08,0xc1,0x08,0xc1,0x08,0xc1,0x08,0xc1,0x08,
0xc1,0x08,0xc1,0x08,0xc1,0x08,0xc1,0x08,0xc1,0x08,0xc1,0x08,0xc1,0x08,0xc1,0x08,
0xc1,0x08,0xc1,0x08,0xc1,0x08,0xc1,0x08,0xc1,0x08,0xc1,0x08,0xc1,0x08,0xc1,0x08,
0xc1,0x08,0xc1,0x08,0xc1,0x08,0xc1,0x08,0xc1,0x08,0xc1,0x08,0xc1,0x08,0xc1,0x08,
0xc1,0x08,0xc1,0x08,0xc1,0x08,0xc1,0x08,0xc1,0x08,0xc1,0x08,0xc1,0x08,0xc1,0x08,
0xc1,0x08,0xc1,0x08,0xc1,0x08,0xc1,0x08,0xc1,0x08,0xc1,0x08,0xc1,0x08,0xc1,0x08,
0xc1,0x08,0xc1,0x08,0xc1,0x08,0xc1,0x08,0xc1,0x08,0xc1,0x08,0xc1,0x08,0xc1,0x08,
0xc1,0x08,0xc1,0x08,0xc1,0x08,0xc1,0x08,0xc1,0x08,0xc1,0x08,0xc1,0x08,0xc1,0x08,
0xc1,0x08,0xc1,0x08,0xc1,0x08,0xc1,0x08,0xc1,0x08,0xc1,0x08,0xc1,0x08,0xc1,0x08,
0xc1,0x08,0xc1,0x08,0xc1,0x08,0xc1,0x08,0xc1,0x08,0xc1,0x08,0xc1,0x08,0xc1,0x08,
0xc1,0x08,0xc1,0x08,0xc1,0x08,0xc1,0x08,0xc1,0x08,0xc1,0x08,0xc1,0x08,0xc1,0x08,
0xc1,0x08,0xc1,0x08,0xc1,0x08,0xc1,0x08,0xc1,0x08,0xc1,0x08,0xc1,0x08,0xc1,0x08,
0xc1,0x08,0xc1,0x08,0xc1,0x08,0xc1,0x08,0xc1,0x08,0xc1,0x08,0xc1,0x08,0xc1,0x08,
0xc1,0x08,0xc1,0x08,0xc1,0x08,0xc1,0x08,0xc1,0x08,0xc1,0x08,0xc1,0x08,0xc1,0x08,
0xc1,0x08,0xc1,0x08,0xc1,0x08,0xc1,0x08,0xc1,0x08,0xc1,0x08,0xc1,0x08,0xc1,0x08,
0xc1,0x08,0xc1,0x08,0xc1,0x08,0xc1,0x08,0xc1,0x08,0xc1,0x08,0xc1,0x08,0xc1,0x08,
0xc1,0x08,0xc1,0x08,0xc1,0x08,0xc1,0x08,0xc1,0x08,0xc1,0x08,0xc1,0x08,0xc1,0x08,
0xc1,0x08,0xc1,0x08,0xc1,0x08,0xc1,0x08,0xc1,0x08,0xc1,0x08,0xc1,0x08,0xc1,0x08,
0xc1,0x08,0xc1,0x08,0xc1,0x08,0xc1,0x08,0xc1,0x08,0xc1,0x08,0xc1,0x08,0xc1,0x08,
0xc1,0x08,0xc1,0x08,0xc1,0x08,0xc1,0x08,0xc1,0x08,0xc1,0x08,0xc1,0x08,0xc1,0x08,
0xc1,0x08,0xc1,0x08,0xc1,0x08,0xc1,0x08,0xc1,0x08,0xc1,0x08,0xc1,0x08,0xc1,0x08,
0xc1,0x08,0xc1,0x08,0xc1,0x08,0xc1,0x08,0xc1,0x08,0xc1,0x08,0xc1,0x08,0xc1,0x08,
0xc1,0x08,0xc1,0x08,0xc1,0x08,0xc1,0x08,0xc1,0x08,0xc1,0x08,0xc1,0x08,0xc1,0x08,
0xc1,0x08,0xc1,0x08,0xc1,0x08,0xc1,0x08,0xc1,0x08,0xc1,0x08,0xc1,0x08,0xc1,0x08,
0xc1,0x08,0xc1,0x08,0xc1,0x08,0xc1,0x08,0xc1,0x08,0xc1,0x08,0xc1,0x08,0xc1,0x08,
0xc1,0x08,0xc1,0x08,0xc1,0x08,0xc1,0x08,0xc1,0x08,0xc1,0x08,0xc1,0x08,0xc1,0x08,
0xc1,0x08,0xc1,0x08,0xc1,0x08,0xc1,0x08,0xc1,0x08,0xc1,0x08,0xc1,0x08,0xc1,0x08,
0xc1,0x08,0xc1,0x08,0xc1,0x08,0xc1,0x08,0xc1,0x08,0xc1,0x08,0xc1,0x08,0xc1,0x08,
0xc1,0x08,0xc1,0x08,0xc1,0x08,0xc1,0x08,0xc1,0x08,0xc1,0x08,0xc1,0x08,0xc1,0x08,
0xc1,0x08,0xc1,0x08,0xc1,0x08,0xc1,0x08,0xc1,0x08,0xc1,0x08,0xc1,0x08,0xc1,0x08,
0xc1,0x08,0xc1,0x08,0xc1,0x08,0xc1,0x08,0xc1,0x08,0xc1,0x08,0xc1,0x08,0xc1,0x08,
0xc1,0x08,0xc1,0x08,0xc1,0x08,0xc1,0x08,0xc1,0x08,0xc1,0x08,0xc1,0x08,0xc1,0x08,
0xc1,0x08,0xc1,0x08,0xc1,0x08,0xc1,0x08,0xc1,0x08,0xc1,0x08,0xc1,0x08,0xc1,0x08,
0xc1,0x08,0xc1,0x08,0xc1,0x08,0xc1,0x08,0xc1,0x08,0xc1,0x08,0xc1,0x08,0xc1,0x08,
0xc1,0x08,0xc1,0x08,0xc1,0x08,0xc1,0x08,0xc1,0x08,0xc1,0x08,0xc1,0x08,0xc1,0x08,
0xc1,0x08,0xc1,0x08,0xc1,0x08,0xc1,0x08,0xc1,0x08,0xc1,0x08,0xc1,0x08,0xc1,0x08,
0xc1,0x08,0xc1,0x08,0xc1,0x08,0xc1,0x08,0xc1,0x08,0xc1,0x08,0xc1,0x08,0xc1,0x08,
0xc1,0x08,0xc1,0x08,0xc1,0x08,0xc1,0x08,0xc1,0x08,0xc1,0x08,0xc1,0x08,0xc1,0x08,
0xc1,0x08,0xc1,0x08,0xc1,0x08,0xc1,0x08,0xc1,0x08,0xc1,0x08,0xc1,0x08,0xc1,0x08,
0xc1,0x08,0xc1,0x08,0xc1,0x08,0xc1,0x08,0xc1,0x08,0xc1,0x08,0xc1,0x08,0xc1,0x08,
0xc1,0x08,0xc1,0x08,0xc1,0x08,0xc1,0x08,0xc1,0x08,0xc1,0x08,0xc1,0x08,0xc1,0x08,
0xc1,0x08,0xc1,0x08,0xc1,0x08,0xc1,0x08,0xc1,0x08,0xc1,0x08,0xc1,0x08,0xc1,0x08,
0xc1,0x08,0xc1,0x08,0xc1,0x08,0xc1,0x08,0xc1,0x08,0xc1,0x08,0xc1,0x08,0xc1,0x08,
0xc1,0x08,0xc1,0x08,0xc1,0x08,0xc1,0x08,0xc1,0x08,0xc1,0x08,0xc1,0x08,0xc1,0x08,
0xc1,0x08,0xc1,0x08,0xc1,0x08,0xc1,0x08,0xc1,0x08,0xc1,0x08,0xc1,0x08,0xc1,0x08,
0xc1,0x08,0xc1,0x08,0xc1,0x08,0xc1,0x08,0xc1,0x08,0xc1,0x08,0xc1,0x08,0xc1,0x08,
0xc1,0x08,0xc1,0x08,0xc1,0x08,0xc1,0x08,0xc1,0x08,0xc1,0x08,0xc1,0x08,0xc1,0x08,
0xc1,0x08,0xc1,0x08,0xc1,0x08,0xc1,0x08,0xc1,0x08,0xc1,0x08,0xc1,0x08,0xc1,0x08,
0xc1,0x08,0xc1,0x08,0xc1,0x08,0xc1,0x08,0xc1,0x08,0xc1,0x08,0xc1,0x08,0xc1,0x08,
0xc1,0x08,0xc1,0x08,0xc1,0x08,0xc1,0x08,0xc1,0x08,0xc1,0x08,0xc1,0x08,0xc1,0x08,
0xc1,0x08,0xc1,0x08,0xc1,0x08,0xc1,0x08,0xc1,0x08,0xc1,0x08,0xc1,0x08,0xc1,0x08,
0xc1,0x08,0xc1,0x08,0xc1,0x08,0xc1,0x08,0xc1,0x08,0xc1,0x08,0xc1,0x08,0xc1,0x08,
0xc1,0x08,0xc1,0x08,0xc1,0x08,0xc1,0x08,0xc1,0x08,0xc1,0x08,0xc1,0x08,0xc1,0x08,
0xc1,0x08,0xc1,0x08,0xc1,0x08,0xc1,0x08,0xc1,0x08,0xc1,0x08,0xc1,0x08,0xc1,0x08,
0xc1,0x08,0xc1,0x08,0xc1,0x08,0xc1,0x08,0xc1,0x08,0xc1,0x08,0xc1,0x08,0xc1,0x08,
0xc1,0x08,0xc1,0x08,0xc1,0x08,0xc1,0x08,0xc1,0x08,0xc1,0x08,0xc1,0x08,0xc1,0x08,
0xc1,0x08,0xc1,0x08,0xc1,0x08,0xc1,0x08,0xc1,0x08,0xc1,0x08,0xc1,0x08,0xc1,0x08,
0xc1,0x08,0xc1,0x08,0xc1,0x08,0xc1,0x08,0xc1,0x08,0xc1,0x08,0xc1,0x08,0xc1,0x08,
0xc1,0x08,0xc1,0x08,0xc1,0x08,0xc1,0x08,0xc1,0x08,0xc1,0x08,0xc1,0x08,0xc1,0x08,
0xc1,0x08,0xc1,0x08,0xc1,0x08,0xc1,0x08,0xc1,0x08,0xc1,0x08,0xc1,0x08,0xc1,0x08,
0xc1,0x08,0xc1,0x08,0xc1,0x08,0xc1,0x08,0xc1,0x08,0xc1,0x08,0xc1,0x08,0xc1,0x08,
0xc1,0x08,0xc1,0x08,0xc1,0x08,0xc1,0x08,0xc1,0x08,0xc1,0x08,0xc1,0x08,0xc1,0x08,
0xc1,0x08,0xc1,0x08,0xc1,0x08,0xc1,0x08,0xc1,0x08,0xc1,0x08,0xc1,0x08,0xc1,0x08,
0xc1,0x08,0xc1,0x08,0xc1,0x08,0xc1,0x08,0xc1,0x08,0xc1,0x08,0xc1,0x08,0xc1,0x08,
0xc1,0x08,0xc1,0x08,0xc1,0x08,0xc1,0x08,0xc1,0x08,0xc1,0x08,0xc1,0x08,0xc1,0x08,
0xc1,0x08,0xc1,0x08,0xc1,0x08,0xc1,0x08,0xc1,0x08,0xc1,0x08,0xc1,0x08,0xc1,0x08,
0xc1,0x08,0xc1,0x08,0xc1,0x08,0xc1,0x08,0xc1,0x08,0xc1,0x08,0xc1,0x08,0xc1,0x08,
0xc1,0x08,0xc1,0x08,0xc1,0x08,0xc1,0x08,0xc1,0x08,0xc1,0x08,0xc1,0x08,0xc1,0x08,
0xc1,0x08,0xc1,0x08,0xc1,0x08,0xc1,0x08,0xc1,0x08,0xc1,0x08,0xc1,0x08,0xc1,0x08,
0xc1,0x08,0xc1,0x08,0xc1,0x08,0xc1,0x08,0xc1,0x08,0xc1,0x08,0xc1,0x08,0xc1,0x08,
0xc1,0x08,0xc1,0x08,0xc1,0x08,0xc1,0x08,0xc1,0x08,0xc1,0x08,0xc1,0x08,0xc1,0x08,
0xc1,0x08,0xc1,0x08,0xc1,0x08,0xc1,0x08,0xc1,0x08,0xc1,0x08,0xc1,0x08,0xc1,0x08,
0xc1,0x08,0xc1,0x08,0xc1,0x08,0xc1,0x08,0xc1,0x08,0xc1,0x08,0xc1,0x08,0xc1,0x08,
0xc1,0x08,0xc1,0x08,0xc1,0x08,0xc1,0x08,0xc1,0x08,0xc1,0x08,0xc1,0x08,0xc1,0x08,
0xc1,0x08,0xc1,0x08,0xc1,0x08,0xc1,0x08,0xc1,0x08,0xc1,0x08,0xc1,0x08,0xc1,0x08,
0xc1,0x08,0xc1,0x08,0xc1,0x08,0xc1,0x08,0xc1,0x08,0xc1,0x08,0xc1,0x08,0xc1,0x08,
0xc1,0x08,0xc1,0x08,0xc1,0x08,0xc1,0x08,0xc1,0x08,0xc1,0x08,0xc1,0x08,0xc1,0x08,
0xc1,0x08,0xc1,0x08,0xc1,0x08,0xc1,0x08,0xc1,0x08,0xc1,0x08,0xc1,0x08,0xc1,0x08,
0xc1,0x08,0xc1,0x08,0xc1,0x08,0xc1,0x08,0xc1,0x08,0xc1,0x08,0xc1,0x08,0xc1,0x08,
0xc1,0x08,0xc1,0x08,0xc1,0x08,0xc1,0x08,0xc1,0x08,0xc1,0x08,0xc1,0x08,0xc1,0x08,
0xc1,0x08,0xc1,0x08,0xc1,0x08,0xc1,0x08,0xc1,0x08,0xc1,0x08,0xc1,0x08,0xc1,0x08,
0xc1,0x08,0xc1,0x08,0xc1,0x08,0xc1,0x08,0xc1,0x08,0xc1,0x08,0xc1,0x08,0xc1,0x08,
0xc1,0x08,0xc1,0x08,0xc1,0x08,0xc1,0x08,0xc1,0x08,0xc1,0x08,0xc1,0x08,0xc1,0x08,
0xc1,0x08,0xc1,0x08,0xc1,0x08,0xc1,0x08,0xc1,0x08,0xc1,0x08,0xc1,0x08,0xc1,0x08,
0xc1,0x08,0xc1,0x08,0xc1,0x08,0xc1,0x08,0xc1,0x08,0xc1,0x08,0xc1,0x08,0xc1,0x08,
0xc1,0x08,0xc1,0x08,0xc1,0x08,0xc1,0x08,0xc1,0x08,0xc1,0x08,0xc1,0x08,0xc1,0x08,
0xc1,0x08,0xc1,0x08,0xc1,0x08,0xc1,0x08,0xc1,0x08,0xc1,0x08,0xc1,0x08,0xc1,0x08,
0xc1,0x08,0xc1,0x08,0xc1,0x08,0xc1,0x08,0xc1,0x08,0xc1,0x08,0xc1,0x08,0xc1,0x08,
0xc1,0x08,0xc1,0x08,0xc1,0x08,0xc1,0x08,0xc1,0x08,0xc1,0x08,0xc1,0x08,0xc1,0x08,
0xc1,0x08,0xc1,0x08,0xc1,0x08,0xc1,0x08,0xc1,0x08,0xc1,0x08,0xc1,0x08,0xc1,0x08,
0xc1,0x08,0xc1,0x08,0xc1,0x08,0xc1,0x08,0xc1,0x08,0xc1,0x08,0xc1,0x08,0xc1,0x08,
0xc1,0x08,0xc1,0x08,0xc1,0x08,0xc1,0x08,0xc1,0x08,0xc1,0x08,0xc1,0x08,0xc1,0x08,
0xc1,0x08,0xc1,0x08,0xc1,0x08,0xc1,0x08,0xc1,0x08,0xc1,0x08,0xc1,0x08,0xc1,0x08,
0xc1,0x08,0xc1,0x08,0xc1,0x08,0xc1,0x08,0xc1,0x08,0xc1,0x08,0xc1,0x08,0xc1,0x08,
0xc1,0x08,0xc1,0x08,0xc1,0x08,0xc1,0x08,0xc1,0x08,0xc1,0x08,0xc1,0x08,0xc1,0x08,
0xc1,0x08,0xc1,0x08,0xc1,0x08,0xc1,0x08,0xc1,0x08,0xc1,0x08,0xc1,0x08,0xc1,0x08,
0xc1,0x08,0xc1,0x08,0xc1,0x08,0xc1,0x08,0xc1,0x08,0xc1,0x08,0xc1,0x08,0xc1,0x08,
0xc1,0x08,0xc1,0x08,0xc1,0x08,0xc1,0x08,0xc1,0x08,0xc1,0x08,0xc1,0x08,0xc1,0x08,
0xc1,0x08,0xc1,0x08,0xc1,0x08,0xc1,0x08,0xc1,0x08,0xc1,0x08,0xc1,0x08,0xc1,0x08,
0xc1,0x08,0xc1,0x08,0xc1,0x08,0xc1,0x08,0xc1,0x08,0xc1,0x08,0xc1,0x08,0xc1,0x08,
0xc1,0x08,0xc1,0x08,0xc1,0x08,0xc1,0x08,0xc1,0x08,0xc1,0x08,0xc1,0x08,0xc1,0x08,
0xc1,0x08,0xc1,0x08,0xc1,0x08,0xc1,0x08,0xc1,0x08,0xc1,0x08,0xc1,0x08,0xc1,0x08,
0xc1,0x08,0xc1,0x08,0xc1,0x08,0xc1,0x08,0xc1,0x08,0xc1,0x08,0xc1,0x08,0xc1,0x08,
0xc1,0x08,0xc1,0x08,0xc1,0x08,0xc1,0x08,0xc1,0x08,0xc1,0x08,0xc1,0x08,0xc1,0x08,
0xc1,0x08,0xc1,0x08,0xc1,0x08,0xc1,0x08,0xc1,0x08,0xc1,0x08,0xc1,0x08,0xc1,0x08,
0xc1,0x08,0xc1,0x08,0xc1,0x08,0xc1,0x08,0xc1,0x08,0xc1,0x08,0xc1,0x08,0xc1,0x08,
0xc1,0x08,0xc1,0x08,0xc1,0x08,0xc1,0x08,0xc1,0x08,0xc1,0x08,0xc1,0x08,0xc1,0x08,
0xc1,0x08,0xc1,0x08,0xc1,0x08,0xc1,0x08,0xc1,0x08,0xc1,0x08,0xc1,0x08,0xc1,0x08,
0xc1,0x08,0xc1,0x08,0xc1,0x08,0xc1,0x08,0xc1,0x08,0xc1,0x08,0xc1,0x08,0xc1,0x08,
0xc1,0x08,0xc1,0x08,0xc1,0x08,0xc1,0x08,0xc1,0x08,0xc1,0x08,0xc1,0x08,0xc1,0x08,
0xc1,0x08,0xc1,0x08,0xc1,0x08,0xc1,0x08,0xc1,0x08,0xc1,0x08,0xc1,0x08,0xc1,0x08,
0xc1,0x08,0xc1,0x08,0xc1,0x08,0xc1,0x08,0xc1,0x08,0xc1,0x08,0xc1,0x08,0xc1,0x08,
0xc1,0x08,0xc1,0x08,0xc1,0x08,0xc1,0x08,0xc1,0x08,0xc1,0x08,0xc1,0x08,0xc1,0x08,
0xc1,0x08,0xc1,0x08,0xc1,0x08,0xc1,0x08,0xc1,0x08,0xc1,0x08,0xc1,0x08,0xc1,0x08,
0xc1,0x08,0xc1,0x08,0xc1,0x08,0xc1,0x08,0xc1,0x08,0xc1,0x08,0xc1,0x08,0xc1,0x08,
0xc1,0x08,0xc1,0x08,0xc1,0x08,0xc1,0x08,0xc1,0x08,0xc1,0x08,0xc1,0x08,0xc1,0x08,
0xc1,0x08,0xc1,0x08,0xc1,0x08,0xc1,0x08,0xc1,0x08,0xc1,0x08,0xc1,0x08,0xc1,0x08,
0xc1,0x08,0xc1,0x08,0xc1,0x08,0xc1,0x08,0xc1,0x08,0xc1,0x08,0xc1,0x08,0xc1,0x08,
0xc1,0x08,0xc1,0x08,0xc1,0x08,0xc1,0x08,0xc1,0x08,0xc1,0x08,0xc1,0x08,0xc1,0x08,
0xc1,0x08,0xc1,0x08,0xc1,0x08,0xc1,0x08,0xc1,0x08,0xc1,0x08,0xc1,0x08,0xc1,0x08,
0xc1,0x08,0xc1,0x08,0xc1,0x08,0xc1,0x08,0xc1,0x08,0xc1,0x08,0xc1,0x08,0xc1,0x08,
0xc1,0x08,0xc1,0x08,0xc1,0x08,0xc1,0x08,0xc1,0x08,0xc1,0x08,0xc1,0x08,0xc1,0x08,
0xc1,0x08,0xc1,0x08,0xc1,0x08,0xc1,0x08,0xc1,0x08,0xc1,0x08,0xc1,0x08,0xc1,0x08,
0xc1,0x08,0xc1,0x08,0xc1,0x08,0xc1,0x08,0xc1,0x08,0xc1,0x08,0xc1,0x08,0xc1,0x08,
0xc1,0x08,0xc1,0x08,0xc1,0x08,0xc1,0x08,0xc1,0x08,0xc1,0x08,0xc1,0x08,0xc1,0x08,
0xc1,0x08,0xc1,0x08,0xc1,0x08,0xc1,0x08,0xc1,0x08,0xc1,0x08,0xc1,0x08,0xc1,0x08,
0xc1,0x08,0xc1,0x08,0xc1,0x08,0xc1,0x08,0xc1,0x08,0xc1,0x08,0xc1,0x08,0xc1,0x08,
0xc1,0x08,0xc1,0x08,0xc1,0x08,0xc1,0x08,0xc1,0x08,0xc1,0x08,0xc1,0x08,0xc1,0x08,
0xc1,0x08,0xc1,0x08,0xc1,0x08,0xc1,0x08,0xc1,0x08,0xc1,0x08,0xc1,0x08,0xc1,0x08,
0xc1,0x08,0xc1,0x08,0xc1,0x08,0xc1,0x08,0xc1,0x08,0xc1,0x08,0xc1,0x08,0xc1,0x08,
0xc1,0x08,0xc1,0x08,0xc1,0x08,0xc1,0x08,0xc1,0x08,0xc1,0x08,0xc1,0x08,0xc1,0x08,
0xc1,0x08,0xc1,0x08,0xc1,0x08,0xc1,0x08,0xc1,0x08,0xc1,0x08,0xc1,0x08,0xc1,0x08,
0xc1,0x08,0xc1,0x08,0xc1,0x08,0xc1,0x08,0xc1,0x08,0xc1,0x08,0xc1,0x08,0xc1,0x08,
0xc1,0x08,0xc1,0x08,0xc1,0x08,0xc1,0x08,0xc1,0x08,0xc1,0x08,0xc1,0x08,0xc1,0x08,
0xc1,0x08,0xc1,0x08,0xc1,0x08,0xc1,0x08,0xc1,0x08,0xc1,0x08,0xc1,0x08,0xc1,0x08,
0xc1,0x08,0xc1,0x08,0xc1,0x08,0xc1,0x08,0xc1,0x08,0xc1,0x08,0xc1,0x08,0xc1,0x08,
0xc1,0x08,0xc1,0x08,0xc1,0x08,0xc1,0x08,0xc1,0x08,0xc1,0x08,0xc1,0x08,0xc1,0x08,
0xc1,0x08,0xc1,0x08,0xc1,0x08,0xc1,0x08,0xc1,0x08,0xc1,0x08,0xc1,0x08,0xc1,0x08,
0xc1,0x08,0xc1,0x08,0xc1,0x08,0xc1,0x08,0xc1,0x08,0xc1,0x08,0xc1,0x08,0xc1,0x08,
0xc1,0x08,0xc1,0x08,0xc1,0x08,0xc1,0x08,0xc1,0x08,0xc1,0x08,0xc1,0x08,0xc1,0x08,
0xc1,0x08,0xc1,0x08,0xc1,0x08,0xc1,0x08,0xc1,0x08,0xc1,0x08,0xc1,0x08,0xc1,0x08,
0xc1,0x08,0xc1,0x08,0xc1,0x08,0xc1,0x08,0xc1,0x08,0xc1,0x08,0xc1,0x08,0xc1,0x08,
0xc1,0x08,0xc1,0x08,0xc1,0x08,0xc1,0x08,0xc1,0x08,0xc1,0x08,0xc1,0x08,0xc1,0x08,
0xc1,0x08,0xc1,0x08,0xc1,0x08,0xc1,0x08,0xc1,0x08,0xc1,0x08,0xc1,0x08,0xc1,0x08,
0xc1,0x08,0xc1,0x08,0xc1,0x08,0xc1,0x08,0xc1,0x08,0xc1,0x08,0xc1,0x08,0xc1,0x08,
0xc1,0x08,0xc1,0x08,0xc1,0x08,0xc1,0x08,0xc1,0x08,0xc1,0x08,0xc1,0x08,0xc1,0x08,
0xc1,0x08,0xc1,0x08,0xc1,0x08,0xc1,0x08,0xc1,0x08,0xc1,0x08,0xc1,0x08,0xc1,0x08,
0xc1,0x08,0xc1,0x08,0xc1,0x08,0xc1,0x08,0xc1,0x08,0xc1,0x08,0xc1,0x08,0xc1,0x08,
0xc1,0x08,0xc1,0x08,0xc1,0x08,0xc1,0x08,0xc1,0x08,0xc1,0x08,0xc1,0x08,0xc1,0x08,
0xc1,0x08,0xc1,0x08,0xc1,0x08,0xc1,0x08,0xc1,0x08,0xc1,0x08,0xc1,0x08,0xc1,0x08,
0xc1,0x08,0xc1,0x08,0xc1,0x08,0xc1,0x08,0xc1,0x08,0xc1,0x08,0xc1,0x08,0xc1,0x08,
0xc1,0x08,0xc1,0x08,0xc1,0x08,0xc1,0x08,0xc1,0x08,0xc1,0x08,0xc1,0x08,0xc1,0x08,
0xc1,0x08,0xc1,0x08,0xc1,0x08,0xc1,0x08,0xc1,0x08,0xc1,0x08,0xc1,0x08,0xc1,0x08,
0xc1,0x08,0xc1,0x08,0xc1,0x08,0xc1,0x08,0xc1,0x08,0xc1,0x08,0xc1,0x08,0xc1,0x08,
0xc1,0x08,0xc1,0x08,0xc1,0x08,0xc1,0x08,0xc1,0x08,0xc1,0x08,0xc1,0x08,0xc1,0x08,
0xc1,0x08,0xc1,0x08,0xc1,0x08,0xc1,0x08,0xc1,0x08,0xc1,0x08,0xc1,0x08,0xc1,0x08,
0xc1,0x08,0xc1,0x08,0xc1,0x08,0xc1,0x08,0xc1,0x08,0xc1,0x08,0xc1,0x08,0xc1,0x08,
0xc1,0x08,0xc1,0x08,0xc1,0x08,0xc1,0x08,0xc1,0x08,0xc1,0x08,0xc1,0x08,0xc1,0x08,
0xc1,0x08,0xc1,0x08,0xc1,0x08,0xc1,0x08,0xc1,0x08,0xc1,0x08,0xc1,0x08,0xc1,0x08,
0xc1,0x08,0xc1,0x08,0xc1,0x08,0xc1,0x08,0xc1,0x08,0xc1,0x08,0xc1,0x08,0xc1,0x08,
0xc1,0x08,0xc1,0x08,0xc1,0x08,0xc1,0x08,0xc1,0x08,0xc1,0x08,0xc1,0x08,0xc1,0x08,
0xc1,0x08,0xc1,0x08,0xc1,0x08,0xc1,0x08,0xc1,0x08,0xc1,0x08,0xc1,0x08,0xc1,0x08,
0xc1,0x08,0xc1,0x08,0xc1,0x08,0xc1,0x08,0xc1,0x08,0xc1,0x08,0xc1,0x08,0xc1,0x08,
0xc1,0x08,0xc1,0x08,0xc1,0x08,0xc1,0x08,0xc1,0x08,0xc1,0x08,0xc1,0x08,0xc1,0x08,
0xc1,0x08,0xc1,0x08,0xc1,0x08,0xc1,0x08,0xc1,0x08,0xc1,0x08,0xc1,0x08,0xc1,0x08,
0xc1,0x08,0xc1,0x08,0xc1,0x08,0xc1,0x08,0xc1,0x08,0xc1,0x08,0xc1,0x08,0xc1,0x08,
0xc1,0x08,0xc1,0x08,0xc1,0x08,0xc1,0x08,0xc1,0x08,0xc1,0x08,0xc1,0x08,0xc1,0x08,
0xc1,0x08,0xc1,0x08,0xc1,0x08,0xc1,0x08,0xc1,0x08,0xc1,0x08,0xc1,0x08,0xc1,0x08,
0xc1,0x08,0xc1,0x08,0xc1,0x08,0xc1,0x08,0xc1,0x08,0xc1,0x08,0xc1,0x08,0xc1,0x08,
0xc1,0x08,0xc1,0x08,0xc1,0x08,0xc1,0x08,0xc1,0x08,0xc1,0x08,0xc1,0x08,0xc1,0x08,
0xc1,0x08,0xc1,0x08,0xc1,0x08,0xc1,0x08,0xc1,0x08,0xc1,0x08,0xc1,0x08,0xc1,0x08,
0xc1,0x08,0xc1,0x08,0xc1,0x08,0xc1,0x08,0xc1,0x08,0xc1,0x08,0xc1,0x08,0xc1,0x08,
0xc1,0x08,0xc1,0x08,0xc1,0x08,0xc1,0x08,0xc1,0x08,0xc1,0x08,0xc1,0x08,0xc1,0x08,
0xc1,0x08,0xc1,0x08,0xc1,0x08,0xc1,0x08,0xc1,0x08,0xc1,0x08,0xc1,0x08,0xc1,0x08,
0xc1,0x08,0xc1,0x08,0xc1,0x08,0xc1,0x08,0xc1,0x08,0xc1,0x08,0xc1,0x08,0xc1,0x08,
0xc1,0x08,0xc1,0x08,0xc1,0x08,0xc1,0x08,0xc1,0x08,0xc1,0x08,0xc1,0x08,0xc1,0x08,
0xc1,0x08,0xc1,0x08,0xc1,0x08,0xc1,0x08,0xc1,0x08,0xc1,0x08,0xc1,0x08,0xc1,0x08,
0xc1,0x08,0xc1,0x08,0xc1,0x08,0xc1,0x08,0xc1,0x08,0xc1,0x08,0xc1,0x08,0xc1,0x08,
0xc1,0x08,0xc1,0x08,0xc1,0x08,0xc1,0x08,0xc1,0x08,0xc1,0x08,0xc1,0x08,0xc1,0x08,
0xc1,0x08,0xc1,0x08,0xc1,0x08,0xc1,0x08,0xc1,0x08,0xc1,0x08,0xc1,0x08,0xc1,0x08,
0xc1,0x08,0xc1,0x08,0xc1,0x08,0xc1,0x08,0xc1,0x08,0xc1,0x08,0xc1,0x08,0xc1,0x08,
0xc1,0x08,0xc1,0x08,0xc1,0x08,0xc1,0x08,0xc1,0x08,0xc1,0x08,0xc1,0x08,0xc1,0x08,
0xc1,0x08,0xc1,0x08,0xc1,0x08,0xc1,0x08,0xc1,0x08,0xc1,0x08,0xc1,0x08,0xc1,0x08,
0xc1,0x08,0xc1,0x08,0xc1,0x08,0xc1,0x08,0xc1,0x08,0xc1,0x08,0xc1,0x08,0xc1,0x08,
0xc1,0x08,0xc1,0x08,0xc1,0x08,0xc1,0x08,0xc1,0x08,0xc1,0x08,0xc1,0x08,0xc1,0x08,
0xc1,0x08,0xc1,0x08,0xc1,0x08,0xc1,0x08,0xc1,0x08,0xc1,0x08,0xc1,0x08,0xc1,0x08,
0xc1,0x08,0xc1,0x08,0xc1,0x08,0xc1,0x08,0xc1,0x08,0xc1,0x08,0xc1,0x08,0xc1,0x08,
0xc1,0x08,0xc1,0x08,0xc1,0x08,0xc1,0x08,0xc1,0x08,0xc1,0x08,0xc1,0x08,0xc1,0x08,
0xc1,0x08,0xc1,0x08,0xc1,0x08,0xc1,0x08,0xc1,0x08,0xc1,0x08,0xc1,0x08,0xc1,0x08,
0xc1,0x08,0xc1,0x08,0xc1,0x08,0xc1,0x08,0xc1,0x08,0xc1,0x08,0xc1,0x08,0xc1,0x08,
0xc1,0x08,0xc1,0x08,0xc1,0x08,0xc1,0x08,0xc1,0x08,0xc1,0x08,0xc1,0x08,0xc1,0x08,
0xc1,0x08,0xc1,0x08,0xc1,0x08,0xc1,0x08,0xc1,0x08,0xc1,0x08,0xc1,0x08,0xc1,0x08,
0xc1,0x08,0xc1,0x08,0xc1,0x08,0xc1,0x08,0xc1,0x08,0xc1,0x08,0xc1,0x08,0xc1,0x08,
0xc1,0x08,0xc1,0x08,0xc1,0x08,0xc1,0x08,0xc1,0x08,0xc1,0x08,0xc1,0x08,0xc1,0x08,
0xc1,0x08,0xc1,0x08,0xc1,0x08,0xc1,0x08,0xc1,0x08,0xc1,0x08,0xc1,0x08,0xc1,0x08,
0xc1,0x08,0xc1,0x08,0xc1,0x08,0xc1,0x08,0xc1,0x08,0xc1,0x08,0xc1,0x08,0xc1,0x08,
0xc1,0x08,0xc1,0x08,0xc1,0x08,0xc1,0x08,0xc1,0x08,0xc1,0x08,0xc1,0x08,0xc1,0x08,
0xc1,0x08,0xc1,0x08,0xc1,0x08,0xc1,0x08,0xc1,0x08,0xc1,0x08,0xc1,0x08,0xc1,0x08,
0xc1,0x08,0xc1,0x08,0xc1,0x08,0xc1,0x08,0xc1,0x08,0xc1,0x08,0xc1,0x08,0xc1,0x08,
0xc1,0x08,0xc1,0x08,0xc1,0x08,0xc1,0x08,0xc1,0x08,0xc1,0x08,0xc1,0x08,0xc1,0x08,
0xc1,0x08,0xc1,0x08,0xc1,0x08,0xc1,0x08,0xc1,0x08,0xc1,0x08,0xc1,0x08,0xc1,0x08,
0xc1,0x08,0xc1,0x08,0xc1,0x08,0xc1,0x08,0xc1,0x08,0xc1,0x08,0xc1,0x08,0xc1,0x08,
0xc1,0x08,0xc1,0x08,0xc1,0x08,0xc1,0x08,0xc1,0x08,0xc1,0x08,0xc1,0x08,0xc1,0x08,
0xc1,0x08,0xc1,0x08,0xc1,0x08,0xc1,0x08,0xc1,0x08,0xc1,0x08,0xc1,0x08,0xc1,0x08,
0xc1,0x08,0xc1,0x08,0xc1,0x08,0xc1,0x08,0xc1,0x08,0xc1,0x08,0xc1,0x08,0xc1,0x08,
0xc1,0x08,0xc1,0x08,0xc1,0x08,0xc1,0x08,0xc1,0x08,0xc1,0x08,0xc1,0x08,0xc1,0x08,
0xc1,0x08,0xc1,0x08,0xc1,0x08,0xc1,0x08,0xc1,0x08,0xc1,0x08,0xc1,0x08,0xc1,0x08,
0xc1,0x08,0xc1,0x08,0xc1,0x08,0xc1,0x08,0xc1,0x08,0xc1,0x08,0xc1,0x08,0xc1,0x08,
0xc1,0x08,0xc1,0x08,0xc1,0x08,0xc1,0x08,0xc1,0x08,0xc1,0x08,0xc1,0x08,0xc1,0x08,
0xc1,0x08,0xc1,0x08,0xc1,0x08,0xc1,0x08,0xc1,0x08,0xc1,0x08,0xc1,0x08,0xc1,0x08,
0xc1,0x08,0xc1,0x08,0xc1,0x08,0xc1,0x08,0xc1,0x08,0xc1,0x08,0xc1,0x08,0xc1,0x08,
0xc1,0x08,0xc1,0x08,0xc1,0x08,0xc1,0x08,0xc1,0x08,0xc1,0x08,0xc1,0x08,0xc1,0x08,
0xc1,0x08,0xc1,0x08,0xc1,0x08,0xc1,0x08,0xc1,0x08,0xc1,0x08,0xc1,0x08,0xc1,0x08,
0xc1,0x08,0xc1,0x08,0xc1,0x08,0xc1,0x08,0xc1,0x08,0xc1,0x08,0xc1,0x08,0xc1,0x08,
0xc1,0x08,0xc1,0x08,0xc1,0x08,0xc1,0x08,0xc1,0x08,0xc1,0x08,0xc1,0x08,0xc1,0x08,
0xc1,0x08,0xc1,0x08,0xc1,0x08,0xc1,0x08,0xc1,0x08,0xc1,0x08,0xc1,0x08,0xc1,0x08,
0xc1,0x08,0xc1,0x08,0xc1,0x08,0xc1,0x08,0xc1,0x08,0xc1,0x08,0xc1,0x08,0xc1,0x08,
0xc1,0x08,0xc1,0x08,0xc1,0x08,0xc1,0x08,0xc1,0x08,0xc1,0x08,0xc1,0x08,0xc1,0x08,
0xc1,0x08,0xc1,0x08,0xc1,0x08,0xc1,0x08,0xc1,0x08,0xc1,0x08,0xc1,0x08,0xc1,0x08,
0xc1,0x08,0xc1,0x08,0xc1,0x08,0xc1,0x08,0xc1,0x08,0xc1,0x08,0xc1,0x08,0xc1,0x08,
0xc1,0x08,0xc1,0x08,0xc1,0x08,0xc1,0x08,0xc1,0x08,0xc1,0x08,0xc1,0x08,0xc1,0x08,
0xc1,0x08,0xc1,0x08,0xc1,0x08,0xc1,0x08,0xc1,0x08,0xc1,0x08,0xc1,0x08,0xc1,0x08,
0xc1,0x08,0xc1,0x08,0xc1,0x08,0xc1,0x08,0xc1,0x08,0xc1,0x08,0xc1,0x08,0xc1,0x08,
0xc1,0x08,0xc1,0x08,0xc1,0x08,0xc1,0x08,0xc1,0x08,0xc1,0x08,0xc1,0x08,0xc1,0x08,
0xc1,0x08,0xc1,0x08,0xc1,0x08,0xc1,0x08,0xc1,0x08,0xc1,0x08,0xc1,0x08,0xc1,0x08,
0xc1,0x08,0xc1,0x08,0xc1,0x08,0xc1,0x08,0xc1,0x08,0xc1,0x08,0xc1,0x08,0xc1,0x08,
0xc1,0x08,0xc1,0x08,0xc1,0x08,0xc1,0x08,0xc1,0x08,0xc1,0x08,0xc1,0x08,0xc1,0x08,
0xc1,0x08,0xc1,0x08,0xc1,0x08,0xc1,0x08,0xc1,0x08,0xc1,0x08,0xc1,0x08,0xc1,0x08,
0xc1,0x08,0xc1,0x08,0xc1,0x08,0xc1,0x08,0xc1,0x08,0xc1,0x08,0xc1,0x08,0xc1,0x08,
0xc1,0x08,0xc1,0x08,0xc1,0x08,0xc1,0x08,0xc1,0x08,0xc1,0x08,0xc1,0x08,0xc1,0x08,
0xc1,0x08,0xc1,0x08,0xc1,0x08,0xc1,0x08,0xc1,0x08,0xc1,0x08,0xc1,0x08,0xc1,0x08,
0xc1,0x08,0xc1,0x08,0xc1,0x08,0xc1,0x08,0xc1,0x08,0xc1,0x08,0xc1,0x08,0xc1,0x08,
0xc1,0x08,0xc1,0x08,0xc1,0x08,0xc1,0x08,0xc1,0x08,0xc1,0x08,0xc1,0x08,0xc1,0x08,
0xc1,0x08,0xc1,0x08,0xc1,0x08,0xc1,0x08,0xc1,0x08,0xc1,0x08,0xc1,0x08,0xc1,0x08,
0xc1,0x08,0xc1,0x08,0xc1,0x08,0xc1,0x08,0xc1,0x08,0xc1,0x08,0xc1,0x08,0xc1,0x08,
0xc1,0x08,0xc1,0x08,0xc1,0x08,0xc1,0x08,0xc1,0x08,0xc1,0x08,0xc1,0x08,0xc1,0x08,
0xc1,0x08,0xc1,0x08,0xc1,0x08,0xc1,0x08,0xc1,0x08,0xc1,0x08,0xc1,0x08,0xc1,0x08,
0xc1,0x08,0xc1,0x08,0xc1,0x08,0xc1,0x08,0xc1,0x08,0xc1,0x08,0xc1,0x08,0xc1,0x08,
0xc1,0x08,0xc1,0x08,0xc1,0x08,0xc1,0x08,0xc1,0x08,0xc1,0x08,0xc1,0x08,0xc1,0x08,
0xc1,0x08,0xc1,0x08,0xc1,0x08,0xc1,0x08,0xc1,0x08,0xc1,0x08,0xc1,0x08,0xc1,0x08,
0xc1,0x08,0xc1,0x08,0xc1,0x08,0xc1,0x08,0xc1,0x08,0xc1,0x08,0xc1,0x08,0xc1,0x08,
0xc1,0x08,0xc1,0x08,0xc1,0x08,0xc1,0x08,0xc1,0x08,0xc1,0x08,0xc1,0x08,0xc1,0x08,
0xc1,0x08,0xc1,0x08,0xc1,0x08,0xc1,0x08,0xc1,0x08,0xc1,0x08,0xc1,0x08,0xc1,0x08,
0xc1,0x08,0xc1,0x08,0xc1,0x08,0xc1,0x08,0xc1,0x08,0xc1,0x08,0xc1,0x08,0xc1,0x08,
0xc1,0x08,0xc1,0x08,0xc1,0x08,0xc1,0x08,0xc1,0x08,0xc1,0x08,0xc1,0x08,0xc1,0x08,
0xc1,0x08,0xc1,0x08,0xc1,0x08,0xc1,0x08,0xc1,0x08,0xc1,0x08,0xc1,0x08,0xc1,0x08,
0xc1,0x08,0xc1,0x08,0xc1,0x08,0xc1,0x08,0xc1,0x08,0xc1,0x08,0xc1,0x08,0xc1,0x08,
0xc1,0x08,0xc1,0x08,0xc1,0x08,0xc1,0x08,0xc1,0x08,0xc1,0x08,0xc1,0x08,0xc1,0x08,
0xc1,0x08,0xc1,0x08,0xc1,0x08,0xc1,0x08,0xc1,0x08,0xc1,0x08,0xc1,0x08,0xc1,0x08,
0xc1,0x08,0xc1,0x08,0xc1,0x08,0xc1,0x08,0xc1,0x08,0xc1,0x08,0xc1,0x08,0xc1,0x08,
0xc1,0x08,0xc1,0x08,0xc1,0x08,0xc1,0x08,0xc1,0x08,0xc1,0x08,0xc1,0x08,0xc1,0x08,
0xc1,0x08,0xc1,0x08,0xc1,0x08,0xc1,0x08,0xc1,0x08,0xc1,0x08,0xc1,0x08,0xc1,0x08,
0xc1,0x08,0xc1,0x08,0xc1,0x08,0xc1,0x08,0xc1,0x08,0xc1,0x08,0xc1,0x08,0xc1,0x08,
0xc1,0x08,0xc1,0x08,0xc1,0x08,0xc1,0x08,0xc1,0x08,0xc1,0x08,0xc1,0x08,0xc1,0x08,
0xc1,0x08,0xc1,0x08,0xc1,0x08,0xc1,0x08,0xc1,0x08,0xc1,0x08,0xc1,0x08,0xc1,0x08,
0xc1,0x08,0xc1,0x08,0xc1,0x08,0xc1,0x08,0xc1,0x08,0xc1,0x08,0xc1,0x08,0xc1,0x08,
0xc1,0x08,0xc1,0x08,0xc1,0x08,0xc1,0x08,0xc1,0x08,0xc1,0x08,0xc1,0x08,0xc1,0x08,
0xc1,0x08,0xc1,0x08,0xc1,0x08,0xc1,0x08,0xc1,0x08,0xc1,0x08,0xc1,0x08,0xc1,0x08,
0xc1,0x08,0xc1,0x08,0xc1,0x08,0xc1,0x08,0xc1,0x08,0xc1,0x08,0xc1,0x08,0xc1,0x08,
0xc1,0x08,0xc1,0x08,0xc1,0x08,0xc1,0x08,0xc1,0x08,0xc1,0x08,0xc1,0x08,0xc1,0x08,
0xc1,0x08,0xc1,0x08,0xc1,0x08,0xc1,0x08,0xc1,0x08,0xc1,0x08,0xc1,0x08,0xc1,0x08,
0xc1,0x08,0xc1,0x08,0xc1,0x08,0xc1,0x08,0xc1,0x08,0xc1,0x08,0xc1,0x08,0xc1,0x08,
0xc1,0x08,0xc1,0x08,0xc1,0x08,0xc1,0x08,0xc1,0x08,0xc1,0x08,0xc1,0x08,0xc1,0x08,
0xc1,0x08,0xc1,0x08,0xc1,0x08,0xc1,0x08,0xc1,0x08,0xc1,0x08,0xc1,0x08,0xc1,0x08,
0xc1,0x08,0xc1,0x08,0xc1,0x08,0xc1,0x08,0xc1,0x08,0xc1,0x08,0xc1,0x08,0xc1,0x08,
0xc1,0x08,0xc1,0x08,0xc1,0x08,0xc1,0x08,0xc1,0x08,0xc1,0x08,0xc1,0x08,0xc1,0x08,
0xc1,0x08,0xc1,0x08,0xc1,0x08,0xc1,0x08,0xc1,0x08,0xc1,0x08,0xc1,0x08,0xc1,0x08,
0xc1,0x08,0xc1,0x08,0xc1,0x08,0xc1,0x08,0xc1,0x08,0xc1,0x08,0xc1,0x08,0xc1,0x08,
0xc1,0x08,0xc1,0x08,0xc1,0x08,0xc1,0x08,0xc1,0x08,0xc1,0x08,0xc1,0x08,0xc1,0x08,
0xc1,0x08,0xc1,0x08,0xc1,0x08,0xc1,0x08,0xc1,0x08,0xc1,0x08,0xc1,0x08,0xc1,0x08,
0xc1,0x08,0xc1,0x08,0xc1,0x08,0xc1,0x08,0xc1,0x08,0xc1,0x08,0xc1,0x08,0xc1,0x08,
0xc1,0x08,0xc1,0x08,0xc1,0x08,0xc1,0x08,0xc1,0x08,0xc1,0x08,0xc1,0x08,0xc1,0x08,
0xc1,0x08,0xc1,0x08,0xc1,0x08,0xc1,0x08,0xc1,0x08,0xc1,0x08,0xc1,0x08,0xc1,0x08,
0xc1,0x08,0xc1,0x08,0xc1,0x08,0xc1,0x08,0xc1,0x08,0xc1,0x08,0xc1,0x08,0xc1,0x08,
0xc1,0x08,0xc1,0x08,0xc1,0x08,0xc1,0x08,0xc1,0x08,0xc1,0x08,0xc1,0x08,0xc1,0x08,
0xc1,0x08,0xc1,0x08,0xc1,0x08,0xc1,0x08,0xc1,0x08,0xc1,0x08,0xc1,0x08,0xc1,0x08,
0xc1,0x08,0xc1,0x08,0xc1,0x08,0xc1,0x08,0xc1,0x08,0xc1,0x08,0xc1,0x08,0xc1,0x08,
0xc1,0x08,0xc1,0x08,0xc1,0x08,0xc1,0x08,0xc1,0x08,0xc1,0x08,0xc1,0x08,0xc1,0x08,
0xc1,0x08,0xc1,0x08,0xc1,0x08,0xc1,0x08,0xc1,0x08,0xc1,0x08,0xc1,0x08,0xc1,0x08,
0xc1,0x08,0xc1,0x08,0xc1,0x08,0xc1,0x08,0xc1,0x08,0xc1,0x08,0xc1,0x08,0xc1,0x08,
0xc1,0x08,0xc1,0x08,0xc1,0x08,0xc1,0x08,0xc1,0x08,0xc1,0x08,0xc1,0x08,0xc1,0x08,
0xc1,0x08,0xc1,0x08,0xc1,0x08,0xc1,0x08,0xc1,0x08,0xc1,0x08,0xc1,0x08,0xc1,0x08,
0xc1,0x08,0xc1,0x08,0xc1,0x08,0xc1,0x08,0xc1,0x08,0xc1,0x08,0xc1,0x08,0xc1,0x08,
0xc1,0x08,0xc1,0x08,0xc1,0x08,0xc1,0x08,0xc1,0x08,0xc1,0x08,0xc1,0x08,0xc1,0x08,
0xc1,0x08,0xc1,0x08,0xc1,0x08,0xc1,0x08,0xc1,0x08,0xc1,0x08,0xc1,0x08,0xc1,0x08,
0xc1,0x08,0xc1,0x08,0xc1,0x08,0xc1,0x08,0xc1,0x08,0xc1,0x08,0xc1,0x08,0xc1,0x08,
0xc1,0x08,0xc1,0x08,0xc1,0x08,0xc1,0x08,0xc1,0x08,0xc1,0x08,0xc1,0x08,0xc1,0x08,
0xc1,0x08,0xc1,0x08,0xc1,0x08,0xc1,0x08,0xc1,0x08,0xc1,0x08,0xc1,0x08,0xc1,0x08,
0xc1,0x08,0xc1,0x08,0xc1,0x08,0xc1,0x08,0xc1,0x08,0xc1,0x08,0xc1,0x08,0xc1,0x08,
0xc1,0x08,0xc1,0x08,0xc1,0x08,0xc1,0x08,0xc1,0x08,0xc1,0x08,0xc1,0x08,0xc1,0x08,
0xc1,0x08,0xc1,0x08,0xc1,0x08,0xc1,0x08,0xc1,0x08,0xc1,0x08,0xc1,0x08,0xc1,0x08,
0xc1,0x08,0xc1,0x08,0xc1,0x08,0xc1,0x08,0xc1,0x08,0xc1,0x08,0xc1,0x08,0xc1,0x08,
0xc1,0x08,0xc1,0x08,0xc1,0x08,0xc1,0x08,0xc1,0x08,0xc1,0x08,0xc1,0x08,0xc1,0x08,
0xc1,0x08,0xc1,0x08,0xc1,0x08,0xc1,0x08,0xc1,0x08,0xc1,0x08,0xc1,0x08,0xc1,0x08,
0xc1,0x08,0xc1,0x08,0xc1,0x08,0xc1,0x08,0xc1,0x08,0xc1,0x08,0xc1,0x08,0xc1,0x08,
0xc1,0x08,0xc1,0x08,0xc1,0x08,0xc1,0x08,0xc1,0x08,0xc1,0x08,0xc1,0x08,0xc1,0x08,
0xc1,0x08,0xc1,0x08,0xc1,0x08,0xc1,0x08,0xc1,0x08,0xc1,0x08,0xc1,0x08,0xc1,0x08,
0xc1,0x08,0xc1,0x08,0xc1,0x08,0xc1,0x08,0xc1,0x08,0xc1,0x08,0xc1,0x08,0xc1,0x08,
0xc1,0x08,0xc1,0x08,0xc1,0x08,0xc1,0x08,0xc1,0x08,0xc1,0x08,0xc1,0x08,0xc1,0x08,
0xc1,0x08,0xc1,0x08,0xc1,0x08,0xc1,0x08,0xc1,0x08,0xc1,0x08,0xc1,0x08,0xc1,0x08,
0xc1,0x08,0xc1,0x08,0xc1,0x08,0xc1,0x08,0xc1,0x08,0xc1,0x08,0xc1,0x08,0xc1,0x08,
0xc1,0x08,0xc1,0x08,0xc1,0x08,0xc1,0x08,0xc1,0x08,0xc1,0x08,0xc1,0x08,0xc1,0x08,
0xc1,0x08,0xc1,0x08,0xc1,0x08,0xc1,0x08,0xc1,0x08,0xc1,0x08,0xc1,0x08,0xc1,0x08,
0xc1,0x08,0xc1,0x08,0xc1,0x08,0xc1,0x08,0xc1,0x08,0xc1,0x08,0xc1,0x08,0xc1,0x08,
0xc1,0x08,0xc1,0x08,0xc1,0x08,0xc1,0x08,0xc1,0x08,0xc1,0x08,0xc1,0x08,0xc1,0x08,
0xc1,0x08,0xc1,0x08,0xc1,0x08,0xc1,0x08,0xc1,0x08,0xc1,0x08,0xc1,0x08,0xc1,0x08,
0xc1,0x08,0xc1,0x08,0xc1,0x08,0xc1,0x08,0xc1,0x08,0xc1,0x08,0xc1,0x08,0xc1,0x08,
0xc1,0x08,0xc1,0x08,0xc1,0x08,0xc1,0x08,0xc1,0x08,0xc1,0x08,0xc1,0x08,0xc1,0x08,
0xc1,0x08,0xc1,0x08,0xc1,0x08,0xc1,0x08,0xc1,0x08,0xc1,0x08,0xc1,0x08,0xc1,0x08,
0xc1,0x08,0xc1,0x08,0xc1,0x08,0xc1,0x08,0xc1,0x08,0xc1,0x08,0xc1,0x08,0xc1,0x08,
0xc1,0x08,0xc1,0x08,0xc1,0x08,0xc1,0x08,0xc1,0x08,0xc1,0x08,0xc1,0x08,0xc1,0x08,
0xc1,0x08,0xc1,0x08,0xc1,0x08,0xc1,0x08,0xc1,0x08,0xc1,0x08,0xc1,0x08,0xc1,0x08,
0xc1,0x08,0xc1,0x08,0xc1,0x08,0xc1,0x08,0xc1,0x08,0xc1,0x08,0xc1,0x08,0xc1,0x08,
0xc1,0x08,0xc1,0x08,0xc1,0x08,0xc1,0x08,0xc1,0x08,0xc1,0x08,0xc1,0x08,0xc1,0x08,
0xc1,0x08,0xc1,0x08,0xc1,0x08,0xc1,0x08,0xc1,0x08,0xc1,0x08,0xc1,0x08,0xc1,0x08,
0xc1,0x08,0xc1,0x08,0xc1,0x08,0xc1,0x08,0xc1,0x08,0xc1,0x08,0xc1,0x08,0xc1,0x08,
0xc1,0x08,0xc1,0x08,0xc1,0x08,0xc1,0x08,0xc1,0x08,0xc1,0x08,0xc1,0x08,0xc1,0x08,
0xc1,0x08,0xc1,0x08,0xc1,0x08,0xc1,0x08,0xc1,0x08,0xc1,0x08,0xc1,0x08,0xc1,0x08,
0xc1,0x08,0xc1,0x08,0xc1,0x08,0xc1,0x08,0xc1,0x08,0xc1,0x08,0xc1,0x08,0xc1,0x08,
0xc1,0x08,0xc1,0x08,0xc1,0x08,0xc1,0x08,0xc1,0x08,0xc1,0x08,0xc1,0x08,0xc1,0x08,
0xc1,0x08,0xc1,0x08,0xc1,0x08,0xc1,0x08,0xc1,0x08,0xc1,0x08,0xc1,0x08,0xc1,0x08,
0xc1,0x08,0xc1,0x08,0xc1,0x08,0xc1,0x08,0xc1,0x08,0xc1,0x08,0xc1,0x08,0xc1,0x08,
0xc1,0x08,0xc1,0x08,0xc1,0x08,0xc1,0x08,0xc1,0x08,0xc1,0x08,0xc1,0x08,0xc1,0x08,
0xc1,0x08,0xc1,0x08,0xc1,0x08,0xc1,0x08,0xc1,0x08,0xc1,0x08,0xc1,0x08,0xc1,0x08,
0xc1,0x08,0xc1,0x08,0xc1,0x08,0xc1,0x08,0xc1,0x08,0xc1,0x08,0xc1,0x08,0xc1,0x08,
0xc1,0x08,0xc1,0x08,0xc1,0x08,0xc1,0x08,0xc1,0x08,0xc1,0x08,0xc1,0x08,0xc1,0x08,
0xc1,0x08,0xc1,0x08,0xc1,0x08,0xc1,0x08,0xc1,0x08,0xc1,0x08,0xc1,0x08,0xc1,0x08,
0xc1,0x08,0xc1,0x08,0xc1,0x08,0xc1,0x08,0xc1,0x08,0xc1,0x08,0xc1,0x08,0xc1,0x08,
0xc1,0x08,0xc1,0x08,0xc1,0x08,0xc1,0x08,0xc1,0x08,0xc1,0x08,0xc1,0x08,0xc1,0x08,
0xc1,0x08,0xc1,0x08,0xc1,0x08,0xc1,0x08,0xc1,0x08,0xc1,0x08,0xc1,0x08,0xc1,0x08,
0xc1,0x08,0xc1,0x08,0xc1,0x08,0xc1,0x08,0xc1,0x08,0xc1,0x08,0xc1,0x08,0xc1,0x08,
0xc1,0x08,0xc1,0x08,0xc1,0x08,0xc1,0x08,0xc1,0x08,0xc1,0x08,0xc1,0x08,0xc1,0x08,
0xc1,0x08,0xc1,0x08,0xc1,0x08,0xc1,0x08,0xc1,0x08,0xc1,0x08,0xc1,0x08,0xc1,0x08,
0xc1,0x08,0xc1,0x08,0xc1,0x08,0xc1,0x08,0xc1,0x08,0xc1,0x08,0xc1,0x08,0xc1,0x08,
0xc1,0x08,0xc1,0x08,0xc1,0x08,0xc1,0x08,0xc1,0x08,0xc1,0x08,0xc1,0x08,0xc1,0x08,
0xc1,0x08,0xc1,0x08,0xc1,0x08,0xc1,0x08,0xc1,0x08,0xc1,0x08,0xc1,0x08,0xc1,0x08,
0xc1,0x08,0xc1,0x08,0xc1,0x08,0xc1,0x08,0xc1,0x08,0xc1,0x08,0xc1,0x08,0xc1,0x08,
0xc1,0x08,0xc1,0x08,0xc1,0x08,0xc1,0x08,0xc1,0x08,0xc1,0x08,0xc1,0x08,0xc1,0x08,
0xc1,0x08,0xc1,0x08,0xc1,0x08,0xc1,0x08,0xc1,0x08,0xc1,0x08,0xc1,0x08,0xc1,0x08,
0xc1,0x08,0xc1,0x08,0xc1,0x08,0xc1,0x08,0xc1,0x08,0xc1,0x08,0xc1,0x08,0xc1,0x08,
0xc1,0x08,0xc1,0x08,0xc1,0x08,0xc1,0x08,0xc1,0x08,0xc1,0x08,0xc1,0x08,0xc1,0x08,
0xc1,0x08,0xc1,0x08,0xc1,0x08,0xc1,0x08,0xc1,0x08,0xc1,0x08,0xc1,0x08,0xc1,0x08,
0xc1,0x08,0xc1,0x08,0xc1,0x08,0xc1,0x08,0xc1,0x08,0xc1,0x08,0xc1,0x08,0xc1,0x08,
0xc1,0x08,0xc1,0x08,0xc1,0x08,0xc1,0x08,0xc1,0x08,0xc1,0x08,0xc1,0x08,0xc1,0x08,
0xc1,0x08,0xc1,0x08,0xc1,0x08,0xc1,0x08,0xc1,0x08,0xc1,0x08,0xc1,0x08,0xc1,0x08,
0xc1,0x08,0xc1,0x08,0xc1,0x08,0xc1,0x08,0xc1,0x08,0xc1,0x08,0xc1,0x08,0xc1,0x08,
0xc1,0x08,0xc1,0x08,0xc1,0x08,0xc1,0x08,0xc1,0x08,0xc1,0x08,0xc1,0x08,0xc1,0x08,
0xc1,0x08,0xc1,0x08,0xc1,0x08,0xc1,0x08,0xc1,0x08,0xc1,0x08,0xc1,0x08,0xc1,0x08,
0xc1,0x08,0xc1,0x08,0xc1,0x08,0xc1,0x08,0xc1,0x08,0xc1,0x08,0xc1,0x08,0xc1,0x08,
0xc1,0x08,0xc1,0x08,0xc1,0x08,0xc1,0x08,0xc1,0x08,0xc1,0x08,0xc1,0x08,0xc1,0x08,
0xc1,0x08,0xc1,0x08,0xc1,0x08,0xc1,0x08,0xc1,0x08,0xc1,0x08,0xc1,0x08,0xc1,0x08,
0xc1,0x08,0xc1,0x08,0xc1,0x08,0xc1,0x08,0xc1,0x08,0xc1,0x08,0xc1,0x08,0xc1,0x08,
0xc1,0x08,0xc1,0x08,0xc1,0x08,0xc1,0x08,0xc1,0x08,0xc1,0x08,0xc1,0x08,0xc1,0x08,
0xc1,0x08,0xc1,0x08,0xc1,0x08,0xc1,0x08,0xc1,0x08,0xc1,0x08,0xc1,0x08,0xc1,0x08,
0xc1,0x08,0xc1,0x08,0xc1,0x08,0xc1,0x08,0xc1,0x08,0xc1,0x08,0xc1,0x08,0xc1,0x08,
0xc1,0x08,0xc1,0x08,0xc1,0x08,0xc1,0x08,0xc1,0x08,0xc1,0x08,0xc1,0x08,0xc1,0x08,
0xc1,0x08,0xc1,0x08,0xc1,0x08,0xc1,0x08,0xc1,0x08,0xc1,0x08,0xc1,0x08,0xc1,0x08,
0xc1,0x08,0xc1,0x08,0xc1,0x08,0xc1,0x08,0xc1,0x08,0xc1,0x08,0xc1,0x08,0xc1,0x08,
0xc1,0x08,0xc1,0x08,0xc1,0x08,0xc1,0x08,0xc1,0x08,0xc1,0x08,0xc1,0x08,0xc1,0x08,
0xc1,0x08,0xc1,0x08,0xc1,0x08,0xc1,0x08,0xc1,0x08,0xc1,0x08,0xc1,0x08,0xc1,0x08,
0xc1,0x08,0xc1,0x08,0xc1,0x08,0xc1,0x08,0xc1,0x08,0xc1,0x08,0xc1,0x08,0xc1,0x08,
0xc1,0x08,0xc1,0x08,0xc1,0x08,0xc1,0x08,0xc1,0x08,0xc1,0x08,0xc1,0x08,0xc1,0x08,
0xc1,0x08,0xc1,0x08,0xc1,0x08,0xc1,0x08,0xc1,0x08,0xc1,0x08,0xc1,0x08,0xc1,0x08,
0xc1,0x08,0xc1,0x08,0xc1,0x08,0xc1,0x08,0xc1,0x08,0xc1,0x08,0xc1,0x08,0xc1,0x08,
0xc1,0x08,0xc1,0x08,0xc1,0x08,0xc1,0x08,0xc1,0x08,0xc1,0x08,0xc1,0x08,0xc1,0x08,
0xc1,0x08,0xc1,0x08,0xc1,0x08,0xc1,0x08,0xc1,0x08,0xc1,0x08,0xc1,0x08,0xc1,0x08,
0xc1,0x08,0xc1,0x08,0xc1,0x08,0xc1,0x08,0xc1,0x08,0xc1,0x08,0xc1,0x08,0xc1,0x08,
0xc1,0x08,0xc1,0x08,0xc1,0x08,0xc1,0x08,0xc1,0x08,0xc1,0x08,0xc1,0x08,0xc1,0x08,
0xc1,0x08,0xc1,0x08,0xc1,0x08,0xc1,0x08,0xc1,0x08,0xc1,0x08,0xc1,0x08,0xc1,0x08,
0xc1,0x08,0xc1,0x08,0xc1,0x08,0xc1,0x08,0xc1,0x08,0xc1,0x08,0xc1,0x08,0xc1,0x08,
0xc1,0x08,0xc1,0x08,0xc1,0x08,0xc1,0x08,0xc1,0x08,0xc1,0x08,0xc1,0x08,0xc1,0x08,
0xc1,0x08,0xc1,0x08,0xc1,0x08,0xc1,0x08,0xc1,0x08,0xc1,0x08,0xc1,0x08,0xc1,0x08,
0xc1,0x08,0xc1,0x08,0xc1,0x08,0xc1,0x08,0xc1,0x08,0xc1,0x08,0xc1,0x08,0xc1,0x08,
0xc1,0x08,0xc1,0x08,0xc1,0x08,0xc1,0x08,0xc1,0x08,0xc1,0x08,0xc1,0x08,0xc1,0x08,
0xc1,0x08,0xc1,0x08,0xc1,0x08,0xc1,0x08,0xc1,0x08,0xc1,0x08,0xc1,0x08,0xc1,0x08,
0xc1,0x08,0xc1,0x08,0xc1,0x08,0xc1,0x08,0xc1,0x08,0xc1,0x08,0xc1,0x08,0xc1,0x08,
0xc1,0x08,0xc1,0x08,0xc1,0x08,0xc1,0x08,0xc1,0x08,0xc1,0x08,0xc1,0x08,0xc1,0x08,
0xc1,0x08,0xc1,0x08,0xc1,0x08,0xc1,0x08,0xc1,0x08,0xc1,0x08,0xc1,0x08,0xc1,0x08,
0xc1,0x08,0xc1,0x08,0xc1,0x08,0xc1,0x08,0xc1,0x08,0xc1,0x08,0xc1,0x08,0xc1,0x08,
0xc1,0x08,0xc1,0x08,0xc1,0x08,0xc1,0x08,0xc1,0x08,0xc1,0x08,0xc1,0x08,0xc1,0x08,
0xc1,0x08,0xc1,0x08,0xc1,0x08,0xc1,0x08,0xc1,0x08,0xc1,0x08,0xc1,0x08,0xc1,0x08,
0xc1,0x08,0xc1,0x08,0xc1,0x08,0xc1,0x08,0xc1,0x08,0xc1,0x08,0xc1,0x08,0xc1,0x08,
0xc1,0x08,0xc1,0x08,0xc1,0x08,0xc1,0x08,0xc1,0x08,0xc1,0x08,0xc1,0x08,0xc1,0x08,
0xc1,0x08,0xc1,0x08,0xc1,0x08,0xc1,0x08,0xc1,0x08,0xc1,0x08,0xc1,0x08,0xc1,0x08,
0xc1,0x08,0xc1,0x08,0xc1,0x08,0xc1,0x08,0xc1,0x08,0xc1,0x08,0xc1,0x08,0xc1,0x08,
0xc1,0x08,0xc1,0x08,0xc1,0x08,0xc1,0x08,0xc1,0x08,0xc1,0x08,0xc1,0x08,0xc1,0x08,
0xc1,0x08,0xc1,0x08,0xc1,0x08,0xc1,0x08,0xc1,0x08,0xc1,0x08,0xc1,0x08,0xc1,0x08,
0xc1,0x08,0xc1,0x08,0xc1,0x08,0xc1,0x08,0xc1,0x08,0xc1,0x08,0xc1,0x08,0xc1,0x08,
0xc1,0x08,0xc1,0x08,0xc1,0x08,0xc1,0x08,0xc1,0x08,0xc1,0x08,0xc1,0x08,0xc1,0x08,
0xc1,0x08,0xc1,0x08,0xc1,0x08,0xc1,0x08,0xc1,0x08,0xc1,0x08,0xc1,0x08,0xc1,0x08,
0xc1,0x08,0xc1,0x08,0xc1,0x08,0xc1,0x08,0xc1,0x08,0xc1,0x08,0xc1,0x08,0xc1,0x08,
0xc1,0x08,0xc1,0x08,0xc1,0x08,0xc1,0x08,0xc1,0x08,0xc1,0x08,0xc1,0x08,0xc1,0x08,
0xc1,0x08,0xc1,0x08,0xc1,0x08,0xc1,0x08,0xc1,0x08,0xc1,0x08,0xc1,0x08,0xc1,0x08,
0xc1,0x08,0xc1,0x08,0xc1,0x08,0xc1,0x08,0xc1,0x08,0xc1,0x08,0xc1,0x08,0xc1,0x08,
0xc1,0x08,0xc1,0x08,0xc1,0x08,0xc1,0x08,0xc1,0x08,0xc1,0x08,0xc1,0x08,0xc1,0x08,
0xc1,0x08,0xc1,0x08,0xc1,0x08,0xc1,0x08,0xc1,0x08,0xc1,0x08,0xc1,0x08,0xc1,0x08,
0xc1,0x08,0xc1,0x08,0xc1,0x08,0xc1,0x08,0xc1,0x08,0xc1,0x08,0xc1,0x08,0xc1,0x08,
0xc1,0x08,0xc1,0x08,0xc1,0x08,0xc1,0x08,0xc1,0x08,0xc1,0x08,0xc1,0x08,0xc1,0x08,
0xc1,0x08,0xc1,0x08,0xc1,0x08,0xc1,0x08,0xc1,0x08,0xc1,0x08,0xc1,0x08,0xc1,0x08,
0xc1,0x08,0xc1,0x08,0xc1,0x08,0xc1,0x08,0xc1,0x08,0xc1,0x08,0xc1,0x08,0xc1,0x08,
0xc1,0x08,0xc1,0x08,0xc1,0x08,0xc1,0x08,0xc1,0x08,0xc1,0x08,0xc1,0x08,0xc1,0x08,
0xc1,0x08,0xc1,0x08,0xc1,0x08,0xc1,0x08,0xc1,0x08,0xc1,0x08,0xc1,0x08,0xc1,0x08,
0xc1,0x08,0xc1,0x08,0xc1,0x08,0xc1,0x08,0xc1,0x08,0xc1,0x08,0xc1,0x08,0xc1,0x08,
0xc1,0x08,0xc1,0x08,0xc1,0x08,0xc1,0x08,0xc1,0x08,0xc1,0x08,0xc1,0x08,0xc1,0x08,
0xc1,0x08,0xc1,0x08,0xc1,0x08,0xc1,0x08,0xc1,0x08,0xc1,0x08,0xc1,0x08,0xc1,0x08,
0xc1,0x08,0xc1,0x08,0xc1,0x08,0xc1,0x08,0xc1,0x08,0xc1,0x08,0xc1,0x08,0xc1,0x08,
0xc1,0x08,0xc1,0x08,0xc1,0x08,0xc1,0x08,0xc1,0x08,0xc1,0x08,0xc1,0x08,0xc1,0x08,
0xc1,0x08,0xc1,0x08,0xc1,0x08,0xc1,0x08,0xc1,0x08,0xc1,0x08,0xc1,0x08,0xc1,0x08,
0xc1,0x08,0xc1,0x08,0xc1,0x08,0xc1,0x08,0xc1,0x08,0xc1,0x08,0xc1,0x08,0xc1,0x08,
0xc1,0x08,0xc1,0x08,0xc1,0x08,0xc1,0x08,0xc1,0x08,0xc1,0x08,0xc1,0x08,0xc1,0x08,
0xc1,0x08,0xc1,0x08,0xc1,0x08,0xc1,0x08,0xc1,0x08,0xc1,0x08,0xc1,0x08,0xc1,0x08,
0xc1,0x08,0xc1,0x08,0xc1,0x08,0xc1,0x08,0xc1,0x08,0xc1,0x08,0xc1,0x08,0xc1,0x08,
0xc1,0x08,0xc1,0x08,0xc1,0x08,0xc1,0x08,0xc1,0x08,0xc1,0x08,0xc1,0x08,0xc1,0x08,
0xc1,0x08,0xc1,0x08,0xc1,0x08,0xc1,0x08,0xc1,0x08,0xc1,0x08,0xc1,0x08,0xc1,0x08,
0xc1,0x08,0xc1,0x08,0xc1,0x08,0xc1,0x08,0xc1,0x08,0xc1,0x08,0xc1,0x08,0xc1,0x08,
0xc1,0x08,0xc1,0x08,0xc1,0x08,0xc1,0x08,0xc1,0x08,0xc1,0x08,0xc1,0x08,0xc1,0x08,
0xc1,0x08,0xc1,0x08,0xc1,0x08,0xc1,0x08,0xc1,0x08,0xc1,0x08,0xc1,0x08,0xc1,0x08,
0xc1,0x08,0xc1,0x08,0xc1,0x08,0xc1,0x08,0xc1,0x08,0xc1,0x08,0xc1,0x08,0xc1,0x08,
0xc1,0x08,0xc1,0x08,0xc1,0x08,0xc1,0x08,0xc1,0x08,0xc1,0x08,0xc1,0x08,0xc1,0x08,
0xc1,0x08,0xc1,0x08,0xc1,0x08,0xc1,0x08,0xc1,0x08,0xc1,0x08,0xc1,0x08,0xc1,0x08,
0xc1,0x08,0xc1,0x08,0xc1,0x08,0xc1,0x08,0xc1,0x08,0xc1,0x08,0xc1,0x08,0xc1,0x08,
0xc1,0x08,0xc1,0x08,0xc1,0x08,0xc1,0x08,0xc1,0x08,0xc1,0x08,0xc1,0x08,0xc1,0x08,
0xc1,0x08,0xc1,0x08,0xc1,0x08,0xc1,0x08,0xc1,0x08,0xc1,0x08,0xc1,0x08,0xc1,0x08,
0xc1,0x08,0xc1,0x08,0xc1,0x08,0xc1,0x08,0xc1,0x08,0xc1,0x08,0xc1,0x08,0xc1,0x08,
0xc1,0x08,0xc1,0x08,0xc1,0x08,0xc1,0x08,0xc1,0x08,0xc1,0x08,0xc1,0x08,0xc1,0x08,
0xc1,0x08,0xc1,0x08,0xc1,0x08,0xc1,0x08,0xc1,0x08,0xc1,0x08,0xc1,0x08,0xc1,0x08,
0xc1,0x08,0xc1,0x08,0xc1,0x08,0xc1,0x08,0xc1,0x08,0xc1,0x08,0xc1,0x08,0xc1,0x08,
0xc1,0x08,0xc1,0x08,0xc1,0x08,0xc1,0x08,0xc1,0x08,0xc1,0x08,0xc1,0x08,0xc1,0x08,
0xc1,0x08,0xc1,0x08,0xc1,0x08,0xc1,0x08,0xc1,0x08,0xc1,0x08,0xc1,0x08,0xc1,0x08,
0xc1,0x08,0xc1,0x08,0xc1,0x08,0xc1,0x08,0xc1,0x08,0xc1,0x08,0xc1,0x08,0xc1,0x08,
0xc1,0x08,0xc1,0x08,0xc1,0x08,0xc1,0x08,0xc1,0x08,0xc1,0x08,0xc1,0x08,0xc1,0x08,
0xc1,0x08,0xc1,0x08,0xc1,0x08,0xc1,0x08,0xc1,0x08,0xc1,0x08,0xc1,0x08,0xc1,0x08,
0xc1,0x08,0xc1,0x08,0xc1,0x08,0xc1,0x08,0xc1,0x08,0xc1,0x08,0xc1,0x08,0xc1,0x08,
0xc1,0x08,0xc1,0x08,0xc1,0x08,0xc1,0x08,0xc1,0x08,0xc1,0x08,0xc1,0x08,0xc1,0x08,
0xc1,0x08,0xc1,0x08,0xc1,0x08,0xc1,0x08,0xc1,0x08,0xc1,0x08,0xc1,0x08,0xc1,0x08,
0xc1,0x08,0xc1,0x08,0xc1,0x08,0xc1,0x08,0xc1,0x08,0xc1,0x08,0xc1,0x08,0xc1,0x08,
0xc1,0x08,0xc1,0x08,0xc1,0x08,0xc1,0x08,0xc1,0x08,0xc1,0x08,0xc1,0x08,0xc1,0x08,
0xc1,0x08,0xc1,0x08,0xc1,0x08,0xc1,0x08,0xc1,0x08,0xc1,0x08,0xc1,0x08,0xc1,0x08,
0xc1,0x08,0xc1,0x08,0xc1,0x08,0xc1,0x08,0xc1,0x08,0xc1,0x08,0xc1,0x08,0xc1,0x08,
0xc1,0x08,0xc1,0x08,0xc1,0x08,0xc1,0x08,0xc1,0x08,0xc1,0x08,0xc1,0x08,0xc1,0x08,
0xc1,0x08,0xc1,0x08,0xc1,0x08,0xc1,0x08,0xc1,0x08,0xc1,0x08,0xc1,0x08,0xc1,0x08,
0xc1,0x08,0xc1,0x08,0xc1,0x08,0xc1,0x08,0xc1,0x08,0xc1,0x08,0xc1,0x08,0xc1,0x08,
0xc1,0x08,0xc1,0x08,0xc1,0x08,0xc1,0x08,0xc1,0x08,0xc1,0x08,0xc1,0x08,0xc1,0x08,
0xc1,0x08,0xc1,0x08,0xc1,0x08,0xc1,0x08,0xc1,0x08,0xc1,0x08,0xc1,0x08,0xc1,0x08,
0xc1,0x08,0xc1,0x08,0xc1,0x08,0xc1,0x08,0xc1,0x08,0xc1,0x08,0xc1,0x08,0xc1,0x08,
0xc1,0x08,0xc1,0x08,0xc1,0x08,0xc1,0x08,0xc1,0x08,0xc1,0x08,0xc1,0x08,0xc1,0x08,
0xc1,0x08,0xc1,0x08,0xc1,0x08,0xc1,0x08,0xc1,0x08,0xc1,0x08,0xc1,0x08,0xc1,0x08,
0xc1,0x08,0xc1,0x08,0xc1,0x08,0xc1,0x08,0xc1,0x08,0xc1,0x08,0xc1,0x08,0xc1,0x08,
0xc1,0x08,0xc1,0x08,0xc1,0x08,0xc1,0x08,0xc1,0x08,0xc1,0x08,0xc1,0x08,0xc1,0x08,
0xc1,0x08,0xc1,0x08,0xc1,0x08,0xc1,0x08,0xc1,0x08,0xc1,0x08,0xc1,0x08,0xc1,0x08,
0xc1,0x08,0xc1,0x08,0xc1,0x08,0xc1,0x08,0xc1,0x08,0xc1,0x08,0xc1,0x08,0xc1,0x08,
0xc1,0x08,0xc1,0x08,0xc1,0x08,0xc1,0x08,0xc1,0x08,0xc1,0x08,0xc1,0x08,0xc1,0x08,
0xc1,0x08,0xc1,0x08,0xc1,0x08,0xc1,0x08,0xc1,0x08,0xc1,0x08,0xc1,0x08,0xc1,0x08,
0xc1,0x08,0xc1,0x08,0xc1,0x08,0xc1,0x08,0xc1,0x08,0xc1,0x08,0xc1,0x08,0xc1,0x08,
0xc1,0x08,0xc1,0x08,0xc1,0x08,0xc1,0x08,0xc1,0x08,0xc1,0x08,0xc1,0x08,0xc1,0x08,
0xc1,0x08,0xc1,0x08,0xc1,0x08,0xc1,0x08,0xc1,0x08,0xc1,0x08,0xc1,0x08,0xc1,0x08,
0xc1,0x08,0xc1,0x08,0xc1,0x08,0xc1,0x08,0xc1,0x08,0xc1,0x08,0xc1,0x08,0xc1,0x08,
0xc1,0x08,0xc1,0x08,0xc1,0x08,0xc1,0x08,0xc1,0x08,0xc1,0x08,0xc1,0x08,0xc1,0x08,
0xc1,0x08,0xc1,0x08,0xc1,0x08,0xc1,0x08,0xc1,0x08,0xc1,0x08,0xc1,0x08,0xc1,0x08,
0xc1,0x08,0xc1,0x08,0xc1,0x08,0xc1,0x08,0xc1,0x08,0xc1,0x08,0xc1,0x08,0xc1,0x08,
0xc1,0x08,0xc1,0x08,0xc1,0x08,0xc1,0x08,0xc1,0x08,0xc1,0x08,0xc1,0x08,0xc1,0x08,
0xc1,0x08,0xc1,0x08,0xc1,0x08,0xc1,0x08,0xc1,0x08,0xc1,0x08,0xc1,0x08,0xc1,0x08,
0xc1,0x08,0xc1,0x08,0xc1,0x08,0xc1,0x08,0xc1,0x08,0xc1,0x08,0xc1,0x08,0xc1,0x08,
0xc1,0x08,0xc1,0x08,0xc1,0x08,0xc1,0x08,0xc1,0x08,0xc1,0x08,0xc1,0x08,0xc1,0x08,
0xc1,0x08,0xc1,0x08,0xc1,0x08,0xc1,0x08,0xc1,0x08,0xc1,0x08,0xc1,0x08,0xc1,0x08,
0xc1,0x08,0xc1,0x08,0xc1,0x08,0xc1,0x08,0xc1,0x08,0xc1,0x08,0xc1,0x08,0xc1,0x08,
0xc1,0x08,0xc1,0x08,0xc1,0x08,0xc1,0x08,0xc1,0x08,0xc1,0x08,0xc1,0x08,0xc1,0x08,
0xc1,0x08,0xc1,0x08,0xc1,0x08,0xc1,0x08,0xc1,0x08,0xc1,0x08,0xc1,0x08,0xc1,0x08,
0xc1,0x08,0xc1,0x08,0xc1,0x08,0xc1,0x08,0xc1,0x08,0xc1,0x08,0xc1,0x08,0xc1,0x08,
0xc1,0x08,0xc1,0x08,0xc1,0x08,0xc1,0x08,0xc1,0x08,0xc1,0x08,0xc1,0x08,0xc1,0x08,
0xc1,0x08,0xc1,0x08,0xc1,0x08,0xc1,0x08,0xc1,0x08,0xc1,0x08,0xc1,0x08,0xc1,0x08,
0xc1,0x08,0xc1,0x08,0xc1,0x08,0xc1,0x08,0xc1,0x08,0xc1,0x08,0xc1,0x08,0xc1,0x08,
0xc1,0x08,0xc1,0x08,0xc1,0x08,0xc1,0x08,0xc1,0x08,0xc1,0x08,0xc1,0x08,0xc1,0x08,
0xc1,0x08,0xc1,0x08,0xc1,0x08,0xc1,0x08,0xc1,0x08,0xc1,0x08,0xc1,0x08,0xc1,0x08,
0xc1,0x08,0xc1,0x08,0xc1,0x08,0xc1,0x08,0xc1,0x08,0xc1,0x08,0xc1,0x08,0xc1,0x08,
0xc1,0x08,0xc1,0x08,0xc1,0x08,0xc1,0x08,0xc1,0x08,0xc1,0x08,0xc1,0x08,0xc1,0x08,
0xc1,0x08,0xc1,0x08,0xc1,0x08,0xc1,0x08,0xc1,0x08,0xc1,0x08,0xc1,0x08,0xc1,0x08,
0xc1,0x08,0xc1,0x08,0xc1,0x08,0xc1,0x08,0xc1,0x08,0xc1,0x08,0xc1,0x08,0xc1,0x08,
0xc1,0x08,0xc1,0x08,0xc1,0x08,0xc1,0x08,0xc1,0x08,0xc1,0x08,0xc1,0x08,0xc1,0x08,
0xc1,0x08,0xc1,0x08,0xc1,0x08,0xc1,0x08,0xc1,0x08,0xc1,0x08,0xc1,0x08,0xc1,0x08,
0xc1,0x08,0xc1,0x08,0xc1,0x08,0xc1,0x08,0xc1,0x08,0xc1,0x08,0xc1,0x08,0xc1,0x08,
0xc1,0x08,0xc1,0x08,0xc1,0x08,0xc1,0x08,0xc1,0x08,0xc1,0x08,0xc1,0x08,0xc1,0x08,
0xc1,0x08,0xc1,0x08,0xc1,0x08,0xc1,0x08,0xc1,0x08,0xc1,0x08,0xc1,0x08,0xc1,0x08,
0xc1,0x08,0xc1,0x08,0xc1,0x08,0xc1,0x08,0xc1,0x08,0xc1,0x08,0xc1,0x08,0xc1,0x08,
0xc1,0x08,0xc1,0x08,0xc1,0x08,0xc1,0x08,0xc1,0x08,0xc1,0x08,0xc1,0x08,0xc1,0x08,
0xc1,0x08,0xc1,0x08,0xc1,0x08,0xc1,0x08,0xc1,0x08,0xc1,0x08,0xc1,0x08,0xc1,0x08,
0xc1,0x08,0xc1,0x08,0xc1,0x08,0xc1,0x08,0xc1,0x08,0xc1,0x08,0xc1,0x08,0xc1,0x08,
0xc1,0x08,0xc1,0x08,0xc1,0x08,0xc1,0x08,0xc1,0x08,0xc1,0x08,0xc1,0x08,0xc1,0x08,
0xc1,0x08,0xc1,0x08,0xc1,0x08,0xc1,0x08,0xc1,0x08,0xc1,0x08,0xc1,0x08,0xc1,0x08,
0xc1,0x08,0xc1,0x08,0xc1,0x08,0xc1,0x08,0xc1,0x08,0xc1,0x08,0xc1,0x08,0xc1,0x08,
0xc1,0x08,0xc1,0x08,0xc1,0x08,0xc1,0x08,0xc1,0x08,0xc1,0x08,0xc1,0x08,0xc1,0x08,
0xc1,0x08,0xc1,0x08,0xc1,0x08,0xc1,0x08,0xc1,0x08,0xc1,0x08,0xc1,0x08,0xc1,0x08,
0xc1,0x08,0xc1,0x08,0xc1,0x08,0xc1,0x08,0xc1,0x08,0xc1,0x08,0xc1,0x08,0xc1,0x08,
0xc1,0x08,0xc1,0x08,0xc1,0x08,0xc1,0x08,0xc1,0x08,0xc1,0x08,0xc1,0x08,0xc1,0x08,
0xc1,0x08,0xc1,0x08,0xc1,0x08,0xc1,0x08,0xc1,0x08,0xc1,0x08,0xc1,0x08,0xc1,0x08,
0xc1,0x08,0xc1,0x08,0xc1,0x08,0xc1,0x08,0xc1,0x08,0xc1,0x08,0xc1,0x08,0xc1,0x08,
0xc1,0x08,0xc1,0x08,0xc1,0x08,0xc1,0x08,0xc1,0x08,0xc1,0x08,0xc1,0x08,0xc1,0x08,
0xc1,0x08,0xc1,0x08,0xc1,0x08,0xc1,0x08,0xc1,0x08,0xc1,0x08,0xc1,0x08,0xc1,0x08,
0xc1,0x08,0xc1,0x08,0xc1,0x08,0xc1,0x08,0xc1,0x08,0xc1,0x08,0xc1,0x08,0xc1,0x08,
0xc1,0x08,0xc1,0x08,0xc1,0x08,0xc1,0x08,0xc1,0x08,0xc1,0x08,0xc1,0x08,0xc1,0x08,
0xc1,0x08,0xc1,0x08,0xc1,0x08,0xc1,0x08,0xc1,0x08,0xc1,0x08,0xc1,0x08,0xc1,0x08,
0xc1,0x08,0xc1,0x08,0xc1,0x08,0xc1,0x08,0xc1,0x08,0xc1,0x08,0xc1,0x08,0xc1,0x08,
0xc1,0x08,0xc1,0x08,0xc1,0x08,0xc1,0x08,0xc1,0x08,0xc1,0x08,0xc1,0x08,0xc1,0x08,
0xc1,0x08,0xc1,0x08,0xc1,0x08,0xc1,0x08,0xc1,0x08,0xc1,0x08,0xc1,0x08,0xc1,0x08,
0xc1,0x08,0xc1,0x08,0xc1,0x08,0xc1,0x08,0xc1,0x08,0xc1,0x08,0xc1,0x08,0xc1,0x08,
0xc1,0x08,0xc1,0x08,0xc1,0x08,0xc1,0x08,0xc1,0x08,0xc1,0x08,0xc1,0x08,0xc1,0x08,
0xc1,0x08,0xc1,0x08,0xc1,0x08,0xc1,0x08,0xc1,0x08,0xc1,0x08,0xc1,0x08,0xc1,0x08,
0xc1,0x08,0xc1,0x08,0xc1,0x08,0xc1,0x08,0xc1,0x08,0xc1,0x08,0xc1,0x08,0xc1,0x08,
0xc1,0x08,0xc1,0x08,0xc1,0x08,0xc1,0x08,0xc1,0x08,0xc1,0x08,0xc1,0x08,0xc1,0x08,
0xc1,0x08,0xc1,0x08,0xc1,0x08,0xc1,0x08,0xc1,0x08,0xc1,0x08,0xc1,0x08,0xc1,0x08,
0xc1,0x08,0xc1,0x08,0xc1,0x08,0xc1,0x08,0xc1,0x08,0xc1,0x08,0xc1,0x08,0xc1,0x08,
0xc1,0x08,0xc1,0x08,0xc1,0x08,0xc1,0x08,0xc1,0x08,0xc1,0x08,0xc1,0x08,0xc1,0x08,
0xc1,0x08,0xc1,0x08,0xc1,0x08,0xc1,0x08,0xc1,0x08,0xc1,0x08,0xc1,0x08,0xc1,0x08,
0xc1,0x08,0xc1,0x08,0xc1,0x08,0xc1,0x08,0xc1,0x08,0xc1,0x08,0xc1,0x08,0xc1,0x08,
0xc1,0x08,0xc1,0x08,0xc1,0x08,0xc1,0x08,0xc1,0x08,0xc1,0x08,0xc1,0x08,0xc1,0x08,
0xc1,0x08,0xc1,0x08,0xc1,0x08,0xc1,0x08,0xc1,0x08,0xc1,0x08,0xc1,0x08,0xc1,0x08,
0xc1,0x08,0xc1,0x08,0xc1,0x08,0xc1,0x08,0xc1,0x08,0xc1,0x08,0xc1,0x08,0xc1,0x08,
0xc1,0x08,0xc1,0x08,0xc1,0x08,0xc1,0x08,0xc1,0x08,0xc1,0x08,0xc1,0x08,0xc1,0x08,
0xc1,0x08,0xc1,0x08,0xc1,0x08,0xc1,0x08,0xc1,0x08,0xc1,0x08,0xc1,0x08,0xc1,0x08,
0xc1,0x08,0xc1,0x08,0xc1,0x08,0xc1,0x08,0xc1,0x08,0xc1,0x08,0xc1,0x08,0xc1,0x08,
0xc1,0x08,0xc1,0x08,0xc1,0x08,0xc1,0x08,0xc1,0x08,0xc1,0x08,0xc1,0x08,0xc1,0x08,
0xc1,0x08,0xc1,0x08,0xc1,0x08,0xc1,0x08,0xc1,0x08,0xc1,0x08,0xc1,0x08,0xc1,0x08,
0xc1,0x08,0xc1,0x08,0xc1,0x08,0xc1,0x08,0xc1,0x08,0xc1,0x08,0xc1,0x08,0xc1,0x08,
0xc1,0x08,0xc1,0x08,0xc1,0x08,0xc1,0x08,0xc1,0x08,0xc1,0x08,0xc1,0x08,0xc1,0x08,
0xc1,0x08,0xc1,0x08,0xc1,0x08,0xc1,0x08,0xc1,0x08,0xc1,0x08,0xc1,0x08,0xc1,0x08,
0xc1,0x08,0xc1,0x08,0xc1,0x08,0xc1,0x08,0xc1,0x08,0xc1,0x08,0xc1,0x08,0xc1,0x08,
0xc1,0x08,0xc1,0x08,0xc1,0x08,0xc1,0x08,0xc1,0x08,0xc1,0x08,0xc1,0x08,0xc1,0x08,
0xc1,0x08,0xc1,0x08,0xc1,0x08,0xc1,0x08,0xc1,0x08,0xc1,0x08,0xc1,0x08,0xc1,0x08,
0xc1,0x08,0xc1,0x08,0xc1,0x08,0xc1,0x08,0xc1,0x08,0xc1,0x08,0xc1,0x08,0xc1,0x08,
0xc1,0x08,0xc1,0x08,0xc1,0x08,0xc1,0x08,0xc1,0x08,0xc1,0x08,0xc1,0x08,0xc1,0x08,
0xc1,0x08,0xc1,0x08,0xc1,0x08,0xc1,0x08,0xc1,0x08,0xc1,0x08,0xc1,0x08,0xc1,0x08,
0xc1,0x08,0xc1,0x08,0xc1,0x08,0xc1,0x08,0xc1,0x08,0xc1,0x08,0xc1,0x08,0xc1,0x08,
0xc1,0x08,0xc1,0x08,0xc1,0x08,0xc1,0x08,0xc1,0x08,0xc1,0x08,0xc1,0x08,0xc1,0x08,
0xc1,0x08,0xc1,0x08,0xc1,0x08,0xc1,0x08,0xc1,0x08,0xc1,0x08,0xc1,0x08,0xc1,0x08,
0xc1,0x08,0xc1,0x08,0xc1,0x08,0xc1,0x08,0xc1,0x08,0xc1,0x08,0xc1,0x08,0xc1,0x08,
0xc1,0x08,0xc1,0x08,0xc1,0x08,0xc1,0x08,0xc1,0x08,0xc1,0x08,0xc1,0x08,0xc1,0x08,
0xc1,0x08,0xc1,0x08,0xc1,0x08,0xc1,0x08,0xc1,0x08,0xc1,0x08,0xc1,0x08,0xc1,0x08,
0xc1,0x08,0xc1,0x08,0xc1,0x08,0xc1,0x08,0xc1,0x08,0xc1,0x08,0xc1,0x08,0xc1,0x08,
0xc1,0x08,0xc1,0x08,0xc1,0x08,0xc1,0x08,0xc1,0x08,0xc1,0x08,0xc1,0x08,0xc1,0x08,
0xc1,0x08,0xc1,0x08,0xc1,0x08,0xc1,0x08,0xc1,0x08,0xc1,0x08,0xc1,0x08,0xc1,0x08,
0xc1,0x08,0xc1,0x08,0xc1,0x08,0xc1,0x08,0xc1,0x08,0xc1,0x08,0xc1,0x08,0xc1,0x08,
0xc1,0x08,0xc1,0x08,0xc1,0x08,0xc1,0x08,0xc1,0x08,0xc1,0x08,0xc1,0x08,0xc1,0x08,
0xc1,0x08,0xc1,0x08,0xc1,0x08,0xc1,0x08,0xc1,0x08,0xc1,0x08,0xc1,0x08,0xc1,0x08,
0xc1,0x08,0xc1,0x08,0xc1,0x08,0xc1,0x08,0xc1,0x08,0xc1,0x08,0xc1,0x08,0xc1,0x08,
0xc1,0x08,0xc1,0x08,0xc1,0x08,0xc1,0x08,0xc1,0x08,0xc1,0x08,0xc1,0x08,0xc1,0x08,
0xc1,0x08,0xc1,0x08,0xc1,0x08,0xc1,0x08,0xc1,0x08,0xc1,0x08,0xc1,0x08,0xc1,0x08,
0xc1,0x08,0xc1,0x08,0xc1,0x08,0xc1,0x08,0xc1,0x08,0xc1,0x08,0xc1,0x08,0xc1,0x08,
0xc1,0x08,0xc1,0x08,0xc1,0x08,0xc1,0x08,0xc1,0x08,0xc1,0x08,0xc1,0x08,0xc1,0x08,
0xc1,0x08,0xc1,0x08,0xc1,0x08,0xc1,0x08,0xc1,0x08,0xc1,0x08,0xc1,0x08,0xc1,0x08,
0xc1,0x08,0xc1,0x08,0xc1,0x08,0xc1,0x08,0xc1,0x08,0xc1,0x08,0xc1,0x08,0xc1,0x08,
0xc1,0x08,0xc1,0x08,0xc1,0x08,0xc1,0x08,0xc1,0x08,0xc1,0x08,0xc1,0x08,0xc1,0x08,
0xc1,0x08,0xc1,0x08,0xc1,0x08,0xc1,0x08,0xc1,0x08,0xc1,0x08,0xc1,0x08,0xc1,0x08,
0xc1,0x08,0xc1,0x08,0xc1,0x08,0xc1,0x08,0xc1,0x08,0xc1,0x08,0xc1,0x08,0xc1,0x08,
0xc1,0x08,0xc1,0x08,0xc1,0x08,0xc1,0x08,0xc1,0x08,0xc1,0x08,0xc1,0x08,0xc1,0x08,
0xc1,0x08,0xc1,0x08,0xc1,0x08,0xc1,0x08,0xc1,0x08,0xc1,0x08,0xc1,0x08,0xc1,0x08,
0xc1,0x08,0xc1,0x08,0xc1,0x08,0xc1,0x08,0xc1,0x08,0xc1,0x08,0xc1,0x08,0xc1,0x08,
0xc1,0x08,0xc1,0x08,0xe1,0x08,0xe1,0x08,0xe1,0x08,0xe1,0x08,0xe1,0x08,0xe1,0x08,
0xe1,0x08,0xe1,0x08,0xe1,0x08,0xe1,0x08,0xe1,0x08,0xe1,0x08,0xe1,0x08,0xe1,0x08,
0xc1,0x08,0xc1,0x08,0xc1,0x08,0xc1,0x08,0xc1,0x08,0xc1,0x08,0xc1,0x08,0xc1,0x08,
0xc1,0x08,0xc1,0x08,0xc1,0x08,0xc1,0x08,0xc1,0x08,0xc1,0x08,0xc1,0x08,0xc1,0x08,
0xc1,0x08,0xc1,0x08,0xc1,0x08,0xc1,0x08,0xc1,0x08,0xc1,0x08,0xc1,0x08,0xc1,0x08,
0xc1,0x08,0xc1,0x08,0xc1,0x08,0xc1,0x08,0xc1,0x08,0xc1,0x08,0xc1,0x08,0xc1,0x08,
0xc1,0x08,0xc1,0x08,0xc1,0x08,0xc1,0x08,0xc1,0x08,0xc1,0x08,0xc1,0x08,0xe1,0x08,
0xe1,0x08,0xe1,0x08,0xe1,0x08,0xe1,0x08,0xe1,0x08,0xe1,0x08,0xe1,0x08,0xe1,0x08,
0xe1,0x08,0xe1,0x08,0xe1,0x08,0xe1,0x08,0xc1,0x08,0xc1,0x08,0xc1,0x08,0xc1,0x08,
0xc1,0x08,0xc1,0x08,0xc1,0x08,0xc1,0x08,0xc1,0x08,0xc1,0x08,0xc1,0x08,0xc1,0x08,
0xc1,0x08,0xc1,0x08,0xc1,0x08,0xc1,0x08,0xc1,0x08,0xc1,0x08,0xc1,0x08,0xc1,0x08,
0xc1,0x08,0xc1,0x08,0xc1,0x08,0xc1,0x08,0xc1,0x08,0xc1,0x08,0xc1,0x08,0xc1,0x08,
0xc1,0x08,0xc1,0x08,0xc1,0x08,0xc1,0x08,0xc1,0x08,0xc1,0x08,0xc1,0x08,0xc1,0x08,
0xc1,0x08,0xc1,0x08,0xc1,0x08,0xc1,0x08,0xc1,0x08,0xc1,0x08,0xc1,0x08,0xc1,0x08,
0xc1,0x08,0xc1,0x08,0xc1,0x08,0xc1,0x08,0xc1,0x08,0xc1,0x08,0xc1,0x08,0xc1,0x08,
0xc1,0x08,0xc1,0x08,0xc1,0x08,0xc1,0x08,0xc1,0x08,0xc1,0x08,0xc1,0x08,0xc1,0x08,
0xc1,0x08,0xc1,0x08,0xc1,0x08,0xc1,0x08,0xc1,0x08,0xc1,0x08,0xc1,0x08,0xc1,0x08,
0xc1,0x08,0xc1,0x08,0xc1,0x08,0xc1,0x08,0xc1,0x08,0xc1,0x08,0xc1,0x08,0xc1,0x08,
0xc1,0x08,0xc1,0x08,0xc1,0x08,0xc1,0x08,0xc1,0x08,0xc1,0x08,0xc1,0x08,0xc1,0x08,
0xc1,0x08,0xc1,0x08,0xc1,0x08,0xc1,0x08,0xc1,0x08,0xc1,0x08,0xc1,0x08,0xc1,0x08,
0xc1,0x08,0xc1,0x08,0xc1,0x08,0xc1,0x08,0xc1,0x08,0xc1,0x08,0xc1,0x08,0xc1,0x08,
0xc1,0x08,0xc1,0x08,0xc1,0x08,0xc1,0x08,0xc1,0x08,0xc1,0x08,0xc1,0x08,0xc1,0x08,
0xc1,0x08,0xc1,0x08,0xc1,0x08,0xc1,0x08,0xc1,0x08,0xc1,0x08,0xc1,0x08,0xc1,0x08,
0xc1,0x08,0xc1,0x08,0xc1,0x08,0xc1,0x08,0xc1,0x08,0xc1,0x08,0xe1,0x10,0xe1,0x10,
0xe1,0x10,0xe1,0x10,0xe1,0x10,0xe1,0x10,0xe1,0x10,0xe1,0x10,0xe1,0x10,0xe1,0x10,
0xe1,0x10,0xe1,0x10,0xe1,0x10,0xe1,0x10,0xe1,0x10,0xe1,0x10,0xe1,0x10,0xe1,0x10,
0xe1,0x10,0xe1,0x10,0xe1,0x10,0xe1,0x10,0xe1,0x10,0xe1,0x10,0xe1,0x10,0xe1,0x10,
0xe1,0x10,0xe1,0x10,0xe1,0x10,0xe1,0x10,0xe1,0x10,0xe1,0x10,0xe1,0x08,0xe1,0x08,
0xc1,0x08,0xc1,0x08,0xc1,0x08,0xc1,0x08,0xc1,0x08,0xc1,0x08,0xc1,0x08,0xc1,0x08,
0xc1,0x08,0xc1,0x08,0xc1,0x08,0xc1,0x08,0xc1,0x08,0xc1,0x08,0xc1,0x08,0xc1,0x08,
0xc1,0x08,0xc1,0x08,0xc1,0x08,0xc1,0x08,0xc1,0x08,0xc1,0x08,0xc1,0x08,0xc1,0x08,
0xc1,0x08,0xc1,0x08,0xc1,0x08,0xc1,0x08,0xc1,0x08,0xc1,0x08,0xc1,0x08,0xc1,0x08,
0xc1,0x08,0xc1,0x08,0xc1,0x08,0xc1,0x08,0xc1,0x08,0xc1,0x08,0xc1,0x08,0xc1,0x08,
0xc1,0x08,0xc1,0x08,0xc1,0x08,0xc1,0x08,0xc1,0x08,0xc1,0x08,0xc1,0x08,0xc1,0x08,
0xc1,0x08,0xc1,0x08,0xc1,0x08,0xc1,0x08,0xc1,0x08,0xc1,0x08,0xc1,0x08,0xc1,0x08,
0xc1,0x08,0xc1,0x08,0xc1,0x08,0xc1,0x08,0xc1,0x08,0xc1,0x08,0xc1,0x08,0xc1,0x08,
0xc1,0x08,0xc1,0x08,0xc1,0x08,0xc1,0x08,0xc1,0x08,0xc1,0x08,0xc1,0x08,0xc1,0x08,
0xc1,0x08,0xc1,0x08,0xc1,0x08,0xc1,0x08,0xc1,0x08,0xc1,0x08,0xc1,0x08,0xc1,0x08,
0xc1,0x08,0xc1,0x08,0xc1,0x08,0xc1,0x08,0xc1,0x08,0xc1,0x08,0xc1,0x08,0xc1,0x08,
0xc1,0x08,0xc1,0x08,0xc1,0x08,0xc1,0x08,0xc1,0x08,0xc1,0x08,0xc1,0x08,0xc1,0x08,
0xc1,0x08,0xc1,0x08,0xc1,0x08,0xc1,0x08,0xc1,0x08,0xc1,0x08,0xc1,0x08,0xc1,0x08,
0xc1,0x08,0xc1,0x08,0xc1,0x08,0xc1,0x08,0xc1,0x08,0xc1,0x08,0xc1,0x08,0xc1,0x08,
0xc1,0x08,0xc1,0x08,0xc1,0x08,0xc1,0x08,0xc1,0x08,0xc1,0x08,0xc1,0x08,0xc1,0x08,
0xc1,0x08,0xc1,0x08,0xc1,0x08,0xc1,0x08,0xc1,0x08,0xc1,0x08,0xc1,0x08,0xc1,0x08,
0xc1,0x08,0xc1,0x08,0xc1,0x08,0xc1,0x08,0xc1,0x08,0xc1,0x08,0xc1,0x08,0xc1,0x08,
0xc1,0x08,0xc1,0x08,0xc1,0x08,0xc1,0x08,0xc1,0x08,0xc1,0x08,0xc1,0x08,0xc1,0x08,
0xc1,0x08,0xc1,0x08,0xc1,0x08,0xc1,0x08,0xc1,0x08,0xc1,0x08,0xc1,0x08,0xc1,0x08,
0xc1,0x08,0xc1,0x08,0xc1,0x08,0xc1,0x08,0xc1,0x08,0xc1,0x08,0xc1,0x08,0xc1,0x08,
0xc1,0x08,0xc1,0x08,0xc1,0x08,0xc1,0x08,0xc1,0x08,0xc1,0x08,0xc1,0x08,0xc1,0x08,
0xc1,0x08,0xc1,0x08,0xc1,0x08,0xc1,0x08,0xc1,0x08,0xc1,0x08,0xc1,0x08,0xc1,0x08,
0xc1,0x08,0xc1,0x08,0xc1,0x08,0xc1,0x08,0xc1,0x08,0xc1,0x08,0xc1,0x08,0xc1,0x08,
0xc1,0x08,0xc1,0x08,0xc1,0x08,0xc1,0x08,0xc1,0x08,0xc1,0x08,0xc1,0x08,0xc1,0x08,
0xc1,0x08,0xc1,0x08,0xc1,0x08,0xc1,0x08,0xc1,0x08,0xc1,0x08,0xc1,0x08,0xc1,0x08,
0xc1,0x08,0xc1,0x08,0xc1,0x08,0xc1,0x08,0xc1,0x08,0xc1,0x08,0xc1,0x08,0xc1,0x08,
0xc1,0x08,0xc1,0x08,0xc1,0x08,0xc1,0x08,0xc1,0x08,0xc1,0x08,0xc1,0x08,0xc1,0x08,
0xc1,0x08,0xc1,0x08,0xc1,0x08,0xc1,0x08,0xc1,0x08,0xc1,0x08,0xc1,0x08,0xc1,0x08,
0xc1,0x08,0xc1,0x08,0xc1,0x08,0xc1,0x08,0xc1,0x08,0xc1,0x08,0xc1,0x08,0xc1,0x08,
0xc1,0x08,0xc1,0x08,0xc1,0x08,0xc1,0x08,0xc1,0x08,0xc1,0x08,0xc1,0x08,0xc1,0x08,
0xc1,0x08,0xc1,0x08,0xc1,0x08,0xc1,0x08,0xc1,0x08,0xc1,0x08,0xc1,0x08,0xc1,0x08,
0xc1,0x08,0xc1,0x08,0xc1,0x08,0xc1,0x08,0xc1,0x08,0xc1,0x08,0xc1,0x08,0xc1,0x08,
0xc1,0x08,0xc1,0x08,0xa1,0x08,0xa1,0x08,0xa1,0x08,0xa1,0x08,0xa1,0x08,0xa1,0x08,
0xa1,0x08,0xa1,0x08,0xa1,0x08,0xa1,0x08,0xa1,0x08,0xa1,0x08,0xa1,0x08,0xc1,0x08,
0xc1,0x08,0xc1,0x08,0xc1,0x08,0xc1,0x08,0xc1,0x08,0xc1,0x08,0xc1,0x08,0xc1,0x08,
0xc1,0x08,0xc1,0x08,0xc1,0x08,0xc1,0x08,0xc1,0x08,0xc1,0x08,0xc1,0x08,0xc1,0x08,
0xc1,0x08,0xc1,0x08,0xc1,0x08,0xc1,0x08,0xc1,0x08,0xc1,0x08,0xc1,0x08,0xc1,0x08,
0xc1,0x08,0xc1,0x08,0xc1,0x08,0xc1,0x08,0xc1,0x08,0xc1,0x08,0xc1,0x08,0xc1,0x08,
0xc1,0x08,0xc1,0x08,0xc1,0x08,0xc1,0x08,0xc1,0x08,0xc1,0x08,0xc1,0x08,0xc1,0x08,
0xa1,0x08,0xa1,0x08,0xa1,0x08,0xa1,0x08,0xa1,0x08,0xa1,0x08,0xa1,0x08,0xa1,0x08,
0xa1,0x08,0xa1,0x08,0xa1,0x08,0xa1,0x08,0xc1,0x08,0xc1,0x08,0xc1,0x08,0xc1,0x08,
0xc1,0x08,0xc1,0x08,0xc1,0x08,0xc1,0x08,0xc1,0x08,0xc1,0x08,0xc1,0x08,0xc1,0x08,
0xc1,0x08,0xc1,0x08,0xc1,0x08,0xc1,0x08,0xc1,0x08,0xc1,0x08,0xc1,0x08,0xc1,0x08,
0xc1,0x08,0xc1,0x08,0xc1,0x08,0xc1,0x08,0xc1,0x08,0xc1,0x08,0xc1,0x08,0xc1,0x08,
0xc1,0x08,0xc1,0x08,0xc1,0x08,0xc1,0x08,0xc1,0x08,0xc1,0x08,0xc1,0x08,0xc1,0x08,
0xc1,0x08,0xc1,0x08,0xc1,0x08,0xc1,0x08,0xc1,0x08,0xc1,0x08,0xc1,0x08,0xc1,0x08,
0xc1,0x08,0xc1,0x08,0xc1,0x08,0xc1,0x08,0xc1,0x08,0xc1,0x08,0xc1,0x08,0xc1,0x08,
0xc1,0x08,0xc1,0x08,0xc1,0x08,0xc1,0x08,0xc1,0x08,0xc1,0x08,0xc1,0x08,0xc1,0x08,
0xc1,0x08,0xc1,0x08,0xc1,0x08,0xc1,0x08,0xc1,0x08,0xc1,0x08,0xc1,0x08,0xc1,0x08,
0xc1,0x08,0xc1,0x08,0xc1,0x08,0xc1,0x08,0xc1,0x08,0xc1,0x08,0xc1,0x08,0xc1,0x08,
0xc1,0x08,0xc1,0x08,0xc1,0x08,0xc1,0x08,0xc1,0x08,0xc1,0x08,0xc1,0x08,0xc1,0x08,
0xc1,0x08,0xc1,0x08,0xc1,0x08,0xc1,0x08,0xc1,0x08,0xc1,0x08,0xc1,0x08,0xc1,0x08,
0xc1,0x08,0xc1,0x08,0xc1,0x08,0xc1,0x08,0xc1,0x08,0xc1,0x08,0xc1,0x08,0xc1,0x08,
0xc1,0x08,0xc1,0x08,0xc1,0x08,0xc1,0x08,0xc1,0x08,0xc1,0x08,0xc1,0x08,0xc1,0x08,
0xc1,0x08,0xc1,0x08,0xc1,0x08,0xc1,0x08,0xc1,0x08,0xc1,0x08,0xc1,0x08,0xc1,0x08,
0xc1,0x08,0xc1,0x08,0xc1,0x08,0xc1,0x08,0xc1,0x08,0xc1,0x08,0xa1,0x00,0xa1,0x00,
0xa1,0x00,0xa1,0x00,0xa1,0x00,0xa1,0x00,0xa1,0x00,0xa1,0x00,0xa1,0x00,0xa1,0x00,
0xa1,0x00,0xa1,0x00,0xa1,0x00,0xa1,0x00,0xa1,0x00,0xa1,0x00,0xa1,0x00,0xa1,0x00,
0xa1,0x00,0xa1,0x00,0xa1,0x00,0xa1,0x00,0xa1,0x00,0xa1,0x00,0xa1,0x00,0xa1,0x00,
0xa1,0x00,0xa1,0x00,0xa1,0x00,0xa1,0x00,0xa1,0x00,0xa1,0x08,0xc1,0x08,0xc1,0x08,
0xc1,0x08,0xe1,0x08,0xe1,0x10,0xe1,0x10,0xe1,0x10,0xe1,0x08,0xc1,0x08,0xc1,0x08,
0xc1,0x08,0xc1,0x08,0xc1,0x08,0xc1,0x08,0xc1,0x08,0xc1,0x08,0xc1,0x08,0xc1,0x08,
0xc1,0x08,0xc1,0x08,0xc1,0x08,0xc1,0x08,0xc1,0x08,0xc1,0x08,0xc1,0x08,0xc1,0x08,
0xc1,0x08,0xc1,0x08,0xc1,0x08,0xc1,0x08,0xc1,0x08,0xc1,0x08,0xc1,0x08,0xc1,0x08,
0xc1,0x08,0xc1,0x08,0xc1,0x08,0xc1,0x08,0xc1,0x08,0xc1,0x08,0xc1,0x08,0xc1,0x08,
0xc1,0x08,0xc1,0x08,0xc1,0x08,0xc1,0x08,0xc1,0x08,0xc1,0x08,0xc1,0x08,0xc1,0x08,
0xc1,0x08,0xc1,0x08,0xc1,0x08,0xc1,0x08,0xc1,0x08,0xc1,0x08,0xc1,0x08,0xc1,0x08,
0xc1,0x08,0xc1,0x08,0xc1,0x08,0xc1,0x08,0xc1,0x08,0xc1,0x08,0xc1,0x08,0xc1,0x08,
0xc1,0x08,0xc1,0x08,0xc1,0x08,0xc1,0x08,0xc1,0x08,0xc1,0x08,0xc1,0x08,0xc1,0x08,
0xc1,0x08,0xc1,0x08,0xc1,0x08,0xc1,0x08,0xc1,0x08,0xc1,0x08,0xc1,0x08,0xc1,0x08,
0xc1,0x08,0xc1,0x08,0xc1,0x08,0xc1,0x08,0xc1,0x08,0xc1,0x08,0xc1,0x08,0xc1,0x08,
0xc1,0x08,0xc1,0x08,0xc1,0x08,0xc1,0x08,0xc1,0x08,0xc1,0x08,0xc1,0x08,0xc1,0x08,
0xc1,0x08,0xc1,0x08,0xc1,0x08,0xc1,0x08,0xc1,0x08,0xc1,0x08,0xc1,0x08,0xc1,0x08,
0xc1,0x08,0xc1,0x08,0xc1,0x08,0xc1,0x08,0xc1,0x08,0xc1,0x08,0xc1,0x08,0xc1,0x08,
0xc1,0x08,0xc1,0x08,0xc1,0x08,0xc1,0x08,0xc1,0x08,0xc1,0x08,0xc1,0x08,0xc1,0x08,
0xc1,0x08,0xc1,0x08,0xc1,0x08,0xc1,0x08,0xc1,0x08,0xc1,0x08,0xc1,0x08,0xc1,0x08,
0xc1,0x08,0xc1,0x08,0xc1,0x08,0xc1,0x08,0xc1,0x08,0xc1,0x08,0xc1,0x08,0xc1,0x08,
0xc1,0x08,0xc1,0x08,0xc1,0x08,0xc1,0x08,0xc1,0x08,0xc1,0x08,0xc1,0x08,0xc1,0x08,
0xc1,0x08,0xc1,0x08,0xc1,0x08,0xc1,0x08,0xc1,0x08,0xc1,0x08,0xc1,0x08,0xc1,0x08,
0xc1,0x08,0xc1,0x08,0xc1,0x08,0xc1,0x08,0xc1,0x08,0xc1,0x08,0xc1,0x08,0xc1,0x08,
0xc1,0x08,0xc1,0x08,0xc1,0x08,0xc1,0x08,0xc1,0x08,0xc1,0x08,0xc1,0x08,0xc1,0x08,
0xc1,0x08,0xc1,0x08,0xc1,0x08,0xc1,0x08,0xc1,0x08,0xc1,0x08,0xc1,0x08,0xc1,0x08,
0xc1,0x08,0xc1,0x08,0xc1,0x08,0xc1,0x08,0xc1,0x08,0xc1,0x08,0xc1,0x08,0xc1,0x08,
0xc1,0x08,0xc1,0x08,0xc1,0x08,0xc1,0x08,0xc1,0x08,0xc1,0x08,0xc1,0x08,0xc1,0x08,
0xc1,0x08,0xc1,0x08,0xc1,0x08,0xc1,0x08,0xc1,0x08,0xc1,0x08,0xc1,0x08,0xc1,0x08,
0xc1,0x08,0xc1,0x08,0xc1,0x08,0xc1,0x08,0xc1,0x08,0xc1,0x08,0xc1,0x08,0xc1,0x08,
0xc1,0x08,0xc1,0x08,0xc1,0x08,0xc1,0x08,0xc1,0x08,0xc1,0x08,0xc1,0x08,0xc1,0x08,
0xc1,0x08,0xc1,0x08,0xc1,0x08,0xc1,0x08,0xc1,0x08,0xc1,0x08,0xc1,0x08,0xc1,0x08,
0xc1,0x08,0xc1,0x08,0xc1,0x08,0xc1,0x08,0xc1,0x08,0xc1,0x08,0xc1,0x08,0xc1,0x08,
0xc1,0x08,0xc1,0x08,0xc1,0x08,0xc1,0x08,0xc1,0x08,0xc1,0x08,0xc1,0x08,0xc1,0x08,
0xc1,0x08,0xc1,0x08,0xc1,0x08,0xc1,0x08,0xc1,0x08,0xc1,0x08,0xc1,0x08,0xc1,0x08,
0xc1,0x08,0xc1,0x08,0xc1,0x08,0xc1,0x08,0xc1,0x08,0xc1,0x08,0xc1,0x08,0xc1,0x08,
0xc1,0x08,0x01,0x11,0x81,0x11,0x61,0x11,0x61,0x11,0x61,0x11,0x61,0x11,0x61,0x11,
0x61,0x11,0x61,0x11,0x61,0x11,0x61,0x11,0x61,0x11,0x61,0x11,0x81,0x11,0x21,0x11,
0xc1,0x08,0xc1,0x08,0xc1,0x08,0xc1,0x08,0xc1,0x08,0xc1,0x08,0xc1,0x08,0xc1,0x08,
0xc1,0x08,0xc1,0x08,0xc1,0x08,0xc1,0x08,0xc1,0x08,0xc1,0x08,0xc1,0x08,0xc1,0x08,
0xc1,0x08,0xc1,0x08,0xc1,0x08,0xc1,0x08,0xc1,0x08,0xc1,0x08,0xc1,0x08,0xc1,0x08,
0xc1,0x08,0xc1,0x08,0xc1,0x08,0xc1,0x08,0xc1,0x08,0xc1,0x08,0xc1,0x08,0xc1,0x08,
0xc1,0x08,0xc1,0x08,0xc1,0x08,0xc1,0x08,0xc1,0x08,0xc1,0x08,0xc1,0x08,0x21,0x11,
0x81,0x11,0x61,0x11,0x61,0x11,0x61,0x11,0x61,0x11,0x61,0x11,0x61,0x11,0x61,0x11,
0x61,0x11,0x61,0x11,0x61,0x11,0x41,0x11,0xc1,0x08,0xc1,0x08,0xc1,0x08,0xc1,0x08,
0xc1,0x08,0xc1,0x08,0xc1,0x08,0xc1,0x08,0xc1,0x08,0xc1,0x08,0xc1,0x08,0xc1,0x08,
0xc1,0x08,0xc1,0x08,0xc1,0x08,0xc1,0x08,0xc1,0x08,0xc1,0x08,0xc1,0x08,0xc1,0x08,
0xc1,0x08,0xc1,0x08,0xc1,0x08,0xc1,0x08,0xc1,0x08,0xc1,0x08,0xc1,0x08,0xc1,0x08,
0xc1,0x08,0xc1,0x08,0xc1,0x08,0xc1,0x08,0xc1,0x08,0xc1,0x08,0xc1,0x08,0xc1,0x08,
0xc1,0x08,0xc1,0x08,0xc1,0x08,0xc1,0x08,0xc1,0x08,0xc1,0x08,0xc1,0x08,0xc1,0x08,
0xc1,0x08,0xc1,0x08,0xc1,0x08,0xc1,0x08,0xc1,0x08,0xc1,0x08,0xc1,0x08,0xc1,0x08,
0xc1,0x08,0xc1,0x08,0xc1,0x08,0xc1,0x08,0xc1,0x08,0xc1,0x08,0xc1,0x08,0xc1,0x08,
0xc1,0x08,0xc1,0x08,0xc1,0x08,0xc1,0x08,0xc1,0x08,0xc1,0x08,0xc1,0x08,0xc1,0x08,
0xc1,0x08,0xc1,0x08,0xc1,0x08,0xc1,0x08,0xc1,0x08,0xc1,0x08,0xc1,0x08,0xc1,0x08,
0xc1,0x08,0xc1,0x08,0xc1,0x08,0xc1,0x08,0xc1,0x08,0xc1,0x08,0xc1,0x08,0xc1,0x08,
0xc1,0x08,0xc1,0x08,0xc1,0x08,0xc1,0x08,0xc1,0x08,0xc1,0x08,0xc1,0x08,0xc1,0x08,
0xc1,0x08,0xc1,0x08,0xc1,0x08,0xc1,0x08,0xc1,0x08,0xc1,0x08,0xc1,0x08,0xc1,0x08,
0xc1,0x08,0xc1,0x08,0xc1,0x08,0xc1,0x08,0xc1,0x08,0xc1,0x08,0xc1,0x08,0xc1,0x08,
0xc1,0x08,0xc1,0x08,0xc1,0x08,0xc1,0x08,0xc1,0x08,0xc1,0x08,0xc1,0x08,0xc1,0x08,
0xc1,0x08,0xc1,0x08,0xc1,0x08,0xc1,0x08,0xc1,0x08,0xc1,0x08,0x81,0x31,0xc1,0x39,
0xa1,0x39,0xa1,0x39,0xa1,0x39,0xa1,0x39,0xa1,0x39,0xa1,0x39,0xa1,0x39,0xa1,0x39,
0xa1,0x39,0xa1,0x39,0xa1,0x39,0xa1,0x39,0xa1,0x39,0xa1,0x39,0xa1,0x39,0xa1,0x39,
0xa1,0x39,0xa1,0x39,0xa1,0x39,0xa1,0x39,0xa1,0x39,0xa1,0x39,0xa1,0x39,0xa1,0x39,
0xa1,0x39,0xa1,0x39,0xa1,0x39,0xa1,0x31,0x81,0x29,0x61,0x29,0x41,0x21,0x01,0x19,
0xe1,0x10,0xa1,0x08,0x81,0x00,0x81,0x00,0xa1,0x00,0xc1,0x08,0xe1,0x10,0xe1,0x10,
0xc1,0x08,0xc1,0x08,0xc1,0x08,0xc1,0x08,0xc1,0x08,0xc1,0x08,0xc1,0x08,0xc1,0x08,
0xc1,0x08,0xc1,0x08,0xc1,0x08,0xc1,0x08,0xc1,0x08,0xc1,0x08,0xc1,0x08,0xc1,0x08,
0xc1,0x08,0xc1,0x08,0xc1,0x08,0xc1,0x08,0xc1,0x08,0xc1,0x08,0xc1,0x08,0xc1,0x08,
0xc1,0x08,0xc1,0x08,0xc1,0x08,0xc1,0x08,0xc1,0x08,0xc1,0x08,0xc1,0x08,0xc1,0x08,
0xc1,0x08,0xc1,0x08,0xc1,0x08,0xc1,0x08,0xc1,0x08,0xc1,0x08,0xc1,0x08,0xc1,0x08,
0xc1,0x08,0xc1,0x08,0xc1,0x08,0xc1,0x08,0xc1,0x08,0xc1,0x08,0xc1,0x08,0xc1,0x08,
0xc1,0x08,0xc1,0x08,0xc1,0x08,0xc1,0x08,0xc1,0x08,0xc1,0x08,0xc1,0x08,0xc1,0x08,
0xc1,0x08,0xc1,0x08,0xc1,0x08,0xc1,0x08,0xc1,0x08,0xc1,0x08,0xc1,0x08,0xc1,0x08,
0xc1,0x08,0xc1,0x08,0xc1,0x08,0xc1,0x08,0xc1,0x08,0xc1,0x08,0xc1,0x08,0xc1,0x08,
0xc1,0x08,0xc1,0x08,0xc1,0x08,0xc1,0x08,0xc1,0x08,0xc1,0x08,0xc1,0x08,0xc1,0x08,
0xc1,0x08,0xc1,0x08,0xc1,0x08,0xc1,0x08,0xc1,0x08,0xc1,0x08,0xc1,0x08,0xc1,0x08,
0xc1,0x08,0xc1,0x08,0xc1,0x08,0xc1,0x08,0xc1,0x08,0xc1,0x08,0xc1,0x08,0xc1,0x08,
0xc1,0x08,0xc1,0x08,0xc1,0x08,0xc1,0x08,0xc1,0x08,0xc1,0x08,0xc1,0x08,0xc1,0x08,
0xc1,0x08,0xc1,0x08,0xc1,0x08,0xc1,0x08,0xc1,0x08,0xc1,0x08,0xc1,0x08,0xc1,0x08,
0xc1,0x08,0xc1,0x08,0xc1,0x08,0xc1,0x08,0xc1,0x08,0xc1,0x08,0xc1,0x08,0xc1,0x08,
0xc1,0x08,0xc1,0x08,0xc1,0x08,0xc1,0x08,0xc1,0x08,0xc1,0x08,0xc1,0x08,0xc1,0x08,
0xc1,0x08,0xc1,0x08,0xc1,0x08,0xc1,0x08,0xc1,0x08,0xc1,0x08,0xc1,0x08,0xc1,0x08,
0xc1,0x08,0xc1,0x08,0xc1,0x08,0xc1,0x08,0xc1,0x08,0xc1,0x08,0xc1,0x08,0xc1,0x08,
0xc1,0x08,0xc1,0x08,0xc1,0x08,0xc1,0x08,0xc1,0x08,0xc1,0x08,0xc1,0x08,0xc1,0x08,
0xc1,0x08,0xc1,0x08,0xc1,0x08,0xc1,0x08,0xc1,0x08,0xc1,0x08,0xc1,0x08,0xc1,0x08,
0xc1,0x08,0xc1,0x08,0xc1,0x08,0xc1,0x08,0xc1,0x08,0xc1,0x08,0xc1,0x08,0xc1,0x08,
0xc1,0x08,0xc1,0x08,0xc1,0x08,0xc1,0x08,0xc1,0x08,0xc1,0x08,0xc1,0x08,0xc1,0x08,
0xc1,0x08,0xc1,0x08,0xc1,0x08,0xc1,0x08,0xc1,0x08,0xc1,0x08,0xc1,0x08,0xc1,0x08,
0xc1,0x08,0xc1,0x08,0xc1,0x08,0xc1,0x08,0xc1,0x08,0xc1,0x08,0xc1,0x08,0xc1,0x08,
0xc1,0x08,0xc1,0x08,0xc1,0x08,0xc1,0x08,0xc1,0x08,0xc1,0x08,0xc1,0x08,0xc1,0x08,
0xc1,0x08,0xc1,0x08,0xc1,0x08,0xc1,0x08,0xc1,0x08,0xc1,0x08,0xc1,0x08,0xc1,0x08,
0xc1,0x08,0xc1,0x08,0xc1,0x08,0xc1,0x08,0xc1,0x08,0xc1,0x08,0xc1,0x08,0xc1,0x08,
0xc1,0x08,0xc1,0x08,0xc1,0x08,0xc1,0x08,0xc1,0x08,0xc1,0x08,0xc1,0x08,0xc1,0x08,
0xc1,0x08,0xc1,0x08,0xc1,0x08,0xc1,0x08,0xc1,0x08,0xc1,0x08,0xc1,0x08,0xc1,0x08,
0xc1,0x08,0xc1,0x08,0xc1,0x08,0xc1,0x08,0xc1,0x08,0xc1,0x08,0xc1,0x08,0xc1,0x08,
0xc1,0x08,0xc1,0x08,0xc1,0x08,0xc1,0x08,0xc1,0x08,0xc1,0x08,0xc1,0x08,0xe1,0x08,
0xa1,0x08,0xe1,0x11,0x21,0x2c,0x01,0x2c,0x01,0x2c,0x01,0x2c,0x01,0x2c,0x01,0x2c,
0x01,0x2c,0x01,0x2c,0x01,0x2c,0x01,0x2c,0x01,0x2c,0x01,0x2c,0x41,0x2c,0x01,0x23,
0xa1,0x08,0xe1,0x08,0xc1,0x08,0xc1,0x08,0xc1,0x08,0xc1,0x08,0xc1,0x08,0xc1,0x08,
0xc1,0x08,0xc1,0x08,0xc1,0x08,0xc1,0x08,0xc1,0x08,0xc1,0x08,0xc1,0x08,0xc1,0x08,
0xc1,0x08,0xc1,0x08,0xc1,0x08,0xc1,0x08,0xc1,0x08,0xc1,0x08,0xc1,0x08,0xc1,0x08,
0xc1,0x08,0xc1,0x08,0xc1,0x08,0xc1,0x08,0xc1,0x08,0xc1,0x08,0xc1,0x08,0xc1,0x08,
0xc1,0x08,0xc1,0x08,0xc1,0x08,0xc1,0x08,0xc1,0x08,0xe1,0x08,0xc1,0x08,0x21,0x23,
0x21,0x2c,0x01,0x2c,0x01,0x2c,0x01,0x2c,0x01,0x2c,0x01,0x2c,0x01,0x2c,0x01,0x2c,
0x01,0x2c,0x01,0x2c,0x21,0x2c,0x81,0x23,0xe1,0x08,0xc1,0x08,0xc1,0x08,0xc1,0x08,
0xc1,0x08,0xc1,0x08,0xc1,0x08,0xc1,0x08,0xc1,0x08,0xc1,0x08,0xc1,0x08,0xc1,0x08,
0xc1,0x08,0xc1,0x08,0xc1,0x08,0xc1,0x08,0xc1,0x08,0xc1,0x08,0xc1,0x08,0xc1,0x08,
0xc1,0x08,0xc1,0x08,0xc1,0x08,0xc1,0x08,0xc1,0x08,0xc1,0x08,0xc1,0x08,0xc1,0x08,
0xc1,0x08,0xc1,0x08,0xc1,0x08,0xc1,0x08,0xc1,0x08,0xc1,0x08,0xc1,0x08,0xc1,0x08,
0xc1,0x08,0xc1,0x08,0xc1,0x08,0xc1,0x08,0xc1,0x08,0xc1,0x08,0xc1,0x08,0xc1,0x08,
0xc1,0x08,0xc1,0x08,0xc1,0x08,0xc1,0x08,0xc1,0x08,0xc1,0x08,0xc1,0x08,0xc1,0x08,
0xc1,0x08,0xc1,0x08,0xc1,0x08,0xc1,0x08,0xc1,0x08,0xc1,0x08,0xc1,0x08,0xc1,0x08,
0xc1,0x08,0xc1,0x08,0xc1,0x08,0xc1,0x08,0xc1,0x08,0xc1,0x08,0xc1,0x08,0xc1,0x08,
0xc1,0x08,0xc1,0x08,0xc1,0x08,0xc1,0x08,0xc1,0x08,0xc1,0x08,0xc1,0x08,0xc1,0x08,
0xc1,0x08,0xc1,0x08,0xc1,0x08,0xc1,0x08,0xc1,0x08,0xc1,0x08,0xc1,0x08,0xc1,0x08,
0xc1,0x08,0xc1,0x08,0xc1,0x08,0xc1,0x08,0xc1,0x08,0xc1,0x08,0xc1,0x08,0xc1,0x08,
0xc1,0x08,0xc1,0x08,0xc1,0x08,0xc1,0x08,0xc1,0x08,0xc1,0x08,0xc1,0x08,0xc1,0x08,
0xc1,0x08,0xc1,0x08,0xc1,0x08,0xc1,0x08,0xc1,0x08,0xc1,0x08,0xc1,0x08,0xc1,0x08,
0xc1,0x08,0xc1,0x08,0xc1,0x08,0xc1,0x08,0xc1,0x08,0xc1,0x08,0xc1,0x08,0xc1,0x08,
0xc1,0x08,0xc1,0x08,0xc1,0x08,0xc1,0x08,0xc1,0x08,0xe1,0x10,0x82,0xc4,0x82,0xf5,
0x62,0xed,0x62,0xed,0x62,0xed,0x62,0xed,0x62,0xed,0x62,0xed,0x62,0xed,0x62,0xed,
0x62,0xed,0x62,0xed,0x62,0xed,0x62,0xed,0x62,0xed,0x62,0xed,0x62,0xed,0x62,0xed,
0x62,0xed,0x62,0xed,0x62,0xed,0x62,0xed,0x62,0xed,0x62,0xed,0x62,0xed,0x62,0xed,
0x62,0xed,0x62,0xed,0x62,0xed,0x42,0xed,0x42,0xe5,0x22,0xe5,0x02,0xdd,0xc2,0xd4,
0x82,0xbc,0x02,0xac,0x61,0x8b,0xa1,0x62,0xc1,0x39,0x01,0x11,0x81,0x00,0xa1,0x00,
0xc1,0x08,0xe1,0x10,0xc1,0x08,0xc1,0x08,0xc1,0x08,0xc1,0x08,0xc1,0x08,0xc1,0x08,
0xc1,0x08,0xc1,0x08,0xc1,0x08,0xc1,0x08,0xc1,0x08,0xc1,0x08,0xc1,0x08,0xc1,0x08,
0xc1,0x08,0xc1,0x08,0xc1,0x08,0xc1,0x08,0xc1,0x08,0xc1,0x08,0xc1,0x08,0xc1,0x08,
0xc1,0x08,0xc1,0x08,0xc1,0x08,0xc1,0x08,0xc1,0x08,0xc1,0x08,0xc1,0x08,0xc1,0x08,
0xc1,0x08,0xc1,0x08,0xc1,0x08,0xc1,0x08,0xc1,0x08,0xc1,0x08,0xc1,0x08,0xc1,0x08,
0xc1,0x08,0xc1,0x08,0xc1,0x08,0xc1,0x08,0xc1,0x08,0xc1,0x08,0xc1,0x08,0xc1,0x08,
0xc1,0x08,0xc1,0x08,0xc1,0x08,0xc1,0x08,0xc1,0x08,0xc1,0x08,0xc1,0x08,0xc1,0x08,
0xc1,0x08,0xc1,0x08,0xc1,0x08,0xc1,0x08,0xc1,0x08,0xc1,0x08,0xc1,0x08,0xc1,0x08,
0xc1,0x08,0xc1,0x08,0xc1,0x08,0xc1,0x08,0xc1,0x08,0xc1,0x08,0xc1,0x08,0xc1,0x08,
0xc1,0x08,0xc1,0x08,0xc1,0x08,0xc1,0x08,0xc1,0x08,0xc1,0x08,0xc1,0x08,0xc1,0x08,
0xc1,0x08,0xc1,0x08,0xc1,0x08,0xc1,0x08,0xc1,0x08,0xc1,0x08,0xc1,0x08,0xc1,0x08,
0xc1,0x08,0xc1,0x08,0xc1,0x08,0xc1,0x08,0xc1,0x08,0xc1,0x08,0xc1,0x08,0xc1,0x08,
0xc1,0x08,0xc1,0x08,0xc1,0x08,0xc1,0x08,0xc1,0x08,0xc1,0x08,0xc1,0x08,0xc1,0x08,
0xc1,0x08,0xc1,0x08,0xc1,0x08,0xc1,0x08,0xc1,0x08,0xc1,0x08,0xc1,0x08,0xc1,0x08,
0xc1,0x08,0xc1,0x08,0xc1,0x08,0xc1,0x08,0xc1,0x08,0xc1,0x08,0xc1,0x08,0xc1,0x08,
0xc1,0x08,0xc1,0x08,0xc1,0x08,0xc1,0x08,0xc1,0x08,0xc1,0x08,0xc1,0x08,0xc1,0x08,
0xc1,0x08,0xc1,0x08,0xc1,0x08,0xc1,0x08,0xc1,0x08,0xc1,0x08,0xc1,0x08,0xc1,0x08,
0xc1,0x08,0xc1,0x08,0xc1,0x08,0xc1,0x08,0xc1,0x08,0xc1,0x08,0xc1,0x08,0xc1,0x08,
0xc1,0x08,0xc1,0x08,0xc1,0x08,0xc1,0x08,0xc1,0x08,0xc1,0x08,0xc1,0x08,0xc1,0x08,
0xc1,0x08,0xc1,0x08,0xc1,0x08,0xc1,0x08,0xc1,0x08,0xc1,0x08,0xc1,0x08,0xc1,0x08,
0xc1,0x08,0xc1,0x08,0xc1,0x08,0xc1,0x08,0xc1,0x08,0xc1,0x08,0xc1,0x08,0xc1,0x08,
0xc1,0x08,0xc1,0x08,0xc1,0x08,0xc1,0x08,0xc1,0x08,0xc1,0x08,0xc1,0x08,0xc1,0x08,
0xc1,0x08,0xc1,0x08,0xc1,0x08,0xc1,0x08,0xc1,0x08,0xc1,0x08,0xc1,0x08,0xc1,0x08,
0xc1,0x08,0xc1,0x08,0xc1,0x08,0xc1,0x08,0xc1,0x08,0xc1,0x08,0xc1,0x08,0xc1,0x08,
0xc1,0x08,0xc1,0x08,0xc1,0x08,0xc1,0x08,0xc1,0x08,0xc1,0x08,0xc1,0x08,0xc1,0x08,
0xc1,0x08,0xc1,0x08,0xc1,0x08,0xc1,0x08,0xc1,0x08,0xc1,0x08,0xc1,0x08,0xc1,0x08,
0xc1,0x08,0xc1,0x08,0xc1,0x08,0xc1,0x08,0xc1,0x08,0xc1,0x08,0xc1,0x08,0xc1,0x08,
0xc1,0x08,0xc1,0x08,0xc1,0x08,0xc1,0x08,0xc1,0x08,0xc1,0x08,0xc1,0x08,0xc1,0x08,
0xc1,0x08,0xc1,0x08,0xc1,0x08,0xc1,0x08,0xc1,0x08,0xc1,0x08,0xc1,0x08,0xc1,0x08,
0xc1,0x08,0xc1,0x08,0xc1,0x08,0xc1,0x08,0xc1,0x08,0xc1,0x08,0xc1,0x08,0xc1,0x08,
0xc1,0x08,0xc1,0x08,0xc1,0x08,0xc1,0x08,0xc1,0x08,0xc1,0x08,0xc1,0x08,0xe1,0x08,
0xa1,0x08,0xe1,0x11,0x21,0x2c,0xe1,0x2b,0x01,0x2c,0x01,0x2c,0x01,0x2c,0x01,0x2c,
0x01,0x2c,0x01,0x2c,0x01,0x2c,0x01,0x2c,0x01,0x2c,0xe1,0x2b,0x01,0x2c,0xc1,0x2b,
0x21,0x11,0xc1,0x08,0xe1,0x08,0xc1,0x08,0xc1,0x08,0xc1,0x08,0xc1,0x08,0xc1,0x08,
0xc1,0x08,0xc1,0x08,0xc1,0x08,0xc1,0x08,0xc1,0x08,0xc1,0x08,0xc1,0x08,0xc1,0x08,
0xc1,0x08,0xc1,0x08,0xc1,0x08,0xc1,0x08,0xc1,0x08,0xc1,0x08,0xc1,0x08,0xc1,0x08,
0xc1,0x08,0xc1,0x08,0xc1,0x08,0xc1,0x08,0xc1,0x08,0xc1,0x08,0xc1,0x08,0xc1,0x08,
0xc1,0x08,0xc1,0x08,0xc1,0x08,0xc1,0x08,0xe1,0x08,0xc1,0x08,0x41,0x11,0xe1,0x2b,
0x01,0x2c,0x01,0x2c,0x01,0x2c,0x01,0x2c,0x01,0x2c,0x01,0x2c,0x01,0x2c,0x01,0x2c,
0x01,0x2c,0xe1,0x2b,0x21,0x2c,0x61,0x23,0xe1,0x08,0xc1,0x08,0xc1,0x08,0xc1,0x08,
0xc1,0x08,0xc1,0x08,0xc1,0x08,0xc1,0x08,0xc1,0x08,0xc1,0x08,0xc1,0x08,0xc1,0x08,
0xc1,0x08,0xc1,0x08,0xc1,0x08,0xc1,0x08,0xc1,0x08,0xc1,0x08,0xc1,0x08,0xc1,0x08,
0xc1,0x08,0xc1,0x08,0xc1,0x08,0xc1,0x08,0xc1,0x08,0xc1,0x08,0xc1,0x08,0xc1,0x08,
0xc1,0x08,0xc1,0x08,0xc1,0x08,0xc1,0x08,0xc1,0x08,0xc1,0x08,0xc1,0x08,0xc1,0x08,
0xc1,0x08,0xc1,0x08,0xc1,0x08,0xc1,0x08,0xc1,0x08,0xc1,0x08,0xc1,0x08,0xc1,0x08,
0xc1,0x08,0xc1,0x08,0xc1,0x08,0xc1,0x08,0xc1,0x08,0xc1,0x08,0xc1,0x08,0xc1,0x08,
0xc1,0x08,0xc1,0x08,0xc1,0x08,0xc1,0x08,0xc1,0x08,0xc1,0x08,0xc1,0x08,0xc1,0x08,
0xc1,0x08,0xc1,0x08,0xc1,0x08,0xc1,0x08,0xc1,0x08,0xc1,0x08,0xc1,0x08,0xc1,0x08,
0xc1,0x08,0xc1,0x08,0xc1,0x08,0xc1,0x08,0xc1,0x08,0xc1,0x08,0xc1,0x08,0xc1,0x08,
0xc1,0x08,0xc1,0x08,0xc1,0x08,0xc1,0x08,0xc1,0x08,0xc1,0x08,0xc1,0x08,0xc1,0x08,
0xc1,0x08,0xc1,0x08,0xc1,0x08,0xc1,0x08,0xc1,0x08,0xc1,0x08,0xc1,0x08,0xc1,0x08,
0xc1,0x08,0xc1,0x08,0xc1,0x08,0xc1,0x08,0xc1,0x08,0xc1,0x08,0xc1,0x08,0xc1,0x08,
0xc1,0x08,0xc1,0x08,0xc1,0x08,0xc1,0x08,0xc1,0x08,0xc1,0x08,0xc1,0x08,0xc1,0x08,
0xc1,0x08,0xc1,0x08,0xc1,0x08,0xc1,0x08,0xc1,0x08,0xc1,0x08,0xc1,0x08,0xc1,0x08,
0xc1,0x08,0xc1,0x08,0xc1,0x08,0xc1,0x08,0xc1,0x08,0xe1,0x10,0x82,0xbc,0x62,0xf5,
0x42,0xe5,0x42,0xed,0x42,0xed,0x42,0xed,0x42,0xed,0x42,0xed,0x42,0xed,0x42,0xed,
0x42,0xed,0x42,0xed,0x42,0xed,0x42,0xed,0x42,0xed,0x42,0xed,0x42,0xed,0x42,0xed,
0x42,0xed,0x42,0xed,0x42,0xed,0x42,0xed,0x42,0xed,0x42,0xed,0x42,0xed,0x42,0xed,
0x42,0xed,0x42,0xed,0x42,0xed,0x42,0xed,0x62,0xed,0x62,0xed,0x62,0xed,0x62,0xed,
0x82,0xf5,0x82,0xf5,0xa2,0xf5,0x82,0xf5,0x42,0xed,0xc2,0xcc,0x81,0x93,0xe1,0x41,
0xc1,0x08,0x81,0x00,0xe1,0x08,0xe1,0x10,0xc1,0x08,0xc1,0x08,0xc1,0x08,0xc1,0x08,
0xc1,0x08,0xc1,0x08,0xc1,0x08,0xc1,0x08,0xc1,0x08,0xc1,0x08,0xc1,0x08,0xc1,0x08,
0xc1,0x08,0xc1,0x08,0xc1,0x08,0xc1,0x08,0xc1,0x08,0xc1,0x08,0xc1,0x08,0xc1,0x08,
0xc1,0x08,0xc1,0x08,0xc1,0x08,0xc1,0x08,0xc1,0x08,0xc1,0x08,0xc1,0x08,0xc1,0x08,
0xc1,0x08,0xc1,0x08,0xc1,0x08,0xc1,0x08,0xc1,0x08,0xc1,0x08,0xc1,0x08,0xc1,0x08,
0xc1,0x08,0xc1,0x08,0xc1,0x08,0xc1,0x08,0xc1,0x08,0xc1,0x08,0xc1,0x08,0xc1,0x08,
0xc1,0x08,0xc1,0x08,0xc1,0x08,0xc1,0x08,0xc1,0x08,0xc1,0x08,0xc1,0x08,0xc1,0x08,
0xc1,0x08,0xc1,0x08,0xc1,0x08,0xc1,0x08,0xc1,0x08,0xc1,0x08,0xc1,0x08,0xc1,0x08,
0xc1,0x08,0xc1,0x08,0xc1,0x08,0xc1,0x08,0xc1,0x08,0xc1,0x08,0xc1,0x08,0xc1,0x08,
0xc1,0x08,0xc1,0x08,0xc1,0x08,0xc1,0x08,0xc1,0x08,0xc1,0x08,0xc1,0x08,0xc1,0x08,
0xc1,0x08,0xc1,0x08,0xc1,0x08,0xc1,0x08,0xc1,0x08,0xc1,0x08,0xc1,0x08,0xc1,0x08,
0xc1,0x08,0xc1,0x08,0xc1,0x08,0xc1,0x08,0xc1,0x08,0xc1,0x08,0xc1,0x08,0xc1,0x08,
0xc1,0x08,0xc1,0x08,0xc1,0x08,0xc1,0x08,0xc1,0x08,0xc1,0x08,0xc1,0x08,0xc1,0x08,
0xc1,0x08,0xc1,0x08,0xc1,0x08,0xc1,0x08,0xc1,0x08,0xc1,0x08,0xc1,0x08,0xc1,0x08,
0xc1,0x08,0xc1,0x08,0xc1,0x08,0xc1,0x08,0xc1,0x08,0xc1,0x08,0xc1,0x08,0xc1,0x08,
0xc1,0x08,0xc1,0x08,0xc1,0x08,0xc1,0x08,0xc1,0x08,0xc1,0x08,0xc1,0x08,0xc1,0x08,
0xc1,0x08,0xc1,0x08,0xc1,0x08,0xc1,0x08,0xc1,0x08,0xc1,0x08,0xc1,0x08,0xc1,0x08,
0xc1,0x08,0xc1,0x08,0xc1,0x08,0xc1,0x08,0xc1,0x08,0xc1,0x08,0xc1,0x08,0xc1,0x08,
0xc1,0x08,0xc1,0x08,0xc1,0x08,0xc1,0x08,0xc1,0x08,0xc1,0x08,0xc1,0x08,0xc1,0x08,
0xc1,0x08,0xc1,0x08,0xc1,0x08,0xc1,0x08,0xc1,0x08,0xc1,0x08,0xc1,0x08,0xc1,0x08,
0xc1,0x08,0xc1,0x08,0xc1,0x08,0xc1,0x08,0xc1,0x08,0xc1,0x08,0xc1,0x08,0xc1,0x08,
0xc1,0x08,0xc1,0x08,0xc1,0x08,0xc1,0x08,0xc1,0x08,0xc1,0x08,0xc1,0x08,0xc1,0x08,
0xc1,0x08,0xc1,0x08,0xc1,0x08,0xc1,0x08,0xc1,0x08,0xc1,0x08,0xc1,0x08,0xc1,0x08,
0xc1,0x08,0xc1,0x08,0xc1,0x08,0xc1,0x08,0xc1,0x08,0xc1,0x08,0xc1,0x08,0xc1,0x08,
0xc1,0x08,0xc1,0x08,0xc1,0x08,0xc1,0x08,0xc1,0x08,0xc1,0x08,0xc1,0x08,0xc1,0x08,
0xc1,0x08,0xc1,0x08,0xc1,0x08,0xc1,0x08,0xc1,0x08,0xc1,0x08,0xc1,0x08,0xc1,0x08,
0xc1,0x08,0xc1,0x08,0xc1,0x08,0xc1,0x08,0xc1,0x08,0xc1,0x08,0xc1,0x08,0xc1,0x08,
0xc1,0x08,0xc1,0x08,0xc1,0x08,0xc1,0x08,0xc1,0x08,0xc1,0x08,0xc1,0x08,0xc1,0x08,
0xc1,0x08,0xc1,0x08,0xc1,0x08,0xc1,0x08,0xc1,0x08,0xc1,0x08,0xc1,0x08,0xc1,0x08,
0xc1,0x08,0xc1,0x08,0xc1,0x08,0xc1,0x08,0xc1,0x08,0xc1,0x08,0xc1,0x08,0xc1,0x08,
0xc1,0x08,0xc1,0x08,0xc1,0x08,0xc1,0x08,0xc1,0x08,0xc1,0x08,0xc1,0x08,0xe1,0x08,
0xa1,0x08,0xe1,0x11,0x21,0x2c,0xe1,0x2b,0x01,0x2c,0x01,0x2c,0x01,0x2c,0x01,0x2c,
0x01,0x2c,0x01,0x2c,0x01,0x2c,0x01,0x2c,0x01,0x2c,0x01,0x2c,0xe1,0x2b,0x21,0x2c,
0xe1,0x19,0xa1,0x08,0xe1,0x08,0xc1,0x08,0xc1,0x08,0xc1,0x08,0xc1,0x08,0xc1,0x08,
0xc1,0x08,0xc1,0x08,0xc1,0x08,0xc1,0x08,0xc1,0x08,0xc1,0x08,0xc1,0x08,0xc1,0x08,
0xc1,0x08,0xc1,0x08,0xc1,0x08,0xc1,0x08,0xc1,0x08,0xc1,0x08,0xc1,0x08,0xc1,0x08,
0xc1,0x08,0xc1,0x08,0xc1,0x08,0xc1,0x08,0xc1,0x08,0xc1,0x08,0xc1,0x08,0xc1,0x08,
0xc1,0x08,0xc1,0x08,0xc1,0x08,0xc1,0x08,0xe1,0x08,0xa1,0x08,0x21,0x1a,0x21,0x2c,
0xe1,0x2b,0x01,0x2c,0x01,0x2c,0x01,0x2c,0x01,0x2c,0x01,0x2c,0x01,0x2c,0x01,0x2c,
0x01,0x2c,0xe1,0x2b,0x21,0x2c,0x61,0x23,0xe1,0x08,0xc1,0x08,0xc1,0x08,0xc1,0x08,
0xc1,0x08,0xc1,0x08,0xc1,0x08,0xc1,0x08,0xc1,0x08,0xc1,0x08,0xc1,0x08,0xc1,0x08,
0xc1,0x08,0xc1,0x08,0xc1,0x08,0xc1,0x08,0xc1,0x08,0xc1,0x08,0xc1,0x08,0xc1,0x08,
0xc1,0x08,0xc1,0x08,0xc1,0x08,0xc1,0x08,0xc1,0x08,0xc1,0x08,0xc1,0x08,0xc1,0x08,
0xc1,0x08,0xc1,0x08,0xc1,0x08,0xc1,0x08,0xc1,0x08,0xc1,0x08,0xc1,0x08,0xc1,0x08,
0xc1,0x08,0xc1,0x08,0xc1,0x08,0xc1,0x08,0xc1,0x08,0xc1,0x08,0xc1,0x08,0xc1,0x08,
0xc1,0x08,0xc1,0x08,0xc1,0x08,0xc1,0x08,0xc1,0x08,0xc1,0x08,0xc1,0x08,0xc1,0x08,
0xc1,0x08,0xc1,0x08,0xc1,0x08,0xc1,0x08,0xc1,0x08,0xc1,0x08,0xc1,0x08,0xc1,0x08,
0xc1,0x08,0xc1,0x08,0xc1,0x08,0xc1,0x08,0xc1,0x08,0xc1,0x08,0xc1,0x08,0xc1,0x08,
0xc1,0x08,0xc1,0x08,0xc1,0x08,0xc1,0x08,0xc1,0x08,0xc1,0x08,0xc1,0x08,0xc1,0x08,
0xc1,0x08,0xc1,0x08,0xc1,0x08,0xc1,0x08,0xc1,0x08,0xc1,0x08,0xc1,0x08,0xc1,0x08,
0xc1,0x08,0xc1,0x08,0xc1,0x08,0xc1,0x08,0xc1,0x08,0xc1,0x08,0xc1,0x08,0xc1,0x08,
0xc1,0x08,0xc1,0x08,0xc1,0x08,0xc1,0x08,0xc1,0x08,0xc1,0x08,0xc1,0x08,0xc1,0x08,
0xc1,0x08,0xc1,0x08,0xc1,0x08,0xc1,0x08,0xc1,0x08,0xc1,0x08,0xc1,0x08,0xc1,0x08,
0xc1,0x08,0xc1,0x08,0xc1,0x08,0xc1,0x08,0xc1,0x08,0xc1,0x08,0xc1,0x08,0xc1,0x08,
0xc1,0x08,0xc1,0x08,0xc1,0x08,0xc1,0x08,0xc1,0x08,0xe1,0x10,0x82,0xc4,0x82,0xf5,
0x42,0xe5,0x42,0xed,0x42,0xed,0x42,0xed,0x42,0xed,0x42,0xed,0x42,0xed,0x42,0xed,
0x42,0xed,0x42,0xed,0x42,0xed,0x42,0xed,0x42,0xed,0x42,0xed,0x42,0xed,0x42,0xed,
0x42,0xed,0x42,0xed,0x42,0xed,0x42,0xed,0x42,0xed,0x42,0xed,0x42,0xed,0x42,0xed,
0x42,0xed,0x42,0xed,0x42,0xed,0x42,0xed,0x42,0xed,0x42,0xed,0x42,0xed,0x42,0xed,
0x42,0xe5,0x42,0xe5,0x42,0xe5,0x42,0xe5,0x42,0xed,0x62,0xed,0xa2,0xf5,0x62,0xf5,
0x42,0xbc,0x41,0x52,0xc1,0x08,0xa1,0x00,0xe1,0x10,0xc1,0x08,0xc1,0x08,0xc1,0x08,
0xc1,0x08,0xc1,0x08,0xc1,0x08,0xc1,0x08,0xc1,0x08,0xc1,0x08,0xc1,0x08,0xc1,0x08,
0xc1,0x08,0xc1,0x08,0xc1,0x08,0xc1,0x08,0xc1,0x08,0xc1,0x08,0xc1,0x08,0xc1,0x08,
0xc1,0x08,0xc1,0x08,0xc1,0x08,0xc1,0x08,0xc1,0x08,0xc1,0x08,0xc1,0x08,0xc1,0x08,
0xc1,0x08,0xc1,0x08,0xc1,0x08,0xc1,0x08,0xc1,0x08,0xc1,0x08,0xc1,0x08,0xc1,0x08,
0xc1,0x08,0xc1,0x08,0xc1,0x08,0xc1,0x08,0xc1,0x08,0xc1,0x08,0xc1,0x08,0xc1,0x08,
0xc1,0x08,0xc1,0x08,0xc1,0x08,0xc1,0x08,0xc1,0x08,0xc1,0x08,0xc1,0x08,0xc1,0x08,
0xc1,0x08,0xc1,0x08,0xc1,0x08,0xc1,0x08,0xc1,0x08,0xc1,0x08,0xc1,0x08,0xc1,0x08,
0xc1,0x08,0xc1,0x08,0xc1,0x08,0xc1,0x08,0xc1,0x08,0xc1,0x08,0xc1,0x08,0xc1,0x08,
0xc1,0x08,0xc1,0x08,0xc1,0x08,0xc1,0x08,0xc1,0x08,0xc1,0x08,0xc1,0x08,0xc1,0x08,
0xc1,0x08,0xc1,0x08,0xc1,0x08,0xc1,0x08,0xc1,0x08,0xc1,0x08,0xc1,0x08,0xc1,0x08,
0xc1,0x08,0xc1,0x08,0xc1,0x08,0xc1,0x08,0xc1,0x08,0xc1,0x08,0xc1,0x08,0xc1,0x08,
0xc1,0x08,0xc1,0x08,0xc1,0x08,0xc1,0x08,0xc1,0x08,0xc1,0x08,0xc1,0x08,0xc1,0x08,
0xc1,0x08,0xc1,0x08,0xc1,0x08,0xc1,0x08,0xc1,0x08,0xc1,0x08,0xc1,0x08,0xc1,0x08,
0xc1,0x08,0xc1,0x08,0xc1,0x08,0xc1,0x08,0xc1,0x08,0xc1,0x08,0xc1,0x08,0xc1,0x08,
0xc1,0x08,0xc1,0x08,0xc1,0x08,0xc1,0x08,0xc1,0x08,0xc1,0x08,0xc1,0x08,0xc1,0x08,
0xc1,0x08,0xc1,0x08,0xc1,0x08,0xc1,0x08,0xc1,0x08,0xc1,0x08,0xc1,0x08,0xc1,0x08,
0xc1,0x08,0xc1,0x08,0xc1,0x08,0xc1,0x08,0xc1,0x08,0xc1,0x08,0xc1,0x08,0xc1,0x08,
0xc1,0x08,0xc1,0x08,0xc1,0x08,0xc1,0x08,0xc1,0x08,0xc1,0x08,0xc1,0x08,0xc1,0x08,
0xc1,0x08,0xc1,0x08,0xc1,0x08,0xc1,0x08,0xc1,0x08,0xc1,0x08,0xc1,0x08,0xc1,0x08,
0xc1,0x08,0xc1,0x08,0xc1,0x08,0xc1,0x08,0xc1,0x08,0xc1,0x08,0xc1,0x08,0xc1,0x08,
0xc1,0x08,0xc1,0x08,0xc1,0x08,0xc1,0x08,0xc1,0x08,0xc1,0x08,0xc1,0x08,0xc1,0x08,
0xc1,0x08,0xc1,0x08,0xc1,0x08,0xc1,0x08,0xc1,0x08,0xc1,0x08,0xc1,0x08,0xc1,0x08,
0xc1,0x08,0xc1,0x08,0xc1,0x08,0xc1,0x08,0xc1,0x08,0xc1,0x08,0xc1,0x08,0xc1,0x08,
0xc1,0x08,0xc1,0x08,0xc1,0x08,0xc1,0x08,0xc1,0x08,0xc1,0x08,0xc1,0x08,0xc1,0x08,
0xc1,0x08,0xc1,0x08,0xc1,0x08,0xc1,0x08,0xc1,0x08,0xc1,0x08,0xc1,0x08,0xc1,0x08,
0xc1,0x08,0xc1,0x08,0xc1,0x08,0xc1,0x08,0xc1,0x08,0xc1,0x08,0xc1,0x08,0xc1,0x08,
0xc1,0x08,0xc1,0x08,0xc1,0x08,0xc1,0x08,0xc1,0x08,0xc1,0x08,0xc1,0x08,0xc1,0x08,
0xc1,0x08,0xc1,0x08,0xc1,0x08,0xc1,0x08,0xc1,0x08,0xc1,0x08,0xc1,0x08,0xc1,0x08,
0xc1,0x08,0xc1,0x08,0xc1,0x08,0xc1,0x08,0xc1,0x08,0xc1,0x08,0xc1,0x08,0xc1,0x08,
0xc1,0x08,0xc1,0x08,0xc1,0x08,0xc1,0x08,0xc1,0x08,0xc1,0x08,0xc1,0x08,0xe1,0x08,
0xa1,0x08,0xe1,0x11,0x21,0x2c,0xe1,0x2b,0x01,0x2c,0x01,0x2c,0x01,0x2c,0x01,0x2c,
0x01,0x2c,0x01,0x2c,0x01,0x2c,0x01,0x2c,0x01,0x2c,0x01,0x2c,0xe1,0x2b,0x21,0x2c,
0xe1,0x22,0xa1,0x08,0xe1,0x08,0xc1,0x08,0xc1,0x08,0xc1,0x08,0xc1,0x08,0xc1,0x08,
0xc1,0x08,0xc1,0x08,0xc1,0x08,0xc1,0x08,0xc1,0x08,0xc1,0x08,0xc1,0x08,0xc1,0x08,
0xc1,0x08,0xc1,0x08,0xc1,0x08,0xc1,0x08,0xc1,0x08,0xc1,0x08,0xc1,0x08,0xc1,0x08,
0xc1,0x08,0xc1,0x08,0xc1,0x08,0xc1,0x08,0xc1,0x08,0xc1,0x08,0xc1,0x08,0xc1,0x08,
0xc1,0x08,0xc1,0x08,0xc1,0x08,0xc1,0x08,0xe1,0x08,0xc1,0x08,0x01,0x23,0x21,0x2c,
0xe1,0x2b,0x01,0x2c,0x01,0x2c,0x01,0x2c,0x01,0x2c,0x01,0x2c,0x01,0x2c,0x01,0x2c,
0x01,0x2c,0xe1,0x2b,0x21,0x2c,0x61,0x23,0xe1,0x08,0xc1,0x08,0xc1,0x08,0xc1,0x08,
0xc1,0x08,0xc1,0x08,0xc1,0x08,0xc1,0x08,0xc1,0x08,0xc1,0x08,0xc1,0x08,0xc1,0x08,
0xc1,0x08,0xc1,0x08,0xc1,0x08,0xc1,0x08,0xc1,0x08,0xc1,0x08,0xc1,0x08,0xc1,0x08,
0xc1,0x08,0xc1,0x08,0xc1,0x08,0xc1,0x08,0xc1,0x08,0xc1,0x08,0xc1,0x08,0xc1,0x08,
0xc1,0x08,0xc1,0x08,0xc1,0x08,0xc1,0x08,0xc1,0x08,0xc1,0x08,0xc1,0x08,0xc1,0x08,
0xc1,0x08,0xc1,0x08,0xc1,0x08,0xc1,0x08,0xc1,0x08,0xc1,0x08,0xc1,0x08,0xc1,0x08,
0xc1,0x08,0xc1,0x08,0xc1,0x08,0xc1,0x08,0xc1,0x08,0xc1,0x08,0xc1,0x08,0xc1,0x08,
0xc1,0x08,0xc1,0x08,0xc1,0x08,0xc1,0x08,0xc1,0x08,0xc1,0x08,0xc1,0x08,0xc1,0x08,
0xc1,0x08,0xc1,0x08,0xc1,0x08,0xc1,0x08,0xc1,0x08,0xc1,0x08,0xc1,0x08,0xc1,0x08,
0xc1,0x08,0xc1,0x08,0xc1,0x08,0xc1,0x08,0xc1,0x08,0xc1,0x08,0xc1,0x08,0xc1,0x08,
0xc1,0x08,0xc1,0x08,0xc1,0x08,0xc1,0x08,0xc1,0x08,0xc1,0x08,0xc1,0x08,0xc1,0x08,
0xc1,0x08,0xc1,0x08,0xc1,0x08,0xc1,0x08,0xc1,0x08,0xc1,0x08,0xc1,0x08,0xc1,0x08,
0xc1,0x08,0xc1,0x08,0xc1,0x08,0xc1,0x08,0xc1,0x08,0xc1,0x08,0xc1,0x08,0xc1,0x08,
0xc1,0x08,0xc1,0x08,0xc1,0x08,0xc1,0x08,0xc1,0x08,0xc1,0x08,0xc1,0x08,0xc1,0x08,
0xc1,0x08,0xc1,0x08,0xc1,0x08,0xc1,0x08,0xc1,0x08,0xc1,0x08,0xc1,0x08,0xc1,0x08,
0xc1,0x08,0xc1,0x08,0xc1,0x08,0xc1,0x08,0xc1,0x08,0xe1,0x10,0x82,0xc4,0x82,0xf5,
0x42,0xe5,0x42,0xed,0x42,0xed,0x42,0xed,0x42,0xed,0x42,0xed,0x42,0xed,0x42,0xed,
0x42,0xed,0x42,0xed,0x42,0xed,0x42,0xed,0x42,0xed,0x42,0xed,0x42,0xed,0x42,0xed,
0x42,0xed,0x42,0xed,0x42,0xed,0x42,0xed,0x42,0xed,0x42,0xed,0x42,0xed,0x42,0xed,
0x42,0xed,0x42,0xed,0x42,0xed,0x42,0xed,0x42,0xed,0x42,0xed,0x42,0xed,0x42,0xed,
0x42,0xed,0x42,0xed,0x42,0xed,0x42,0xed,0x42,0xed,0x42,0xed,0x42,0xe5,0x42,0xed,
0x82,0xf5,0x82,0xf5,0x22,0xac,0x61,0x29,0xa1,0x00,0xe1,0x10,0xc1,0x08,0xc1,0x08,
0xc1,0x08,0xc1,0x08,0xc1,0x08,0xc1,0x08,0xc1,0x08,0xc1,0x08,0xc1,0x08,0xc1,0x08,
0xc1,0x08,0xc1,0x08,0xc1,0x08,0xc1,0x08,0xc1,0x08,0xc1,0x08,0xc1,0x08,0xc1,0x08,
0xc1,0x08,0xc1,0x08,0xc1,0x08,0xc1,0x08,0xc1,0x08,0xc1,0x08,0xc1,0x08,0xc1,0x08,
0xc1,0x08,0xc1,0x08,0xc1,0x08,0xc1,0x08,0xc1,0x08,0xc1,0x08,0xc1,0x08,0xc1,0x08,
0xc1,0x08,0xc1,0x08,0xc1,0x08,0xc1,0x08,0xc1,0x08,0xc1,0x08,0xc1,0x08,0xc1,0x08,
0xc1,0x08,0xc1,0x08,0xc1,0x08,0xc1,0x08,0xc1,0x08,0xc1,0x08,0xc1,0x08,0xc1,0x08,
0xc1,0x08,0xc1,0x08,0xc1,0x08,0xc1,0x08,0xc1,0x08,0xc1,0x08,0xc1,0x08,0xc1,0x08,
0xc1,0x08,0xc1,0x08,0xc1,0x08,0xc1,0x08,0xc1,0x08,0xc1,0x08,0xc1,0x08,0xc1,0x08,
0xc1,0x08,0xc1,0x08,0xc1,0x08,0xc1,0x08,0xc1,0x08,0xc1,0x08,0xc1,0x08,0xc1,0x08,
0xc1,0x08,0xc1,0x08,0xc1,0x08,0xc1,0x08,0xc1,0x08,0xc1,0x08,0xc1,0x08,0xc1,0x08,
0xc1,0x08,0xc1,0x08,0xc1,0x08,0xc1,0x08,0xc1,0x08,0xc1,0x08,0xc1,0x08,0xc1,0x08,
0xc1,0x08,0xc1,0x08,0xc1,0x08,0xc1,0x08,0xc1,0x08,0xc1,0x08,0xc1,0x08,0xc1,0x08,
0xc1,0x08,0xc1,0x08,0xc1,0x08,0xc1,0x08,0xc1,0x08,0xc1,0x08,0xc1,0x08,0xc1,0x08,
0xc1,0x08,0xc1,0x08,0xc1,0x08,0xc1,0x08,0xc1,0x08,0xc1,0x08,0xc1,0x08,0xc1,0x08,
0xc1,0x08,0xc1,0x08,0xc1,0x08,0xc1,0x08,0xc1,0x08,0xc1,0x08,0xc1,0x08,0xc1,0x08,
0xc1,0x08,0xc1,0x08,0xc1,0x08,0xc1,0x08,0xc1,0x08,0xc1,0x08,0xc1,0x08,0xc1,0x08,
0xc1,0x08,0xc1,0x08,0xc1,0x08,0xc1,0x08,0xc1,0x08,0xc1,0x08,0xc1,0x08,0xc1,0x08,
0xc1,0x08,0xc1,0x08,0xc1,0x08,0xc1,0x08,0xc1,0x08,0xc1,0x08,0xc1,0x08,0xc1,0x08,
0xc1,0x08,0xc1,0x08,0xc1,0x08,0xc1,0x08,0xc1,0x08,0xc1,0x08,0xc1,0x08,0xc1,0x08,
0xc1,0x08,0xc1,0x08,0xc1,0x08,0xc1,0x08,0xc1,0x08,0xc1,0x08,0xc1,0x08,0xc1,0x08,
0xc1,0x08,0xc1,0x08,0xc1,0x08,0xc1,0x08,0xc1,0x08,0xc1,0x08,0xc1,0x08,0xc1,0x08,
0xc1,0x08,0xc1,0x08,0xc1,0x08,0xc1,0x08,0xc1,0x08,0xc1,0x08,0xc1,0x08,0xc1,0x08,
0xc1,0x08,0xc1,0x08,0xc1,0x08,0xc1,0x08,0xc1,0x08,0xc1,0x08,0xc1,0x08,0xc1,0x08,
0xc1,0x08,0xc1,0x08,0xc1,0x08,0xc1,0x08,0xc1,0x08,0xc1,0x08,0xc1,0x08,0xc1,0x08,
0xc1,0x08,0xc1,0x08,0xc1,0x08,0xc1,0x08,0xc1,0x08,0xc1,0x08,0xc1,0x08,0xc1,0x08,
0xc1,0x08,0xc1,0x08,0xc1,0x08,0xc1,0x08,0xc1,0x08,0xc1,0x08,0xc1,0x08,0xc1,0x08,
0xc1,0x08,0xc1,0x08,0xc1,0x08,0xc1,0x08,0xc1,0x08,0xc1,0x08,0xc1,0x08,0xc1,0x08,
0xc1,0x08,0xc1,0x08,0xc1,0x08,0xc1,0x08,0xc1,0x08,0xc1,0x08,0xc1,0x08,0xc1,0x08,
0xc1,0x08,0xc1,0x08,0xc1,0x08,0xc1,0x08,0xc1,0x08,0xc1,0x08,0xc1,0x08,0xc1,0x08,
0xc1,0x08,0xc1,0x08,0xc1,0x08,0xc1,0x08,0xc1,0x08,0xc1,0x08,0xc1,0x08,0xe1,0x08,
0xa1,0x08,0xe1,0x11,0x21,0x2c,0xe1,0x2b,0x01,0x2c,0x01,0x2c,0x01,0x2c,0x01,0x2c,
0x01,0x2c,0x01,0x2c,0x01,0x2c,0x01,0x2c,0x01,0x2c,0x01,0x2c,0xe1,0x2b,0x01,0x2c,
0xa1,0x23,0x01,0x11,0xc1,0x08,0xc1,0x08,0xc1,0x08,0xc1,0x08,0xc1,0x08,0xc1,0x08,
0xc1,0x08,0xc1,0x08,0xc1,0x08,0xc1,0x08,0xc1,0x08,0xc1,0x08,0xc1,0x08,0xc1,0x08,
0xc1,0x08,0xc1,0x08,0xc1,0x08,0xc1,0x08,0xc1,0x08,0xc1,0x08,0xc1,0x08,0xc1,0x08,
0xc1,0x08,0xc1,0x08,0xc1,0x08,0xc1,0x08,0xc1,0x08,0xc1,0x08,0xc1,0x08,0xc1,0x08,
0xc1,0x08,0xc1,0x08,0xc1,0x08,0xe1,0x08,0xc1,0x08,0x21,0x11,0xc1,0x2b,0x01,0x2c,
0x01,0x2c,0x01,0x2c,0x01,0x2c,0x01,0x2c,0x01,0x2c,0x01,0x2c,0x01,0x2c,0x01,0x2c,
0x01,0x2c,0xe1,0x2b,0x21,0x2c,0x61,0x23,0xe1,0x08,0xc1,0x08,0xc1,0x08,0xc1,0x08,
0xc1,0x08,0xc1,0x08,0xc1,0x08,0xc1,0x08,0xc1,0x08,0xc1,0x08,0xc1,0x08,0xc1,0x08,
0xc1,0x08,0xc1,0x08,0xc1,0x08,0xc1,0x08,0xc1,0x08,0xc1,0x08,0xc1,0x08,0xc1,0x08,
0xc1,0x08,0xc1,0x08,0xc1,0x08,0xc1,0x08,0xc1,0x08,0xc1,0x08,0xc1,0x08,0xc1,0x08,
0xc1,0x08,0xc1,0x08,0xc1,0x08,0xc1,0x08,0xc1,0x08,0xc1,0x08,0xc1,0x08,0xc1,0x08,
0xc1,0x08,0xc1,0x08,0xc1,0x08,0xc1,0x08,0xc1,0x08,0xc1,0x08,0xc1,0x08,0xc1,0x08,
0xc1,0x08,0xc1,0x08,0xc1,0x08,0xc1,0x08,0xc1,0x08,0xc1,0x08,0xc1,0x08,0xc1,0x08,
0xc1,0x08,0xc1,0x08,0xc1,0x08,0xc1,0x08,0xc1,0x08,0xc1,0x08,0xc1,0x08,0xc1,0x08,
0xc1,0x08,0xc1,0x08,0xc1,0x08,0xc1,0x08,0xc1,0x08,0xc1,0x08,0xc1,0x08,0xc1,0x08,
0xc1,0x08,0xc1,0x08,0xc1,0x08,0xc1,0x08,0xc1,0x08,0xc1,0x08,0xc1,0x08,0xc1,0x08,
0xc1,0x08,0xc1,0x08,0xc1,0x08,0xc1,0x08,0xc1,0x08,0xc1,0x08,0xc1,0x08,0xc1,0x08,
0xc1,0x08,0xc1,0x08,0xc1,0x08,0xc1,0x08,0xc1,0x08,0xc1,0x08,0xc1,0x08,0xc1,0x08,
0xc1,0x08,0xc1,0x08,0xc1,0x08,0xc1,0x08,0xc1,0x08,0xc1,0x08,0xc1,0x08,0xc1,0x08,
0xc1,0x08,0xc1,0x08,0xc1,0x08,0xc1,0x08,0xc1,0x08,0xc1,0x08,0xc1,0x08,0xc1,0x08,
0xc1,0x08,0xc1,0x08,0xc1,0x08,0xc1,0x08,0xc1,0x08,0xc1,0x08,0xc1,0x08,0xc1,0x08,
0xc1,0x08,0xc1,0x08,0xc1,0x08,0xc1,0x08,0xc1,0x08,0xe1,0x10,0x82,0xc4,0x82,0xf5,
0x42,0xe5,0x42,0xed,0x42,0xed,0x42,0xed,0x42,0xed,0x42,0xed,0x42,0xed,0x42,0xed,
0x42,0xed,0x42,0xed,0x42,0xed,0x42,0xed,0x42,0xed,0x42,0xed,0x42,0xed,0x42,0xed,
0x42,0xed,0x42,0xed,0x42,0xed,0x42,0xed,0x42,0xed,0x42,0xed,0x42,0xed,0x42,0xed,
0x42,0xed,0x42,0xed,0x42,0xed,0x42,0xed,0x42,0xed,0x42,0xed,0x42,0xed,0x42,0xed,
0x42,0xed,0x42,0xed,0x42,0xed,0x42,0xed,0x42,0xed,0x42,0xed,0x42,0xed,0x42,0xed,
0x42,0xe5,0x42,0xe5,0x82,0xf5,0x02,0xdd,0x21,0x4a,0x81,0x00,0xe1,0x10,0xc1,0x08,
0xc1,0x08,0xc1,0x08,0xc1,0x08,0xc1,0x08,0xc1,0x08,0xc1,0x08,0xc1,0x08,0xc1,0x08,
0xc1,0x08,0xc1,0x08,0xc1,0x08,0xc1,0x08,0xc1,0x08,0xc1,0x08,0xc1,0x08,0xc1,0x08,
0xc1,0x08,0xc1,0x08,0xc1,0x08,0xc1,0x08,0xc1,0x08,0xc1,0x08,0xc1,0x08,0xc1,0x08,
0xc1,0x08,0xc1,0x08,0xc1,0x08,0xc1,0x08,0xc1,0x08,0xc1,0x08,0xc1,0x08,0xc1,0x08,
0xc1,0x08,0xc1,0x08,0xc1,0x08,0xc1,0x08,0xc1,0x08,0xc1,0x08,0xc1,0x08,0xc1,0x08,
0xc1,0x08,0xc1,0x08,0xc1,0x08,0xc1,0x08,0xc1,0x08,0xc1,0x08,0xc1,0x08,0xc1,0x08,
0xc1,0x08,0xc1,0x08,0xc1,0x08,0xc1,0x08,0xc1,0x08,0xc1,0x08,0xc1,0x08,0xc1,0x08,
0xc1,0x08,0xc1,0x08,0xc1,0x08,0xc1,0x08,0xc1,0x08,0xc1,0x08,0xc1,0x08,0xc1,0x08,
0xc1,0x08,0xc1,0x08,0xc1,0x08,0xc1,0x08,0xc1,0x08,0xc1,0x08,0xc1,0x08,0xc1,0x08,
0xc1,0x08,0xc1,0x08,0xc1,0x08,0xc1,0x08,0xc1,0x08,0xc1,0x08,0xc1,0x08,0xc1,0x08,
0xc1,0x08,0xc1,0x08,0xc1,0x08,0xc1,0x08,0xc1,0x08,0xc1,0x08,0xc1,0x08,0xc1,0x08,
0xc1,0x08,0xc1,0x08,0xc1,0x08,0xc1,0x08,0xc1,0x08,0xc1,0x08,0xc1,0x08,0xc1,0x08,
0xc1,0x08,0xc1,0x08,0xc1,0x08,0xc1,0x08,0xc1,0x08,0xc1,0x08,0xc1,0x08,0xc1,0x08,
0xc1,0x08,0xc1,0x08,0xc1,0x08,0xc1,0x08,0xc1,0x08,0xc1,0x08,0xc1,0x08,0xc1,0x08,
0xc1,0x08,0xc1,0x08,0xc1,0x08,0xc1,0x08,0xc1,0x08,0xc1,0x08,0xc1,0x08,0xc1,0x08,
0xc1,0x08,0xc1,0x08,0xc1,0x08,0xc1,0x08,0xc1,0x08,0xc1,0x08,0xc1,0x08,0xc1,0x08,
0xc1,0x08,0xc1,0x08,0xc1,0x08,0xc1,0x08,0xc1,0x08,0xc1,0x08,0xc1,0x08,0xc1,0x08,
0xc1,0x08,0xc1,0x08,0xc1,0x08,0xc1,0x08,0xc1,0x08,0xc1,0x08,0xc1,0x08,0xc1,0x08,
0xc1,0x08,0xc1,0x08,0xc1,0x08,0xc1,0x08,0xc1,0x08,0xc1,0x08,0xc1,0x08,0xc1,0x08,
0xc1,0x08,0xc1,0x08,0xc1,0x08,0xc1,0x08,0xc1,0x08,0xc1,0x08,0xc1,0x08,0xc1,0x08,
0xc1,0x08,0xc1,0x08,0xc1,0x08,0xc1,0x08,0xc1,0x08,0xc1,0x08,0xc1,0x08,0xc1,0x08,
0xc1,0x08,0xc1,0x08,0xc1,0x08,0xc1,0x08,0xc1,0x08,0xc1,0x08,0xc1,0x08,0xc1,0x08,
0xc1,0x08,0xc1,0x08,0xc1,0x08,0xc1,0x08,0xc1,0x08,0xc1,0x08,0xc1,0x08,0xc1,0x08,
0xc1,0x08,0xc1,0x08,0xc1,0x08,0xc1,0x08,0xc1,0x08,0xc1,0x08,0xc1,0x08,0xc1,0x08,
0xc1,0x08,0xc1,0x08,0xc1,0x08,0xc1,0x08,0xc1,0x08,0xc1,0x08,0xc1,0x08,0xc1,0x08,
0xc1,0x08,0xc1,0x08,0xc1,0x08,0xc1,0x08,0xc1,0x08,0xc1,0x08,0xc1,0x08,0xc1,0x08,
0xc1,0x08,0xc1,0x08,0xc1,0x08,0xc1,0x08,0xc1,0x08,0xc1,0x08,0xc1,0x08,0xc1,0x08,
0xc1,0x08,0xc1,0x08,0xc1,0x08,0xc1,0x08,0xc1,0x08,0xc1,0x08,0xc1,0x08,0xc1,0x08,
0xc1,0x08,0xc1,0x08,0xc1,0x08,0xc1,0x08,0xc1,0x08,0xc1,0x08,0xc1,0x08,0xc1,0x08,
0xc1,0x08,0xc1,0x08,0xc1,0x08,0xc1,0x08,0xc1,0x08,0xc1,0x08,0xc1,0x08,0xe1,0x08,
0xa1,0x08,0xe1,0x11,0x21,0x2c,0xe1,0x2b,0x01,0x2c,0x01,0x2c,0x01,0x2c,0x01,0x2c,
0x01,0x2c,0x01,0x2c,0x01,0x2c,0x01,0x2c,0x01,0x2c,0x01,0x2c,0x01,0x2c,0xe1,0x2b,
0x21,0x2c,0xc1,0x11,0xa1,0x08,0xe1,0x08,0xc1,0x08,0xc1,0x08,0xc1,0x08,0xc1,0x08,
0xc1,0x08,0xc1,0x08,0xc1,0x08,0xc1,0x08,0xc1,0x08,0xc1,0x08,0xc1,0x08,0xc1,0x08,
0xc1,0x08,0xc1,0x08,0xc1,0x08,0xc1,0x08,0xc1,0x08,0xc1,0x08,0xc1,0x08,0xc1,0x08,
0xc1,0x08,0xc1,0x08,0xc1,0x08,0xc1,0x08,0xc1,0x08,0xc1,0x08,0xc1,0x08,0xc1,0x08,
0xc1,0x08,0xc1,0x08,0xc1,0x08,0xe1,0x08,0xa1,0x08,0x01,0x1a,0x21,0x2c,0xe1,0x2b,
0x01,0x2c,0x01,0x2c,0x01,0x2c,0x01,0x2c,0x01,0x2c,0x01,0x2c,0x01,0x2c,0x01,0x2c,
0x01,0x2c,0xe1,0x2b,0x21,0x2c,0x61,0x23,0xe1,0x08,0xc1,0x08,0xc1,0x08,0xc1,0x08,
0xc1,0x08,0xc1,0x08,0xc1,0x08,0xc1,0x08,0xc1,0x08,0xc1,0x08,0xc1,0x08,0xc1,0x08,
0xc1,0x08,0xc1,0x08,0xc1,0x08,0xc1,0x08,0xc1,0x08,0xc1,0x08,0xc1,0x08,0xc1,0x08,
0xc1,0x08,0xc1,0x08,0xc1,0x08,0xc1,0x08,0xc1,0x08,0xc1,0x08,0xc1,0x08,0xc1,0x08,
0xc1,0x08,0xc1,0x08,0xc1,0x08,0xc1,0x08,0xc1,0x08,0xc1,0x08,0xc1,0x08,0xc1,0x08,
0xc1,0x08,0xc1,0x08,0xc1,0x08,0xc1,0x08,0xc1,0x08,0xc1,0x08,0xc1,0x08,0xc1,0x08,
0xc1,0x08,0xc1,0x08,0xc1,0x08,0xc1,0x08,0xc1,0x08,0xc1,0x08,0xc1,0x08,0xc1,0x08,
0xc1,0x08,0xc1,0x08,0xc1,0x08,0xc1,0x08,0xc1,0x08,0xc1,0x08,0xc1,0x08,0xc1,0x08,
0xc1,0x08,0xc1,0x08,0xc1,0x08,0xc1,0x08,0xc1,0x08,0xc1,0x08,0xc1,0x08,0xc1,0x08,
0xc1,0x08,0xc1,0x08,0xc1,0x08,0xc1,0x08,0xc1,0x08,0xc1,0x08,0xc1,0x08,0xc1,0x08,
0xc1,0x08,0xc1,0x08,0xc1,0x08,0xc1,0x08,0xc1,0x08,0xc1,0x08,0xc1,0x08,0xc1,0x08,
0xc1,0x08,0xc1,0x08,0xc1,0x08,0xc1,0x08,0xc1,0x08,0xc1,0x08,0xc1,0x08,0xc1,0x08,
0xc1,0x08,0xc1,0x08,0xc1,0x08,0xc1,0x08,0xc1,0x08,0xc1,0x08,0xc1,0x08,0xc1,0x08,
0xc1,0x08,0xc1,0x08,0xc1,0x08,0xc1,0x08,0xc1,0x08,0xc1,0x08,0xc1,0x08,0xc1,0x08,
0xc1,0x08,0xc1,0x08,0xc1,0x08,0xc1,0x08,0xc1,0x08,0xc1,0x08,0xc1,0x08,0xc1,0x08,
0xc1,0x08,0xc1,0x08,0xc1,0x08,0xc1,0x08,0xc1,0x08,0xe1,0x10,0x82,0xc4,0x82,0xf5,
0x42,0xe5,0x42,0xed,0x42,0xed,0x42,0xed,0x42,0xed,0x42,0xed,0x42,0xed,0x42,0xed,
0x42,0xed,0x42,0xed,0x42,0xed,0x42,0xed,0x42,0xed,0x42,0xed,0x42,0xed,0x42,0xed,
0x42,0xed,0x42,0xed,0x42,0xed,0x42,0xed,0x42,0xed,0x42,0xed,0x42,0xed,0x42,0xed,
0x42,0xed,0x42,0xed,0x42,0xed,0x42,0xed,0x42,0xed,0x42,0xed,0x42,0xed,0x42,0xed,
0x42,0xed,0x42,0xed,0x42,0xed,0x42,0xed,0x42,0xed,0x42,0xed,0x42,0xed,0x42,0xed,
0x42,0xed,0x42,0xed,0x42,0xe5,0x62,0xed,0x62,0xed,0x61,0x5a,0x81,0x00,0xe1,0x10,
0xc1,0x08,0xc1,0x08,0xc1,0x08,0xc1,0x08,0xc1,0x08,0xc1,0x08,0xc1,0x08,0xc1,0x08,
0xc1,0x08,0xc1,0x08,0xc1,0x08,0xc1,0x08,0xc1,0x08,0xc1,0x08,0xc1,0x08,0xc1,0x08,
0xc1,0x08,0xc1,0x08,0xc1,0x08,0xc1,0x08,0xc1,0x08,0xc1,0x08,0xc1,0x08,0xc1,0x08,
0xc1,0x08,0xc1,0x08,0xc1,0x08,0xc1,0x08,0xc1,0x08,0xc1,0x08,0xc1,0x08,0xc1,0x08,
0xc1,0x08,0xc1,0x08,0xc1,0x08,0xc1,0x08,0xc1,0x08,0xc1,0x08,0xc1,0x08,0xc1,0x08,
0xc1,0x08,0xc1,0x08,0xc1,0x08,0xc1,0x08,0xc1,0x08,0xc1,0x08,0xc1,0x08,0xc1,0x08,
0xc1,0x08,0xc1,0x08,0xc1,0x08,0xc1,0x08,0xc1,0x08,0xc1,0x08,0xc1,0x08,0xc1,0x08,
0xc1,0x08,0xc1,0x08,0xc1,0x08,0xc1,0x08,0xc1,0x08,0xc1,0x08,0xc1,0x08,0xc1,0x08,
0xc1,0x08,0xc1,0x08,0xc1,0x08,0xc1,0x08,0xc1,0x08,0xc1,0x08,0xc1,0x08,0xc1,0x08,
0xc1,0x08,0xc1,0x08,0xc1,0x08,0xc1,0x08,0xc1,0x08,0xc1,0x08,0xc1,0x08,0xc1,0x08,
0xc1,0x08,0xc1,0x08,0xc1,0x08,0xc1,0x08,0xc1,0x08,0xc1,0x08,0xc1,0x08,0xc1,0x08,
0xc1,0x08,0xc1,0x08,0xc1,0x08,0xc1,0x08,0xc1,0x08,0xc1,0x08,0xc1,0x08,0xc1,0x08,
0xc1,0x08,0xc1,0x08,0xc1,0x08,0xc1,0x08,0xc1,0x08,0xc1,0x08,0xc1,0x08,0xc1,0x08,
0xc1,0x08,0xc1,0x08,0xc1,0x08,0xc1,0x08,0xc1,0x08,0xc1,0x08,0xc1,0x08,0xc1,0x08,
0xc1,0x08,0xc1,0x08,0xc1,0x08,0xc1,0x08,0xc1,0x08,0xc1,0x08,0xc1,0x08,0xc1,0x08,
0xc1,0x08,0xc1,0x08,0xc1,0x08,0xc1,0x08,0xc1,0x08,0xc1,0x08,0xc1,0x08,0xc1,0x08,
0xc1,0x08,0xc1,0x08,0xc1,0x08,0xc1,0x08,0xc1,0x08,0xc1,0x08,0xc1,0x08,0xc1,0x08,
0xc1,0x08,0xc1,0x08,0xc1,0x08,0xc1,0x08,0xc1,0x08,0xc1,0x08,0xc1,0x08,0xc1,0x08,
0xc1,0x08,0xc1,0x08,0xc1,0x08,0xc1,0x08,0xc1,0x08,0xc1,0x08,0xc1,0x08,0xc1,0x08,
0xc1,0x08,0xc1,0x08,0xc1,0x08,0xc1,0x08,0xc1,0x08,0xc1,0x08,0xc1,0x08,0xc1,0x08,
0xc1,0x08,0xc1,0x08,0xc1,0x08,0xc1,0x08,0xc1,0x08,0xc1,0x08,0xc1,0x08,0xc1,0x08,
0xc1,0x08,0xc1,0x08,0xc1,0x08,0xc1,0x08,0xc1,0x08,0xc1,0x08,0xc1,0x08,0xc1,0x08,
0xc1,0x08,0xc1,0x08,0xc1,0x08,0xc1,0x08,0xc1,0x08,0xc1,0x08,0xc1,0x08,0xc1,0x08,
0xc1,0x08,0xc1,0x08,0xc1,0x08,0xc1,0x08,0xc1,0x08,0xc1,0x08,0xc1,0x08,0xc1,0x08,
0xc1,0x08,0xc1,0x08,0xc1,0x08,0xc1,0x08,0xc1,0x08,0xc1,0x08,0xc1,0x08,0xc1,0x08,
0xc1,0x08,0xc1,0x08,0xc1,0x08,0xc1,0x08,0xc1,0x08,0xc1,0x08,0xc1,0x08,0xc1,0x08,
0xc1,0x08,0xc1,0x08,0xc1,0x08,0xc1,0x08,0xc1,0x08,0xc1,0x08,0xc1,0x08,0xc1,0x08,
0xc1,0x08,0xc1,0x08,0xc1,0x08,0xc1,0x08,0xc1,0x08,0xc1,0x08,0xc1,0x08,0xc1,0x08,
0xc1,0x08,0xc1,0x08,0xc1,0x08,0xc1,0x08,0xc1,0x08,0xc1,0x08,0xc1,0x08,0xc1,0x08,
0xc1,0x08,0xc1,0x08,0xc1,0x08,0xc1,0x08,0xc1,0x08,0xc1,0x08,0xc1,0x08,0xe1,0x08,
0xa1,0x08,0xe1,0x11,0x21,0x2c,0xe1,0x2b,0x01,0x2c,0x01,0x2c,0x01,0x2c,0x01,0x2c,
0x01,0x2c,0x01,0x2c,0x01,0x2c,0x01,0x2c,0x01,0x2c,0x01,0x2c,0x01,0x2c,0xe1,0x2b,
0x21,0x2c,0xc1,0x22,0xa1,0x08,0xe1,0x08,0xc1,0x08,0xc1,0x08,0xc1,0x08,0xc1,0x08,
0xc1,0x08,0xc1,0x08,0xc1,0x08,0xc1,0x08,0xc1,0x08,0xc1,0x08,0xc1,0x08,0xc1,0x08,
0xc1,0x08,0xc1,0x08,0xc1,0x08,0xc1,0x08,0xc1,0x08,0xc1,0x08,0xc1,0x08,0xc1,0x08,
0xc1,0x08,0xc1,0x08,0xc1,0x08,0xc1,0x08,0xc1,0x08,0xc1,0x08,0xc1,0x08,0xc1,0x08,
0xc1,0x08,0xc1,0x08,0xc1,0x08,0xe1,0x08,0xa1,0x08,0x21,0x23,0x21,0x2c,0xe1,0x2b,
0x01,0x2c,0x01,0x2c,0x01,0x2c,0x01,0x2c,0x01,0x2c,0x01,0x2c,0x01,0x2c,0x01,0x2c,
0x01,0x2c,0xe1,0x2b,0x21,0x2c,0x61,0x23,0xe1,0x08,0xc1,0x08,0xc1,0x08,0xc1,0x08,
0xc1,0x08,0xc1,0x08,0xc1,0x08,0xc1,0x08,0xc1,0x08,0xc1,0x08,0xc1,0x08,0xc1,0x08,
0xc1,0x08,0xc1,0x08,0xc1,0x08,0xc1,0x08,0xc1,0x08,0xc1,0x08,0xc1,0x08,0xc1,0x08,
0xc1,0x08,0xc1,0x08,0xc1,0x08,0xc1,0x08,0xc1,0x08,0xc1,0x08,0xc1,0x08,0xc1,0x08,
0xc1,0x08,0xc1,0x08,0xc1,0x08,0xc1,0x08,0xc1,0x08,0xc1,0x08,0xc1,0x08,0xc1,0x08,
0xc1,0x08,0xc1,0x08,0xc1,0x08,0xc1,0x08,0xc1,0x08,0xc1,0x08,0xc1,0x08,0xc1,0x08,
0xc1,0x08,0xc1,0x08,0xc1,0x08,0xc1,0x08,0xc1,0x08,0xc1,0x08,0xc1,0x08,0xc1,0x08,
0xc1,0x08,0xc1,0x08,0xc1,0x08,0xc1,0x08,0xc1,0x08,0xc1,0x08,0xc1,0x08,0xc1,0x08,
0xc1,0x08,0xc1,0x08,0xc1,0x08,0xc1,0x08,0xc1,0x08,0xc1,0x08,0xc1,0x08,0xc1,0x08,
0xc1,0x08,0xc1,0x08,0xc1,0x08,0xc1,0x08,0xc1,0x08,0xc1,0x08,0xc1,0x08,0xc1,0x08,
0xc1,0x08,0xc1,0x08,0xc1,0x08,0xc1,0x08,0xc1,0x08,0xc1,0x08,0xc1,0x08,0xc1,0x08,
0xc1,0x08,0xc1,0x08,0xc1,0x08,0xc1,0x08,0xc1,0x08,0xc1,0x08,0xc1,0x08,0xc1,0x08,
0xc1,0x08,0xc1,0x08,0xc1,0x08,0xc1,0x08,0xc1,0x08,0xc1,0x08,0xc1,0x08,0xc1,0x08,
0xc1,0x08,0xc1,0x08,0xc1,0x08,0xc1,0x08,0xc1,0x08,0xc1,0x08,0xc1,0x08,0xc1,0x08,
0xc1,0x08,0xc1,0x08,0xc1,0x08,0xc1,0x08,0xc1,0x08,0xc1,0x08,0xc1,0x08,0xc1,0x08,
0xc1,0x08,0xc1,0x08,0xc1,0x08,0xc1,0x08,0xc1,0x08,0xe1,0x10,0x82,0xc4,0x82,0xf5,
0x42,0xe5,0x42,0xed,0x42,0xed,0x42,0xed,0x42,0xed,0x42,0xed,0x42,0xed,0x42,0xe5,
0x42,0xe5,0x42,0xe5,0x42,0xe5,0x42,0xe5,0x42,0xe5,0x42,0xe5,0x42,0xe5,0x42,0xe5,
0x42,0xe5,0x42,0xe5,0x42,0xe5,0x42,0xe5,0x42,0xe5,0x42,0xe5,0x42,0xe5,0x42,0xe5,
0x42,0xe5,0x42,0xe5,0x42,0xe5,0x42,0xe5,0x42,0xe5,0x42,0xe5,0x42,0xe5,0x42,0xe5,
0x42,0xe5,0x42,0xed,0x42,0xed,0x42,0xed,0x42,0xed,0x42,0xed,0x42,0xed,0x42,0xed,
0x42,0xed,0x42,0xed,0x42,0xed,0x42,0xe5,0x62,0xed,0x62,0xed,0x01,0x42,0xa1,0x00,
0xe1,0x10,0xc1,0x08,0xc1,0x08,0xc1,0x08,0xc1,0x08,0xc1,0x08,0xc1,0x08,0xc1,0x08,
0xc1,0x08,0xc1,0x08,0xc1,0x08,0xc1,0x08,0xc1,0x08,0xc1,0x08,0xc1,0x08,0xc1,0x08,
0xc1,0x08,0xc1,0x08,0xc1,0x08,0xc1,0x08,0xc1,0x08,0xc1,0x08,0xc1,0x08,0xc1,0x08,
0xc1,0x08,0xc1,0x08,0xc1,0x08,0xc1,0x08,0xc1,0x08,0xc1,0x08,0xc1,0x08,0xc1,0x08,
0xc1,0x08,0xc1,0x08,0xc1,0x08,0xc1,0x08,0xc1,0x08,0xc1,0x08,0xc1,0x08,0xc1,0x08,
0xc1,0x08,0xc1,0x08,0xc1,0x08,0xc1,0x08,0xc1,0x08,0xc1,0x08,0xc1,0x08,0xc1,0x08,
0xc1,0x08,0xc1,0x08,0xc1,0x08,0xc1,0x08,0xc1,0x08,0xc1,0x08,0xc1,0x08,0xc1,0x08,
0xc1,0x08,0xc1,0x08,0xc1,0x08,0xc1,0x08,0xc1,0x08,0xc1,0x08,0xc1,0x08,0xc1,0x08,
0xc1,0x08,0xc1,0x08,0xc1,0x08,0xc1,0x08,0xc1,0x08,0xc1,0x08,0xc1,0x08,0xc1,0x08,
0xc1,0x08,0xc1,0x08,0xc1,0x08,0xc1,0x08,0xc1,0x08,0xc1,0x08,0xc1,0x08,0xc1,0x08,
0xc1,0x08,0xc1,0x08,0xc1,0x08,0xc1,0x08,0xc1,0x08,0xc1,0x08,0xc1,0x08,0xc1,0x08,
0xc1,0x08,0xc1,0x08,0xc1,0x08,0xc1,0x08,0xc1,0x08,0xc1,0x08,0xc1,0x08,0xc1,0x08,
0xc1,0x08,0xc1,0x08,0xc1,0x08,0xc1,0x08,0xc1,0x08,0xc1,0x08,0xc1,0x08,0xc1,0x08,
0xc1,0x08,0xc1,0x08,0xc1,0x08,0xc1,0x08,0xc1,0x08,0xc1,0x08,0xc1,0x08,0xc1,0x08,
0xc1,0x08,0xc1,0x08,0xc1,0x08,0xc1,0x08,0xc1,0x08,0xc1,0x08,0xc1,0x08,0xc1,0x08,
0xc1,0x08,0xc1,0x08,0xc1,0x08,0xc1,0x08,0xc1,0x08,0xc1,0x08,0xc1,0x08,0xc1,0x08,
0xc1,0x08,0xc1,0x08,0xc1,0x08,0xc1,0x08,0xc1,0x08,0xc1,0x08,0xc1,0x08,0xc1,0x08,
0xc1,0x08,0xc1,0x08,0xc1,0x08,0xc1,0x08,0xc1,0x08,0xc1,0x08,0xc1,0x08,0xc1,0x08,
0xc1,0x08,0xc1,0x08,0xc1,0x08,0xc1,0x08,0xc1,0x08,0xc1,0x08,0xc1,0x08,0xc1,0x08,
0xc1,0x08,0xc1,0x08,0xc1,0x08,0xc1,0x08,0xc1,0x08,0xc1,0x08,0xc1,0x08,0xc1,0x08,
0xc1,0x08,0xc1,0x08,0xc1,0x08,0xc1,0x08,0xc1,0x08,0xc1,0x08,0xc1,0x08,0xc1,0x08,
0xc1,0x08,0xc1,0x08,0xc1,0x08,0xc1,0x08,0xc1,0x08,0xc1,0x08,0xc1,0x08,0xc1,0x08,
0xc1,0x08,0xc1,0x08,0xc1,0x08,0xc1,0x08,0xc1,0x08,0xc1,0x08,0xc1,0x08,0xc1,0x08,
0xc1,0x08,0xc1,0x08,0xc1,0x08,0xc1,0x08,0xc1,0x08,0xc1,0x08,0xc1,0x08,0xc1,0x08,
0xc1,0x08,0xc1,0x08,0xc1,0x08,0xc1,0x08,0xc1,0x08,0xc1,0x08,0xc1,0x08,0xc1,0x08,
0xc1,0x08,0xc1,0x08,0xc1,0x08,0xc1,0x08,0xc1,0x08,0xc1,0x08,0xc1,0x08,0xc1,0x08,
0xc1,0x08,0xc1,0x08,0xc1,0x08,0xc1,0x08,0xc1,0x08,0xc1,0x08,0xc1,0x08,0xc1,0x08,
0xc1,0x08,0xc1,0x08,0xc1,0x08,0xc1,0x08,0xc1,0x08,0xc1,0x08,0xc1,0x08,0xc1,0x08,
0xc1,0x08,0xc1,0x08,0xc1,0x08,0xc1,0x08,0xc1,0x08,0xc1,0x08,0xc1,0x08,0xc1,0x08,
0xc1,0x08,0xc1,0x08,0xc1,0x08,0xc1,0x08,0xc1,0x08,0xc1,0x08,0xc1,0x08,0xe1,0x08,
0xa1,0x08,0xe1,0x11,0x21,0x2c,0xe1,0x2b,0x01,0x2c,0x01,0x2c,0x01,0x2c,0x01,0x2c,
0x01,0x2c,0x01,0x2c,0x01,0x2c,0x01,0x2c,0x01,0x2c,0x01,0x2c,0x01,0x2c,0xe1,0x2b,
0x01,0x2c,0xa1,0x23,0x01,0x09,0xc1,0x08,0xc1,0x08,0xc1,0x08,0xc1,0x08,0xc1,0x08,
0xc1,0x08,0xc1,0x08,0xc1,0x08,0xc1,0x08,0xc1,0x08,0xc1,0x08,0xc1,0x08,0xc1,0x08,
0xc1,0x08,0xc1,0x08,0xc1,0x08,0xc1,0x08,0xc1,0x08,0xc1,0x08,0xc1,0x08,0xc1,0x08,
0xc1,0x08,0xc1,0x08,0xc1,0x08,0xc1,0x08,0xc1,0x08,0xc1,0x08,0xc1,0x08,0xc1,0x08,
0xc1,0x08,0xc1,0x08,0xe1,0x08,0xc1,0x08,0x41,0x11,0xe1,0x2b,0x01,0x2c,0x01,0x2c,
0x01,0x2c,0x01,0x2c,0x01,0x2c,0x01,0x2c,0x01,0x2c,0x01,0x2c,0x01,0x2c,0x01,0x2c,
0x01,0x2c,0xe1,0x2b,0x21,0x2c,0x61,0x23,0xe1,0x08,0xc1,0x08,0xc1,0x08,0xc1,0x08,
0xc1,0x08,0xc1,0x08,0xc1,0x08,0xc1,0x08,0xc1,0x08,0xc1,0x08,0xc1,0x08,0xc1,0x08,
0xc1,0x08,0xc1,0x08,0xc1,0x08,0xc1,0x08,0xc1,0x08,0xc1,0x08,0xc1,0x08,0xc1,0x08,
0xc1,0x08,0xc1,0x08,0xc1,0x08,0xc1,0x08,0xc1,0x08,0xc1,0x08,0xc1,0x08,0xc1,0x08,
0xc1,0x08,0xc1,0x08,0xc1,0x08,0xc1,0x08,0xc1,0x08,0xc1,0x08,0xc1,0x08,0xc1,0x08,
0xc1,0x08,0xc1,0x08,0xc1,0x08,0xc1,0x08,0xc1,0x08,0xc1,0x08,0xc1,0x08,0xc1,0x08,
0xc1,0x08,0xc1,0x08,0xc1,0x08,0xc1,0x08,0xc1,0x08,0xc1,0x08,0xc1,0x08,0xc1,0x08,
0xc1,0x08,0xc1,0x08,0xc1,0x08,0xc1,0x08,0xc1,0x08,0xc1,0x08,0xc1,0x08,0xc1,0x08,
0xc1,0x08,0xc1,0x08,0xc1,0x08,0xc1,0x08,0xc1,0x08,0xc1,0x08,0xc1,0x08,0xc1,0x08,
0xc1,0x08,0xc1,0x08,0xc1,0x08,0xc1,0x08,0xc1,0x08,0xc1,0x08,0xc1,0x08,0xc1,0x08,
0xc1,0x08,0xc1,0x08,0xc1,0x08,0xc1,0x08,0xc1,0x08,0xc1,0x08,0xc1,0x08,0xc1,0x08,
0xc1,0x08,0xc1,0x08,0xc1,0x08,0xc1,0x08,0xc1,0x08,0xc1,0x08,0xc1,0x08,0xc1,0x08,
0xc1,0x08,0xc1,0x08,0xc1,0x08,0xc1,0x08,0xc1,0x08,0xc1,0x08,0xc1,0x08,0xc1,0x08,
0xc1,0x08,0xc1,0x08,0xc1,0x08,0xc1,0x08,0xc1,0x08,0xc1,0x08,0xc1,0x08,0xc1,0x08,
0xc1,0x08,0xc1,0x08,0xc1,0x08,0xc1,0x08,0xc1,0x08,0xc1,0x08,0xc1,0x08,0xc1,0x08,
0xc1,0x08,0xc1,0x08,0xc1,0x08,0xc1,0x08,0xc1,0x08,0xe1,0x10,0x82,0xc4,0x82,0xf5,
0x42,0xe5,0x42,0xed,0x42,0xed,0x42,0xed,0x42,0xed,0x42,0xed,0x42,0xed,0x82,0xf5,
0x82,0xf5,0x82,0xf5,0x82,0xf5,0x82,0xf5,0x82,0xf5,0x82,0xf5,0x82,0xf5,0x82,0xf5,
0x82,0xf5,0x82,0xf5,0x82,0xf5,0x82,0xf5,0x82,0xf5,0x82,0xf5,0x82,0xf5,0x82,0xf5,
0x82,0xf5,0x82,0xf5,0x82,0xf5,0x82,0xf5,0x82,0xf5,0x82,0xf5,0xa2,0xf5,0x82,0xf5,
0x82,0xf5,0x62,0xed,0x42,0xe5,0x42,0xe5,0x42,0xed,0x42,0xed,0x42,0xed,0x42,0xed,
0x42,0xed,0x42,0xed,0x42,0xed,0x42,0xed,0x42,0xe5,0x62,0xed,0xe2,0xd4,0x21,0x21,
0xa1,0x08,0xe1,0x10,0xc1,0x08,0xc1,0x08,0xc1,0x08,0xc1,0x08,0xc1,0x08,0xc1,0x08,
0xc1,0x08,0xc1,0x08,0xc1,0x08,0xc1,0x08,0xc1,0x08,0xc1,0x08,0xc1,0x08,0xc1,0x08,
0xc1,0x08,0xc1,0x08,0xc1,0x08,0xc1,0x08,0xc1,0x08,0xc1,0x08,0xc1,0x08,0xc1,0x08,
0xc1,0x08,0xc1,0x08,0xc1,0x08,0xc1,0x08,0xc1,0x08,0xc1,0x08,0xc1,0x08,0xc1,0x08,
0xc1,0x08,0xc1,0x08,0xc1,0x08,0xc1,0x08,0xc1,0x08,0xc1,0x08,0xc1,0x08,0xc1,0x08,
0xc1,0x08,0xc1,0x08,0xc1,0x08,0xc1,0x08,0xc1,0x08,0xc1,0x08,0xc1,0x08,0xc1,0x08,
0xc1,0x08,0xc1,0x08,0xc1,0x08,0xc1,0x08,0xc1,0x08,0xc1,0x08,0xc1,0x08,0xc1,0x08,
0xc1,0x08,0xc1,0x08,0xc1,0x08,0xc1,0x08,0xc1,0x08,0xc1,0x08,0xc1,0x08,0xc1,0x08,
0xc1,0x08,0xc1,0x08,0xc1,0x08,0xc1,0x08,0xc1,0x08,0xc1,0x08,0xc1,0x08,0xc1,0x08,
0xc1,0x08,0xc1,0x08,0xc1,0x08,0xc1,0x08,0xc1,0x08,0xc1,0x08,0xc1,0x08,0xc1,0x08,
0xc1,0x08,0xc1,0x08,0xc1,0x08,0xc1,0x08,0xc1,0x08,0xc1,0x08,0xc1,0x08,0xc1,0x08,
0xc1,0x08,0xc1,0x08,0xc1,0x08,0xc1,0x08,0xc1,0x08,0xc1,0x08,0xc1,0x08,0xc1,0x08,
0xc1,0x08,0xc1,0x08,0xc1,0x08,0xc1,0x08,0xc1,0x08,0xc1,0x08,0xc1,0x08,0xc1,0x08,
0xc1,0x08,0xc1,0x08,0xc1,0x08,0xc1,0x08,0xc1,0x08,0xc1,0x08,0xc1,0x08,0xc1,0x08,
0xc1,0x08,0xc1,0x08,0xc1,0x08,0xc1,0x08,0xc1,0x08,0xc1,0x08,0xc1,0x08,0xc1,0x08,
0xc1,0x08,0xc1,0x08,0xc1,0x08,0xc1,0x08,0xc1,0x08,0xc1,0x08,0xc1,0x08,0xc1,0x08,
0xc1,0x08,0xc1,0x08,0xc1,0x08,0xc1,0x08,0xc1,0x08,0xc1,0x08,0xc1,0x08,0xc1,0x08,
0xc1,0x08,0xc1,0x08,0xc1,0x08,0xc1,0x08,0xc1,0x08,0xc1,0x08,0xc1,0x08,0xc1,0x08,
0xc1,0x08,0xc1,0x08,0xc1,0x08,0xc1,0x08,0xc1,0x08,0xc1,0x08,0xc1,0x08,0xc1,0x08,
0xc1,0x08,0xc1,0x08,0xc1,0x08,0xc1,0x08,0xc1,0x08,0xc1,0x08,0xc1,0x08,0xc1,0x08,
0xc1,0x08,0xc1,0x08,0xc1,0x08,0xc1,0x08,0xc1,0x08,0xc1,0x08,0xc1,0x08,0xc1,0x08,
0xc1,0x08,0xc1,0x08,0xc1,0x08,0xc1,0x08,0xc1,0x08,0xc1,0x08,0xc1,0x08,0xc1,0x08,
0xc1,0x08,0xc1,0x08,0xc1,0x08,0xc1,0x08,0xc1,0x08,0xc1,0x08,0xc1,0x08,0xc1,0x08,
0xc1,0x08,0xc1,0x08,0xc1,0x08,0xc1,0x08,0xc1,0x08,0xc1,0x08,0xc1,0x08,0xc1,0x08,
0xc1,0x08,0xc1,0x08,0xc1,0x08,0xc1,0x08,0xc1,0x08,0xc1,0x08,0xc1,0x08,0xc1,0x08,
0xc1,0x08,0xc1,0x08,0xc1,0x08,0xc1,0x08,0xc1,0x08,0xc1,0x08,0xc1,0x08,0xc1,0x08,
0xc1,0x08,0xc1,0x08,0xc1,0x08,0xc1,0x08,0xc1,0x08,0xc1,0x08,0xc1,0x08,0xc1,0x08,
0xc1,0x08,0xc1,0x08,0xc1,0x08,0xc1,0x08,0xc1,0x08,0xc1,0x08,0xc1,0x08,0xc1,0x08,
0xc1,0x08,0xc1,0x08,0xc1,0x08,0xc1,0x08,0xc1,0x08,0xc1,0x08,0xc1,0x08,0xc1,0x08,
0xc1,0x08,0xc1,0x08,0xc1,0x08,0xc1,0x08,0xc1,0x08,0xc1,0x08,0xc1,0x08,0xe1,0x08,
0xa1,0x08,0xe1,0x11,0x21,0x2c,0xe1,0x2b,0x01,0x2c,0x01,0x2c,0x01,0x2c,0x01,0x2c,
0x01,0x2c,0x01,0x2c,0x01,0x2c,0x01,0x2c,0x01,0x2c,0x01,0x2c,0x01,0x2c,0x01,0x2c,
0x01,0x2c,0x01,0x2c,0xa1,0x11,0xa1,0x08,0xe1,0x08,0xc1,0x08,0xc1,0x08,0xc1,0x08,
0xc1,0x08,0xc1,0x08,0xc1,0x08,0xc1,0x08,0xc1,0x08,0xc1,0x08,0xc1,0x08,0xc1,0x08,
0xc1,0x08,0xc1,0x08,0xc1,0x08,0xc1,0x08,0xc1,0x08,0xc1,0x08,0xc1,0x08,0xc1,0x08,
0xc1,0x08,0xc1,0x08,0xc1,0x08,0xc1,0x08,0xc1,0x08,0xc1,0x08,0xc1,0x08,0xc1,0x08,
0xc1,0x08,0xc1,0x08,0xe1,0x08,0xa1,0x08,0x01,0x1a,0x21,0x2c,0xe1,0x2b,0x01,0x2c,
0x01,0x2c,0x01,0x2c,0x01,0x2c,0x01,0x2c,0x01,0x2c,0x01,0x2c,0x01,0x2c,0x01,0x2c,
0x01,0x2c,0xe1,0x2b,0x21,0x2c,0x61,0x23,0xe1,0x08,0xc1,0x08,0xc1,0x08,0xc1,0x08,
0xc1,0x08,0xc1,0x08,0xc1,0x08,0xc1,0x08,0xc1,0x08,0xc1,0x08,0xc1,0x08,0xc1,0x08,
0xc1,0x08,0xc1,0x08,0xc1,0x08,0xc1,0x08,0xc1,0x08,0xc1,0x08,0xc1,0x08,0xc1,0x08,
0xc1,0x08,0xc1,0x08,0xc1,0x08,0xc1,0x08,0xc1,0x08,0xc1,0x08,0xc1,0x08,0xc1,0x08,
0xc1,0x08,0xc1,0x08,0xc1,0x08,0xc1,0x08,0xc1,0x08,0xc1,0x08,0xc1,0x08,0xc1,0x08,
0xc1,0x08,0xc1,0x08,0xc1,0x08,0xc1,0x08,0xc1,0x08,0xc1,0x08,0xc1,0x08,0xc1,0x08,
0xc1,0x08,0xc1,0x08,0xc1,0x08,0xc1,0x08,0xc1,0x08,0xc1,0x08,0xc1,0x08,0xc1,0x08,
0xc1,0x08,0xc1,0x08,0xc1,0x08,0xc1,0x08,0xc1,0x08,0xc1,0x08,0xc1,0x08,0xc1,0x08,
0xc1,0x08,0xc1,0x08,0xc1,0x08,0xc1,0x08,0xc1,0x08,0xc1,0x08,0xc1,0x08,0xc1,0x08,
0xc1,0x08,0xc1,0x08,0xc1,0x08,0xc1,0x08,0xc1,0x08,0xc1,0x08,0xc1,0x08,0xc1,0x08,
0xc1,0x08,0xc1,0x08,0xc1,0x08,0xc1,0x08,0xc1,0x08,0xc1,0x08,0xc1,0x08,0xc1,0x08,
0xc1,0x08,0xc1,0x08,0xc1,0x08,0xc1,0x08,0xc1,0x08,0xc1,0x08,0xc1,0x08,0xc1,0x08,
0xc1,0x08,0xc1,0x08,0xc1,0x08,0xc1,0x08,0xc1,0x08,0xc1,0x08,0xc1,0x08,0xc1,0x08,
0xc1,0x08,0xc1,0x08,0xc1,0x08,0xc1,0x08,0xc1,0x08,0xc1,0x08,0xc1,0x08,0xc1,0x08,
0xc1,0x08,0xc1,0x08,0xc1,0x08,0xc1,0x08,0xc1,0x08,0xc1,0x08,0xc1,0x08,0xc1,0x08,
0xc1,0x08,0xc1,0x08,0xc1,0x08,0xc1,0x08,0xc1,0x08,0xe1,0x10,0x82,0xc4,0x82,0xf5,
0x42,0xe5,0x42,0xed,0x42,0xed,0x42,0xed,0x42,0xed,0x42,0xe5,0x82,0xf5,0xa1,0x93,
0x81,0x62,0xc1,0x6a,0xa1,0x6a,0xa1,0x6a,0xa1,0x6a,0xa1,0x6a,0xa1,0x6a,0xa1,0x6a,
0xa1,0x6a,0xa1,0x6a,0xa1,0x6a,0xa1,0x6a,0xa1,0x6a,0xa1,0x6a,0xa1,0x6a,0xa1,0x6a,
0xa1,0x6a,0xa1,0x6a,0xa1,0x6a,0xc1,0x6a,0xe1,0x72,0x21,0x7b,0x61,0x8b,0xc2,0xa3,
0x42,0xbc,0x02,0xdd,0x82,0xf5,0x82,0xf5,0x42,0xe5,0x42,0xed,0x42,0xed,0x42,0xed,
0x42,0xed,0x42,0xed,0x42,0xed,0x42,0xed,0x42,0xed,0x42,0xe5,0xa2,0xf5,0xe2,0xa3,
0xa1,0x00,0xe1,0x08,0xc1,0x08,0xc1,0x08,0xc1,0x08,0xc1,0x08,0xc1,0x08,0xc1,0x08,
0xc1,0x08,0xc1,0x08,0xc1,0x08,0xc1,0x08,0xc1,0x08,0xc1,0x08,0xc1,0x08,0xc1,0x08,
0xc1,0x08,0xc1,0x08,0xc1,0x08,0xc1,0x08,0xc1,0x08,0xc1,0x08,0xc1,0x08,0xc1,0x08,
0xc1,0x08,0xc1,0x08,0xc1,0x08,0xc1,0x08,0xc1,0x08,0xc1,0x08,0xc1,0x08,0xc1,0x08,
0xc1,0x08,0xc1,0x08,0xc1,0x08,0xc1,0x08,0xc1,0x08,0xc1,0x08,0xc1,0x08,0xc1,0x08,
0xc1,0x08,0xc1,0x08,0xc1,0x08,0xc1,0x08,0xc1,0x08,0xc1,0x08,0xc1,0x08,0xc1,0x08,
0xc1,0x08,0xc1,0x08,0xc1,0x08,0xc1,0x08,0xc1,0x08,0xc1,0x08,0xc1,0x08,0xc1,0x08,
0xc1,0x08,0xc1,0x08,0xc1,0x08,0xc1,0x08,0xc1,0x08,0xc1,0x08,0xc1,0x08,0xc1,0x08,
0xc1,0x08,0xc1,0x08,0xc1,0x08,0xc1,0x08,0xc1,0x08,0xc1,0x08,0xc1,0x08,0xc1,0x08,
0xc1,0x08,0xc1,0x08,0xc1,0x08,0xc1,0x08,0xc1,0x08,0xc1,0x08,0xc1,0x08,0xc1,0x08,
0xc1,0x08,0xc1,0x08,0xc1,0x08,0xc1,0x08,0xc1,0x08,0xc1,0x08,0xc1,0x08,0xc1,0x08,
0xc1,0x08,0xc1,0x08,0xc1,0x08,0xc1,0x08,0xc1,0x08,0xc1,0x08,0xc1,0x08,0xc1,0x08,
0xc1,0x08,0xc1,0x08,0xc1,0x08,0xc1,0x08,0xc1,0x08,0xc1,0x08,0xc1,0x08,0xc1,0x08,
0xc1,0x08,0xc1,0x08,0xc1,0x08,0xc1,0x08,0xc1,0x08,0xc1,0x08,0xc1,0x08,0xc1,0x08,
0xc1,0x08,0xc1,0x08,0xc1,0x08,0xc1,0x08,0xc1,0x08,0xc1,0x08,0xc1,0x08,0xc1,0x08,
0xc1,0x08,0xc1,0x08,0xc1,0x08,0xc1,0x08,0xc1,0x08,0xc1,0x08,0xc1,0x08,0xc1,0x08,
0xc1,0x08,0xc1,0x08,0xc1,0x08,0xc1,0x08,0xc1,0x08,0xc1,0x08,0xc1,0x08,0xc1,0x08,
0xc1,0x08,0xc1,0x08,0xc1,0x08,0xc1,0x08,0xc1,0x08,0xc1,0x08,0xc1,0x08,0xc1,0x08,
0xc1,0x08,0xc1,0x08,0xc1,0x08,0xc1,0x08,0xc1,0x08,0xc1,0x08,0xc1,0x08,0xc1,0x08,
0xc1,0x08,0xc1,0x08,0xc1,0x08,0xc1,0x08,0xc1,0x08,0xc1,0x08,0xc1,0x08,0xc1,0x08,
0xc1,0x08,0xc1,0x08,0xc1,0x08,0xc1,0x08,0xc1,0x08,0xc1,0x08,0xc1,0x08,0xc1,0x08,
0xc1,0x08,0xc1,0x08,0xc1,0x08,0xc1,0x08,0xc1,0x08,0xc1,0x08,0xc1,0x08,0xc1,0x08,
0xc1,0x08,0xc1,0x08,0xc1,0x08,0xc1,0x08,0xc1,0x08,0xc1,0x08,0xc1,0x08,0xc1,0x08,
0xc1,0x08,0xc1,0x08,0xc1,0x08,0xc1,0x08,0xc1,0x08,0xc1,0x08,0xc1,0x08,0xc1,0x08,
0xc1,0x08,0xc1,0x08,0xc1,0x08,0xc1,0x08,0xc1,0x08,0xc1,0x08,0xc1,0x08,0xc1,0x08,
0xc1,0x08,0xc1,0x08,0xc1,0x08,0xc1,0x08,0xc1,0x08,0xc1,0x08,0xc1,0x08,0xc1,0x08,
0xc1,0x08,0xc1,0x08,0xc1,0x08,0xc1,0x08,0xc1,0x08,0xc1,0x08,0xc1,0x08,0xc1,0x08,
0xc1,0x08,0xc1,0x08,0xc1,0x08,0xc1,0x08,0xc1,0x08,0xc1,0x08,0xc1,0x08,0xc1,0x08,
0xc1,0x08,0xc1,0x08,0xc1,0x08,0xc1,0x08,0xc1,0x08,0xc1,0x08,0xc1,0x08,0xc1,0x08,
0xc1,0x08,0xc1,0x08,0xc1,0x08,0xc1,0x08,0xc1,0x08,0xc1,0x08,0xc1,0x08,0xe1,0x08,
0xa1,0x08,0xe1,0x11,0x21,0x2c,0xe1,0x2b,0x01,0x2c,0x01,0x2c,0x01,0x2c,0x01,0x2c,
0x01,0x2c,0x01,0x2c,0x01,0x2c,0x01,0x2c,0x01,0x2c,0x01,0x2c,0x01,0x2c,0x01,0x2c,
0xe1,0x2b,0x21,0x2c,0xa1,0x1a,0xa1,0x08,0xe1,0x08,0xc1,0x08,0xc1,0x08,0xc1,0x08,
0xc1,0x08,0xc1,0x08,0xc1,0x08,0xc1,0x08,0xc1,0x08,0xc1,0x08,0xc1,0x08,0xc1,0x08,
0xc1,0x08,0xc1,0x08,0xc1,0x08,0xc1,0x08,0xc1,0x08,0xc1,0x08,0xc1,0x08,0xc1,0x08,
0xc1,0x08,0xc1,0x08,0xc1,0x08,0xc1,0x08,0xc1,0x08,0xc1,0x08,0xc1,0x08,0xc1,0x08,
0xc1,0x08,0xc1,0x08,0xe1,0x08,0xa1,0x08,0x01,0x23,0x21,0x2c,0xe1,0x2b,0x01,0x2c,
0x01,0x2c,0x01,0x2c,0x01,0x2c,0x01,0x2c,0x01,0x2c,0x01,0x2c,0x01,0x2c,0x01,0x2c,
0x01,0x2c,0xe1,0x2b,0x21,0x2c,0x61,0x23,0xe1,0x08,0xc1,0x08,0xc1,0x08,0xc1,0x08,
0xc1,0x08,0xc1,0x08,0xc1,0x08,0xc1,0x08,0xc1,0x08,0xc1,0x08,0xc1,0x08,0xc1,0x08,
0xc1,0x08,0xc1,0x08,0xc1,0x08,0xc1,0x08,0xc1,0x08,0xc1,0x08,0xc1,0x08,0xc1,0x08,
0xc1,0x08,0xc1,0x08,0xc1,0x08,0xc1,0x08,0xc1,0x08,0xc1,0x08,0xc1,0x08,0xc1,0x08,
0xc1,0x08,0xc1,0x08,0xc1,0x08,0xc1,0x08,0xc1,0x08,0xc1,0x08,0xc1,0x08,0xc1,0x08,
0xc1,0x08,0xc1,0x08,0xc1,0x08,0xc1,0x08,0xc1,0x08,0xc1,0x08,0xc1,0x08,0xc1,0x08,
0xc1,0x08,0xc1,0x08,0xc1,0x08,0xc1,0x08,0xc1,0x08,0xc1,0x08,0xc1,0x08,0xc1,0x08,
0xc1,0x08,0xc1,0x08,0xc1,0x08,0xc1,0x08,0xc1,0x08,0xc1,0x08,0xc1,0x08,0xc1,0x08,
0xc1,0x08,0xc1,0x08,0xc1,0x08,0xc1,0x08,0xc1,0x08,0xc1,0x08,0xc1,0x08,0xc1,0x08,
0xc1,0x08,0xc1,0x08,0xc1,0x08,0xc1,0x08,0xc1,0x08,0xc1,0x08,0xc1,0x08,0xc1,0x08,
0xc1,0x08,0xc1,0x08,0xc1,0x08,0xc1,0x08,0xc1,0x08,0xc1,0x08,0xc1,0x08,0xc1,0x08,
0xc1,0x08,0xc1,0x08,0xc1,0x08,0xc1,0x08,0xc1,0x08,0xc1,0x08,0xc1,0x08,0xc1,0x08,
0xc1,0x08,0xc1,0x08,0xc1,0x08,0xc1,0x08,0xc1,0x08,0xc1,0x08,0xc1,0x08,0xc1,0x08,
0xc1,0x08,0xc1,0x08,0xc1,0x08,0xc1,0x08,0xc1,0x08,0xc1,0x08,0xc1,0x08,0xc1,0x08,
0xc1,0x08,0xc1,0x08,0xc1,0x08,0xc1,0x08,0xc1,0x08,0xc1,0x08,0xc1,0x08,0xc1,0x08,
0xc1,0x08,0xc1,0x08,0xc1,0x08,0xc1,0x08,0xc1,0x08,0xe1,0x10,0x82,0xc4,0x82,0xf5,
0x42,0xe5,0x42,0xed,0x42,0xed,0x42,0xed,0x42,0xed,0x42,0xe5,0xa2,0xfd,0x41,0x52,
0x41,0x00,0xa1,0x00,0x81,0x00,0x81,0x00,0x81,0x00,0x81,0x00,0x81,0x00,0x81,0x00,
0x81,0x00,0x81,0x00,0x81,0x00,0x81,0x00,0x81,0x00,0x81,0x00,0x81,0x00,0x81,0x00,
0x81,0x00,0x81,0x00,0x81,0x00,0x81,0x00,0x81,0x00,0x81,0x00,0x81,0x00,0xa1,0x00,
0xc1,0x08,0x41,0x21,0x61,0x5a,0x62,0xbc,0x82,0xf5,0x62,0xed,0x42,0xe5,0x42,0xed,
0x42,0xed,0x42,0xed,0x42,0xed,0x42,0xed,0x42,0xed,0x42,0xed,0x42,0xe5,0x82,0xf5,
0x21,0x4a,0x81,0x00,0xe1,0x10,0xc1,0x08,0xc1,0x08,0xc1,0x08,0xc1,0x08,0xc1,0x08,
0xc1,0x08,0xc1,0x08,0xc1,0x08,0xc1,0x08,0xc1,0x08,0xc1,0x08,0xc1,0x08,0xc1,0x08,
0xc1,0x08,0xc1,0x08,0xc1,0x08,0xc1,0x08,0xc1,0x08,0xc1,0x08,0xc1,0x08,0xc1,0x08,
0xc1,0x08,0xc1,0x08,0xc1,0x08,0xc1,0x08,0xc1,0x08,0xc1,0x08,0xc1,0x08,0xc1,0x08,
0xc1,0x08,0xc1,0x08,0xc1,0x08,0xc1,0x08,0xc1,0x08,0xc1,0x08,0xc1,0x08,0xc1,0x08,
0xc1,0x08,0xc1,0x08,0xc1,0x08,0xc1,0x08,0xc1,0x08,0xc1,0x08,0xc1,0x08,0xc1,0x08,
0xc1,0x08,0xc1,0x08,0xc1,0x08,0xc1,0x08,0xc1,0x08,0xc1,0x08,0xc1,0x08,0xc1,0x08,
0xc1,0x08,0xc1,0x08,0xc1,0x08,0xc1,0x08,0xc1,0x08,0xc1,0x08,0xc1,0x08,0xc1,0x08,
0xc1,0x08,0xc1,0x08,0xc1,0x08,0xc1,0x08,0xc1,0x08,0xc1,0x08,0xc1,0x08,0xc1,0x08,
0xc1,0x08,0xc1,0x08,0xc1,0x08,0xc1,0x08,0xc1,0x08,0xc1,0x08,0xc1,0x08,0xc1,0x08,
0xc1,0x08,0xc1,0x08,0xc1,0x08,0xc1,0x08,0xc1,0x08,0xc1,0x08,0xc1,0x08,0xc1,0x08,
0xc1,0x08,0xc1,0x08,0xc1,0x08,0xc1,0x08,0xc1,0x08,0xc1,0x08,0xc1,0x08,0xc1,0x08,
0xc1,0x08,0xc1,0x08,0xc1,0x08,0xc1,0x08,0xc1,0x08,0xc1,0x08,0xc1,0x08,0xc1,0x08,
0xc1,0x08,0xc1,0x08,0xc1,0x08,0xc1,0x08,0xc1,0x08,0xc1,0x08,0xc1,0x08,0xc1,0x08,
0xc1,0x08,0xc1,0x08,0xc1,0x08,0xc1,0x08,0xc1,0x08,0xc1,0x08,0xc1,0x08,0xc1,0x08,
0xc1,0x08,0xc1,0x08,0xc1,0x08,0xc1,0x08,0xc1,0x08,0xc1,0x08,0xc1,0x08,0xc1,0x08,
0xc1,0x08,0xc1,0x08,0xc1,0x08,0xc1,0x08,0xc1,0x08,0xc1,0x08,0xc1,0x08,0xc1,0x08,
0xc1,0x08,0xc1,0x08,0xc1,0x08,0xc1,0x08,0xc1,0x08,0xc1,0x08,0xc1,0x08,0xc1,0x08,
0xc1,0x08,0xc1,0x08,0xc1,0x08,0xc1,0x08,0xc1,0x08,0xc1,0x08,0xc1,0x08,0xc1,0x08,
0xc1,0x08,0xc1,0x08,0xc1,0x08,0xc1,0x08,0xc1,0x08,0xc1,0x08,0xc1,0x08,0xc1,0x08,
0xc1,0x08,0xc1,0x08,0xc1,0x08,0xc1,0x08,0xc1,0x08,0xc1,0x08,0xc1,0x08,0xc1,0x08,
0xc1,0x08,0xc1,0x08,0xc1,0x08,0xc1,0x08,0xc1,0x08,0xc1,0x08,0xc1,0x08,0xc1,0x08,
0xc1,0x08,0xc1,0x08,0xc1,0x08,0xc1,0x08,0xc1,0x08,0xc1,0x08,0xc1,0x08,0xc1,0x08,
0xc1,0x08,0xc1,0x08,0xc1,0x08,0xc1,0x08,0xc1,0x08,0xc1,0x08,0xc1,0x08,0xc1,0x08,
0xc1,0x08,0xc1,0x08,0xc1,0x08,0xc1,0x08,0xc1,0x08,0xc1,0x08,0xc1,0x08,0xc1,0x08,
0xc1,0x08,0xc1,0x08,0xc1,0x08,0xc1,0x08,0xc1,0x08,0xc1,0x08,0xc1,0x08,0xc1,0x08,
0xc1,0x08,0xc1,0x08,0xc1,0x08,0xc1,0x08,0xc1,0x08,0xc1,0x08,0xc1,0x08,0xc1,0x08,
0xc1,0x08,0xc1,0x08,0xc1,0x08,0xc1,0x08,0xc1,0x08,0xc1,0x08,0xc1,0x08,0xc1,0x08,
0xc1,0x08,0xc1,0x08,0xc1,0x08,0xc1,0x08,0xc1,0x08,0xc1,0x08,0xc1,0x08,0xc1,0x08,
0xc1,0x08,0xc1,0x08,0xc1,0x08,0xc1,0x08,0xc1,0x08,0xc1,0x08,0xc1,0x08,0xe1,0x08,
0xa1,0x08,0xe1,0x11,0x21,0x2c,0xe1,0x2b,0x01,0x2c,0x01,0x2c,0x01,0x2c,0x01,0x2c,
0x01,0x2c,0x01,0x2c,0x01,0x2c,0x01,0x2c,0x01,0x2c,0x01,0x2c,0x01,0x2c,0x01,0x2c,
0xe1,0x2b,0x21,0x2c,0x61,0x23,0xe1,0x08,0xc1,0x08,0xc1,0x08,0xc1,0x08,0xc1,0x08,
0xc1,0x08,0xc1,0x08,0xc1,0x08,0xc1,0x08,0xc1,0x08,0xc1,0x08,0xc1,0x08,0xc1,0x08,
0xc1,0x08,0xc1,0x08,0xc1,0x08,0xc1,0x08,0xc1,0x08,0xc1,0x08,0xc1,0x08,0xc1,0x08,
0xc1,0x08,0xc1,0x08,0xc1,0x08,0xc1,0x08,0xc1,0x08,0xc1,0x08,0xc1,0x08,0xc1,0x08,
0xc1,0x08,0xe1,0x08,0xc1,0x08,0x21,0x11,0xc1,0x2b,0x01,0x2c,0x01,0x2c,0x01,0x2c,
0x01,0x2c,0x01,0x2c,0x01,0x2c,0x01,0x2c,0x01,0x2c,0x01,0x2c,0x01,0x2c,0x01,0x2c,
0x01,0x2c,0xe1,0x2b,0x21,0x2c,0x61,0x23,0xe1,0x08,0xc1,0x08,0xc1,0x08,0xc1,0x08,
0xc1,0x08,0xc1,0x08,0xc1,0x08,0xc1,0x08,0xc1,0x08,0xc1,0x08,0xc1,0x08,0xc1,0x08,
0xc1,0x08,0xc1,0x08,0xc1,0x08,0xc1,0x08,0xc1,0x08,0xc1,0x08,0xc1,0x08,0xc1,0x08,
0xc1,0x08,0xc1,0x08,0xc1,0x08,0xc1,0x08,0xc1,0x08,0xc1,0x08,0xc1,0x08,0xc1,0x08,
0xc1,0x08,0xc1,0x08,0xc1,0x08,0xc1,0x08,0xc1,0x08,0xc1,0x08,0xc1,0x08,0xc1,0x08,
0xc1,0x08,0xc1,0x08,0xc1,0x08,0xc1,0x08,0xc1,0x08,0xc1,0x08,0xc1,0x08,0xc1,0x08,
0xc1,0x08,0xc1,0x08,0xc1,0x08,0xc1,0x08,0xc1,0x08,0xc1,0x08,0xc1,0x08,0xc1,0x08,
0xc1,0x08,0xc1,0x08,0xc1,0x08,0xc1,0x08,0xc1,0x08,0xc1,0x08,0xc1,0x08,0xc1,0x08,
0xc1,0x08,0xc1,0x08,0xc1,0x08,0xc1,0x08,0xc1,0x08,0xc1,0x08,0xc1,0x08,0xc1,0x08,
0xc1,0x08,0xc1,0x08,0xc1,0x08,0xc1,0x08,0xc1,0x08,0xc1,0x08,0xc1,0x08,0xc1,0x08,
0xc1,0x08,0xc1,0x08,0xc1,0x08,0xc1,0x08,0xc1,0x08,0xc1,0x08,0xc1,0x08,0xc1,0x08,
0xc1,0x08,0xc1,0x08,0xc1,0x08,0xc1,0x08,0xc1,0x08,0xc1,0x08,0xc1,0x08,0xc1,0x08,
0xc1,0x08,0xc1,0x08,0xc1,0x08,0xc1,0x08,0xc1,0x08,0xc1,0x08,0xc1,0x08,0xc1,0x08,
0xc1,0x08,0xc1,0x08,0xc1,0x08,0xc1,0x08,0xc1,0x08,0xc1,0x08,0xc1,0x08,0xc1,0x08,
0xc1,0x08,0xc1,0x08,0xc1,0x08,0xc1,0x08,0xc1,0x08,0xc1,0x08,0xc1,0x08,0xc1,0x08,
0xc1,0x08,0xc1,0x08,0xc1,0x08,0xc1,0x08,0xc1,0x08,0xe1,0x10,0x82,0xc4,0x82,0xf5,
0x42,0xe5,0x42,0xed,0x42,0xed,0x42,0xed,0x42,0xed,0x42,0xe5,0xa2,0xfd,0x81,0x5a,
0x81,0x00,0xe1,0x10,0xe1,0x10,0xe1,0x10,0xe1,0x10,0xe1,0x10,0xe1,0x10,0xe1,0x10,
0xe1,0x10,0xe1,0x10,0xe1,0x10,0xe1,0x10,0xe1,0x10,0xe1,0x10,0xe1,0x10,0xe1,0x10,
0xe1,0x10,0xe1,0x10,0xe1,0x10,0xe1,0x10,0xe1,0x10,0xe1,0x10,0xe1,0x10,0xe1,0x10,
0xc1,0x08,0xc1,0x08,0x81,0x00,0xc1,0x08,0xc1,0x6a,0x42,0xe5,0x62,0xed,0x42,0xe5,
0x42,0xed,0x42,0xed,0x42,0xed,0x42,0xed,0x42,0xed,0x42,0xed,0x42,0xe5,0x82,0xf5,
0x42,0xb4,0xc1,0x08,0xc1,0x08,0xc1,0x08,0xc1,0x08,0xc1,0x08,0xc1,0x08,0xc1,0x08,
0xc1,0x08,0xc1,0x08,0xc1,0x08,0xc1,0x08,0xc1,0x08,0xc1,0x08,0xc1,0x08,0xc1,0x08,
0xc1,0x08,0xc1,0x08,0xc1,0x08,0xc1,0x08,0xc1,0x08,0xc1,0x08,0xc1,0x08,0xc1,0x08,
0xc1,0x08,0xc1,0x08,0xc1,0x08,0xc1,0x08,0xc1,0x08,0xc1,0x08,0xc1,0x08,0xc1,0x08,
0xc1,0x08,0xc1,0x08,0xc1,0x08,0xc1,0x08,0xc1,0x08,0xc1,0x08,0xc1,0x08,0xc1,0x08,
0xc1,0x08,0xc1,0x08,0xc1,0x08,0xc1,0x08,0xc1,0x08,0xc1,0x08,0xc1,0x08,0xc1,0x08,
0xc1,0x08,0xc1,0x08,0xc1,0x08,0xc1,0x08,0xc1,0x08,0xc1,0x08,0xc1,0x08,0xc1,0x08,
0xc1,0x08,0xc1,0x08,0xc1,0x08,0xc1,0x08,0xc1,0x08,0xc1,0x08,0xc1,0x08,0xc1,0x08,
0xc1,0x08,0xc1,0x08,0xc1,0x08,0xc1,0x08,0xc1,0x08,0xc1,0x08,0xc1,0x08,0xc1,0x08,
0xc1,0x08,0xc1,0x08,0xc1,0x08,0xc1,0x08,0xc1,0x08,0xc1,0x08,0xc1,0x08,0xc1,0x08,
0xc1,0x08,0xc1,0x08,0xc1,0x08,0xc1,0x08,0xc1,0x08,0xc1,0x08,0xc1,0x08,0xc1,0x08,
0xc1,0x08,0xc1,0x08,0xc1,0x08,0xc1,0x08,0xc1,0x08,0xc1,0x08,0xc1,0x08,0xc1,0x08,
0xc1,0x08,0xc1,0x08,0xc1,0x08,0xc1,0x08,0xc1,0x08,0xc1,0x08,0xc1,0x08,0xc1,0x08,
0xc1,0x08,0xc1,0x08,0xc1,0x08,0xc1,0x08,0xc1,0x08,0xc1,0x08,0xc1,0x08,0xc1,0x08,
0xc1,0x08,0xc1,0x08,0xc1,0x08,0xc1,0x08,0xc1,0x08,0xc1,0x08,0xc1,0x08,0xc1,0x08,
0xc1,0x08,0xc1,0x08,0xc1,0x08,0xc1,0x08,0xc1,0x08,0xc1,0x08,0xc1,0x08,0xc1,0x08,
0xc1,0x08,0xc1,0x08,0xc1,0x08,0xc1,0x08,0xc1,0x08,0xc1,0x08,0xc1,0x08,0xc1,0x08,
0xc1,0x08,0xc1,0x08,0xc1,0x08,0xc1,0x08,0xc1,0x08,0xc1,0x08,0xc1,0x08,0xc1,0x08,
0xc1,0x08,0xc1,0x08,0xc1,0x08,0xc1,0x08,0xc1,0x08,0xc1,0x08,0xc1,0x08,0xc1,0x08,
0xc1,0x08,0xc1,0x08,0xc1,0x08,0xc1,0x08,0xc1,0x08,0xc1,0x08,0xc1,0x08,0xc1,0x08,
0xe1,0x08,0xe1,0x08,0xe1,0x08,0xe1,0x08,0xe1,0x08,0xe1,0x08,0xe1,0x08,0xe1,0x08,
0xe1,0x08,0xe1,0x08,0xe1,0x08,0xe1,0x08,0xe1,0x08,0xe1,0x08,0xe1,0x08,0xe1,0x08,
0xe1,0x08,0xc1,0x08,0xc1,0x08,0xc1,0x08,0xc1,0x08,0xc1,0x08,0xe1,0x08,0xe1,0x08,
0xe1,0x08,0xe1,0x08,0xe1,0x08,0xe1,0x08,0xe1,0x08,0xe1,0x08,0xe1,0x08,0xe1,0x08,
0xe1,0x08,0xe1,0x08,0xe1,0x08,0xe1,0x08,0xe1,0x08,0xe1,0x08,0xe1,0x08,0xe1,0x08,
0xe1,0x08,0xc1,0x08,0xc1,0x08,0xc1,0x08,0xc1,0x08,0xc1,0x08,0xc1,0x08,0xc1,0x08,
0xc1,0x08,0xc1,0x08,0xc1,0x08,0xc1,0x08,0xc1,0x08,0xc1,0x08,0xc1,0x08,0xc1,0x08,
0xc1,0x08,0xc1,0x08,0xc1,0x08,0xc1,0x08,0xc1,0x08,0xc1,0x08,0xc1,0x08,0xc1,0x08,
0xc1,0x08,0xc1,0x08,0xc1,0x08,0xc1,0x08,0xc1,0x08,0xc1,0x08,0xc1,0x08,0xc1,0x08,
0xc1,0x08,0xc1,0x08,0xc1,0x08,0xc1,0x08,0xc1,0x08,0xc1,0x08,0xc1,0x08,0xe1,0x08,
0xa1,0x08,0xe1,0x11,0x21,0x2c,0xe1,0x2b,0x01,0x2c,0x01,0x2c,0x01,0x2c,0x01,0x2c,
0x01,0x2c,0x01,0x2c,0x81,0x23,0xe1,0x2b,0x01,0x2c,0x01,0x2c,0x01,0x2c,0x01,0x2c,
0x01,0x2c,0x01,0x2c,0x01,0x2c,0x81,0x11,0xa1,0x08,0xe1,0x08,0xc1,0x08,0xc1,0x08,
0xc1,0x08,0xc1,0x08,0xc1,0x08,0xc1,0x08,0xc1,0x08,0xc1,0x08,0xc1,0x08,0xc1,0x08,
0xc1,0x08,0xc1,0x08,0xc1,0x08,0xc1,0x08,0xc1,0x08,0xc1,0x08,0xc1,0x08,0xc1,0x08,
0xc1,0x08,0xc1,0x08,0xc1,0x08,0xc1,0x08,0xc1,0x08,0xc1,0x08,0xc1,0x08,0xc1,0x08,
0xc1,0x08,0xe1,0x08,0xa1,0x08,0x01,0x1a,0x21,0x2c,0xe1,0x2b,0x01,0x2c,0x01,0x2c,
0x01,0x2c,0x01,0x2c,0x01,0x2c,0x01,0x2c,0x01,0x2c,0x01,0x2c,0x01,0x2c,0x01,0x2c,
0x01,0x2c,0xe1,0x2b,0x21,0x2c,0x61,0x23,0xe1,0x08,0xc1,0x08,0xc1,0x08,0xc1,0x08,
0xc1,0x08,0xc1,0x08,0xc1,0x08,0xc1,0x08,0xc1,0x08,0xc1,0x08,0xc1,0x08,0xc1,0x08,
0xc1,0x08,0xc1,0x08,0xc1,0x08,0xc1,0x08,0xc1,0x08,0xc1,0x08,0xc1,0x08,0xc1,0x08,
0xc1,0x08,0xc1,0x08,0xc1,0x08,0xc1,0x08,0xc1,0x08,0xc1,0x08,0xc1,0x08,0xc1,0x08,
0xc1,0x08,0xc1,0x08,0xc1,0x08,0xc1,0x08,0xc1,0x08,0xc1,0x08,0xc1,0x08,0xc1,0x08,
0xc1,0x08,0xc1,0x08,0xc1,0x08,0xc1,0x08,0xc1,0x08,0xc1,0x08,0xc1,0x08,0xc1,0x08,
0xc1,0x08,0xc1,0x08,0xc1,0x08,0xc1,0x08,0xc1,0x08,0xc1,0x08,0xc1,0x08,0xc1,0x08,
0xc1,0x08,0xc1,0x08,0xc1,0x08,0xc1,0x08,0xc1,0x08,0xc1,0x08,0xc1,0x08,0xc1,0x08,
0xc1,0x08,0xc1,0x08,0xc1,0x08,0xc1,0x08,0xc1,0x08,0xc1,0x08,0xc1,0x08,0xc1,0x08,
0xc1,0x08,0xc1,0x08,0xc1,0x08,0xc1,0x08,0xc1,0x08,0xc1,0x08,0xc1,0x08,0xc1,0x08,
0xc1,0x08,0xc1,0x08,0xc1,0x08,0xc1,0x08,0xc1,0x08,0xc1,0x08,0xc1,0x08,0xc1,0x08,
0xc1,0x08,0xc1,0x08,0xc1,0x08,0xc1,0x08,0xc1,0x08,0xc1,0x08,0xc1,0x08,0xc1,0x08,
0xc1,0x08,0xc1,0x08,0xc1,0x08,0xc1,0x08,0xc1,0x08,0xc1,0x08,0xc1,0x08,0xc1,0x08,
0xc1,0x08,0xc1,0x08,0xc1,0x08,0xc1,0x08,0xc1,0x08,0xc1,0x08,0xc1,0x08,0xc1,0x08,
0xc1,0x08,0xc1,0x08,0xc1,0x08,0xc1,0x08,0xc1,0x08,0xc1,0x08,0xc1,0x08,0xc1,0x08,
0xc1,0x08,0xc1,0x08,0xc1,0x08,0xc1,0x08,0xc1,0x08,0xe1,0x10,0x82,0xc4,0x82,0xf5,
0x42,0xe5,0x42,0xed,0x42,0xed,0x42,0xed,0x42,0xed,0x42,0xe5,0xa2,0xfd,0x61,0x5a,
0x81,0x00,0xe1,0x10,0xc1,0x08,0xc1,0x08,0xc1,0x08,0xc1,0x08,0xc1,0x08,0xc1,0x08,
0xc1,0x08,0xc1,0x08,0xc1,0x08,0xc1,0x08,0xc1,0x08,0xc1,0x08,0xc1,0x08,0xc1,0x08,
0xc1,0x08,0xc1,0x08,0xc1,0x08,0xc1,0x08,0xc1,0x08,0xc1,0x08,0xc1,0x08,0xc1,0x08,
0xc1,0x08,0xe1,0x08,0xe1,0x10,0xc1,0x08,0x81,0x00,0xe1,0x41,0x22,0xe5,0x62,0xed,
0x42,0xed,0x42,0xed,0x42,0xed,0x42,0xed,0x42,0xed,0x42,0xed,0x42,0xed,0x42,0xe5,
0x82,0xf5,0x01,0x42,0x81,0x00,0xe1,0x10,0xc1,0x08,0xc1,0x08,0xc1,0x08,0xc1,0x08,
0xc1,0x08,0xc1,0x08,0xc1,0x08,0xc1,0x08,0xc1,0x08,0xc1,0x08,0xc1,0x08,0xc1,0x08,
0xc1,0x08,0xc1,0x08,0xc1,0x08,0xc1,0x08,0xc1,0x08,0xc1,0x08,0xc1,0x08,0xc1,0x08,
0xc1,0x08,0xc1,0x08,0xc1,0x08,0xc1,0x08,0xc1,0x08,0xc1,0x08,0xc1,0x08,0xc1,0x08,
0xc1,0x08,0xc1,0x08,0xc1,0x08,0xc1,0x08,0xc1,0x08,0xc1,0x08,0xc1,0x08,0xc1,0x08,
0xc1,0x08,0xc1,0x08,0xc1,0x08,0xc1,0x08,0xc1,0x08,0xc1,0x08,0xc1,0x08,0xc1,0x08,
0xc1,0x08,0xc1,0x08,0xc1,0x08,0xc1,0x08,0xc1,0x08,0xc1,0x08,0xc1,0x08,0xc1,0x08,
0xc1,0x08,0xc1,0x08,0xc1,0x08,0xc1,0x08,0xc1,0x08,0xc1,0x08,0xc1,0x08,0xc1,0x08,
0xc1,0x08,0xc1,0x08,0xc1,0x08,0xc1,0x08,0xc1,0x08,0xc1,0x08,0xc1,0x08,0xc1,0x08,
0xc1,0x08,0xc1,0x08,0xc1,0x08,0xc1,0x08,0xc1,0x08,0xc1,0x08,0xc1,0x08,0xc1,0x08,
0xc1,0x08,0xc1,0x08,0xc1,0x08,0xc1,0x08,0xc1,0x08,0xc1,0x08,0xc1,0x08,0xc1,0x08,
0xc1,0x08,0xc1,0x08,0xc1,0x08,0xc1,0x08,0xc1,0x08,0xc1,0x08,0xc1,0x08,0xc1,0x08,
0xc1,0x08,0xc1,0x08,0xc1,0x08,0xc1,0x08,0xc1,0x08,0xc1,0x08,0xc1,0x08,0xc1,0x08,
0xc1,0x08,0xc1,0x08,0xc1,0x08,0xc1,0x08,0xc1,0x08,0xc1,0x08,0xc1,0x08,0xc1,0x08,
0xc1,0x08,0xc1,0x08,0xc1,0x08,0xc1,0x08,0xc1,0x08,0xc1,0x08,0xc1,0x08,0xc1,0x08,
0xc1,0x08,0xc1,0x08,0xc1,0x08,0xc1,0x08,0xc1,0x08,0xc1,0x08,0xc1,0x08,0xc1,0x08,
0xc1,0x08,0xc1,0x08,0xc1,0x08,0xc1,0x08,0xc1,0x08,0xc1,0x08,0xc1,0x08,0xc1,0x08,
0xc1,0x08,0xc1,0x08,0xc1,0x08,0xc1,0x08,0xc1,0x08,0xc1,0x08,0xc1,0x08,0xc1,0x08,
0xc1,0x08,0xc1,0x08,0xc1,0x08,0xc1,0x08,0xc1,0x08,0xc1,0x08,0xc1,0x08,0xc1,0x08,
0xc1,0x08,0xc1,0x08,0xc1,0x08,0xc1,0x08,0xc1,0x08,0xc1,0x08,0xc1,0x08,0xc1,0x08,
0xa1,0x08,0xa1,0x08,0xa1,0x08,0xa1,0x08,0xa1,0x08,0xa1,0x08,0xa1,0x08,0xa1,0x08,
0xa1,0x08,0xa1,0x08,0xa1,0x08,0xa1,0x08,0xa1,0x08,0xa1,0x08,0xa1,0x08,0xa1,0x08,
0xa1,0x08,0xc1,0x08,0xc1,0x08,0xc1,0x08,0xc1,0x08,0xc1,0x08,0xa1,0x08,0xa1,0x08,
0xa1,0x08,0xa1,0x08,0xa1,0x08,0xa1,0x08,0xa1,0x08,0xa1,0x08,0xa1,0x08,0xa1,0x08,
0xa1,0x08,0xa1,0x08,0xa1,0x08,0xa1,0x08,0xa1,0x08,0xa1,0x08,0xa1,0x08,0xa1,0x08,
0xc1,0x08,0xc1,0x08,0xc1,0x08,0xc1,0x08,0xc1,0x08,0xc1,0x08,0xc1,0x08,0xc1,0x08,
0xc1,0x08,0xc1,0x08,0xc1,0x08,0xc1,0x08,0xc1,0x08,0xc1,0x08,0xc1,0x08,0xc1,0x08,
0xc1,0x08,0xc1,0x08,0xc1,0x08,0xc1,0x08,0xc1,0x08,0xc1,0x08,0xc1,0x08,0xc1,0x08,
0xc1,0x08,0xc1,0x08,0xc1,0x08,0xc1,0x08,0xc1,0x08,0xc1,0x08,0xc1,0x08,0xc1,0x08,
0xc1,0x08,0xc1,0x08,0xc1,0x08,0xc1,0x08,0xc1,0x08,0xc1,0x08,0xc1,0x08,0xe1,0x08,
0xa1,0x08,0xe1,0x11,0x21,0x2c,0xe1,0x2b,0x01,0x2c,0x01,0x2c,0x01,0x2c,0x01,0x2c,
0xe1,0x2b,0x21,0x2c,0xa1,0x1a,0x81,0x23,0x01,0x2c,0xe1,0x2b,0x01,0x2c,0x01,0x2c,
0x01,0x2c,0xe1,0x2b,0x21,0x2c,0x81,0x1a,0xa1,0x08,0xe1,0x08,0xc1,0x08,0xc1,0x08,
0xc1,0x08,0xc1,0x08,0xc1,0x08,0xc1,0x08,0xc1,0x08,0xc1,0x08,0xc1,0x08,0xc1,0x08,
0xc1,0x08,0xc1,0x08,0xc1,0x08,0xc1,0x08,0xc1,0x08,0xc1,0x08,0xc1,0x08,0xc1,0x08,
0xc1,0x08,0xc1,0x08,0xc1,0x08,0xc1,0x08,0xc1,0x08,0xc1,0x08,0xc1,0x08,0xc1,0x08,
0xc1,0x08,0xe1,0x08,0xa1,0x08,0x01,0x23,0x21,0x2c,0xe1,0x2b,0x01,0x2c,0x01,0x2c,
0xe1,0x2b,0x01,0x2c,0x81,0x23,0xc1,0x2b,0x01,0x2c,0x01,0x2c,0x01,0x2c,0x01,0x2c,
0x01,0x2c,0xe1,0x2b,0x21,0x2c,0x61,0x23,0xe1,0x08,0xc1,0x08,0xc1,0x08,0xc1,0x08,
0xc1,0x08,0xc1,0x08,0xc1,0x08,0xc1,0x08,0xc1,0x08,0xc1,0x08,0xc1,0x08,0xc1,0x08,
0xc1,0x08,0xc1,0x08,0xc1,0x08,0xc1,0x08,0xc1,0x08,0xc1,0x08,0xc1,0x08,0xc1,0x08,
0xc1,0x08,0xc1,0x08,0xc1,0x08,0xc1,0x08,0xc1,0x08,0xc1,0x08,0xc1,0x08,0xc1,0x08,
0xc1,0x08,0xc1,0x08,0xc1,0x08,0xc1,0x08,0xc1,0x08,0xc1,0x08,0xc1,0x08,0xc1,0x08,
0xc1,0x08,0xc1,0x08,0xc1,0x08,0xc1,0x08,0xc1,0x08,0xc1,0x08,0xc1,0x08,0xc1,0x08,
0xc1,0x08,0xc1,0x08,0xc1,0x08,0xc1,0x08,0xc1,0x08,0xc1,0x08,0xc1,0x08,0xc1,0x08,
0xc1,0x08,0xc1,0x08,0xc1,0x08,0xc1,0x08,0xc1,0x08,0xc1,0x08,0xc1,0x08,0xc1,0x08,
0xc1,0x08,0xc1,0x08,0xc1,0x08,0xc1,0x08,0xc1,0x08,0xc1,0x08,0xc1,0x08,0xc1,0x08,
0xc1,0x08,0xc1,0x08,0xc1,0x08,0xc1,0x08,0xc1,0x08,0xc1,0x08,0xc1,0x08,0xc1,0x08,
0xc1,0x08,0xc1,0x08,0xc1,0x08,0xc1,0x08,0xc1,0x08,0xc1,0x08,0xc1,0x08,0xc1,0x08,
0xc1,0x08,0xc1,0x08,0xc1,0x08,0xc1,0x08,0xc1,0x08,0xc1,0x08,0xc1,0x08,0xc1,0x08,
0xc1,0x08,0xc1,0x08,0xc1,0x08,0xc1,0x08,0xc1,0x08,0xc1,0x08,0xc1,0x08,0xc1,0x08,
0xc1,0x08,0xc1,0x08,0xc1,0x08,0xc1,0x08,0xc1,0x08,0xc1,0x08,0xc1,0x08,0xc1,0x08,
0xc1,0x08,0xc1,0x08,0xc1,0x08,0xc1,0x08,0xc1,0x08,0xc1,0x08,0xc1,0x08,0xc1,0x08,
0xc1,0x08,0xc1,0x08,0xc1,0x08,0xc1,0x08,0xc1,0x08,0xe1,0x10,0x82,0xc4,0x82,0xf5,
0x42,0xe5,0x42,0xed,0x42,0xed,0x42,0xed,0x42,0xed,0x42,0xe5,0xa2,0xfd,0x61,0x5a,
0x81,0x00,0xe1,0x10,0xc1,0x08,0xc1,0x08,0xc1,0x08,0xc1,0x08,0xc1,0x08,0xc1,0x08,
0xc1,0x08,0xc1,0x08,0xc1,0x08,0xc1,0x08,0xc1,0x08,0xc1,0x08,0xc1,0x08,0xc1,0x08,
0xc1,0x08,0xc1,0x08,0xc1,0x08,0xc1,0x08,0xc1,0x08,0xc1,0x08,0xc1,0x08,0xc1,0x08,
0xc1,0x08,0xc1,0x08,0xc1,0x08,0xc1,0x08,0xe1,0x10,0x81,0x00,0x21,0x4a,0x62,0xed,
0x42,0xed,0x42,0xed,0x42,0xed,0x42,0xed,0x42,0xed,0x42,0xed,0x42,0xed,0x42,0xe5,
0xa2,0xf5,0xc2,0xa3,0x81,0x00,0xe1,0x10,0xc1,0x08,0xc1,0x08,0xc1,0x08,0xc1,0x08,
0xc1,0x08,0xc1,0x08,0xc1,0x08,0xc1,0x08,0xc1,0x08,0xc1,0x08,0xc1,0x08,0xc1,0x08,
0xc1,0x08,0xc1,0x08,0xc1,0x08,0xc1,0x08,0xc1,0x08,0xc1,0x08,0xc1,0x08,0xc1,0x08,
0xc1,0x08,0xc1,0x08,0xc1,0x08,0xc1,0x08,0xc1,0x08,0xc1,0x08,0xc1,0x08,0xc1,0x08,
0xc1,0x08,0xc1,0x08,0xc1,0x08,0xc1,0x08,0xc1,0x08,0xc1,0x08,0xc1,0x08,0xc1,0x08,
0xc1,0x08,0xc1,0x08,0xc1,0x08,0xc1,0x08,0xc1,0x08,0xc1,0x08,0xc1,0x08,0xc1,0x08,
0xc1,0x08,0xc1,0x08,0xc1,0x08,0xc1,0x08,0xc1,0x08,0xc1,0x08,0xc1,0x08,0xc1,0x08,
0xc1,0x08,0xc1,0x08,0xc1,0x08,0xc1,0x08,0xc1,0x08,0xc1,0x08,0xc1,0x08,0xc1,0x08,
0xc1,0x08,0xc1,0x08,0xc1,0x08,0xc1,0x08,0xc1,0x08,0xc1,0x08,0xc1,0x08,0xc1,0x08,
0xc1,0x08,0xc1,0x08,0xc1,0x08,0xc1,0x08,0xc1,0x08,0xc1,0x08,0xc1,0x08,0xc1,0x08,
0xc1,0x08,0xc1,0x08,0xc1,0x08,0xc1,0x08,0xc1,0x08,0xc1,0x08,0xc1,0x08,0xc1,0x08,
0xc1,0x08,0xc1,0x08,0xc1,0x08,0xc1,0x08,0xc1,0x08,0xc1,0x08,0xc1,0x08,0xc1,0x08,
0xc1,0x08,0xc1,0x08,0xc1,0x08,0xc1,0x08,0xc1,0x08,0xc1,0x08,0xc1,0x08,0xc1,0x08,
0xc1,0x08,0xc1,0x08,0xc1,0x08,0xc1,0x08,0xc1,0x08,0xc1,0x08,0xc1,0x08,0xc1,0x08,
0xc1,0x08,0xc1,0x08,0xc1,0x08,0xc1,0x08,0xc1,0x08,0xc1,0x08,0xc1,0x08,0xc1,0x08,
0xc1,0x08,0xc1,0x08,0xc1,0x08,0xc1,0x08,0xc1,0x08,0xc1,0x08,0xc1,0x08,0xc1,0x08,
0xc1,0x08,0xc1,0x08,0xc1,0x08,0xc1,0x08,0xc1,0x08,0xc1,0x08,0xc1,0x08,0xc1,0x08,
0xc1,0x08,0xc1,0x08,0xc1,0x08,0xc1,0x08,0xc1,0x08,0xc1,0x08,0xc1,0x08,0xc1,0x08,
0xc1,0x08,0xc1,0x08,0xc1,0x08,0xc1,0x08,0xc1,0x08,0xc1,0x08,0xc1,0x08,0xc1,0x08,
0xc1,0x08,0xc1,0x08,0xc1,0x08,0xc1,0x08,0xc1,0x08,0xe1,0x08,0xc1,0x08,0x21,0x11,
0x01,0x23,0x21,0x23,0x01,0x23,0x01,0x23,0x01,0x23,0x01,0x23,0x01,0x23,0x01,0x23,
0x01,0x23,0x01,0x23,0x01,0x23,0x01,0x23,0x01,0x23,0x01,0x23,0x01,0x23,0x21,0x23,
0xa1,0x1a,0xe1,0x08,0xc1,0x08,0xc1,0x08,0xc1,0x08,0xc1,0x08,0x81,0x1a,0x21,0x23,
0x01,0x23,0x01,0x23,0x01,0x23,0x01,0x23,0x01,0x23,0x01,0x23,0x01,0x23,0x01,0x23,
0x01,0x23,0x01,0x23,0x01,0x23,0x01,0x23,0x01,0x23,0x01,0x23,0x01,0x23,0x21,0x23,
0x61,0x11,0xa1,0x08,0xe1,0x08,0xc1,0x08,0xc1,0x08,0xc1,0x08,0xc1,0x08,0xc1,0x08,
0xc1,0x08,0xc1,0x08,0xc1,0x08,0xc1,0x08,0xc1,0x08,0xc1,0x08,0xc1,0x08,0xc1,0x08,
0xc1,0x08,0xc1,0x08,0xc1,0x08,0xc1,0x08,0xc1,0x08,0xc1,0x08,0xc1,0x08,0xc1,0x08,
0xc1,0x08,0xc1,0x08,0xc1,0x08,0xc1,0x08,0xc1,0x08,0xc1,0x08,0xc1,0x08,0xc1,0x08,
0xc1,0x08,0xc1,0x08,0xc1,0x08,0xc1,0x08,0xc1,0x08,0xc1,0x08,0xc1,0x08,0xe1,0x08,
0xa1,0x08,0xe1,0x11,0x21,0x2c,0xe1,0x2b,0x01,0x2c,0x01,0x2c,0x01,0x2c,0x01,0x2c,
0xe1,0x2b,0x21,0x2c,0x41,0x1a,0xa1,0x1a,0x21,0x2c,0xe1,0x2b,0x01,0x2c,0x01,0x2c,
0x01,0x2c,0xe1,0x2b,0x21,0x2c,0x61,0x23,0xe1,0x08,0xc1,0x08,0xc1,0x08,0xc1,0x08,
0xc1,0x08,0xc1,0x08,0xc1,0x08,0xc1,0x08,0xc1,0x08,0xc1,0x08,0xc1,0x08,0xc1,0x08,
0xc1,0x08,0xc1,0x08,0xc1,0x08,0xc1,0x08,0xc1,0x08,0xc1,0x08,0xc1,0x08,0xc1,0x08,
0xc1,0x08,0xc1,0x08,0xc1,0x08,0xc1,0x08,0xc1,0x08,0xc1,0x08,0xc1,0x08,0xc1,0x08,
0xe1,0x08,0xc1,0x08,0x21,0x11,0xc1,0x2b,0x01,0x2c,0x01,0x2c,0x01,0x2c,0x01,0x2c,
0xe1,0x2b,0x01,0x2c,0x81,0x1a,0xa1,0x23,0x01,0x2c,0x01,0x2c,0x01,0x2c,0x01,0x2c,
0x01,0x2c,0xe1,0x2b,0x21,0x2c,0x61,0x23,0xe1,0x08,0xc1,0x08,0xc1,0x08,0xc1,0x08,
0xc1,0x08,0xc1,0x08,0xc1,0x08,0xc1,0x08,0xc1,0x08,0xc1,0x08,0xc1,0x08,0xc1,0x08,
0xc1,0x08,0xc1,0x08,0xc1,0x08,0xc1,0x08,0xc1,0x08,0xc1,0x08,0xc1,0x08,0xc1,0x08,
0xc1,0x08,0xc1,0x08,0xc1,0x08,0xc1,0x08,0xc1,0x08,0xc1,0x08,0xc1,0x08,0xc1,0x08,
0xc1,0x08,0xc1,0x08,0xc1,0x08,0xc1,0x08,0xc1,0x08,0xc1,0x08,0xc1,0x08,0xc1,0x08,
0xc1,0x08,0xc1,0x08,0xc1,0x08,0xc1,0x08,0xc1,0x08,0xc1,0x08,0xc1,0x08,0xc1,0x08,
0xc1,0x08,0xc1,0x08,0xc1,0x08,0xc1,0x08,0xc1,0x08,0xc1,0x08,0xc1,0x08,0xc1,0x08,
0xc1,0x08,0xc1,0x08,0xc1,0x08,0xc1,0x08,0xc1,0x08,0xc1,0x08,0xc1,0x08,0xc1,0x08,
0xc1,0x08,0xc1,0x08,0xc1,0x08,0xc1,0x08,0xc1,0x08,0xc1,0x08,0xc1,0x08,0xc1,0x08,
0xc1,0x08,0xc1,0x08,0xc1,0x08,0xc1,0x08,0xc1,0x08,0xc1,0x08,0xc1,0x08,0xc1,0x08,
0xc1,0x08,0xc1,0x08,0xc1,0x08,0xc1,0x08,0xc1,0x08,0xc1,0x08,0xc1,0x08,0xc1,0x08,
0xc1,0x08,0xc1,0x08,0xc1,0x08,0xc1,0x08,0xc1,0x08,0xc1,0x08,0xc1,0x08,0xc1,0x08,
0xc1,0x08,0xc1,0x08,0xc1,0x08,0xc1,0x08,0xc1,0x08,0xc1,0x08,0xc1,0x08,0xc1,0x08,
0xc1,0x08,0xc1,0x08,0xc1,0x08,0xc1,0x08,0xc1,0x08,0xc1,0x08,0xc1,0x08,0xc1,0x08,
0xc1,0x08,0xc1,0x08,0xc1,0x08,0xc1,0x08,0xc1,0x08,0xc1,0x08,0xc1,0x08,0xc1,0x08,
0xc1,0x08,0xc1,0x08,0xc1,0x08,0xc1,0x08,0xc1,0x08,0xe1,0x10,0x82,0xc4,0x82,0xf5,
0x42,0xe5,0x42,0xed,0x42,0xed,0x42,0xed,0x42,0xed,0x42,0xe5,0xa2,0xfd,0x61,0x5a,
0x81,0x00,0xe1,0x10,0xc1,0x08,0xc1,0x08,0xc1,0x08,0xc1,0x08,0xc1,0x08,0xc1,0x08,
0xc1,0x08,0xc1,0x08,0xc1,0x08,0xc1,0x08,0xc1,0x08,0xc1,0x08,0xc1,0x08,0xc1,0x08,
0xc1,0x08,0xc1,0x08,0xc1,0x08,0xc1,0x08,0xc1,0x08,0xc1,0x08,0xc1,0x08,0xc1,0x08,
0xc1,0x08,0xc1,0x08,0xc1,0x08,0xc1,0x08,0xc1,0x08,0xe1,0x10,0x81,0x00,0x21,0x83,
0xa2,0xf5,0x42,0xe5,0x42,0xed,0x42,0xed,0x42,0xed,0x42,0xed,0x42,0xed,0x42,0xed,
0x62,0xed,0x02,0xdd,0x41,0x21,0xc1,0x08,0xe1,0x08,0xc1,0x08,0xc1,0x08,0xc1,0x08,
0xc1,0x08,0xc1,0x08,0xc1,0x08,0xc1,0x08,0xc1,0x08,0xc1,0x08,0xc1,0x08,0xc1,0x08,
0xc1,0x08,0xc1,0x08,0xc1,0x08,0xc1,0x08,0xc1,0x08,0xc1,0x08,0xc1,0x08,0xc1,0x08,
0xc1,0x08,0xc1,0x08,0xc1,0x08,0xc1,0x08,0xc1,0x08,0xc1,0x08,0xc1,0x08,0xc1,0x08,
0xc1,0x08,0xc1,0x08,0xc1,0x08,0xc1,0x08,0xc1,0x08,0xc1,0x08,0xc1,0x08,0xc1,0x08,
0xc1,0x08,0xc1,0x08,0xc1,0x08,0xc1,0x08,0xc1,0x08,0xc1,0x08,0xc1,0x08,0xc1,0x08,
0xc1,0x08,0xc1,0x08,0xc1,0x08,0xc1,0x08,0xc1,0x08,0xc1,0x08,0xc1,0x08,0xc1,0x08,
0xc1,0x08,0xc1,0x08,0xc1,0x08,0xc1,0x08,0xc1,0x08,0xc1,0x08,0xc1,0x08,0xc1,0x08,
0xc1,0x08,0xc1,0x08,0xc1,0x08,0xc1,0x08,0xc1,0x08,0xc1,0x08,0xc1,0x08,0xc1,0x08,
0xc1,0x08,0xc1,0x08,0xc1,0x08,0xc1,0x08,0xc1,0x08,0xc1,0x08,0xc1,0x08,0xc1,0x08,
0xc1,0x08,0xc1,0x08,0xc1,0x08,0xc1,0x08,0xc1,0x08,0xc1,0x08,0xc1,0x08,0xc1,0x08,
0xc1,0x08,0xc1,0x08,0xc1,0x08,0xc1,0x08,0xc1,0x08,0xc1,0x08,0xc1,0x08,0xc1,0x08,
0xc1,0x08,0xc1,0x08,0xc1,0x08,0xc1,0x08,0xc1,0x08,0xc1,0x08,0xc1,0x08,0xc1,0x08,
0xc1,0x08,0xc1,0x08,0xc1,0x08,0xc1,0x08,0xc1,0x08,0xc1,0x08,0xc1,0x08,0xc1,0x08,
0xc1,0x08,0xc1,0x08,0xc1,0x08,0xc1,0x08,0xc1,0x08,0xc1,0x08,0xc1,0x08,0xc1,0x08,
0xc1,0x08,0xc1,0x08,0xc1,0x08,0xc1,0x08,0xc1,0x08,0xc1,0x08,0xc1,0x08,0xc1,0x08,
0xc1,0x08,0xc1,0x08,0xc1,0x08,0xc1,0x08,0xc1,0x08,0xc1,0x08,0xc1,0x08,0xc1,0x08,
0xc1,0x08,0xc1,0x08,0xc1,0x08,0xc1,0x08,0xc1,0x08,0xc1,0x08,0xc1,0x08,0xc1,0x08,
0xc1,0x08,0xc1,0x08,0xc1,0x08,0xc1,0x08,0xc1,0x08,0xc1,0x08,0xc1,0x08,0xc1,0x08,
0xc1,0x08,0xc1,0x08,0xc1,0x08,0xc1,0x08,0xc1,0x08,0xe1,0x08,0xa1,0x08,0x81,0x1a,
0x61,0x2c,0x21,0x2c,0x21,0x2c,0x21,0x2c,0x21,0x2c,0x21,0x2c,0x21,0x2c,0x21,0x2c,
0x21,0x2c,0x21,0x2c,0x21,0x2c,0x21,0x2c,0x21,0x2c,0x21,0x2c,0x21,0x2c,0x61,0x2c,
0x61,0x1a,0xa1,0x08,0xe1,0x08,0xe1,0x08,0xa1,0x08,0x81,0x11,0x21,0x2c,0x21,0x2c,
0x21,0x2c,0x21,0x2c,0x21,0x2c,0x21,0x2c,0x21,0x2c,0x21,0x2c,0x21,0x2c,0x21,0x2c,
0x21,0x2c,0x21,0x2c,0x21,0x2c,0x21,0x2c,0x21,0x2c,0x21,0x2c,0x21,0x2c,0x61,0x2c,
0xe1,0x22,0xa1,0x08,0xe1,0x08,0xc1,0x08,0xc1,0x08,0xc1,0x08,0xc1,0x08,0xc1,0x08,
0xc1,0x08,0xc1,0x08,0xc1,0x08,0xc1,0x08,0xc1,0x08,0xc1,0x08,0xc1,0x08,0xc1,0x08,
0xc1,0x08,0xc1,0x08,0xc1,0x08,0xc1,0x08,0xc1,0x08,0xc1,0x08,0xc1,0x08,0xc1,0x08,
0xc1,0x08,0xc1,0x08,0xc1,0x08,0xc1,0x08,0xc1,0x08,0xc1,0x08,0xc1,0x08,0xc1,0x08,
0xc1,0x08,0xc1,0x08,0xc1,0x08,0xc1,0x08,0xc1,0x08,0xc1,0x08,0xc1,0x08,0xe1,0x08,
0xa1,0x08,0xe1,0x11,0x21,0x2c,0xe1,0x2b,0x01,0x2c,0x01,0x2c,0x01,0x2c,0x01,0x2c,
0xe1,0x2b,0x21,0x2c,0x61,0x1a,0xa1,0x11,0x21,0x2c,0xe1,0x2b,0x01,0x2c,0x01,0x2c,
0x01,0x2c,0x01,0x2c,0x01,0x2c,0x01,0x2c,0x81,0x11,0xa1,0x08,0xe1,0x08,0xc1,0x08,
0xc1,0x08,0xc1,0x08,0xc1,0x08,0xc1,0x08,0xc1,0x08,0xc1,0x08,0xc1,0x08,0xc1,0x08,
0xc1,0x08,0xc1,0x08,0xc1,0x08,0xc1,0x08,0xc1,0x08,0xc1,0x08,0xc1,0x08,0xc1,0x08,
0xc1,0x08,0xc1,0x08,0xc1,0x08,0xc1,0x08,0xc1,0x08,0xc1,0x08,0xc1,0x08,0xc1,0x08,
0xe1,0x08,0xa1,0x08,0x01,0x1a,0x21,0x2c,0xe1,0x2b,0x01,0x2c,0x01,0x2c,0x01,0x2c,
0x01,0x2c,0xc1,0x2b,0xa1,0x11,0xc1,0x2b,0x01,0x2c,0x01,0x2c,0x01,0x2c,0x01,0x2c,
0x01,0x2c,0xe1,0x2b,0x21,0x2c,0x61,0x23,0xe1,0x08,0xc1,0x08,0xc1,0x08,0xc1,0x08,
0xc1,0x08,0xc1,0x08,0xc1,0x08,0xc1,0x08,0xc1,0x08,0xc1,0x08,0xc1,0x08,0xc1,0x08,
0xc1,0x08,0xc1,0x08,0xc1,0x08,0xc1,0x08,0xc1,0x08,0xc1,0x08,0xc1,0x08,0xc1,0x08,
0xc1,0x08,0xc1,0x08,0xc1,0x08,0xc1,0x08,0xc1,0x08,0xc1,0x08,0xc1,0x08,0xc1,0x08,
0xc1,0x08,0xc1,0x08,0xc1,0x08,0xc1,0x08,0xc1,0x08,0xc1,0x08,0xc1,0x08,0xc1,0x08,
0xc1,0x08,0xc1,0x08,0xc1,0x08,0xc1,0x08,0xc1,0x08,0xc1,0x08,0xc1,0x08,0xc1,0x08,
0xc1,0x08,0xc1,0x08,0xc1,0x08,0xc1,0x08,0xc1,0x08,0xc1,0x08,0xc1,0x08,0xc1,0x08,
0xc1,0x08,0xc1,0x08,0xc1,0x08,0xc1,0x08,0xc1,0x08,0xc1,0x08,0xc1,0x08,0xc1,0x08,
0xc1,0x08,0xc1,0x08,0xc1,0x08,0xc1,0x08,0xc1,0x08,0xc1,0x08,0xc1,0x08,0xc1,0x08,
0xc1,0x08,0xc1,0x08,0xc1,0x08,0xc1,0x08,0xc1,0x08,0xc1,0x08,0xc1,0x08,0xc1,0x08,
0xc1,0x08,0xc1,0x08,0xc1,0x08,0xc1,0x08,0xc1,0x08,0xc1,0x08,0xc1,0x08,0xc1,0x08,
0xc1,0x08,0xc1,0x08,0xc1,0x08,0xc1,0x08,0xc1,0x08,0xc1,0x08,0xc1,0x08,0xc1,0x08,
0xc1,0x08,0xc1,0x08,0xc1,0x08,0xc1,0x08,0xc1,0x08,0xc1,0x08,0xc1,0x08,0xc1,0x08,
0xc1,0x08,0xc1,0x08,0xc1,0x08,0xc1,0x08,0xc1,0x08,0xc1,0x08,0xc1,0x08,0xc1,0x08,
0xc1,0x08,0xc1,0x08,0xc1,0x08,0xc1,0x08,0xc1,0x08,0xc1,0x08,0xc1,0x08,0xc1,0x08,
0xc1,0x08,0xc1,0x08,0xc1,0x08,0xc1,0x08,0xc1,0x08,0xe1,0x10,0x82,0xc4,0x82,0xf5,
0x42,0xe5,0x42,0xed,0x42,0xed,0x42,0xed,0x42,0xed,0x42,0xe5,0xa2,0xfd,0x61,0x5a,
0x81,0x00,0xe1,0x10,0xc1,0x08,0xc1,0x08,0xc1,0x08,0xc1,0x08,0xc1,0x08,0xc1,0x08,
0xc1,0x08,0xc1,0x08,0xc1,0x08,0xc1,0x08,0xc1,0x08,0xc1,0x08,0xc1,0x08,0xc1,0x08,
0xc1,0x08,0xc1,0x08,0xc1,0x08,0xc1,0x08,0xc1,0x08,0xc1,0x08,0xc1,0x08,0xc1,0x08,
0xc1,0x08,0xc1,0x08,0xc1,0x08,0xc1,0x08,0xc1,0x08,0xe1,0x08,0xc1,0x08,0x01,0x11,
0xc2,0xcc,0x62,0xed,0x42,0xe5,0x42,0xed,0x42,0xed,0x42,0xed,0x42,0xed,0x42,0xed,
0x42,0xe5,0x82,0xf5,0x41,0x52,0x81,0x00,0xe1,0x10,0xc1,0x08,0xc1,0x08,0xc1,0x08,
0xc1,0x08,0xc1,0x08,0xc1,0x08,0xc1,0x08,0xc1,0x08,0xc1,0x08,0xc1,0x08,0xc1,0x08,
0xc1,0x08,0xc1,0x08,0xc1,0x08,0xc1,0x08,0xc1,0x08,0xc1,0x08,0xc1,0x08,0xc1,0x08,
0xc1,0x08,0xc1,0x08,0xc1,0x08,0xc1,0x08,0xc1,0x08,0xc1,0x08,0xc1,0x08,0xc1,0x08,
0xc1,0x08,0xc1,0x08,0xc1,0x08,0xc1,0x08,0xc1,0x08,0xc1,0x08,0xc1,0x08,0xc1,0x08,
0xc1,0x08,0xc1,0x08,0xc1,0x08,0xc1,0x08,0xc1,0x08,0xc1,0x08,0xc1,0x08,0xc1,0x08,
0xc1,0x08,0xc1,0x08,0xc1,0x08,0xc1,0x08,0xc1,0x08,0xc1,0x08,0xc1,0x08,0xc1,0x08,
0xc1,0x08,0xc1,0x08,0xc1,0x08,0xc1,0x08,0xc1,0x08,0xc1,0x08,0xc1,0x08,0xc1,0x08,
0xc1,0x08,0xc1,0x08,0xc1,0x08,0xc1,0x08,0xc1,0x08,0xc1,0x08,0xc1,0x08,0xc1,0x08,
0xc1,0x08,0xc1,0x08,0xc1,0x08,0xc1,0x08,0xc1,0x08,0xc1,0x08,0xc1,0x08,0xc1,0x08,
0xc1,0x08,0xc1,0x08,0xc1,0x08,0xc1,0x08,0xc1,0x08,0xc1,0x08,0xc1,0x08,0xc1,0x08,
0xc1,0x08,0xc1,0x08,0xc1,0x08,0xc1,0x08,0xc1,0x08,0xc1,0x08,0xc1,0x08,0xc1,0x08,
0xc1,0x08,0xc1,0x08,0xc1,0x08,0xc1,0x08,0xc1,0x08,0xc1,0x08,0xc1,0x08,0xc1,0x08,
0xc1,0x08,0xc1,0x08,0xc1,0x08,0xc1,0x08,0xc1,0x08,0xc1,0x08,0xc1,0x08,0xc1,0x08,
0xc1,0x08,0xc1,0x08,0xc1,0x08,0xc1,0x08,0xc1,0x08,0xc1,0x08,0xc1,0x08,0xc1,0x08,
0xc1,0x08,0xc1,0x08,0xc1,0x08,0xc1,0x08,0xc1,0x08,0xc1,0x08,0xc1,0x08,0xc1,0x08,
0xc1,0x08,0xc1,0x08,0xc1,0x08,0xc1,0x08,0xc1,0x08,0xc1,0x08,0xc1,0x08,0xc1,0x08,
0xc1,0x08,0xc1,0x08,0xc1,0x08,0xc1,0x08,0xc1,0x08,0xc1,0x08,0xc1,0x08,0xc1,0x08,
0xc1,0x08,0xc1,0x08,0xc1,0x08,0xc1,0x08,0xc1,0x08,0xc1,0x08,0xc1,0x08,0xc1,0x08,
0xc1,0x08,0xc1,0x08,0xc1,0x08,0xc1,0x08,0xc1,0x08,0xc1,0x08,0x21,0x11,0xc1,0x2b,
0x01,0x2c,0xe1,0x2b,0xe1,0x2b,0xe1,0x2b,0xe1,0x2b,0xe1,0x2b,0xe1,0x2b,0xe1,0x2b,
0xe1,0x2b,0xe1,0x2b,0xe1,0x2b,0xe1,0x2b,0xe1,0x2b,0xe1,0x2b,0x01,0x2c,0xa1,0x23,
0x01,0x11,0xc1,0x08,0xc1,0x08,0xe1,0x08,0xa1,0x08,0xe1,0x22,0x21,0x2c,0xe1,0x2b,
0xe1,0x2b,0xe1,0x2b,0xe1,0x2b,0xe1,0x2b,0xe1,0x2b,0xe1,0x2b,0xe1,0x2b,0xe1,0x2b,
0xe1,0x2b,0xe1,0x2b,0xe1,0x2b,0xe1,0x2b,0xe1,0x2b,0xe1,0x2b,0xe1,0x2b,0xe1,0x2b,
0xe1,0x2b,0x41,0x11,0xa1,0x08,0xe1,0x08,0xc1,0x08,0xc1,0x08,0xc1,0x08,0xc1,0x08,
0xc1,0x08,0xc1,0x08,0xc1,0x08,0xc1,0x08,0xc1,0x08,0xc1,0x08,0xc1,0x08,0xc1,0x08,
0xc1,0x08,0xc1,0x08,0xc1,0x08,0xc1,0x08,0xc1,0x08,0xc1,0x08,0xc1,0x08,0xc1,0x08,
0xc1,0x08,0xc1,0x08,0xc1,0x08,0xc1,0x08,0xc1,0x08,0xc1,0x08,0xc1,0x08,0xc1,0x08,
0xc1,0x08,0xc1,0x08,0xc1,0x08,0xc1,0x08,0xc1,0x08,0xc1,0x08,0xc1,0x08,0xe1,0x08,
0xa1,0x08,0xe1,0x11,0x21,0x2c,0xe1,0x2b,0x01,0x2c,0x01,0x2c,0x01,0x2c,0x01,0x2c,
0xe1,0x2b,0x21,0x2c,0x81,0x1a,0xc1,0x08,0xa1,0x23,0x01,0x2c,0xe1,0x2b,0x01,0x2c,
0x01,0x2c,0x01,0x2c,0xe1,0x2b,0x21,0x2c,0x41,0x1a,0xa1,0x08,0xe1,0x08,0xc1,0x08,
0xc1,0x08,0xc1,0x08,0xc1,0x08,0xc1,0x08,0xc1,0x08,0xc1,0x08,0xc1,0x08,0xc1,0x08,
0xc1,0x08,0xc1,0x08,0xc1,0x08,0xc1,0x08,0xc1,0x08,0xc1,0x08,0xc1,0x08,0xc1,0x08,
0xc1,0x08,0xc1,0x08,0xc1,0x08,0xc1,0x08,0xc1,0x08,0xc1,0x08,0xc1,0x08,0xc1,0x08,
0xe1,0x08,0xa1,0x08,0xe1,0x22,0x21,0x2c,0xe1,0x2b,0x01,0x2c,0x01,0x2c,0xe1,0x2b,
0x21,0x2c,0x21,0x23,0x21,0x11,0xe1,0x2b,0x01,0x2c,0x01,0x2c,0x01,0x2c,0x01,0x2c,
0x01,0x2c,0xe1,0x2b,0x21,0x2c,0x61,0x23,0xe1,0x08,0xc1,0x08,0xc1,0x08,0xc1,0x08,
0xc1,0x08,0xc1,0x08,0xc1,0x08,0xc1,0x08,0xc1,0x08,0xc1,0x08,0xc1,0x08,0xc1,0x08,
0xc1,0x08,0xc1,0x08,0xc1,0x08,0xc1,0x08,0xc1,0x08,0xc1,0x08,0xc1,0x08,0xc1,0x08,
0xc1,0x08,0xc1,0x08,0xc1,0x08,0xc1,0x08,0xc1,0x08,0xc1,0x08,0xc1,0x08,0xc1,0x08,
0xc1,0x08,0xc1,0x08,0xc1,0x08,0xc1,0x08,0xc1,0x08,0xc1,0x08,0xc1,0x08,0xc1,0x08,
0xc1,0x08,0xc1,0x08,0xc1,0x08,0xc1,0x08,0xc1,0x08,0xc1,0x08,0xc1,0x08,0xc1,0x08,
0xc1,0x08,0xc1,0x08,0xc1,0x08,0xc1,0x08,0xc1,0x08,0xc1,0x08,0xc1,0x08,0xc1,0x08,
0xc1,0x08,0xc1,0x08,0xc1,0x08,0xc1,0x08,0xc1,0x08,0xc1,0x08,0xc1,0x08,0xc1,0x08,
0xc1,0x08,0xc1,0x08,0xc1,0x08,0xc1,0x08,0xc1,0x08,0xc1,0x08,0xc1,0x08,0xc1,0x08,
0xc1,0x08,0xc1,0x08,0xc1,0x08,0xc1,0x08,0xc1,0x08,0xc1,0x08,0xc1,0x08,0xc1,0x08,
0xc1,0x08,0xc1,0x08,0xc1,0x08,0xc1,0x08,0xc1,0x08,0xc1,0x08,0xc1,0x08,0xc1,0x08,
0xc1,0x08,0xc1,0x08,0xc1,0x08,0xc1,0x08,0xc1,0x08,0xc1,0x08,0xc1,0x08,0xc1,0x08,
0xc1,0x08,0xc1,0x08,0xc1,0x08,0xc1,0x08,0xc1,0x08,0xc1,0x08,0xc1,0x08,0xc1,0x08,
0xc1,0x08,0xc1,0x08,0xc1,0x08,0xc1,0x08,0xc1,0x08,0xc1,0x08,0xc1,0x08,0xc1,0x08,
0xc1,0x08,0xc1,0x08,0xc1,0x08,0xc1,0x08,0xc1,0x08,0xc1,0x08,0xc1,0x08,0xc1,0x08,
0xc1,0x08,0xc1,0x08,0xc1,0x08,0xc1,0x08,0xc1,0x08,0xe1,0x10,0x82,0xc4,0x82,0xf5,
0x42,0xe5,0x42,0xed,0x42,0xed,0x42,0xed,0x42,0xed,0x42,0xe5,0xa2,0xfd,0x61,0x5a,
0x81,0x00,0xe1,0x10,0xc1,0x08,0xc1,0x08,0xc1,0x08,0xc1,0x08,0xc1,0x08,0xc1,0x08,
0xc1,0x08,0xc1,0x08,0xc1,0x08,0xc1,0x08,0xc1,0x08,0xc1,0x08,0xc1,0x08,0xc1,0x08,
0xc1,0x08,0xc1,0x08,0xc1,0x08,0xc1,0x08,0xc1,0x08,0xc1,0x08,0xc1,0x08,0xc1,0x08,
0xc1,0x08,0xc1,0x08,0xc1,0x08,0xc1,0x08,0xc1,0x08,0xc1,0x08,0xe1,0x10,0x81,0x00,
0xe1,0x72,0xa2,0xf5,0x42,0xe5,0x42,0xed,0x42,0xed,0x42,0xed,0x42,0xed,0x42,0xed,
0x42,0xe5,0xa2,0xf5,0x41,0x83,0x81,0x00,0xe1,0x10,0xc1,0x08,0xc1,0x08,0xc1,0x08,
0xc1,0x08,0xc1,0x08,0xc1,0x08,0xc1,0x08,0xc1,0x08,0xc1,0x08,0xc1,0x08,0xc1,0x08,
0xc1,0x08,0xc1,0x08,0xc1,0x08,0xc1,0x08,0xc1,0x08,0xc1,0x08,0xc1,0x08,0xc1,0x08,
0xc1,0x08,0xc1,0x08,0xc1,0x08,0xc1,0x08,0xc1,0x08,0xc1,0x08,0xc1,0x08,0xc1,0x08,
0xc1,0x08,0xc1,0x08,0xc1,0x08,0xc1,0x08,0xc1,0x08,0xc1,0x08,0xc1,0x08,0xc1,0x08,
0xc1,0x08,0xc1,0x08,0xc1,0x08,0xc1,0x08,0xc1,0x08,0xc1,0x08,0xc1,0x08,0xc1,0x08,
0xc1,0x08,0xc1,0x08,0xc1,0x08,0xc1,0x08,0xc1,0x08,0xc1,0x08,0xc1,0x08,0xc1,0x08,
0xc1,0x08,0xc1,0x08,0xc1,0x08,0xc1,0x08,0xc1,0x08,0xc1,0x08,0xc1,0x08,0xc1,0x08,
0xc1,0x08,0xc1,0x08,0xc1,0x08,0xc1,0x08,0xc1,0x08,0xc1,0x08,0xc1,0x08,0xc1,0x08,
0xc1,0x08,0xc1,0x08,0xc1,0x08,0xc1,0x08,0xc1,0x08,0xc1,0x08,0xc1,0x08,0xc1,0x08,
0xc1,0x08,0xc1,0x08,0xc1,0x08,0xc1,0x08,0xc1,0x08,0xc1,0x08,0xc1,0x08,0xc1,0x08,
0xc1,0x08,0xc1,0x08,0xc1,0x08,0xc1,0x08,0xc1,0x08,0xc1,0x08,0xc1,0x08,0xc1,0x08,
0xc1,0x08,0xc1,0x08,0xc1,0x08,0xc1,0x08,0xc1,0x08,0xc1,0x08,0xc1,0x08,0xc1,0x08,
0xc1,0x08,0xc1,0x08,0xc1,0x08,0xc1,0x08,0xc1,0x08,0xc1,0x08,0xc1,0x08,0xc1,0x08,
0xc1,0x08,0xc1,0x08,0xc1,0x08,0xc1,0x08,0xc1,0x08,0xc1,0x08,0xc1,0x08,0xc1,0x08,
0xc1,0x08,0xc1,0x08,0xc1,0x08,0xc1,0x08,0xc1,0x08,0xc1,0x08,0xc1,0x08,0xc1,0x08,
0xc1,0x08,0xc1,0x08,0xc1,0x08,0xc1,0x08,0xc1,0x08,0xc1,0x08,0xc1,0x08,0xc1,0x08,
0xc1,0x08,0xc1,0x08,0xc1,0x08,0xc1,0x08,0xc1,0x08,0xc1,0x08,0xc1,0x08,0xc1,0x08,
0xc1,0x08,0xc1,0x08,0xc1,0x08,0xc1,0x08,0xc1,0x08,0xc1,0x08,0xc1,0x08,0xc1,0x08,
0xc1,0x08,0xc1,0x08,0xc1,0x08,0xc1,0x08,0xe1,0x08,0xa1,0x08,0x61,0x1a,0x21,0x2c,
0xe1,0x2b,0x01,0x2c,0x01,0x2c,0x01,0x2c,0x01,0x2c,0x01,0x2c,0x01,0x2c,0x01,0x2c,
0x01,0x2c,0x01,0x2c,0x01,0x2c,0x01,0x2c,0x01,0x2c,0xe1,0x2b,0x21,0x2c,0x61,0x1a,
0xa1,0x08,0xe1,0x08,0xe1,0x08,0xa1,0x08,0x61,0x11,0xe1,0x2b,0x01,0x2c,0x01,0x2c,
0x01,0x2c,0x01,0x2c,0x01,0x2c,0x01,0x2c,0x01,0x2c,0x01,0x2c,0x01,0x2c,0x01,0x2c,
0x01,0x2c,0x01,0x2c,0x01,0x2c,0x01,0x2c,0x01,0x2c,0x01,0x2c,0x01,0x2c,0xe1,0x2b,
0x21,0x2c,0xc1,0x1a,0xa1,0x08,0xe1,0x08,0xc1,0x08,0xc1,0x08,0xc1,0x08,0xc1,0x08,
0xc1,0x08,0xc1,0x08,0xc1,0x08,0xc1,0x08,0xc1,0x08,0xc1,0x08,0xc1,0x08,0xc1,0x08,
0xc1,0x08,0xc1,0x08,0xc1,0x08,0xc1,0x08,0xc1,0x08,0xc1,0x08,0xc1,0x08,0xc1,0x08,
0xc1,0x08,0xc1,0x08,0xc1,0x08,0xc1,0x08,0xc1,0x08,0xc1,0x08,0xc1,0x08,0xc1,0x08,
0xc1,0x08,0xc1,0x08,0xc1,0x08,0xc1,0x08,0xc1,0x08,0xc1,0x08,0xc1,0x08,0xe1,0x08,
0xa1,0x08,0xe1,0x11,0x21,0x2c,0xe1,0x2b,0x01,0x2c,0x01,0x2c,0x01,0x2c,0x01,0x2c,
0xe1,0x2b,0x21,0x2c,0x81,0x1a,0x81,0x08,0xe1,0x22,0x21,0x2c,0xe1,0x2b,0x01,0x2c,
0x01,0x2c,0x01,0x2c,0xe1,0x2b,0x21,0x2c,0x41,0x23,0xc1,0x08,0xc1,0x08,0xc1,0x08,
0xc1,0x08,0xc1,0x08,0xc1,0x08,0xc1,0x08,0xc1,0x08,0xc1,0x08,0xc1,0x08,0xc1,0x08,
0xc1,0x08,0xc1,0x08,0xc1,0x08,0xc1,0x08,0xc1,0x08,0xc1,0x08,0xc1,0x08,0xc1,0x08,
0xc1,0x08,0xc1,0x08,0xc1,0x08,0xc1,0x08,0xc1,0x08,0xc1,0x08,0xc1,0x08,0xc1,0x08,
0xc1,0x08,0x01,0x11,0xc1,0x2b,0x01,0x2c,0x01,0x2c,0x01,0x2c,0x01,0x2c,0xe1,0x2b,
0x21,0x2c,0x01,0x1a,0x01,0x09,0xe1,0x2b,0x01,0x2c,0x01,0x2c,0x01,0x2c,0x01,0x2c,
0x01,0x2c,0xe1,0x2b,0x21,0x2c,0x61,0x23,0xe1,0x08,0xc1,0x08,0xc1,0x08,0xc1,0x08,
0xc1,0x08,0xc1,0x08,0xc1,0x08,0xc1,0x08,0xc1,0x08,0xc1,0x08,0xc1,0x08,0xc1,0x08,
0xc1,0x08,0xc1,0x08,0xc1,0x08,0xc1,0x08,0xc1,0x08,0xc1,0x08,0xc1,0x08,0xc1,0x08,
0xc1,0x08,0xc1,0x08,0xc1,0x08,0xc1,0x08,0xc1,0x08,0xc1,0x08,0xc1,0x08,0xc1,0x08,
0xc1,0x08,0xe1,0x08,0xe1,0x08,0xe1,0x08,0xe1,0x08,0xe1,0x08,0xe1,0x08,0xe1,0x08,
0xe1,0x08,0xe1,0x08,0xe1,0x08,0xe1,0x08,0xe1,0x08,0xc1,0x08,0xc1,0x08,0xc1,0x08,
0xc1,0x08,0xc1,0x08,0xc1,0x08,0xc1,0x08,0xc1,0x08,0xc1,0x08,0xc1,0x08,0xc1,0x08,
0xc1,0x08,0xc1,0x08,0xc1,0x08,0xc1,0x08,0xc1,0x08,0xc1,0x08,0xc1,0x08,0xc1,0x08,
0xc1,0x08,0xc1,0x08,0xc1,0x08,0xc1,0x08,0xc1,0x08,0xc1,0x08,0xc1,0x08,0xc1,0x08,
0xc1,0x08,0xc1,0x08,0xc1,0x08,0xc1,0x08,0xc1,0x08,0xc1,0x08,0xc1,0x08,0xc1,0x08,
0xc1,0x08,0xc1,0x08,0xc1,0x08,0xc1,0x08,0xc1,0x08,0xc1,0x08,0xc1,0x08,0xc1,0x08,
0xc1,0x08,0xc1,0x08,0xc1,0x08,0xe1,0x08,0xe1,0x08,0xe1,0x08,0xe1,0x08,0xe1,0x08,
0xe1,0x08,0xe1,0x08,0xe1,0x08,0xc1,0x08,0xc1,0x08,0xc1,0x08,0xc1,0x08,0xc1,0x08,
0xc1,0x08,0xc1,0x08,0xc1,0x08,0xc1,0x08,0xc1,0x08,0xc1,0x08,0xc1,0x08,0xc1,0x08,
0xc1,0x08,0xc1,0x08,0xc1,0x08,0xc1,0x08,0xc1,0x08,0xc1,0x08,0xc1,0x08,0xc1,0x08,
0xc1,0x08,0xc1,0x08,0xc1,0x08,0xc1,0x08,0xc1,0x08,0xe1,0x10,0x82,0xc4,0x82,0xf5,
0x42,0xe5,0x42,0xed,0x42,0xed,0x42,0xed,0x42,0xed,0x42,0xe5,0xa2,0xfd,0x61,0x5a,
0x81,0x00,0xe1,0x10,0xc1,0x08,0xc1,0x08,0xc1,0x08,0xc1,0x08,0xc1,0x08,0xc1,0x08,
0xc1,0x08,0xc1,0x08,0xc1,0x08,0xc1,0x08,0xc1,0x08,0xc1,0x08,0xc1,0x08,0xc1,0x08,
0xc1,0x08,0xc1,0x08,0xc1,0x08,0xc1,0x08,0xc1,0x08,0xc1,0x08,0xc1,0x08,0xc1,0x08,
0xc1,0x08,0xc1,0x08,0xc1,0x08,0xc1,0x08,0xc1,0x08,0xc1,0x08,0xe1,0x10,0xa1,0x00,
0x81,0x31,0x42,0xe5,0x62,0xed,0x42,0xed,0x42,0xed,0x42,0xed,0x42,0xed,0x42,0xed,
0x42,0xe5,0x82,0xf5,0x02,0xac,0xa1,0x00,0xe1,0x08,0xc1,0x08,0xc1,0x08,0xc1,0x08,
0xc1,0x08,0xc1,0x08,0xc1,0x08,0xc1,0x08,0xc1,0x08,0xc1,0x08,0xc1,0x08,0xc1,0x08,
0xc1,0x08,0xc1,0x08,0xc1,0x08,0xc1,0x08,0xc1,0x08,0xc1,0x08,0xc1,0x08,0xc1,0x08,
0xc1,0x08,0xc1,0x08,0xc1,0x08,0xc1,0x08,0xc1,0x08,0xe1,0x08,0xe1,0x10,0xe1,0x10,
0xe1,0x10,0xe1,0x10,0xe1,0x10,0xe1,0x08,0xc1,0x08,0xc1,0x08,0xc1,0x08,0xc1,0x08,
0xc1,0x08,0xc1,0x08,0xc1,0x08,0xc1,0x08,0xc1,0x08,0xc1,0x08,0xc1,0x08,0xc1,0x08,
0xc1,0x08,0xc1,0x08,0xc1,0x08,0xc1,0x08,0xc1,0x08,0xc1,0x08,0xc1,0x08,0xc1,0x08,
0xc1,0x08,0xc1,0x08,0xc1,0x08,0xc1,0x08,0xc1,0x08,0xe1,0x08,0xe1,0x10,0xe1,0x10,
0xe1,0x10,0xe1,0x10,0xe1,0x10,0xe1,0x10,0xe1,0x10,0xe1,0x10,0xe1,0x10,0xc1,0x08,
0xc1,0x08,0xc1,0x08,0xc1,0x08,0xc1,0x08,0xc1,0x08,0xc1,0x08,0xc1,0x08,0xc1,0x08,
0xc1,0x08,0xc1,0x08,0xc1,0x08,0xc1,0x08,0xc1,0x08,0xc1,0x08,0xc1,0x08,0xc1,0x08,
0xc1,0x08,0xc1,0x08,0xc1,0x08,0xc1,0x08,0xc1,0x08,0xc1,0x08,0xc1,0x08,0xc1,0x08,
0xc1,0x08,0xc1,0x08,0xc1,0x08,0xc1,0x08,0xc1,0x08,0xc1,0x08,0xc1,0x08,0xc1,0x08,
0xc1,0x08,0xc1,0x08,0xc1,0x08,0xc1,0x08,0xc1,0x08,0xc1,0x08,0xc1,0x08,0xc1,0x08,
0xc1,0x08,0xc1,0x08,0xc1,0x08,0xc1,0x08,0xc1,0x08,0xc1,0x08,0xc1,0x08,0xc1,0x08,
0xc1,0x08,0xc1,0x08,0xc1,0x08,0xc1,0x08,0xc1,0x08,0xc1,0x08,0xc1,0x08,0xc1,0x08,
0xc1,0x08,0xc1,0x08,0xc1,0x08,0xc1,0x08,0xc1,0x08,0xc1,0x08,0xc1,0x08,0xc1,0x08,
0xc1,0x08,0xc1,0x08,0xc1,0x08,0xc1,0x08,0xc1,0x08,0xc1,0x08,0xc1,0x08,0xc1,0x08,
0xc1,0x08,0xc1,0x08,0xc1,0x08,0xc1,0x08,0xc1,0x08,0xc1,0x08,0xc1,0x08,0xc1,0x08,
0xc1,0x08,0xc1,0x08,0xc1,0x08,0xe1,0x08,0xc1,0x08,0x01,0x09,0xa1,0x23,0x01,0x2c,
0xe1,0x2b,0x01,0x2c,0x01,0x2c,0x01,0x2c,0x01,0x2c,0x01,0x2c,0x01,0x2c,0x01,0x2c,
0x01,0x2c,0x01,0x2c,0x01,0x2c,0x01,0x2c,0xe1,0x2b,0x01,0x2c,0xc1,0x2b,0x21,0x11,
0xc1,0x08,0xe1,0x08,0xe1,0x08,0xa1,0x08,0xc1,0x1a,0x21,0x2c,0xe1,0x2b,0x01,0x2c,
0x01,0x2c,0x01,0x2c,0x01,0x2c,0x01,0x2c,0x01,0x2c,0x01,0x2c,0x01,0x2c,0x01,0x2c,
0x01,0x2c,0x01,0x2c,0x01,0x2c,0x01,0x2c,0x01,0x2c,0x01,0x2c,0x01,0x2c,0x01,0x2c,
0x01,0x2c,0xe1,0x2b,0x41,0x11,0xc1,0x08,0xe1,0x08,0xc1,0x08,0xc1,0x08,0xc1,0x08,
0xc1,0x08,0xc1,0x08,0xc1,0x08,0xc1,0x08,0xc1,0x08,0xc1,0x08,0xc1,0x08,0xc1,0x08,
0xc1,0x08,0xc1,0x08,0xc1,0x08,0xc1,0x08,0xc1,0x08,0xc1,0x08,0xc1,0x08,0xc1,0x08,
0xc1,0x08,0xc1,0x08,0xc1,0x08,0xc1,0x08,0xc1,0x08,0xc1,0x08,0xc1,0x08,0xc1,0x08,
0xc1,0x08,0xc1,0x08,0xc1,0x08,0xc1,0x08,0xc1,0x08,0xc1,0x08,0xc1,0x08,0xe1,0x08,
0xa1,0x08,0xe1,0x11,0x21,0x2c,0xe1,0x2b,0x01,0x2c,0x01,0x2c,0x01,0x2c,0x01,0x2c,
0xe1,0x2b,0x21,0x2c,0x81,0x1a,0x81,0x08,0x01,0x1a,0x21,0x2c,0xe1,0x2b,0x01,0x2c,
0x01,0x2c,0x01,0x2c,0x01,0x2c,0x01,0x2c,0xe1,0x2b,0x41,0x11,0xc1,0x08,0xe1,0x08,
0xc1,0x08,0xc1,0x08,0xc1,0x08,0xc1,0x08,0xc1,0x08,0xc1,0x08,0xc1,0x08,0xc1,0x08,
0xc1,0x08,0xc1,0x08,0xc1,0x08,0xc1,0x08,0xc1,0x08,0xc1,0x08,0xc1,0x08,0xc1,0x08,
0xc1,0x08,0xc1,0x08,0xc1,0x08,0xc1,0x08,0xc1,0x08,0xc1,0x08,0xc1,0x08,0xe1,0x08,
0xa1,0x08,0xe1,0x19,0x21,0x2c,0xe1,0x2b,0x01,0x2c,0x01,0x2c,0x01,0x2c,0x01,0x2c,
0xe1,0x2b,0x21,0x11,0x21,0x11,0xe1,0x2b,0x01,0x2c,0x01,0x2c,0x01,0x2c,0x01,0x2c,
0x01,0x2c,0xe1,0x2b,0x21,0x2c,0x61,0x23,0xe1,0x08,0xc1,0x08,0xc1,0x08,0xc1,0x08,
0xc1,0x08,0xc1,0x08,0xc1,0x08,0xc1,0x08,0xc1,0x08,0xc1,0x08,0xc1,0x08,0xc1,0x08,
0xc1,0x08,0xc1,0x08,0xc1,0x08,0xc1,0x08,0xc1,0x08,0xc1,0x08,0xc1,0x08,0xc1,0x08,
0xc1,0x08,0xc1,0x08,0xc1,0x08,0xc1,0x08,0xc1,0x08,0xe1,0x08,0xe1,0x08,0xe1,0x08,
0xc1,0x08,0xc1,0x08,0xa1,0x08,0xa1,0x08,0xa1,0x08,0xa1,0x08,0xa1,0x08,0xa1,0x08,
0xa1,0x08,0xa1,0x08,0xa1,0x08,0xa1,0x08,0xc1,0x08,0xc1,0x08,0xe1,0x08,0xe1,0x08,
0xe1,0x08,0xc1,0x08,0xc1,0x08,0xc1,0x08,0xc1,0x08,0xc1,0x08,0xc1,0x08,0xc1,0x08,
0xc1,0x08,0xc1,0x08,0xc1,0x08,0xc1,0x08,0xc1,0x08,0xc1,0x08,0xc1,0x08,0xc1,0x08,
0xc1,0x08,0xc1,0x08,0xc1,0x08,0xc1,0x08,0xc1,0x08,0xc1,0x08,0xc1,0x08,0xe1,0x08,
0xe1,0x08,0xe1,0x08,0xe1,0x08,0xe1,0x08,0xe1,0x08,0xe1,0x08,0xe1,0x08,0xc1,0x08,
0xc1,0x08,0xc1,0x08,0xc1,0x08,0xc1,0x08,0xc1,0x08,0xc1,0x08,0xc1,0x08,0xe1,0x08,
0xe1,0x08,0xe1,0x08,0xc1,0x08,0xa1,0x08,0xa1,0x08,0xa1,0x08,0xa1,0x08,0xa1,0x08,
0xa1,0x08,0xa1,0x08,0xa1,0x08,0xc1,0x08,0xe1,0x08,0xe1,0x08,0xc1,0x08,0xc1,0x08,
0xc1,0x08,0xc1,0x08,0xc1,0x08,0xc1,0x08,0xc1,0x08,0xc1,0x08,0xc1,0x08,0xc1,0x08,
0xc1,0x08,0xc1,0x08,0xc1,0x08,0xc1,0x08,0xc1,0x08,0xc1,0x08,0xc1,0x08,0xc1,0x08,
0xc1,0x08,0xc1,0x08,0xc1,0x08,0xc1,0x08,0xc1,0x08,0xe1,0x10,0x82,0xc4,0x82,0xf5,
0x42,0xe5,0x42,0xed,0x42,0xed,0x42,0xed,0x42,0xed,0x42,0xe5,0xa2,0xfd,0x61,0x5a,
0x81,0x00,0xe1,0x10,0xc1,0x08,0xc1,0x08,0xc1,0x08,0xc1,0x08,0xc1,0x08,0xc1,0x08,
0xc1,0x08,0xc1,0x08,0xc1,0x08,0xc1,0x08,0xc1,0x08,0xc1,0x08,0xc1,0x08,0xc1,0x08,
0xc1,0x08,0xc1,0x08,0xc1,0x08,0xc1,0x08,0xc1,0x08,0xc1,0x08,0xc1,0x08,0xc1,0x08,
0xc1,0x08,0xc1,0x08,0xc1,0x08,0xc1,0x08,0xc1,0x08,0xc1,0x08,0xc1,0x08,0xc1,0x08,
0xc1,0x08,0x82,0xc4,0x82,0xf5,0x42,0xe5,0x42,0xed,0x42,0xed,0x42,0xed,0x42,0xed,
0x42,0xe5,0x82,0xf5,0x82,0xc4,0xe1,0x10,0xc1,0x08,0xc1,0x08,0xc1,0x08,0xc1,0x08,
0xc1,0x08,0xc1,0x08,0xc1,0x08,0xc1,0x08,0xc1,0x08,0xe1,0x08,0xe1,0x10,0xe1,0x10,
0xe1,0x10,0xe1,0x10,0xe1,0x10,0xe1,0x10,0xe1,0x10,0xc1,0x08,0xc1,0x08,0xc1,0x08,
0xc1,0x08,0xc1,0x08,0xc1,0x08,0xe1,0x10,0xe1,0x10,0xa1,0x08,0x81,0x00,0x81,0x00,
0x81,0x00,0x81,0x00,0xa1,0x00,0xc1,0x08,0xe1,0x10,0xe1,0x10,0xc1,0x08,0xc1,0x08,
0xc1,0x08,0xc1,0x08,0xc1,0x08,0xc1,0x08,0xc1,0x08,0xc1,0x08,0xc1,0x08,0xc1,0x08,
0xc1,0x08,0xc1,0x08,0xc1,0x08,0xc1,0x08,0xc1,0x08,0xc1,0x08,0xc1,0x08,0xc1,0x08,
0xc1,0x08,0xc1,0x08,0xe1,0x10,0xe1,0x10,0xc1,0x08,0xc1,0x08,0xa1,0x00,0x81,0x00,
0x81,0x00,0x81,0x00,0x81,0x00,0x81,0x00,0x81,0x00,0xa1,0x00,0xa1,0x00,0xc1,0x08,
0xe1,0x10,0xe1,0x10,0xe1,0x08,0xc1,0x08,0xc1,0x08,0xc1,0x08,0xc1,0x08,0xc1,0x08,
0xc1,0x08,0xc1,0x08,0xc1,0x08,0xc1,0x08,0xc1,0x08,0xc1,0x08,0xc1,0x08,0xc1,0x08,
0xc1,0x08,0xc1,0x08,0xc1,0x08,0xc1,0x08,0xc1,0x08,0xc1,0x08,0xc1,0x08,0xc1,0x08,
0xc1,0x08,0xc1,0x08,0xc1,0x08,0xc1,0x08,0xc1,0x08,0xc1,0x08,0xc1,0x08,0xc1,0x08,
0xc1,0x08,0xc1,0x08,0xc1,0x08,0xc1,0x08,0xc1,0x08,0xc1,0x08,0xc1,0x08,0xc1,0x08,
0xc1,0x08,0xc1,0x08,0xc1,0x08,0xc1,0x08,0xc1,0x08,0xc1,0x08,0xc1,0x08,0xc1,0x08,
0xc1,0x08,0xc1,0x08,0xc1,0x08,0xc1,0x08,0xc1,0x08,0xc1,0x08,0xc1,0x08,0xc1,0x08,
0xc1,0x08,0xc1,0x08,0xc1,0x08,0xc1,0x08,0xc1,0x08,0xc1,0x08,0xc1,0x08,0xc1,0x08,
0xc1,0x08,0xc1,0x08,0xc1,0x08,0xc1,0x08,0xc1,0x08,0xc1,0x08,0xc1,0x08,0xc1,0x08,
0xc1,0x08,0xc1,0x08,0xc1,0x08,0xc1,0x08,0xc1,0x08,0xc1,0x08,0xc1,0x08,0xc1,0x08,
0xc1,0x08,0xc1,0x08,0xc1,0x08,0xe1,0x08,0xa1,0x08,0x21,0x1a,0x21,0x2c,0xe1,0x2b,
0x01,0x2c,0x01,0x2c,0x01,0x2c,0x01,0x2c,0x01,0x2c,0x01,0x2c,0x01,0x2c,0x01,0x2c,
0x01,0x2c,0x01,0x2c,0x01,0x2c,0x01,0x2c,0xe1,0x2b,0x21,0x2c,0xa1,0x1a,0xa1,0x08,
0xe1,0x08,0xe1,0x08,0xc1,0x08,0x41,0x11,0xe1,0x2b,0x01,0x2c,0x01,0x2c,0x01,0x2c,
0x01,0x2c,0x01,0x2c,0x01,0x2c,0x01,0x2c,0x01,0x2c,0x01,0x2c,0x01,0x2c,0x01,0x2c,
0x01,0x2c,0x01,0x2c,0x01,0x2c,0x01,0x2c,0x01,0x2c,0x01,0x2c,0x01,0x2c,0x01,0x2c,
0xe1,0x2b,0x21,0x2c,0x81,0x1a,0xa1,0x08,0xe1,0x08,0xc1,0x08,0xc1,0x08,0xc1,0x08,
0xc1,0x08,0xc1,0x08,0xc1,0x08,0xc1,0x08,0xc1,0x08,0xc1,0x08,0xc1,0x08,0xc1,0x08,
0xc1,0x08,0xc1,0x08,0xc1,0x08,0xc1,0x08,0xc1,0x08,0xc1,0x08,0xc1,0x08,0xc1,0x08,
0xc1,0x08,0xc1,0x08,0xc1,0x08,0xc1,0x08,0xc1,0x08,0xc1,0x08,0xc1,0x08,0xc1,0x08,
0xc1,0x08,0xc1,0x08,0xc1,0x08,0xc1,0x08,0xc1,0x08,0xc1,0x08,0xc1,0x08,0xe1,0x08,
0xa1,0x08,0xe1,0x11,0x21,0x2c,0xe1,0x2b,0x01,0x2c,0x01,0x2c,0x01,0x2c,0x01,0x2c,
0xe1,0x2b,0x21,0x2c,0x81,0x1a,0x81,0x08,0x21,0x11,0xc1,0x2b,0x01,0x2c,0x01,0x2c,
0x01,0x2c,0x01,0x2c,0x01,0x2c,0xe1,0x2b,0x21,0x2c,0x21,0x1a,0xa1,0x08,0xe1,0x08,
0xc1,0x08,0xc1,0x08,0xc1,0x08,0xc1,0x08,0xc1,0x08,0xc1,0x08,0xc1,0x08,0xc1,0x08,
0xc1,0x08,0xc1,0x08,0xc1,0x08,0xc1,0x08,0xc1,0x08,0xc1,0x08,0xc1,0x08,0xc1,0x08,
0xc1,0x08,0xc1,0x08,0xc1,0x08,0xc1,0x08,0xc1,0x08,0xc1,0x08,0xc1,0x08,0xe1,0x08,
0xa1,0x08,0x01,0x23,0x21,0x2c,0xe1,0x2b,0x01,0x2c,0x01,0x2c,0xe1,0x2b,0x21,0x2c,
0x21,0x23,0xa1,0x08,0x21,0x11,0xe1,0x2b,0x01,0x2c,0x01,0x2c,0x01,0x2c,0x01,0x2c,
0x01,0x2c,0xe1,0x2b,0x21,0x2c,0x61,0x23,0xe1,0x08,0xc1,0x08,0xc1,0x08,0xc1,0x08,
0xc1,0x08,0xc1,0x08,0xc1,0x08,0xc1,0x08,0xc1,0x08,0xc1,0x08,0xc1,0x08,0xc1,0x08,
0xc1,0x08,0xc1,0x08,0xc1,0x08,0xc1,0x08,0xc1,0x08,0xc1,0x08,0xc1,0x08,0xc1,0x08,
0xc1,0x08,0xc1,0x08,0xe1,0x08,0xe1,0x08,0xc1,0x08,0xa1,0x08,0xa1,0x08,0xa1,0x08,
0xe1,0x08,0x41,0x11,0x81,0x11,0xc1,0x11,0xe1,0x19,0x21,0x1a,0x21,0x1a,0x21,0x1a,
0x01,0x1a,0xe1,0x11,0xa1,0x11,0x61,0x11,0x21,0x11,0xc1,0x08,0xa1,0x08,0xa1,0x08,
0xc1,0x08,0xe1,0x08,0xe1,0x08,0xc1,0x08,0xc1,0x08,0xc1,0x08,0xc1,0x08,0xc1,0x08,
0xc1,0x08,0xc1,0x08,0xc1,0x08,0xc1,0x08,0xc1,0x08,0xc1,0x08,0xc1,0x08,0xc1,0x08,
0xc1,0x08,0xc1,0x08,0xc1,0x08,0xc1,0x08,0xc1,0x08,0xc1,0x08,0xc1,0x08,0xc1,0x08,
0xa1,0x08,0xa1,0x08,0xa1,0x08,0xa1,0x08,0xa1,0x08,0xa1,0x08,0xa1,0x08,0xc1,0x08,
0xc1,0x08,0xc1,0x08,0xc1,0x08,0xc1,0x08,0xc1,0x08,0xe1,0x08,0xe1,0x08,0xc1,0x08,
0xa1,0x08,0xc1,0x08,0x01,0x11,0x81,0x11,0xc1,0x11,0x01,0x1a,0x21,0x1a,0x21,0x1a,
0xe1,0x19,0xa1,0x11,0x61,0x11,0xe1,0x08,0xa1,0x08,0xa1,0x08,0xc1,0x08,0xe1,0x08,
0xe1,0x08,0xc1,0x08,0xc1,0x08,0xc1,0x08,0xc1,0x08,0xc1,0x08,0xc1,0x08,0xc1,0x08,
0xc1,0x08,0xc1,0x08,0xc1,0x08,0xc1,0x08,0xc1,0x08,0xc1,0x08,0xc1,0x08,0xc1,0x08,
0xc1,0x08,0xc1,0x08,0xc1,0x08,0xc1,0x08,0xc1,0x08,0xe1,0x10,0x82,0xc4,0x82,0xf5,
0x42,0xe5,0x42,0xed,0x42,0xed,0x42,0xed,0x42,0xed,0x42,0xe5,0xa2,0xfd,0x61,0x5a,
0x81,0x00,0xe1,0x10,0xc1,0x08,0xc1,0x08,0xc1,0x08,0xc1,0x08,0xc1,0x08,0xc1,0x08,
0xc1,0x08,0xc1,0x08,0xc1,0x08,0xc1,0x08,0xc1,0x08,0xc1,0x08,0xc1,0x08,0xc1,0x08,
0xc1,0x08,0xc1,0x08,0xc1,0x08,0xc1,0x08,0xc1,0x08,0xc1,0x08,0xc1,0x08,0xc1,0x08,
0xc1,0x08,0xc1,0x08,0xc1,0x08,0xc1,0x08,0xc1,0x08,0xc1,0x08,0xc1,0x08,0xe1,0x10,
0x81,0x00,0xa2,0x9b,0xa2,0xf5,0x42,0xe5,0x42,0xed,0x42,0xed,0x42,0xed,0x42,0xed,
0x42,0xed,0x62,0xed,0xe2,0xd4,0x01,0x19,0xc1,0x08,0xe1,0x08,0xc1,0x08,0xc1,0x08,
0xc1,0x08,0xc1,0x08,0xc1,0x08,0xc1,0x08,0xc1,0x08,0xc1,0x08,0xa1,0x00,0xa1,0x00,
0xa1,0x00,0xa1,0x00,0xa1,0x00,0xa1,0x00,0xa1,0x00,0xc1,0x08,0xc1,0x08,0xc1,0x08,
0xc1,0x08,0xc1,0x08,0xe1,0x10,0xa1,0x00,0xa1,0x00,0x61,0x29,0x21,0x52,0xa1,0x62,
0xa1,0x62,0x41,0x52,0xc1,0x39,0x01,0x19,0x81,0x00,0x81,0x00,0xc1,0x08,0xe1,0x10,
0xc1,0x08,0xc1,0x08,0xc1,0x08,0xc1,0x08,0xc1,0x08,0xc1,0x08,0xc1,0x08,0xc1,0x08,
0xc1,0x08,0xc1,0x08,0xc1,0x08,0xc1,0x08,0xc1,0x08,0xc1,0x08,0xc1,0x08,0xe1,0x08,
0xe1,0x10,0xc1,0x08,0xa1,0x00,0x81,0x00,0xc1,0x08,0x21,0x21,0xc1,0x39,0x21,0x4a,
0x61,0x5a,0xa1,0x62,0xa1,0x62,0x81,0x62,0x41,0x52,0xe1,0x41,0x61,0x29,0xe1,0x10,
0x81,0x00,0x81,0x00,0xc1,0x08,0xe1,0x10,0xe1,0x10,0xc1,0x08,0xc1,0x08,0xc1,0x08,
0xc1,0x08,0xc1,0x08,0xc1,0x08,0xc1,0x08,0xc1,0x08,0xc1,0x08,0xc1,0x08,0xc1,0x08,
0xc1,0x08,0xc1,0x08,0xc1,0x08,0xc1,0x08,0xc1,0x08,0xc1,0x08,0xc1,0x08,0xc1,0x08,
0xc1,0x08,0xc1,0x08,0xc1,0x08,0xc1,0x08,0xc1,0x08,0xc1,0x08,0xc1,0x08,0xc1,0x08,
0xc1,0x08,0xc1,0x08,0xc1,0x08,0xc1,0x08,0xc1,0x08,0xc1,0x08,0xc1,0x08,0xc1,0x08,
0xc1,0x08,0xc1,0x08,0xc1,0x08,0xc1,0x08,0xc1,0x08,0xc1,0x08,0xc1,0x08,0xc1,0x08,
0xc1,0x08,0xc1,0x08,0xc1,0x08,0xc1,0x08,0xc1,0x08,0xc1,0x08,0xc1,0x08,0xc1,0x08,
0xc1,0x08,0xc1,0x08,0xc1,0x08,0xc1,0x08,0xc1,0x08,0xc1,0x08,0xc1,0x08,0xc1,0x08,
0xc1,0x08,0xc1,0x08,0xc1,0x08,0xc1,0x08,0xc1,0x08,0xc1,0x08,0xc1,0x08,0xc1,0x08,
0xc1,0x08,0xc1,0x08,0xc1,0x08,0xc1,0x08,0xc1,0x08,0xc1,0x08,0xc1,0x08,0xc1,0x08,
0xc1,0x08,0xc1,0x08,0xc1,0x08,0xc1,0x08,0xe1,0x08,0x81,0x23,0x01,0x2c,0xe1,0x2b,
0x01,0x2c,0x01,0x2c,0x01,0x2c,0x01,0x2c,0x01,0x2c,0x01,0x2c,0x01,0x2c,0x01,0x2c,
0x01,0x2c,0x01,0x2c,0x01,0x2c,0x01,0x2c,0x01,0x2c,0xe1,0x2b,0x41,0x11,0xc1,0x08,
0xe1,0x08,0xe1,0x08,0xa1,0x08,0x81,0x1a,0x21,0x2c,0xe1,0x2b,0x01,0x2c,0x01,0x2c,
0x01,0x2c,0x01,0x2c,0x01,0x2c,0x01,0x2c,0x01,0x2c,0x01,0x2c,0x01,0x2c,0x01,0x2c,
0x01,0x2c,0x01,0x2c,0x01,0x2c,0x01,0x2c,0x01,0x2c,0x01,0x2c,0x01,0x2c,0x01,0x2c,
0x01,0x2c,0x01,0x2c,0xc1,0x2b,0x01,0x11,0xc1,0x08,0xe1,0x08,0xc1,0x08,0xc1,0x08,
0xc1,0x08,0xc1,0x08,0xc1,0x08,0xc1,0x08,0xc1,0x08,0xc1,0x08,0xc1,0x08,0xc1,0x08,
0xc1,0x08,0xc1,0x08,0xc1,0x08,0xc1,0x08,0xc1,0x08,0xc1,0x08,0xc1,0x08,0xc1,0x08,
0xc1,0x08,0xc1,0x08,0xc1,0x08,0xc1,0x08,0xc1,0x08,0xc1,0x08,0xc1,0x08,0xc1,0x08,
0xc1,0x08,0xc1,0x08,0xc1,0x08,0xc1,0x08,0xc1,0x08,0xc1,0x08,0xc1,0x08,0xe1,0x08,
0xa1,0x08,0xe1,0x11,0x21,0x2c,0xe1,0x2b,0x01,0x2c,0x01,0x2c,0x01,0x2c,0x01,0x2c,
0xe1,0x2b,0x21,0x2c,0x81,0x1a,0xa1,0x08,0xc1,0x08,0x01,0x23,0x21,0x2c,0xe1,0x2b,
0x01,0x2c,0x01,0x2c,0x01,0x2c,0xe1,0x2b,0x21,0x2c,0x41,0x23,0xc1,0x08,0xe1,0x08,
0xc1,0x08,0xc1,0x08,0xc1,0x08,0xc1,0x08,0xc1,0x08,0xc1,0x08,0xc1,0x08,0xc1,0x08,
0xc1,0x08,0xc1,0x08,0xc1,0x08,0xc1,0x08,0xc1,0x08,0xc1,0x08,0xc1,0x08,0xc1,0x08,
0xc1,0x08,0xc1,0x08,0xc1,0x08,0xc1,0x08,0xc1,0x08,0xc1,0x08,0xe1,0x08,0xc1,0x08,
0x21,0x11,0xc1,0x2b,0x01,0x2c,0x01,0x2c,0x01,0x2c,0x01,0x2c,0xe1,0x2b,0x21,0x2c,
0x21,0x1a,0x81,0x08,0x41,0x11,0xe1,0x2b,0x01,0x2c,0x01,0x2c,0x01,0x2c,0x01,0x2c,
0x01,0x2c,0xe1,0x2b,0x21,0x2c,0x61,0x23,0xe1,0x08,0xc1,0x08,0xc1,0x08,0xc1,0x08,
0xc1,0x08,0xc1,0x08,0xc1,0x08,0xc1,0x08,0xc1,0x08,0xc1,0x08,0xc1,0x08,0xc1,0x08,
0xc1,0x08,0xc1,0x08,0xc1,0x08,0xc1,0x08,0xc1,0x08,0xc1,0x08,0xc1,0x08,0xc1,0x08,
0xe1,0x08,0xc1,0x08,0xa1,0x08,0xa1,0x08,0x01,0x09,0xa1,0x11,0x61,0x1a,0x21,0x23,
0xa1,0x23,0xe1,0x2b,0x01,0x2c,0x21,0x2c,0x21,0x2c,0x21,0x2c,0x21,0x2c,0x21,0x2c,
0x21,0x2c,0x21,0x2c,0x01,0x2c,0xe1,0x2b,0xc1,0x2b,0x61,0x23,0xc1,0x1a,0xe1,0x19,
0x21,0x11,0xa1,0x08,0xa1,0x08,0xe1,0x08,0xe1,0x08,0xc1,0x08,0xc1,0x08,0xc1,0x08,
0xc1,0x08,0xc1,0x08,0xc1,0x08,0xc1,0x08,0xc1,0x08,0xc1,0x08,0xc1,0x08,0xc1,0x08,
0xc1,0x08,0xc1,0x08,0xc1,0x08,0xc1,0x08,0xc1,0x08,0xc1,0x08,0xc1,0x08,0x61,0x11,
0x81,0x11,0x81,0x11,0x81,0x11,0x81,0x11,0x81,0x11,0x81,0x11,0x61,0x11,0xe1,0x08,
0xc1,0x08,0xc1,0x08,0xc1,0x08,0xc1,0x08,0xe1,0x08,0xa1,0x08,0xa1,0x08,0x41,0x11,
0x41,0x1a,0x21,0x23,0xa1,0x23,0x01,0x2c,0x21,0x2c,0x21,0x2c,0x21,0x2c,0x21,0x2c,
0x21,0x2c,0x01,0x2c,0xe1,0x2b,0x81,0x23,0xe1,0x22,0xe1,0x19,0x01,0x11,0xa1,0x08,
0xc1,0x08,0xe1,0x08,0xc1,0x08,0xc1,0x08,0xc1,0x08,0xc1,0x08,0xc1,0x08,0xc1,0x08,
0xc1,0x08,0xc1,0x08,0xc1,0x08,0xc1,0x08,0xc1,0x08,0xc1,0x08,0xc1,0x08,0xc1,0x08,
0xc1,0x08,0xc1,0x08,0xc1,0x08,0xc1,0x08,0xc1,0x08,0xe1,0x10,0x82,0xc4,0x82,0xf5,
0x42,0xe5,0x42,0xed,0x42,0xed,0x42,0xed,0x42,0xed,0x42,0xe5,0xa2,0xfd,0x61,0x5a,
0x81,0x00,0xe1,0x10,0xc1,0x08,0xc1,0x08,0xc1,0x08,0xc1,0x08,0xc1,0x08,0xc1,0x08,
0xc1,0x08,0xc1,0x08,0xc1,0x08,0xc1,0x08,0xc1,0x08,0xc1,0x08,0xc1,0x08,0xc1,0x08,
0xc1,0x08,0xc1,0x08,0xc1,0x08,0xc1,0x08,0xc1,0x08,0xc1,0x08,0xc1,0x08,0xc1,0x08,
0xc1,0x08,0xc1,0x08,0xc1,0x08,0xc1,0x08,0xc1,0x08,0xc1,0x08,0xc1,0x08,0xe1,0x10,
0x81,0x00,0x01,0x7b,0xa2,0xfd,0x42,0xe5,0x42,0xed,0x42,0xed,0x42,0xed,0x42,0xed,
0x42,0xed,0x62,0xed,0x02,0xdd,0x41,0x21,0xa1,0x08,0xe1,0x08,0xc1,0x08,0xc1,0x08,
0xc1,0x08,0xc1,0x08,0xc1,0x08,0xc1,0x08,0xc1,0x08,0x41,0x21,0xe1,0x41,0xc1,0x39,
0xc1,0x39,0xc1,0x39,0xc1,0x39,0xc1,0x39,0xe1,0x41,0x01,0x19,0xc1,0x08,0xc1,0x08,
0xe1,0x08,0xc1,0x08,0xa1,0x00,0xc1,0x39,0xe2,0xa3,0x22,0xe5,0x82,0xf5,0x82,0xf5,
0x82,0xf5,0x82,0xf5,0x62,0xed,0xe2,0xd4,0xa1,0x9b,0x01,0x4a,0xc1,0x08,0x81,0x00,
0xc1,0x08,0xc1,0x08,0xc1,0x08,0xc1,0x08,0xc1,0x08,0xc1,0x08,0xc1,0x08,0xc1,0x08,
0xc1,0x08,0xc1,0x08,0xc1,0x08,0xc1,0x08,0xc1,0x08,0xe1,0x08,0xe1,0x10,0xa1,0x08,
0x81,0x00,0xe1,0x10,0xe1,0x41,0x41,0x83,0x42,0xbc,0x02,0xdd,0x42,0xed,0x82,0xf5,
0x82,0xf5,0x82,0xf5,0x82,0xf5,0x82,0xf5,0x82,0xf5,0x62,0xed,0x22,0xe5,0xa2,0xcc,
0xc2,0xa3,0x81,0x62,0x41,0x21,0xa1,0x00,0xa1,0x00,0xe1,0x08,0xe1,0x10,0xc1,0x08,
0xc1,0x08,0xc1,0x08,0xc1,0x08,0xc1,0x08,0xc1,0x08,0xc1,0x08,0xc1,0x08,0xc1,0x08,
0xc1,0x08,0xc1,0x08,0xc1,0x08,0xc1,0x08,0xc1,0x08,0xc1,0x08,0xc1,0x08,0xc1,0x08,
0xc1,0x08,0xc1,0x08,0xc1,0x08,0xc1,0x08,0xc1,0x08,0xc1,0x08,0xc1,0x08,0xc1,0x08,
0xc1,0x08,0xc1,0x08,0xc1,0x08,0xc1,0x08,0xc1,0x08,0xc1,0x08,0xc1,0x08,0xc1,0x08,
0xc1,0x08,0xc1,0x08,0xc1,0x08,0xc1,0x08,0xc1,0x08,0xc1,0x08,0xc1,0x08,0xc1,0x08,
0xc1,0x08,0xc1,0x08,0xc1,0x08,0xc1,0x08,0xc1,0x08,0xc1,0x08,0xc1,0x08,0xc1,0x08,
0xc1,0x08,0xc1,0x08,0xc1,0x08,0xc1,0x08,0xc1,0x08,0xc1,0x08,0xc1,0x08,0xc1,0x08,
0xc1,0x08,0xc1,0x08,0xc1,0x08,0xc1,0x08,0xc1,0x08,0xc1,0x08,0xc1,0x08,0xc1,0x08,
0xc1,0x08,0xc1,0x08,0xc1,0x08,0xc1,0x08,0xc1,0x08,0xc1,0x08,0xc1,0x08,0xc1,0x08,
0xc1,0x08,0xc1,0x08,0xe1,0x08,0xa1,0x08,0x01,0x1a,0x21,0x2c,0xe1,0x2b,0x01,0x2c,
0x01,0x2c,0x01,0x2c,0x01,0x2c,0x01,0x2c,0x01,0x2c,0x01,0x2c,0x01,0x2c,0x01,0x2c,
0x01,0x2c,0x01,0x2c,0x01,0x2c,0xe1,0x2b,0x21,0x2c,0xc1,0x22,0xa1,0x08,0xe1,0x08,
0xe1,0x08,0xc1,0x08,0x21,0x11,0xc1,0x2b,0x01,0x2c,0x01,0x2c,0x01,0x2c,0x01,0x2c,
0x01,0x2c,0x01,0x2c,0x01,0x2c,0x01,0x2c,0x01,0x2c,0x01,0x2c,0x01,0x2c,0x01,0x2c,
0x01,0x2c,0x01,0x2c,0x01,0x2c,0x01,0x2c,0x01,0x2c,0x01,0x2c,0x01,0x2c,0x01,0x2c,
0x01,0x2c,0xe1,0x2b,0x21,0x2c,0x61,0x1a,0xa1,0x08,0xe1,0x08,0xc1,0x08,0xc1,0x08,
0xc1,0x08,0xc1,0x08,0xc1,0x08,0xc1,0x08,0xc1,0x08,0xc1,0x08,0xc1,0x08,0xc1,0x08,
0xc1,0x08,0xc1,0x08,0xc1,0x08,0xc1,0x08,0xc1,0x08,0xc1,0x08,0xc1,0x08,0xc1,0x08,
0xc1,0x08,0xc1,0x08,0xc1,0x08,0xc1,0x08,0xc1,0x08,0xc1,0x08,0xc1,0x08,0xc1,0x08,
0xc1,0x08,0xc1,0x08,0xc1,0x08,0xc1,0x08,0xc1,0x08,0xc1,0x08,0xc1,0x08,0xe1,0x08,
0xa1,0x08,0xe1,0x11,0x21,0x2c,0xe1,0x2b,0x01,0x2c,0x01,0x2c,0x01,0x2c,0x01,0x2c,
0xe1,0x2b,0x21,0x2c,0x81,0x1a,0xa1,0x08,0xa1,0x08,0xe1,0x19,0x21,0x2c,0xe1,0x2b,
0x01,0x2c,0x01,0x2c,0x01,0x2c,0x01,0x2c,0x01,0x2c,0xe1,0x2b,0x41,0x11,0xc1,0x08,
0xe1,0x08,0xc1,0x08,0xc1,0x08,0xc1,0x08,0xc1,0x08,0xc1,0x08,0xc1,0x08,0xc1,0x08,
0xc1,0x08,0xc1,0x08,0xc1,0x08,0xc1,0x08,0xc1,0x08,0xc1,0x08,0xc1,0x08,0xc1,0x08,
0xc1,0x08,0xc1,0x08,0xc1,0x08,0xc1,0x08,0xc1,0x08,0xc1,0x08,0xe1,0x08,0xa1,0x08,
0xe1,0x11,0x21,0x2c,0xe1,0x2b,0x01,0x2c,0x01,0x2c,0x01,0x2c,0x01,0x2c,0xe1,0x2b,
0x41,0x11,0xa1,0x08,0x21,0x11,0xe1,0x2b,0x01,0x2c,0x01,0x2c,0x01,0x2c,0x01,0x2c,
0x01,0x2c,0xe1,0x2b,0x21,0x2c,0x61,0x23,0xe1,0x08,0xc1,0x08,0xc1,0x08,0xc1,0x08,
0xc1,0x08,0xc1,0x08,0xc1,0x08,0xc1,0x08,0xc1,0x08,0xc1,0x08,0xc1,0x08,0xc1,0x08,
0xc1,0x08,0xc1,0x08,0xc1,0x08,0xc1,0x08,0xc1,0x08,0xc1,0x08,0xe1,0x08,0xe1,0x08,
0xa1,0x08,0xc1,0x08,0xa1,0x11,0xc1,0x1a,0xa1,0x23,0x01,0x2c,0x21,0x2c,0x21,0x2c,
0x01,0x2c,0x01,0x2c,0x01,0x2c,0xe1,0x2b,0xe1,0x2b,0xe1,0x2b,0xe1,0x2b,0xe1,0x2b,
0xe1,0x2b,0xe1,0x2b,0xe1,0x2b,0x01,0x2c,0x01,0x2c,0x21,0x2c,0x21,0x2c,0x21,0x2c,
0xc1,0x2b,0xe1,0x22,0x81,0x11,0xa1,0x08,0xc1,0x08,0xe1,0x08,0xc1,0x08,0xc1,0x08,
0xc1,0x08,0xc1,0x08,0xc1,0x08,0xc1,0x08,0xc1,0x08,0xc1,0x08,0xc1,0x08,0xc1,0x08,
0xc1,0x08,0xc1,0x08,0xc1,0x08,0xc1,0x08,0xc1,0x08,0xc1,0x08,0xc1,0x08,0x41,0x23,
0x21,0x2c,0x01,0x2c,0x01,0x2c,0x01,0x2c,0x01,0x2c,0x21,0x2c,0xa1,0x23,0x01,0x09,
0xc1,0x08,0xc1,0x08,0xe1,0x08,0xc1,0x08,0xa1,0x08,0x81,0x11,0xe1,0x22,0xe1,0x2b,
0x21,0x2c,0x21,0x2c,0x01,0x2c,0x01,0x2c,0xe1,0x2b,0xe1,0x2b,0xe1,0x2b,0xe1,0x2b,
0xe1,0x2b,0xe1,0x2b,0x01,0x2c,0x01,0x2c,0x21,0x2c,0x21,0x2c,0xa1,0x23,0xa1,0x1a,
0x41,0x11,0xa1,0x08,0xc1,0x08,0xe1,0x08,0xc1,0x08,0xc1,0x08,0xc1,0x08,0xc1,0x08,
0xc1,0x08,0xc1,0x08,0xc1,0x08,0xc1,0x08,0xc1,0x08,0xc1,0x08,0xc1,0x08,0xc1,0x08,
0xc1,0x08,0xc1,0x08,0xc1,0x08,0xc1,0x08,0xc1,0x08,0xe1,0x10,0x82,0xc4,0x82,0xf5,
0x42,0xe5,0x42,0xed,0x42,0xed,0x42,0xed,0x42,0xed,0x42,0xe5,0xa2,0xfd,0x61,0x5a,
0x81,0x00,0xe1,0x10,0xc1,0x08,0xc1,0x08,0xc1,0x08,0xc1,0x08,0xc1,0x08,0xc1,0x08,
0xc1,0x08,0xc1,0x08,0xc1,0x08,0xc1,0x08,0xc1,0x08,0xc1,0x08,0xc1,0x08,0xc1,0x08,
0xc1,0x08,0xc1,0x08,0xc1,0x08,0xc1,0x08,0xc1,0x08,0xc1,0x08,0xc1,0x08,0xc1,0x08,
0xc1,0x08,0xc1,0x08,0xc1,0x08,0xc1,0x08,0xc1,0x08,0xc1,0x08,0xc1,0x08,0xe1,0x10,
0x81,0x00,0xa1,0x6a,0xa2,0xfd,0x42,0xe5,0x42,0xed,0x42,0xed,0x42,0xed,0x42,0xed,
0x42,0xed,0x62,0xed,0x22,0xe5,0x61,0x29,0xa1,0x08,0xe1,0x10,0xc1,0x08,0xc1,0x08,
0xc1,0x08,0xc1,0x08,0xc1,0x08,0xe1,0x10,0x81,0x00,0x01,0x7b,0xa2,0xfd,0x42,0xed,
0x62,0xed,0x62,0xed,0x62,0xed,0x62,0xed,0x82,0xf5,0xe1,0x41,0xa1,0x00,0xe1,0x10,
0xc1,0x08,0xc1,0x08,0x41,0x83,0x62,0xed,0x82,0xf5,0x62,0xed,0x42,0xe5,0x42,0xe5,
0x42,0xe5,0x42,0xe5,0x42,0xed,0x62,0xed,0xa2,0xf5,0x82,0xf5,0x62,0xbc,0x41,0x52,
0xc1,0x08,0xc1,0x08,0xc1,0x08,0xc1,0x08,0xc1,0x08,0xc1,0x08,0xc1,0x08,0xc1,0x08,
0xc1,0x08,0xc1,0x08,0xc1,0x08,0xc1,0x08,0xe1,0x10,0xc1,0x08,0x81,0x00,0x41,0x21,
0x01,0x7b,0xa2,0xc4,0x62,0xed,0xa2,0xfd,0x82,0xf5,0x62,0xed,0x42,0xed,0x42,0xed,
0x42,0xe5,0x42,0xe5,0x42,0xe5,0x42,0xe5,0x42,0xe5,0x42,0xed,0x62,0xed,0x62,0xf5,
0xa2,0xf5,0xa2,0xf5,0x02,0xdd,0xc1,0xa3,0x01,0x4a,0xa1,0x00,0xa1,0x00,0xe1,0x10,
0xc1,0x08,0xc1,0x08,0xc1,0x08,0xc1,0x08,0xc1,0x08,0xc1,0x08,0xc1,0x08,0xc1,0x08,
0xc1,0x08,0xc1,0x08,0xc1,0x08,0xc1,0x08,0xc1,0x08,0xc1,0x08,0xc1,0x08,0xc1,0x08,
0xc1,0x08,0xc1,0x08,0xc1,0x08,0xc1,0x08,0xc1,0x08,0xc1,0x08,0xc1,0x08,0xc1,0x08,
0xc1,0x08,0xc1,0x08,0xc1,0x08,0xc1,0x08,0xc1,0x08,0xc1,0x08,0xc1,0x08,0xc1,0x08,
0xc1,0x08,0xc1,0x08,0xc1,0x08,0xc1,0x08,0xc1,0x08,0xc1,0x08,0xc1,0x08,0xc1,0x08,
0xc1,0x08,0xc1,0x08,0xc1,0x08,0xc1,0x08,0xc1,0x08,0xc1,0x08,0xc1,0x08,0xc1,0x08,
0xc1,0x08,0xc1,0x08,0xc1,0x08,0xc1,0x08,0xc1,0x08,0xc1,0x08,0xc1,0x08,0xc1,0x08,
0xc1,0x08,0xc1,0x08,0xc1,0x08,0xc1,0x08,0xc1,0x08,0xc1,0x08,0xc1,0x08,0xc1,0x08,
0xc1,0x08,0xc1,0x08,0xc1,0x08,0xc1,0x08,0xc1,0x08,0xc1,0x08,0xc1,0x08,0xc1,0x08,
0xc1,0x08,0xc1,0x08,0xc1,0x08,0xc1,0x08,0x61,0x23,0x21,0x2c,0xe1,0x2b,0x01,0x2c,
0x01,0x2c,0x01,0x2c,0x01,0x2c,0x01,0x2c,0x01,0x2c,0x01,0x2c,0x01,0x2c,0x01,0x2c,
0x01,0x2c,0x01,0x2c,0x01,0x2c,0x01,0x2c,0x01,0x2c,0x61,0x11,0xa1,0x08,0xe1,0x08,
0xe1,0x08,0xa1,0x08,0x61,0x1a,0x21,0x2c,0xe1,0x2b,0x01,0x2c,0x01,0x2c,0x01,0x2c,
0x01,0x2c,0x01,0x2c,0x01,0x2c,0x01,0x2c,0x01,0x2c,0x01,0x2c,0x01,0x2c,0x01,0x2c,
0x01,0x2c,0x01,0x2c,0x01,0x2c,0x01,0x2c,0x01,0x2c,0x01,0x2c,0x01,0x2c,0x01,0x2c,
0x01,0x2c,0xe1,0x2b,0x01,0x2c,0xa1,0x23,0x01,0x11,0xc1,0x08,0xc1,0x08,0xc1,0x08,
0xc1,0x08,0xc1,0x08,0xc1,0x08,0xc1,0x08,0xc1,0x08,0xc1,0x08,0xc1,0x08,0xc1,0x08,
0xc1,0x08,0xc1,0x08,0xc1,0x08,0xc1,0x08,0xc1,0x08,0xc1,0x08,0xc1,0x08,0xc1,0x08,
0xc1,0x08,0xc1,0x08,0xc1,0x08,0xc1,0x08,0xc1,0x08,0xc1,0x08,0xc1,0x08,0xc1,0x08,
0xc1,0x08,0xc1,0x08,0xc1,0x08,0xc1,0x08,0xc1,0x08,0xc1,0x08,0xc1,0x08,0xe1,0x08,
0xa1,0x08,0xe1,0x11,0x21,0x2c,0xe1,0x2b,0x01,0x2c,0x01,0x2c,0x01,0x2c,0x01,0x2c,
0xe1,0x2b,0x21,0x2c,0x81,0x1a,0xa1,0x08,0xc1,0x08,0x21,0x11,0xc1,0x2b,0x01,0x2c,
0x01,0x2c,0x01,0x2c,0x01,0x2c,0x01,0x2c,0xe1,0x2b,0x21,0x2c,0x21,0x1a,0xa1,0x08,
0xe1,0x08,0xc1,0x08,0xc1,0x08,0xc1,0x08,0xc1,0x08,0xc1,0x08,0xc1,0x08,0xc1,0x08,
0xc1,0x08,0xc1,0x08,0xc1,0x08,0xc1,0x08,0xc1,0x08,0xc1,0x08,0xc1,0x08,0xc1,0x08,
0xc1,0x08,0xc1,0x08,0xc1,0x08,0xc1,0x08,0xc1,0x08,0xc1,0x08,0xe1,0x08,0xa1,0x08,
0xe1,0x22,0x21,0x2c,0xe1,0x2b,0x01,0x2c,0x01,0x2c,0xe1,0x2b,0x21,0x2c,0x21,0x23,
0xc1,0x08,0xc1,0x08,0x21,0x11,0xe1,0x2b,0x01,0x2c,0x01,0x2c,0x01,0x2c,0x01,0x2c,
0x01,0x2c,0xe1,0x2b,0x21,0x2c,0x61,0x23,0xe1,0x08,0xc1,0x08,0xc1,0x08,0xc1,0x08,
0xc1,0x08,0xc1,0x08,0xc1,0x08,0xc1,0x08,0xc1,0x08,0xc1,0x08,0xc1,0x08,0xc1,0x08,
0xc1,0x08,0xc1,0x08,0xc1,0x08,0xc1,0x08,0xc1,0x08,0xe1,0x08,0xc1,0x08,0xa1,0x08,
0xa1,0x11,0x41,0x23,0x01,0x2c,0x21,0x2c,0x01,0x2c,0xe1,0x2b,0xe1,0x2b,0xe1,0x2b,
0xe1,0x2b,0x01,0x2c,0x01,0x2c,0x01,0x2c,0x01,0x2c,0x01,0x2c,0x01,0x2c,0x01,0x2c,
0x01,0x2c,0x01,0x2c,0x01,0x2c,0x01,0x2c,0x01,0x2c,0xe1,0x2b,0xe1,0x2b,0xe1,0x2b,
0x01,0x2c,0x21,0x2c,0x01,0x2c,0x01,0x23,0x41,0x11,0xa1,0x08,0xe1,0x08,0xc1,0x08,
0xc1,0x08,0xc1,0x08,0xc1,0x08,0xc1,0x08,0xc1,0x08,0xc1,0x08,0xc1,0x08,0xc1,0x08,
0xc1,0x08,0xc1,0x08,0xc1,0x08,0xc1,0x08,0xc1,0x08,0xc1,0x08,0xc1,0x08,0x41,0x23,
0x21,0x2c,0xe1,0x2b,0x01,0x2c,0x01,0x2c,0xe1,0x2b,0x01,0x2c,0xa1,0x23,0x01,0x09,
0xc1,0x08,0xe1,0x08,0xc1,0x08,0xe1,0x08,0x81,0x1a,0x01,0x2c,0x21,0x2c,0x01,0x2c,
0xe1,0x2b,0xe1,0x2b,0xe1,0x2b,0x01,0x2c,0x01,0x2c,0x01,0x2c,0x01,0x2c,0x01,0x2c,
0x01,0x2c,0x01,0x2c,0x01,0x2c,0xe1,0x2b,0xe1,0x2b,0xe1,0x2b,0x01,0x2c,0x21,0x2c,
0xe1,0x2b,0x41,0x1a,0xc1,0x08,0xc1,0x08,0xe1,0x08,0xc1,0x08,0xc1,0x08,0xc1,0x08,
0xc1,0x08,0xc1,0x08,0xc1,0x08,0xc1,0x08,0xc1,0x08,0xc1,0x08,0xc1,0x08,0xc1,0x08,
0xc1,0x08,0xc1,0x08,0xc1,0x08,0xc1,0x08,0xc1,0x08,0xe1,0x10,0x82,0xc4,0x82,0xf5,
0x42,0xe5,0x42,0xed,0x42,0xed,0x42,0xed,0x42,0xed,0x42,0xe5,0xa2,0xfd,0x61,0x5a,
0x81,0x00,0xe1,0x10,0xc1,0x08,0xc1,0x08,0xc1,0x08,0xc1,0x08,0xc1,0x08,0xc1,0x08,
0xc1,0x08,0xc1,0x08,0xc1,0x08,0xc1,0x08,0xc1,0x08,0xc1,0x08,0xc1,0x08,0xc1,0x08,
0xc1,0x08,0xc1,0x08,0xc1,0x08,0xc1,0x08,0xc1,0x08,0xc1,0x08,0xc1,0x08,0xc1,0x08,
0xc1,0x08,0xc1,0x08,0xc1,0x08,0xc1,0x08,0xc1,0x08,0xc1,0x08,0xc1,0x08,0xe1,0x10,
0x81,0x00,0xa1,0x62,0xa2,0xfd,0x42,0xe5,0x42,0xed,0x42,0xed,0x42,0xed,0x42,0xed,
0x42,0xed,0x62,0xed,0x22,0xe5,0x61,0x29,0xa1,0x08,0xe1,0x10,0xc1,0x08,0xc1,0x08,
0xc1,0x08,0xc1,0x08,0xc1,0x08,0xe1,0x10,0x81,0x00,0x01,0x7b,0xa2,0xfd,0x42,0xe5,
0x42,0xed,0x42,0xed,0x42,0xed,0x42,0xed,0x62,0xed,0xe1,0x41,0xa1,0x00,0xe1,0x10,
0xc1,0x08,0xc1,0x9b,0xa2,0xfd,0x42,0xed,0x42,0xe5,0x42,0xed,0x42,0xed,0x42,0xed,
0x42,0xed,0x42,0xed,0x42,0xed,0x42,0xed,0x42,0xe5,0x42,0xe5,0x82,0xf5,0xa2,0xfd,
0x61,0x8b,0xa1,0x00,0xe1,0x10,0xc1,0x08,0xc1,0x08,0xc1,0x08,0xc1,0x08,0xc1,0x08,
0xc1,0x08,0xc1,0x08,0xc1,0x08,0xe1,0x10,0xa1,0x00,0xe1,0x10,0x01,0x7b,0x22,0xdd,
0xa2,0xf5,0x82,0xf5,0x42,0xed,0x42,0xe5,0x42,0xe5,0x42,0xed,0x42,0xed,0x42,0xed,
0x42,0xed,0x42,0xed,0x42,0xed,0x42,0xed,0x42,0xed,0x42,0xed,0x42,0xed,0x42,0xe5,
0x42,0xe5,0x42,0xe5,0x62,0xed,0x82,0xf5,0x62,0xf5,0x02,0xac,0x81,0x31,0x81,0x00,
0xc1,0x08,0xe1,0x10,0xc1,0x08,0xc1,0x08,0xc1,0x08,0xc1,0x08,0xc1,0x08,0xc1,0x08,
0xc1,0x08,0xc1,0x08,0xc1,0x08,0xc1,0x08,0xc1,0x08,0xc1,0x08,0xc1,0x08,0xc1,0x08,
0xc1,0x08,0xc1,0x08,0xc1,0x08,0xc1,0x08,0xc1,0x08,0xc1,0x08,0xc1,0x08,0xc1,0x08,
0xc1,0x08,0xc1,0x08,0xc1,0x08,0xc1,0x08,0xc1,0x08,0xc1,0x08,0xc1,0x08,0xc1,0x08,
0xc1,0x08,0xc1,0x08,0xc1,0x08,0xc1,0x08,0xc1,0x08,0xc1,0x08,0xc1,0x08,0xc1,0x08,
0xc1,0x08,0xc1,0x08,0xc1,0x08,0xc1,0x08,0xc1,0x08,0xc1,0x08,0xc1,0x08,0xc1,0x08,
0xc1,0x08,0xc1,0x08,0xc1,0x08,0xc1,0x08,0xc1,0x08,0xc1,0x08,0xc1,0x08,0xc1,0x08,
0xc1,0x08,0xc1,0x08,0xc1,0x08,0xc1,0x08,0xc1,0x08,0xc1,0x08,0xc1,0x08,0xc1,0x08,
0xc1,0x08,0xc1,0x08,0xc1,0x08,0xc1,0x08,0xc1,0x08,0xc1,0x08,0xc1,0x08,0xc1,0x08,
0xc1,0x08,0xe1,0x08,0xa1,0x08,0xc1,0x11,0x21,0x2c,0xe1,0x2b,0x01,0x2c,0x01,0x2c,
0x01,0x2c,0x01,0x2c,0x01,0x2c,0x01,0x2c,0x01,0x2c,0x01,0x2c,0x01,0x2c,0x01,0x2c,
0x01,0x2c,0x01,0x2c,0xe1,0x2b,0x21,0x2c,0xe1,0x22,0xa1,0x08,0xe1,0x08,0xc1,0x08,
0xc1,0x08,0x01,0x09,0xa1,0x23,0x01,0x2c,0xe1,0x2b,0x01,0x2c,0x01,0x2c,0x01,0x2c,
0x01,0x2c,0x01,0x2c,0x01,0x2c,0x01,0x2c,0x01,0x2c,0x01,0x2c,0x01,0x2c,0x01,0x2c,
0x01,0x2c,0x01,0x2c,0x01,0x2c,0x01,0x2c,0x01,0x2c,0x01,0x2c,0x01,0x2c,0x01,0x2c,
0x01,0x2c,0x01,0x2c,0xe1,0x2b,0x21,0x2c,0x21,0x1a,0xa1,0x08,0xe1,0x08,0xc1,0x08,
0xc1,0x08,0xc1,0x08,0xc1,0x08,0xc1,0x08,0xc1,0x08,0xc1,0x08,0xc1,0x08,0xc1,0x08,
0xc1,0x08,0xc1,0x08,0xc1,0x08,0xc1,0x08,0xc1,0x08,0xc1,0x08,0xc1,0x08,0xc1,0x08,
0xc1,0x08,0xc1,0x08,0xc1,0x08,0xc1,0x08,0xc1,0x08,0xc1,0x08,0xc1,0x08,0xc1,0x08,
0xc1,0x08,0xc1,0x08,0xc1,0x08,0xc1,0x08,0xc1,0x08,0xc1,0x08,0xc1,0x08,0xe1,0x08,
0xa1,0x08,0xe1,0x11,0x21,0x2c,0xe1,0x2b,0x01,0x2c,0x01,0x2c,0x01,0x2c,0x01,0x2c,
0xe1,0x2b,0x21,0x2c,0x81,0x1a,0xa1,0x08,0xe1,0x08,0xa1,0x08,0x01,0x23,0x21,0x2c,
0xe1,0x2b,0x01,0x2c,0x01,0x2c,0x01,0x2c,0xe1,0x2b,0x21,0x2c,0x01,0x23,0xa1,0x08,
0xe1,0x08,0xc1,0x08,0xc1,0x08,0xc1,0x08,0xc1,0x08,0xc1,0x08,0xc1,0x08,0xc1,0x08,
0xc1,0x08,0xc1,0x08,0xc1,0x08,0xc1,0x08,0xc1,0x08,0xc1,0x08,0xc1,0x08,0xc1,0x08,
0xc1,0x08,0xc1,0x08,0xc1,0x08,0xc1,0x08,0xc1,0x08,0xc1,0x08,0xc1,0x08,0x01,0x11,
0xa1,0x2b,0x01,0x2c,0xe1,0x2b,0x01,0x2c,0x01,0x2c,0xe1,0x2b,0x21,0x2c,0x21,0x1a,
0xa1,0x08,0xc1,0x08,0x21,0x11,0xe1,0x2b,0x01,0x2c,0x01,0x2c,0x01,0x2c,0x01,0x2c,
0x01,0x2c,0xe1,0x2b,0x21,0x2c,0x61,0x23,0xe1,0x08,0xc1,0x08,0xc1,0x08,0xc1,0x08,
0xc1,0x08,0xc1,0x08,0xc1,0x08,0xc1,0x08,0xc1,0x08,0xc1,0x08,0xc1,0x08,0xc1,0x08,
0xc1,0x08,0xc1,0x08,0xc1,0x08,0xc1,0x08,0xe1,0x08,0xa1,0x08,0x21,0x11,0xe1,0x22,
0x01,0x2c,0x21,0x2c,0xe1,0x2b,0xe1,0x2b,0xe1,0x2b,0x01,0x2c,0x01,0x2c,0x01,0x2c,
0x01,0x2c,0x01,0x2c,0x01,0x2c,0x01,0x2c,0x01,0x2c,0x01,0x2c,0x01,0x2c,0x01,0x2c,
0x01,0x2c,0x01,0x2c,0x01,0x2c,0x01,0x2c,0x01,0x2c,0x01,0x2c,0x01,0x2c,0x01,0x2c,
0x01,0x2c,0xe1,0x2b,0x01,0x2c,0x21,0x2c,0xc1,0x2b,0xe1,0x19,0xa1,0x08,0xe1,0x08,
0xc1,0x08,0xc1,0x08,0xc1,0x08,0xc1,0x08,0xc1,0x08,0xc1,0x08,0xc1,0x08,0xc1,0x08,
0xc1,0x08,0xc1,0x08,0xc1,0x08,0xc1,0x08,0xc1,0x08,0xc1,0x08,0xc1,0x08,0x41,0x23,
0x21,0x2c,0xe1,0x2b,0x01,0x2c,0x01,0x2c,0xe1,0x2b,0x01,0x2c,0xa1,0x23,0x01,0x09,
0xc1,0x08,0xa1,0x08,0x41,0x11,0x61,0x23,0x21,0x2c,0x01,0x2c,0xe1,0x2b,0x01,0x2c,
0x01,0x2c,0x01,0x2c,0x01,0x2c,0x01,0x2c,0x01,0x2c,0x01,0x2c,0x01,0x2c,0x01,0x2c,
0x01,0x2c,0x01,0x2c,0x01,0x2c,0x01,0x2c,0x01,0x2c,0x01,0x2c,0xe1,0x2b,0xe1,0x2b,
0x01,0x2c,0x21,0x2c,0x01,0x23,0x01,0x11,0xc1,0x08,0xe1,0x08,0xc1,0x08,0xc1,0x08,
0xc1,0x08,0xc1,0x08,0xc1,0x08,0xc1,0x08,0xc1,0x08,0xc1,0x08,0xc1,0x08,0xc1,0x08,
0xc1,0x08,0xc1,0x08,0xc1,0x08,0xc1,0x08,0xc1,0x08,0xe1,0x10,0x82,0xc4,0x82,0xf5,
0x42,0xe5,0x42,0xed,0x42,0xed,0x42,0xed,0x42,0xed,0x42,0xe5,0xa2,0xfd,0x61,0x5a,
0x81,0x00,0xe1,0x10,0xc1,0x08,0xc1,0x08,0xc1,0x08,0xc1,0x08,0xc1,0x08,0xc1,0x08,
0xc1,0x08,0xc1,0x08,0xc1,0x08,0xc1,0x08,0xc1,0x08,0xc1,0x08,0xc1,0x08,0xc1,0x08,
0xc1,0x08,0xc1,0x08,0xc1,0x08,0xc1,0x08,0xc1,0x08,0xc1,0x08,0xc1,0x08,0xc1,0x08,
0xc1,0x08,0xc1,0x08,0xc1,0x08,0xc1,0x08,0xc1,0x08,0xc1,0x08,0xc1,0x08,0xe1,0x10,
0x81,0x00,0xe1,0x72,0xa2,0xfd,0x42,0xe5,0x42,0xed,0x42,0xed,0x42,0xed,0x42,0xed,
0x42,0xed,0x62,0xed,0x02,0xdd,0x41,0x21,0xc1,0x08,0xe1,0x08,0xc1,0x08,0xc1,0x08,
0xc1,0x08,0xc1,0x08,0xc1,0x08,0xe1,0x10,0x81,0x00,0x01,0x7b,0xa2,0xfd,0x42,0xe5,
0x42,0xed,0x42,0xed,0x42,0xed,0x42,0xed,0x62,0xed,0xe1,0x41,0xa1,0x00,0xa1,0x00,
0x41,0x83,0xa2,0xfd,0x42,0xe5,0x42,0xed,0x42,0xed,0x42,0xed,0x42,0xed,0x42,0xed,
0x42,0xed,0x42,0xed,0x42,0xed,0x42,0xed,0x42,0xed,0x42,0xed,0x22,0xe5,0x82,0xf5,
0x01,0x7b,0x81,0x00,0xe1,0x10,0xc1,0x08,0xc1,0x08,0xc1,0x08,0xc1,0x08,0xc1,0x08,
0xc1,0x08,0xe1,0x08,0xe1,0x10,0x81,0x00,0xe1,0x41,0x82,0xc4,0xa2,0xfd,0x62,0xed,
0x42,0xe5,0x42,0xe5,0x42,0xed,0x42,0xed,0x42,0xed,0x42,0xed,0x42,0xed,0x42,0xed,
0x42,0xed,0x42,0xed,0x42,0xed,0x42,0xed,0x42,0xed,0x42,0xed,0x42,0xed,0x42,0xed,
0x42,0xed,0x42,0xed,0x42,0xed,0x42,0xe5,0x42,0xed,0x82,0xf5,0x42,0xe5,0x01,0x7b,
0xc1,0x08,0xc1,0x08,0xe1,0x10,0xc1,0x08,0xc1,0x08,0xc1,0x08,0xc1,0x08,0xc1,0x08,
0xc1,0x08,0xc1,0x08,0xc1,0x08,0xc1,0x08,0xc1,0x08,0xc1,0x08,0xc1,0x08,0xc1,0x08,
0xc1,0x08,0xc1,0x08,0xc1,0x08,0xc1,0x08,0xc1,0x08,0xc1,0x08,0xc1,0x08,0xc1,0x08,
0xc1,0x08,0xc1,0x08,0xc1,0x08,0xc1,0x08,0xc1,0x08,0xc1,0x08,0xc1,0x08,0xc1,0x08,
0xc1,0x08,0xc1,0x08,0xc1,0x08,0xc1,0x08,0xc1,0x08,0xc1,0x08,0xc1,0x08,0xc1,0x08,
0xc1,0x08,0xc1,0x08,0xc1,0x08,0xc1,0x08,0xc1,0x08,0xc1,0x08,0xc1,0x08,0xc1,0x08,
0xc1,0x08,0xc1,0x08,0xc1,0x08,0xc1,0x08,0xc1,0x08,0xc1,0x08,0xc1,0x08,0xc1,0x08,
0xc1,0x08,0xc1,0x08,0xc1,0x08,0xc1,0x08,0xc1,0x08,0xc1,0x08,0xc1,0x08,0xc1,0x08,
0xc1,0x08,0xc1,0x08,0xc1,0x08,0xc1,0x08,0xc1,0x08,0xc1,0x08,0xc1,0x08,0xc1,0x08,
0xc1,0x08,0xc1,0x08,0xc1,0x08,0x41,0x23,0x21,0x2c,0xe1,0x2b,0x01,0x2c,0x01,0x2c,
0x01,0x2c,0x01,0x2c,0x01,0x2c,0x01,0x2c,0x01,0x2c,0x01,0x2c,0x01,0x2c,0x01,0x2c,
0x01,0x2c,0x01,0x2c,0xe1,0x2b,0x01,0x2c,0xa1,0x11,0xa1,0x08,0xe1,0x08,0xe1,0x08,
0xa1,0x08,0x21,0x1a,0x21,0x2c,0xe1,0x2b,0x01,0x2c,0x01,0x2c,0x01,0x2c,0x01,0x2c,
0x01,0x2c,0x01,0x2c,0x01,0x2c,0x01,0x2c,0x01,0x2c,0x01,0x2c,0x01,0x2c,0x01,0x2c,
0x01,0x2c,0x01,0x2c,0x01,0x2c,0x01,0x2c,0x01,0x2c,0x01,0x2c,0x01,0x2c,0x01,0x2c,
0x01,0x2c,0x01,0x2c,0xe1,0x2b,0x01,0x2c,0x81,0x23,0xe1,0x08,0xc1,0x08,0xc1,0x08,
0xc1,0x08,0xc1,0x08,0xc1,0x08,0xc1,0x08,0xc1,0x08,0xc1,0x08,0xc1,0x08,0xc1,0x08,
0xc1,0x08,0xc1,0x08,0xc1,0x08,0xc1,0x08,0xc1,0x08,0xc1,0x08,0xc1,0x08,0xc1,0x08,
0xc1,0x08,0xc1,0x08,0xc1,0x08,0xc1,0x08,0xc1,0x08,0xc1,0x08,0xc1,0x08,0xc1,0x08,
0xc1,0x08,0xc1,0x08,0xc1,0x08,0xc1,0x08,0xc1,0x08,0xc1,0x08,0xc1,0x08,0xe1,0x08,
0xa1,0x08,0xe1,0x11,0x21,0x2c,0xe1,0x2b,0x01,0x2c,0x01,0x2c,0x01,0x2c,0x01,0x2c,
0xe1,0x2b,0x21,0x2c,0x81,0x1a,0xa1,0x08,0xe1,0x08,0xa1,0x08,0x21,0x1a,0x21,0x2c,
0xe1,0x2b,0x01,0x2c,0x01,0x2c,0x01,0x2c,0xe1,0x2b,0x01,0x2c,0xc1,0x2b,0x21,0x11,
0xc1,0x08,0xc1,0x08,0xc1,0x08,0xc1,0x08,0xc1,0x08,0xc1,0x08,0xc1,0x08,0xc1,0x08,
0xc1,0x08,0xc1,0x08,0xc1,0x08,0xc1,0x08,0xc1,0x08,0xc1,0x08,0xc1,0x08,0xc1,0x08,
0xc1,0x08,0xc1,0x08,0xc1,0x08,0xc1,0x08,0xc1,0x08,0xe1,0x08,0xa1,0x08,0xe1,0x11,
0x21,0x2c,0xe1,0x2b,0x01,0x2c,0x01,0x2c,0x01,0x2c,0x01,0x2c,0xe1,0x2b,0x21,0x11,
0xc1,0x08,0xc1,0x08,0x21,0x11,0xe1,0x2b,0x01,0x2c,0x01,0x2c,0x01,0x2c,0x01,0x2c,
0x01,0x2c,0xe1,0x2b,0x21,0x2c,0x61,0x23,0xe1,0x08,0xc1,0x08,0xc1,0x08,0xc1,0x08,
0xc1,0x08,0xc1,0x08,0xc1,0x08,0xc1,0x08,0xc1,0x08,0xc1,0x08,0xc1,0x08,0xc1,0x08,
0xc1,0x08,0xc1,0x08,0xc1,0x08,0xe1,0x08,0xa1,0x08,0x61,0x11,0xa1,0x23,0x21,0x2c,
0xe1,0x2b,0xe1,0x2b,0x01,0x2c,0x01,0x2c,0x01,0x2c,0x01,0x2c,0x01,0x2c,0x01,0x2c,
0x01,0x2c,0x01,0x2c,0x01,0x2c,0x01,0x2c,0x01,0x2c,0x01,0x2c,0x01,0x2c,0x01,0x2c,
0x01,0x2c,0x01,0x2c,0x01,0x2c,0x01,0x2c,0x01,0x2c,0x01,0x2c,0x01,0x2c,0x01,0x2c,
0x01,0x2c,0x01,0x2c,0x01,0x2c,0xe1,0x2b,0x01,0x2c,0x21,0x2c,0x21,0x1a,0xa1,0x08,
0xe1,0x08,0xc1,0x08,0xc1,0x08,0xc1,0x08,0xc1,0x08,0xc1,0x08,0xc1,0x08,0xc1,0x08,
0xc1,0x08,0xc1,0x08,0xc1,0x08,0xc1,0x08,0xc1,0x08,0xc1,0x08,0xc1,0x08,0x41,0x23,
0x21,0x2c,0xe1,0x2b,0x01,0x2c,0x01,0x2c,0xe1,0x2b,0x01,0x2c,0xa1,0x23,0x01,0x11,
0xa1,0x08,0x61,0x11,0xc1,0x2b,0x21,0x2c,0xe1,0x2b,0x01,0x2c,0x01,0x2c,0x01,0x2c,
0x01,0x2c,0x01,0x2c,0x01,0x2c,0x01,0x2c,0x01,0x2c,0x01,0x2c,0x01,0x2c,0x01,0x2c,
0x01,0x2c,0x01,0x2c,0x01,0x2c,0x01,0x2c,0x01,0x2c,0x01,0x2c,0x01,0x2c,0x01,0x2c,
0xe1,0x2b,0xe1,0x2b,0x21,0x2c,0x61,0x23,0xe1,0x08,0xc1,0x08,0xe1,0x08,0xc1,0x08,
0xc1,0x08,0xc1,0x08,0xc1,0x08,0xc1,0x08,0xc1,0x08,0xc1,0x08,0xc1,0x08,0xc1,0x08,
0xc1,0x08,0xc1,0x08,0xc1,0x08,0xc1,0x08,0xc1,0x08,0xe1,0x10,0x82,0xc4,0x82,0xf5,
0x42,0xe5,0x42,0xed,0x42,0xed,0x42,0xed,0x42,0xed,0x42,0xe5,0xa2,0xfd,0x61,0x5a,
0x81,0x00,0xe1,0x10,0xc1,0x08,0xc1,0x08,0xc1,0x08,0xc1,0x08,0xc1,0x08,0xc1,0x08,
0xc1,0x08,0xc1,0x08,0xc1,0x08,0xc1,0x08,0xc1,0x08,0xc1,0x08,0xc1,0x08,0xc1,0x08,
0xc1,0x08,0xc1,0x08,0xc1,0x08,0xc1,0x08,0xc1,0x08,0xc1,0x08,0xc1,0x08,0xc1,0x08,
0xc1,0x08,0xc1,0x08,0xc1,0x08,0xc1,0x08,0xc1,0x08,0xc1,0x08,0xc1,0x08,0xe1,0x10,
0x81,0x00,0x61,0x8b,0xa2,0xf5,0x42,0xe5,0x42,0xed,0x42,0xed,0x42,0xed,0x42,0xed,
0x42,0xed,0x62,0xed,0xe2,0xd4,0x01,0x19,0xc1,0x08,0xe1,0x08,0xc1,0x08,0xc1,0x08,
0xc1,0x08,0xc1,0x08,0xc1,0x08,0xe1,0x10,0x81,0x00,0x01,0x7b,0xa2,0xfd,0x42,0xe5,
0x42,0xed,0x42,0xed,0x42,0xed,0x42,0xed,0x62,0xed,0x01,0x42,0x61,0x00,0x21,0x52,
0x82,0xf5,0x42,0xe5,0x42,0xed,0x42,0xed,0x42,0xed,0x42,0xed,0x42,0xed,0x42,0xed,
0x42,0xed,0x42,0xed,0x42,0xed,0x42,0xed,0x42,0xed,0x42,0xed,0x62,0xed,0x42,0xe5,
0x81,0x31,0xa1,0x00,0xe1,0x10,0xc1,0x08,0xc1,0x08,0xc1,0x08,0xc1,0x08,0xc1,0x08,
0xe1,0x08,0xc1,0x08,0xa1,0x00,0xe1,0x72,0x62,0xed,0x82,0xf5,0x42,0xe5,0x42,0xed,
0x42,0xed,0x42,0xed,0x42,0xed,0x42,0xed,0x42,0xed,0x42,0xed,0x42,0xed,0x42,0xed,
0x42,0xed,0x42,0xed,0x42,0xed,0x42,0xed,0x42,0xed,0x42,0xed,0x42,0xed,0x42,0xed,
0x42,0xed,0x42,0xed,0x42,0xed,0x42,0xed,0x42,0xed,0x42,0xe5,0x62,0xed,0xa2,0xfd,
0x02,0xac,0x01,0x19,0xa1,0x00,0xe1,0x10,0xc1,0x08,0xc1,0x08,0xc1,0x08,0xc1,0x08,
0xc1,0x08,0xc1,0x08,0xc1,0x08,0xc1,0x08,0xc1,0x08,0xc1,0x08,0xc1,0x08,0xc1,0x08,
0xc1,0x08,0xc1,0x08,0xc1,0x08,0xc1,0x08,0xc1,0x08,0xc1,0x08,0xc1,0x08,0xc1,0x08,
0xc1,0x08,0xc1,0x08,0xc1,0x08,0xc1,0x08,0xc1,0x08,0xc1,0x08,0xc1,0x08,0xc1,0x08,
0xc1,0x08,0xc1,0x08,0xc1,0x08,0xc1,0x08,0xc1,0x08,0xc1,0x08,0xc1,0x08,0xc1,0x08,
0xc1,0x08,0xc1,0x08,0xc1,0x08,0xc1,0x08,0xc1,0x08,0xc1,0x08,0xc1,0x08,0xc1,0x08,
0xc1,0x08,0xc1,0x08,0xc1,0x08,0xc1,0x08,0xc1,0x08,0xc1,0x08,0xc1,0x08,0xc1,0x08,
0xc1,0x08,0xc1,0x08,0xc1,0x08,0xc1,0x08,0xc1,0x08,0xc1,0x08,0xc1,0x08,0xc1,0x08,
0xc1,0x08,0xc1,0x08,0xc1,0x08,0xc1,0x08,0xc1,0x08,0xc1,0x08,0xc1,0x08,0xc1,0x08,
0xe1,0x08,0xa1,0x08,0xa1,0x11,0x01,0x2c,0xe1,0x2b,0x01,0x2c,0x01,0x2c,0x01,0x2c,
0x01,0x2c,0x01,0x2c,0x01,0x2c,0x01,0x2c,0x01,0x2c,0x01,0x2c,0x01,0x2c,0x01,0x2c,
0x01,0x2c,0xe1,0x2b,0x21,0x2c,0x21,0x23,0xc1,0x08,0xe1,0x08,0xe1,0x08,0xc1,0x08,
0xe1,0x08,0x81,0x23,0x01,0x2c,0xe1,0x2b,0x01,0x2c,0x01,0x2c,0x01,0x2c,0x01,0x2c,
0x01,0x2c,0x01,0x2c,0x01,0x2c,0x01,0x2c,0x01,0x2c,0x01,0x2c,0x01,0x2c,0x01,0x2c,
0x01,0x2c,0x01,0x2c,0x01,0x2c,0x01,0x2c,0x01,0x2c,0x01,0x2c,0x01,0x2c,0x01,0x2c,
0x01,0x2c,0x01,0x2c,0x01,0x2c,0xe1,0x2b,0x21,0x2c,0x01,0x1a,0xa1,0x08,0xe1,0x08,
0xc1,0x08,0xc1,0x08,0xc1,0x08,0xc1,0x08,0xc1,0x08,0xc1,0x08,0xc1,0x08,0xc1,0x08,
0xc1,0x08,0xc1,0x08,0xc1,0x08,0xc1,0x08,0xc1,0x08,0xc1,0x08,0xc1,0x08,0xc1,0x08,
0xc1,0x08,0xc1,0x08,0xc1,0x08,0xc1,0x08,0xc1,0x08,0xc1,0x08,0xc1,0x08,0xc1,0x08,
0xc1,0x08,0xc1,0x08,0xc1,0x08,0xc1,0x08,0xc1,0x08,0xc1,0x08,0xc1,0x08,0xe1,0x08,
0xa1,0x08,0xe1,0x11,0x21,0x2c,0xe1,0x2b,0x01,0x2c,0x01,0x2c,0x01,0x2c,0x01,0x2c,
0xe1,0x2b,0x21,0x2c,0x81,0x1a,0xa1,0x08,0xe1,0x08,0xc1,0x08,0x41,0x11,0xe1,0x2b,
0x01,0x2c,0x01,0x2c,0x01,0x2c,0x01,0x2c,0x01,0x2c,0xe1,0x2b,0x21,0x2c,0xe1,0x11,
0xa1,0x08,0xe1,0x08,0xc1,0x08,0xc1,0x08,0xc1,0x08,0xc1,0x08,0xc1,0x08,0xc1,0x08,
0xc1,0x08,0xc1,0x08,0xc1,0x08,0xc1,0x08,0xc1,0x08,0xc1,0x08,0xc1,0x08,0xc1,0x08,
0xc1,0x08,0xc1,0x08,0xc1,0x08,0xc1,0x08,0xc1,0x08,0xe1,0x08,0xa1,0x08,0xe1,0x22,
0x21,0x2c,0xe1,0x2b,0x01,0x2c,0x01,0x2c,0xe1,0x2b,0x21,0x2c,0x21,0x23,0xc1,0x08,
0xe1,0x08,0xc1,0x08,0x21,0x11,0xe1,0x2b,0x01,0x2c,0x01,0x2c,0x01,0x2c,0x01,0x2c,
0x01,0x2c,0xe1,0x2b,0x21,0x2c,0x61,0x23,0xe1,0x08,0xc1,0x08,0xc1,0x08,0xc1,0x08,
0xc1,0x08,0xc1,0x08,0xc1,0x08,0xc1,0x08,0xc1,0x08,0xc1,0x08,0xc1,0x08,0xc1,0x08,
0xc1,0x08,0xc1,0x08,0xe1,0x08,0xa1,0x08,0x81,0x11,0xe1,0x2b,0x21,0x2c,0xe1,0x2b,
0x01,0x2c,0x01,0x2c,0x01,0x2c,0x01,0x2c,0x01,0x2c,0x01,0x2c,0x01,0x2c,0xe1,0x2b,
0xe1,0x2b,0xe1,0x2b,0x01,0x2c,0x01,0x2c,0x01,0x2c,0x01,0x2c,0x01,0x2c,0x01,0x2c,
0x01,0x2c,0xe1,0x2b,0xe1,0x2b,0xe1,0x2b,0x01,0x2c,0x01,0x2c,0x01,0x2c,0x01,0x2c,
0x01,0x2c,0x01,0x2c,0x01,0x2c,0x01,0x2c,0xe1,0x2b,0x01,0x2c,0x01,0x2c,0xa1,0x11,
0xa1,0x08,0xe1,0x08,0xc1,0x08,0xc1,0x08,0xc1,0x08,0xc1,0x08,0xc1,0x08,0xc1,0x08,
0xc1,0x08,0xc1,0x08,0xc1,0x08,0xc1,0x08,0xc1,0x08,0xc1,0x08,0xc1,0x08,0x41,0x23,
0x21,0x2c,0xe1,0x2b,0x01,0x2c,0x01,0x2c,0xe1,0x2b,0x01,0x2c,0xa1,0x23,0xe1,0x08,
0x41,0x11,0xc1,0x2b,0x21,0x2c,0xe1,0x2b,0x01,0x2c,0x01,0x2c,0x01,0x2c,0x01,0x2c,
0x01,0x2c,0xe1,0x2b,0xe1,0x2b,0xe1,0x2b,0xe1,0x2b,0xe1,0x2b,0xe1,0x2b,0xe1,0x2b,
0xe1,0x2b,0x01,0x2c,0x01,0x2c,0x01,0x2c,0x01,0x2c,0x01,0x2c,0x01,0x2c,0x01,0x2c,
0x01,0x2c,0x01,0x2c,0xe1,0x2b,0x21,0x2c,0xe1,0x22,0xc1,0x08,0xe1,0x08,0xc1,0x08,
0xc1,0x08,0xc1,0x08,0xc1,0x08,0xc1,0x08,0xc1,0x08,0xc1,0x08,0xc1,0x08,0xc1,0x08,
0xc1,0x08,0xc1,0x08,0xc1,0x08,0xc1,0x08,0xc1,0x08,0xe1,0x10,0x82,0xc4,0x82,0xf5,
0x42,0xe5,0x42,0xed,0x42,0xed,0x42,0xed,0x42,0xed,0x42,0xe5,0xa2,0xfd,0x61,0x5a,
0x81,0x00,0xe1,0x10,0xc1,0x08,0xc1,0x08,0xc1,0x08,0xc1,0x08,0xc1,0x08,0xc1,0x08,
0xc1,0x08,0xc1,0x08,0xc1,0x08,0xc1,0x08,0xc1,0x08,0xc1,0x08,0xc1,0x08,0xc1,0x08,
0xc1,0x08,0xc1,0x08,0xc1,0x08,0xc1,0x08,0xc1,0x08,0xc1,0x08,0xc1,0x08,0xc1,0x08,
0xc1,0x08,0xc1,0x08,0xc1,0x08,0xc1,0x08,0xc1,0x08,0xc1,0x08,0xc1,0x08,0xe1,0x10,
0xa1,0x00,0x22,0xb4,0x82,0xf5,0x42,0xe5,0x42,0xed,0x42,0xed,0x42,0xed,0x42,0xed,
0x42,0xe5,0x82,0xf5,0x82,0xc4,0xe1,0x08,0xc1,0x08,0xc1,0x08,0xc1,0x08,0xc1,0x08,
0xc1,0x08,0xc1,0x08,0xc1,0x08,0xe1,0x10,0x81,0x00,0x01,0x7b,0xa2,0xfd,0x42,0xe5,
0x42,0xed,0x42,0xed,0x42,0xed,0x42,0xed,0x82,0xf5,0xe1,0x41,0xe1,0x10,0xe2,0xd4,
0x62,0xed,0x42,0xe5,0x42,0xed,0x42,0xed,0x42,0xed,0x42,0xed,0x42,0xed,0x42,0xed,
0x42,0xed,0x42,0xed,0x42,0xed,0x42,0xed,0x42,0xed,0x42,0xe5,0x82,0xf5,0x22,0xb4,
0xa1,0x00,0xe1,0x08,0xc1,0x08,0xc1,0x08,0xc1,0x08,0xc1,0x08,0xc1,0x08,0xe1,0x08,
0xc1,0x08,0xc1,0x08,0x81,0x8b,0xa2,0xf5,0x62,0xed,0x42,0xe5,0x42,0xed,0x42,0xed,
0x42,0xed,0x42,0xed,0x42,0xed,0x42,0xed,0x42,0xed,0x42,0xe5,0x42,0xe5,0x42,0xe5,
0x62,0xed,0x62,0xed,0x62,0xed,0x62,0xed,0x42,0xed,0x42,0xe5,0x42,0xe5,0x42,0xed,
0x42,0xed,0x42,0xed,0x42,0xed,0x42,0xed,0x42,0xed,0x42,0xed,0x42,0xed,0x42,0xe5,
0xa2,0xf5,0x82,0xc4,0x21,0x21,0xa1,0x00,0xe1,0x10,0xc1,0x08,0xc1,0x08,0xc1,0x08,
0xc1,0x08,0xc1,0x08,0xc1,0x08,0xc1,0x08,0xc1,0x08,0xc1,0x08,0xc1,0x08,0xc1,0x08,
0xc1,0x08,0xc1,0x08,0xc1,0x08,0xc1,0x08,0xc1,0x08,0xc1,0x08,0xc1,0x08,0xc1,0x08,
0xc1,0x08,0xc1,0x08,0xc1,0x08,0xc1,0x08,0xc1,0x08,0xc1,0x08,0xc1,0x08,0xc1,0x08,
0xc1,0x08,0xc1,0x08,0xc1,0x08,0xc1,0x08,0xc1,0x08,0xc1,0x08,0xc1,0x08,0xc1,0x08,
0xc1,0x08,0xc1,0x08,0xc1,0x08,0xc1,0x08,0xc1,0x08,0xc1,0x08,0xc1,0x08,0xc1,0x08,
0xc1,0x08,0xc1,0x08,0xc1,0x08,0xc1,0x08,0xc1,0x08,0xc1,0x08,0xc1,0x08,0xc1,0x08,
0xc1,0x08,0xc1,0x08,0xc1,0x08,0xc1,0x08,0xc1,0x08,0xc1,0x08,0xc1,0x08,0xc1,0x08,
0xc1,0x08,0xc1,0x08,0xc1,0x08,0xc1,0x08,0xc1,0x08,0xc1,0x08,0xc1,0x08,0xc1,0x08,
0xe1,0x08,0xc1,0x08,0x01,0x23,0x21,0x2c,0xe1,0x2b,0x01,0x2c,0x01,0x2c,0x01,0x2c,
0x01,0x2c,0x01,0x2c,0x01,0x2c,0x01,0x2c,0x01,0x2c,0x01,0x2c,0x01,0x2c,0x01,0x2c,
0x01,0x2c,0xe1,0x2b,0x21,0x2c,0xa1,0x11,0xa1,0x08,0xe1,0x08,0xe1,0x08,0xa1,0x08,
0x01,0x1a,0x21,0x2c,0xe1,0x2b,0x01,0x2c,0x01,0x2c,0x01,0x2c,0x01,0x2c,0x01,0x2c,
0x01,0x2c,0x01,0x2c,0x01,0x2c,0x01,0x2c,0x01,0x2c,0x01,0x2c,0x01,0x2c,0x01,0x2c,
0x01,0x2c,0x01,0x2c,0x01,0x2c,0x01,0x2c,0x01,0x2c,0x01,0x2c,0x01,0x2c,0x01,0x2c,
0x01,0x2c,0x01,0x2c,0x01,0x2c,0xe1,0x2b,0x21,0x2c,0x61,0x23,0xe1,0x08,0xc1,0x08,
0xc1,0x08,0xc1,0x08,0xc1,0x08,0xc1,0x08,0xc1,0x08,0xc1,0x08,0xc1,0x08,0xc1,0x08,
0xc1,0x08,0xc1,0x08,0xc1,0x08,0xc1,0x08,0xc1,0x08,0xc1,0x08,0xc1,0x08,0xc1,0x08,
0xc1,0x08,0xc1,0x08,0xc1,0x08,0xc1,0x08,0xc1,0x08,0xc1,0x08,0xc1,0x08,0xc1,0x08,
0xc1,0x08,0xc1,0x08,0xc1,0x08,0xc1,0x08,0xc1,0x08,0xc1,0x08,0xc1,0x08,0xe1,0x08,
0xa1,0x08,0xe1,0x11,0x21,0x2c,0xe1,0x2b,0x01,0x2c,0x01,0x2c,0x01,0x2c,0x01,0x2c,
0xe1,0x2b,0x21,0x2c,0x81,0x1a,0xa1,0x08,0xe1,0x08,0xe1,0x08,0xc1,0x08,0x21,0x23,
0x21,0x2c,0xe1,0x2b,0x01,0x2c,0x01,0x2c,0x01,0x2c,0xe1,0x2b,0x21,0x2c,0xe1,0x22,
0xa1,0x08,0xe1,0x08,0xc1,0x08,0xc1,0x08,0xc1,0x08,0xc1,0x08,0xc1,0x08,0xc1,0x08,
0xc1,0x08,0xc1,0x08,0xc1,0x08,0xc1,0x08,0xc1,0x08,0xc1,0x08,0xc1,0x08,0xc1,0x08,
0xc1,0x08,0xc1,0x08,0xc1,0x08,0xc1,0x08,0xe1,0x08,0xc1,0x08,0x21,0x11,0xc1,0x2b,
0x01,0x2c,0x01,0x2c,0x01,0x2c,0x01,0x2c,0xe1,0x2b,0x21,0x2c,0x41,0x1a,0xa1,0x08,
0xe1,0x08,0xc1,0x08,0x21,0x11,0xe1,0x2b,0x01,0x2c,0x01,0x2c,0x01,0x2c,0x01,0x2c,
0x01,0x2c,0xe1,0x2b,0x21,0x2c,0x61,0x23,0xe1,0x08,0xc1,0x08,0xc1,0x08,0xc1,0x08,
0xc1,0x08,0xc1,0x08,0xc1,0x08,0xc1,0x08,0xc1,0x08,0xc1,0x08,0xc1,0x08,0xc1,0x08,
0xc1,0x08,0xe1,0x08,0xc1,0x08,0x21,0x11,0xc1,0x23,0x01,0x2c,0xe1,0x2b,0x01,0x2c,
0x01,0x2c,0x01,0x2c,0x01,0x2c,0x01,0x2c,0x01,0x2c,0xe1,0x2b,0x01,0x2c,0x21,0x2c,
0x21,0x2c,0x21,0x2c,0x01,0x2c,0xe1,0x2b,0xc1,0x2b,0xc1,0x2b,0xe1,0x2b,0xe1,0x2b,
0x01,0x2c,0x21,0x2c,0x21,0x2c,0x01,0x2c,0xe1,0x2b,0xe1,0x2b,0x01,0x2c,0x01,0x2c,
0x01,0x2c,0x01,0x2c,0x01,0x2c,0x01,0x2c,0x01,0x2c,0xe1,0x2b,0x01,0x2c,0x81,0x23,
0x01,0x09,0xc1,0x08,0xc1,0x08,0xc1,0x08,0xc1,0x08,0xc1,0x08,0xc1,0x08,0xc1,0x08,
0xc1,0x08,0xc1,0x08,0xc1,0x08,0xc1,0x08,0xc1,0x08,0xc1,0x08,0xc1,0x08,0x41,0x23,
0x21,0x2c,0xe1,0x2b,0x01,0x2c,0x01,0x2c,0xe1,0x2b,0x01,0x2c,0x81,0x23,0x01,0x11,
0x61,0x23,0x21,0x2c,0xe1,0x2b,0x01,0x2c,0x01,0x2c,0x01,0x2c,0xe1,0x2b,0xe1,0x2b,
0x01,0x2c,0x21,0x2c,0x21,0x2c,0x21,0x2c,0x21,0x2c,0x21,0x2c,0x21,0x2c,0x21,0x2c,
0x21,0x2c,0x01,0x2c,0xe1,0x2b,0x01,0x2c,0x01,0x2c,0x01,0x2c,0x01,0x2c,0x01,0x2c,
0x01,0x2c,0x01,0x2c,0x01,0x2c,0xe1,0x2b,0x21,0x2c,0x01,0x1a,0xa1,0x08,0xe1,0x08,
0xc1,0x08,0xc1,0x08,0xc1,0x08,0xc1,0x08,0xc1,0x08,0xc1,0x08,0xc1,0x08,0xc1,0x08,
0xc1,0x08,0xc1,0x08,0xc1,0x08,0xc1,0x08,0xc1,0x08,0xe1,0x10,0x82,0xc4,0x82,0xf5,
0x42,0xe5,0x42,0xed,0x42,0xed,0x42,0xed,0x42,0xed,0x42,0xe5,0xa2,0xfd,0x61,0x5a,
0x81,0x00,0xe1,0x10,0xc1,0x08,0xc1,0x08,0xc1,0x08,0xc1,0x08,0xc1,0x08,0xc1,0x08,
0xc1,0x08,0xc1,0x08,0xc1,0x08,0xc1,0x08,0xc1,0x08,0xc1,0x08,0xc1,0x08,0xc1,0x08,
0xc1,0x08,0xc1,0x08,0xc1,0x08,0xc1,0x08,0xc1,0x08,0xc1,0x08,0xc1,0x08,0xc1,0x08,
0xc1,0x08,0xc1,0x08,0xc1,0x08,0xc1,0x08,0xc1,0x08,0xc1,0x08,0xc1,0x08,0xc1,0x08,
0x21,0x19,0xe2,0xd4,0x62,0xed,0x42,0xed,0x42,0xed,0x42,0xed,0x42,0xed,0x42,0xed,
0x42,0xe5,0x82,0xf5,0xe2,0xa3,0xa1,0x00,0xe1,0x10,0xc1,0x08,0xc1,0x08,0xc1,0x08,
0xc1,0x08,0xc1,0x08,0xc1,0x08,0xe1,0x10,0x81,0x00,0x01,0x7b,0xa2,0xfd,0x42,0xe5,
0x42,0xed,0x42,0xed,0x42,0xed,0x42,0xed,0x82,0xf5,0xa1,0x31,0x21,0x83,0xa2,0xfd,
0x42,0xe5,0x42,0xed,0x42,0xed,0x42,0xed,0x42,0xed,0x42,0xed,0x42,0xed,0x42,0xe5,
0x42,0xed,0x42,0xed,0x42,0xed,0x42,0xed,0x42,0xed,0x42,0xe5,0x82,0xf5,0x81,0x62,
0x81,0x00,0xe1,0x10,0xc1,0x08,0xc1,0x08,0xc1,0x08,0xc1,0x08,0xc1,0x08,0xe1,0x08,
0xa1,0x00,0xa1,0x93,0xa2,0xfd,0x42,0xe5,0x42,0xed,0x42,0xed,0x42,0xed,0x42,0xed,
0x42,0xed,0x42,0xed,0x42,0xed,0x42,0xe5,0x42,0xed,0x82,0xf5,0xa2,0xf5,0x82,0xf5,
0x42,0xe5,0x22,0xdd,0x22,0xdd,0x22,0xe5,0x62,0xed,0x82,0xf5,0x82,0xf5,0x62,0xed,
0x42,0xe5,0x42,0xed,0x42,0xed,0x42,0xed,0x42,0xed,0x42,0xed,0x42,0xed,0x42,0xed,
0x42,0xe5,0x82,0xf5,0x82,0xc4,0x21,0x19,0xa1,0x08,0xe1,0x10,0xc1,0x08,0xc1,0x08,
0xc1,0x08,0xc1,0x08,0xc1,0x08,0xc1,0x08,0xc1,0x08,0xc1,0x08,0xc1,0x08,0xc1,0x08,
0xc1,0x08,0xc1,0x08,0xc1,0x08,0xc1,0x08,0xc1,0x08,0xc1,0x08,0xc1,0x08,0xc1,0x08,
0xc1,0x08,0xc1,0x08,0xc1,0x08,0xc1,0x08,0xc1,0x08,0xc1,0x08,0xc1,0x08,0xc1,0x08,
0xc1,0x08,0xc1,0x08,0xc1,0x08,0xc1,0x08,0xc1,0x08,0xc1,0x08,0xc1,0x08,0xc1,0x08,
0xc1,0x08,0xc1,0x08,0xc1,0x08,0xc1,0x08,0xc1,0x08,0xc1,0x08,0xc1,0x08,0xc1,0x08,
0xc1,0x08,0xc1,0x08,0xc1,0x08,0xc1,0x08,0xc1,0x08,0xc1,0x08,0xc1,0x08,0xc1,0x08,
0xc1,0x08,0xc1,0x08,0xc1,0x08,0xc1,0x08,0xc1,0x08,0xc1,0x08,0xc1,0x08,0xc1,0x08,
0xc1,0x08,0xc1,0x08,0xc1,0x08,0xc1,0x08,0xc1,0x08,0xc1,0x08,0xc1,0x08,0xe1,0x08,
0xa1,0x08,0x81,0x11,0x01,0x2c,0x01,0x2c,0x01,0x2c,0x01,0x2c,0x01,0x2c,0x01,0x2c,
0x01,0x2c,0x01,0x2c,0x01,0x2c,0x01,0x2c,0x01,0x2c,0x01,0x2c,0x01,0x2c,0x01,0x2c,
0xe1,0x2b,0x21,0x2c,0x41,0x23,0xc1,0x08,0xc1,0x08,0xc1,0x08,0xc1,0x08,0xe1,0x08,
0x61,0x23,0x21,0x2c,0xe1,0x2b,0x01,0x2c,0x01,0x2c,0x01,0x2c,0x01,0x2c,0x01,0x2c,
0x01,0x2c,0x01,0x2c,0x01,0x2c,0x01,0x2c,0x01,0x2c,0x01,0x2c,0x01,0x2c,0x01,0x2c,
0x01,0x2c,0x01,0x2c,0x01,0x2c,0x01,0x2c,0x01,0x2c,0x01,0x2c,0x01,0x2c,0x01,0x2c,
0x01,0x2c,0x01,0x2c,0x01,0x2c,0x01,0x2c,0xe1,0x2b,0x21,0x2c,0xe1,0x11,0xa1,0x08,
0xe1,0x08,0xc1,0x08,0xc1,0x08,0xc1,0x08,0xc1,0x08,0xc1,0x08,0xc1,0x08,0xc1,0x08,
0xc1,0x08,0xc1,0x08,0xc1,0x08,0xc1,0x08,0xc1,0x08,0xc1,0x08,0xc1,0x08,0xc1,0x08,
0xc1,0x08,0xc1,0x08,0xc1,0x08,0xc1,0x08,0xc1,0x08,0xc1,0x08,0xc1,0x08,0xc1,0x08,
0xc1,0x08,0xc1,0x08,0xc1,0x08,0xc1,0x08,0xc1,0x08,0xc1,0x08,0xc1,0x08,0xe1,0x08,
0xa1,0x08,0xe1,0x11,0x21,0x2c,0xe1,0x2b,0x01,0x2c,0x01,0x2c,0x01,0x2c,0x01,0x2c,
0xe1,0x2b,0x21,0x2c,0x81,0x1a,0xa1,0x08,0xe1,0x08,0xe1,0x08,0xa1,0x08,0x21,0x1a,
0x21,0x2c,0xe1,0x2b,0x01,0x2c,0x01,0x2c,0x01,0x2c,0x01,0x2c,0x01,0x2c,0xc1,0x23,
0x01,0x11,0xc1,0x08,0xe1,0x08,0xc1,0x08,0xc1,0x08,0xc1,0x08,0xc1,0x08,0xc1,0x08,
0xc1,0x08,0xc1,0x08,0xc1,0x08,0xc1,0x08,0xc1,0x08,0xc1,0x08,0xc1,0x08,0xc1,0x08,
0xc1,0x08,0xc1,0x08,0xc1,0x08,0xc1,0x08,0xe1,0x08,0xa1,0x08,0xe1,0x11,0x21,0x2c,
0xe1,0x2b,0x01,0x2c,0x01,0x2c,0x01,0x2c,0x01,0x2c,0xe1,0x2b,0x41,0x11,0xa1,0x08,
0xe1,0x08,0xc1,0x08,0x21,0x11,0xe1,0x2b,0x01,0x2c,0x01,0x2c,0x01,0x2c,0x01,0x2c,
0x01,0x2c,0xe1,0x2b,0x21,0x2c,0x61,0x23,0xe1,0x08,0xc1,0x08,0xc1,0x08,0xc1,0x08,
0xc1,0x08,0xc1,0x08,0xc1,0x08,0xc1,0x08,0xc1,0x08,0xc1,0x08,0xc1,0x08,0xc1,0x08,
0xc1,0x08,0xc1,0x08,0xc1,0x08,0x21,0x23,0x21,0x2c,0xe1,0x2b,0x01,0x2c,0x01,0x2c,
0x01,0x2c,0x01,0x2c,0x01,0x2c,0x01,0x2c,0xe1,0x2b,0x21,0x2c,0x01,0x2c,0x41,0x23,
0x81,0x1a,0xe1,0x19,0x81,0x11,0x61,0x11,0x41,0x11,0x21,0x11,0x41,0x11,0x61,0x11,
0xa1,0x11,0x21,0x1a,0xc1,0x22,0xa1,0x23,0x21,0x2c,0x01,0x2c,0xe1,0x2b,0x01,0x2c,
0x01,0x2c,0x01,0x2c,0x01,0x2c,0x01,0x2c,0x01,0x2c,0x01,0x2c,0xe1,0x2b,0x21,0x2c,
0x41,0x1a,0xa1,0x08,0xe1,0x08,0xc1,0x08,0xc1,0x08,0xc1,0x08,0xc1,0x08,0xc1,0x08,
0xc1,0x08,0xc1,0x08,0xc1,0x08,0xc1,0x08,0xc1,0x08,0xc1,0x08,0xc1,0x08,0x41,0x23,
0x21,0x2c,0xe1,0x2b,0x01,0x2c,0x01,0x2c,0xe1,0x2b,0x01,0x2c,0x81,0x23,0xe1,0x22,
0x21,0x2c,0xe1,0x2b,0x01,0x2c,0x01,0x2c,0x01,0x2c,0xe1,0x2b,0x01,0x2c,0x21,0x2c,
0xe1,0x2b,0x41,0x23,0xc1,0x1a,0x41,0x1a,0x21,0x1a,0x21,0x1a,0x41,0x1a,0xc1,0x1a,
0x61,0x23,0x01,0x2c,0x21,0x2c,0xe1,0x2b,0x01,0x2c,0x01,0x2c,0x01,0x2c,0x01,0x2c,
0x01,0x2c,0x01,0x2c,0x01,0x2c,0xe1,0x2b,0x01,0x2c,0x81,0x23,0xe1,0x08,0xc1,0x08,
0xc1,0x08,0xc1,0x08,0xc1,0x08,0xc1,0x08,0xc1,0x08,0xc1,0x08,0xc1,0x08,0xc1,0x08,
0xc1,0x08,0xc1,0x08,0xc1,0x08,0xc1,0x08,0xc1,0x08,0xe1,0x10,0x82,0xc4,0x82,0xf5,
0x42,0xe5,0x42,0xed,0x42,0xed,0x42,0xed,0x42,0xed,0x42,0xe5,0xa2,0xfd,0x61,0x5a,
0x81,0x00,0xe1,0x10,0xc1,0x08,0xc1,0x08,0xc1,0x08,0xc1,0x08,0xc1,0x08,0xc1,0x08,
0xc1,0x08,0xc1,0x08,0xc1,0x08,0xc1,0x08,0xc1,0x08,0xc1,0x08,0xc1,0x08,0xc1,0x08,
0xc1,0x08,0xc1,0x08,0xc1,0x08,0xc1,0x08,0xc1,0x08,0xc1,0x08,0xc1,0x08,0xc1,0x08,
0xc1,0x08,0xc1,0x08,0xc1,0x08,0xc1,0x08,0xc1,0x08,0xc1,0x08,0xe1,0x10,0x81,0x00,
0x21,0x4a,0x82,0xf5,0x42,0xe5,0x42,0xed,0x42,0xed,0x42,0xed,0x42,0xed,0x42,0xed,
0x42,0xe5,0xa2,0xf5,0x21,0x83,0x81,0x00,0xe1,0x10,0xc1,0x08,0xc1,0x08,0xc1,0x08,
0xc1,0x08,0xc1,0x08,0xc1,0x08,0xe1,0x10,0x81,0x00,0x01,0x7b,0xa2,0xfd,0x42,0xe5,
0x42,0xed,0x42,0xed,0x42,0xed,0x62,0xed,0x42,0xe5,0xc1,0x6a,0x02,0xdd,0x62,0xed,
0x42,0xed,0x42,0xed,0x42,0xed,0x42,0xed,0x42,0xe5,0x42,0xed,0x62,0xed,0x62,0xf5,
0x62,0xed,0x62,0xed,0x42,0xe5,0x42,0xe5,0x42,0xe5,0x62,0xed,0x02,0xdd,0x21,0x21,
0xc1,0x08,0xe1,0x08,0xc1,0x08,0xc1,0x08,0xc1,0x08,0xc1,0x08,0xe1,0x10,0x81,0x00,
0x21,0x7b,0xa2,0xfd,0x42,0xe5,0x42,0xed,0x42,0xed,0x42,0xed,0x42,0xed,0x42,0xed,
0x42,0xed,0x42,0xed,0x42,0xe5,0x82,0xf5,0x82,0xf5,0x62,0xbc,0x41,0x83,0x41,0x52,
0xa1,0x31,0x61,0x29,0x61,0x29,0x81,0x31,0x01,0x42,0xc1,0x6a,0x02,0xa4,0x22,0xe5,
0xa2,0xf5,0x42,0xed,0x42,0xe5,0x42,0xed,0x42,0xed,0x42,0xed,0x42,0xed,0x42,0xed,
0x42,0xed,0x42,0xe5,0xa2,0xf5,0x62,0xbc,0xe1,0x10,0xc1,0x08,0xe1,0x08,0xc1,0x08,
0xc1,0x08,0xc1,0x08,0xc1,0x08,0xc1,0x08,0xc1,0x08,0xc1,0x08,0xc1,0x08,0xc1,0x08,
0xc1,0x08,0xc1,0x08,0xc1,0x08,0xc1,0x08,0xc1,0x08,0xc1,0x08,0xc1,0x08,0xc1,0x08,
0xc1,0x08,0xc1,0x08,0xc1,0x08,0xc1,0x08,0xc1,0x08,0xc1,0x08,0xc1,0x08,0xc1,0x08,
0xc1,0x08,0xc1,0x08,0xc1,0x08,0xc1,0x08,0xc1,0x08,0xc1,0x08,0xc1,0x08,0xc1,0x08,
0xc1,0x08,0xc1,0x08,0xc1,0x08,0xc1,0x08,0xc1,0x08,0xc1,0x08,0xc1,0x08,0xc1,0x08,
0xc1,0x08,0xc1,0x08,0xc1,0x08,0xc1,0x08,0xc1,0x08,0xc1,0x08,0xc1,0x08,0xc1,0x08,
0xc1,0x08,0xc1,0x08,0xc1,0x08,0xc1,0x08,0xc1,0x08,0xc1,0x08,0xc1,0x08,0xc1,0x08,
0xc1,0x08,0xc1,0x08,0xc1,0x08,0xc1,0x08,0xc1,0x08,0xc1,0x08,0xc1,0x08,0xe1,0x08,
0xa1,0x08,0xe1,0x22,0x21,0x2c,0xe1,0x2b,0x01,0x2c,0x01,0x2c,0x01,0x2c,0x01,0x2c,
0x01,0x2c,0x01,0x2c,0x01,0x2c,0x01,0x2c,0x01,0x2c,0x01,0x2c,0x01,0x2c,0x01,0x2c,
0xe1,0x2b,0x21,0x2c,0xe1,0x11,0xa1,0x08,0xe1,0x08,0xe1,0x08,0xa1,0x08,0xe1,0x11,
0x21,0x2c,0xe1,0x2b,0x01,0x2c,0x01,0x2c,0x01,0x2c,0x01,0x2c,0x01,0x2c,0x01,0x2c,
0x01,0x2c,0x01,0x2c,0x01,0x2c,0x01,0x2c,0x01,0x2c,0x01,0x2c,0x01,0x2c,0x01,0x2c,
0x01,0x2c,0x01,0x2c,0x01,0x2c,0x01,0x2c,0x01,0x2c,0x01,0x2c,0x01,0x2c,0x01,0x2c,
0x01,0x2c,0x01,0x2c,0x01,0x2c,0x01,0x2c,0xe1,0x2b,0x21,0x2c,0x41,0x23,0xc1,0x08,
0xc1,0x08,0xc1,0x08,0xc1,0x08,0xc1,0x08,0xc1,0x08,0xc1,0x08,0xc1,0x08,0xc1,0x08,
0xc1,0x08,0xc1,0x08,0xc1,0x08,0xc1,0x08,0xc1,0x08,0xc1,0x08,0xc1,0x08,0xc1,0x08,
0xc1,0x08,0xc1,0x08,0xc1,0x08,0xc1,0x08,0xc1,0x08,0xc1,0x08,0xc1,0x08,0xc1,0x08,
0xc1,0x08,0xc1,0x08,0xc1,0x08,0xc1,0x08,0xc1,0x08,0xc1,0x08,0xc1,0x08,0xe1,0x08,
0xa1,0x08,0xe1,0x11,0x21,0x2c,0xe1,0x2b,0x01,0x2c,0x01,0x2c,0x01,0x2c,0x01,0x2c,
0xe1,0x2b,0x21,0x2c,0x81,0x1a,0xa1,0x08,0xe1,0x08,0xe1,0x08,0xc1,0x08,0x41,0x11,
0xe1,0x2b,0x01,0x2c,0x01,0x2c,0x01,0x2c,0x01,0x2c,0x01,0x2c,0xe1,0x2b,0x01,0x2c,
0xc1,0x11,0xa1,0x08,0xe1,0x08,0xc1,0x08,0xc1,0x08,0xc1,0x08,0xc1,0x08,0xc1,0x08,
0xc1,0x08,0xc1,0x08,0xc1,0x08,0xc1,0x08,0xc1,0x08,0xc1,0x08,0xc1,0x08,0xc1,0x08,
0xc1,0x08,0xc1,0x08,0xc1,0x08,0xc1,0x08,0xe1,0x08,0xa1,0x08,0xc1,0x1a,0x21,0x2c,
0xe1,0x2b,0x01,0x2c,0x01,0x2c,0xe1,0x2b,0x21,0x2c,0x41,0x23,0xc1,0x08,0xc1,0x08,
0xe1,0x08,0xc1,0x08,0x21,0x11,0xe1,0x2b,0x01,0x2c,0x01,0x2c,0x01,0x2c,0x01,0x2c,
0x01,0x2c,0xe1,0x2b,0x21,0x2c,0x61,0x23,0xe1,0x08,0xc1,0x08,0xc1,0x08,0xc1,0x08,
0xc1,0x08,0xc1,0x08,0xc1,0x08,0xc1,0x08,0xc1,0x08,0xc1,0x08,0xc1,0x08,0xc1,0x08,
0xe1,0x08,0xa1,0x08,0x01,0x1a,0x21,0x2c,0xe1,0x2b,0x01,0x2c,0x01,0x2c,0x01,0x2c,
0x01,0x2c,0x01,0x2c,0x01,0x2c,0x01,0x2c,0x21,0x2c,0x01,0x23,0x61,0x11,0xc1,0x08,
0xa1,0x08,0xa1,0x08,0xa1,0x08,0xa1,0x08,0xc1,0x08,0xc1,0x08,0xc1,0x08,0xa1,0x08,
0xa1,0x08,0xa1,0x08,0xa1,0x08,0xe1,0x08,0x01,0x1a,0x81,0x23,0x21,0x2c,0xe1,0x2b,
0x01,0x2c,0x01,0x2c,0x01,0x2c,0x01,0x2c,0x01,0x2c,0x01,0x2c,0xe1,0x2b,0x21,0x2c,
0x61,0x23,0xe1,0x08,0xc1,0x08,0xc1,0x08,0xc1,0x08,0xc1,0x08,0xc1,0x08,0xc1,0x08,
0xc1,0x08,0xc1,0x08,0xc1,0x08,0xc1,0x08,0xc1,0x08,0xc1,0x08,0xc1,0x08,0x41,0x23,
0x21,0x2c,0xe1,0x2b,0x01,0x2c,0x01,0x2c,0x01,0x2c,0x01,0x2c,0xe1,0x2b,0x01,0x2c,
0x01,0x2c,0x01,0x2c,0x01,0x2c,0xe1,0x2b,0xe1,0x2b,0x21,0x2c,0xc1,0x2b,0x81,0x1a,
0x41,0x11,0xc1,0x08,0xa1,0x08,0xa1,0x08,0xa1,0x08,0xa1,0x08,0xa1,0x08,0xa1,0x08,
0xe1,0x08,0x81,0x11,0x21,0x23,0x21,0x2c,0x01,0x2c,0xe1,0x2b,0x01,0x2c,0x01,0x2c,
0x01,0x2c,0x01,0x2c,0x01,0x2c,0x01,0x2c,0xe1,0x2b,0x21,0x2c,0x01,0x1a,0xa1,0x08,
0xe1,0x08,0xc1,0x08,0xc1,0x08,0xc1,0x08,0xc1,0x08,0xc1,0x08,0xc1,0x08,0xc1,0x08,
0xc1,0x08,0xc1,0x08,0xc1,0x08,0xc1,0x08,0xc1,0x08,0xe1,0x10,0x82,0xc4,0x82,0xf5,
0x42,0xe5,0x42,0xed,0x42,0xed,0x42,0xed,0x42,0xed,0x42,0xe5,0xa2,0xfd,0x61,0x5a,
0x81,0x00,0xe1,0x10,0xc1,0x08,0xc1,0x08,0xc1,0x08,0xc1,0x08,0xc1,0x08,0xc1,0x08,
0xc1,0x08,0xc1,0x08,0xc1,0x08,0xc1,0x08,0xc1,0x08,0xc1,0x08,0xc1,0x08,0xc1,0x08,
0xc1,0x08,0xc1,0x08,0xc1,0x08,0xc1,0x08,0xc1,0x08,0xc1,0x08,0xc1,0x08,0xc1,0x08,
0xc1,0x08,0xc1,0x08,0xc1,0x08,0xc1,0x08,0xc1,0x08,0xc1,0x08,0xe1,0x10,0xa1,0x00,
0xe2,0xa3,0x82,0xf5,0x42,0xe5,0x42,0xed,0x42,0xed,0x42,0xed,0x42,0xed,0x42,0xed,
0x42,0xed,0x82,0xf5,0x41,0x52,0x81,0x00,0xe1,0x10,0xc1,0x08,0xc1,0x08,0xc1,0x08,
0xc1,0x08,0xc1,0x08,0xc1,0x08,0xe1,0x10,0x81,0x00,0x01,0x7b,0xa2,0xfd,0x42,0xe5,
0x42,0xed,0x42,0xed,0x42,0xed,0x62,0xed,0x42,0xe5,0xe2,0xd4,0x62,0xed,0x42,0xed,
0x42,0xed,0x42,0xed,0x42,0xe5,0x62,0xed,0xa2,0xf5,0x62,0xed,0xe2,0xd4,0xc2,0xcc,
0xc2,0xd4,0x22,0xe5,0x82,0xf5,0x82,0xf5,0x42,0xed,0x82,0xf5,0xc1,0x9b,0xa1,0x00,
0xe1,0x10,0xc1,0x08,0xc1,0x08,0xc1,0x08,0xc1,0x08,0xe1,0x10,0x81,0x00,0x41,0x52,
0x82,0xf5,0x42,0xe5,0x42,0xed,0x42,0xed,0x42,0xed,0x42,0xed,0x42,0xed,0x42,0xed,
0x42,0xe5,0x62,0xed,0x82,0xf5,0x62,0xbc,0x21,0x4a,0xc1,0x08,0x81,0x00,0x81,0x00,
0xa1,0x00,0xa1,0x08,0xa1,0x08,0xa1,0x00,0xa1,0x00,0x81,0x00,0xa1,0x00,0x61,0x29,
0x81,0x93,0x62,0xed,0x82,0xf5,0x42,0xe5,0x42,0xed,0x42,0xed,0x42,0xed,0x42,0xed,
0x42,0xed,0x42,0xed,0x42,0xe5,0xa2,0xfd,0x82,0x93,0xa1,0x00,0xe1,0x10,0xc1,0x08,
0xc1,0x08,0xc1,0x08,0xc1,0x08,0xc1,0x08,0xc1,0x08,0xc1,0x08,0xc1,0x08,0xc1,0x08,
0xc1,0x08,0xc1,0x08,0xc1,0x08,0xc1,0x08,0xc1,0x08,0xc1,0x08,0xc1,0x08,0xc1,0x08,
0xc1,0x08,0xc1,0x08,0xc1,0x08,0xc1,0x08,0xc1,0x08,0xc1,0x08,0xc1,0x08,0xc1,0x08,
0xc1,0x08,0xc1,0x08,0xc1,0x08,0xc1,0x08,0xc1,0x08,0xc1,0x08,0xc1,0x08,0xc1,0x08,
0xc1,0x08,0xc1,0x08,0xc1,0x08,0xc1,0x08,0xc1,0x08,0xc1,0x08,0xc1,0x08,0xc1,0x08,
0xc1,0x08,0xc1,0x08,0xc1,0x08,0xc1,0x08,0xc1,0x08,0xc1,0x08,0xc1,0x08,0xc1,0x08,
0xc1,0x08,0xc1,0x08,0xc1,0x08,0xc1,0x08,0xc1,0x08,0xc1,0x08,0xc1,0x08,0xc1,0x08,
0xc1,0x08,0xc1,0x08,0xc1,0x08,0xc1,0x08,0xc1,0x08,0xc1,0x08,0xe1,0x08,0xa1,0x08,
0x61,0x11,0xe1,0x2b,0x01,0x2c,0x01,0x2c,0x01,0x2c,0x01,0x2c,0x01,0x2c,0x01,0x2c,
0x01,0x2c,0x01,0x2c,0x01,0x2c,0x01,0x2c,0x01,0x2c,0x01,0x2c,0x01,0x2c,0xe1,0x2b,
0x21,0x2c,0x61,0x23,0xe1,0x08,0xc1,0x08,0xe1,0x08,0xc1,0x08,0xc1,0x08,0x41,0x23,
0x21,0x2c,0xe1,0x2b,0x01,0x2c,0x01,0x2c,0x01,0x2c,0x01,0x2c,0x01,0x2c,0x01,0x2c,
0x01,0x2c,0x01,0x2c,0x01,0x2c,0x01,0x2c,0x01,0x2c,0x01,0x2c,0x01,0x2c,0x01,0x2c,
0x01,0x2c,0x01,0x2c,0x01,0x2c,0x01,0x2c,0x01,0x2c,0x01,0x2c,0x01,0x2c,0x01,0x2c,
0x01,0x2c,0x01,0x2c,0x01,0x2c,0x01,0x2c,0x01,0x2c,0xe1,0x2b,0x01,0x2c,0xa1,0x11,
0xa1,0x08,0xe1,0x08,0xc1,0x08,0xc1,0x08,0xc1,0x08,0xc1,0x08,0xc1,0x08,0xc1,0x08,
0xc1,0x08,0xc1,0x08,0xc1,0x08,0xc1,0x08,0xc1,0x08,0xc1,0x08,0xc1,0x08,0xc1,0x08,
0xc1,0x08,0xc1,0x08,0xc1,0x08,0xc1,0x08,0xc1,0x08,0xc1,0x08,0xc1,0x08,0xc1,0x08,
0xc1,0x08,0xc1,0x08,0xc1,0x08,0xc1,0x08,0xc1,0x08,0xc1,0x08,0xc1,0x08,0xe1,0x08,
0xa1,0x08,0xe1,0x11,0x21,0x2c,0xe1,0x2b,0x01,0x2c,0x01,0x2c,0x01,0x2c,0x01,0x2c,
0xe1,0x2b,0x21,0x2c,0x81,0x1a,0xa1,0x08,0xe1,0x08,0xc1,0x08,0xc1,0x08,0xc1,0x08,
0x21,0x23,0x21,0x2c,0xe1,0x2b,0x01,0x2c,0x01,0x2c,0x01,0x2c,0xe1,0x2b,0x21,0x2c,
0xc1,0x1a,0xa1,0x08,0xe1,0x08,0xc1,0x08,0xc1,0x08,0xc1,0x08,0xc1,0x08,0xc1,0x08,
0xc1,0x08,0xc1,0x08,0xc1,0x08,0xc1,0x08,0xc1,0x08,0xc1,0x08,0xc1,0x08,0xc1,0x08,
0xc1,0x08,0xc1,0x08,0xc1,0x08,0xc1,0x08,0xc1,0x08,0x01,0x11,0xa1,0x23,0x01,0x2c,
0xe1,0x2b,0x01,0x2c,0x01,0x2c,0xe1,0x2b,0x21,0x2c,0x21,0x1a,0xa1,0x08,0xe1,0x08,
0xe1,0x08,0xc1,0x08,0x21,0x11,0xe1,0x2b,0x01,0x2c,0x01,0x2c,0x01,0x2c,0x01,0x2c,
0x01,0x2c,0xe1,0x2b,0x21,0x2c,0x61,0x23,0xe1,0x08,0xc1,0x08,0xc1,0x08,0xc1,0x08,
0xc1,0x08,0xc1,0x08,0xc1,0x08,0xc1,0x08,0xc1,0x08,0xc1,0x08,0xc1,0x08,0xc1,0x08,
0xc1,0x08,0xe1,0x08,0x81,0x23,0x01,0x2c,0xe1,0x2b,0x01,0x2c,0x01,0x2c,0x01,0x2c,
0x01,0x2c,0x01,0x2c,0x01,0x2c,0x01,0x2c,0x21,0x1a,0xa1,0x08,0xa1,0x08,0xc1,0x08,
0xe1,0x08,0xe1,0x08,0xe1,0x08,0xe1,0x08,0xe1,0x08,0xe1,0x08,0xe1,0x08,0xe1,0x08,
0xe1,0x08,0xe1,0x08,0xe1,0x08,0xc1,0x08,0xa1,0x08,0xe1,0x08,0xa1,0x1a,0x21,0x2c,
0x01,0x2c,0x01,0x2c,0x01,0x2c,0x01,0x2c,0x01,0x2c,0x01,0x2c,0x01,0x2c,0x01,0x2c,
0x01,0x2c,0x81,0x11,0xa1,0x08,0xe1,0x08,0xc1,0x08,0xc1,0x08,0xc1,0x08,0xc1,0x08,
0xc1,0x08,0xc1,0x08,0xc1,0x08,0xc1,0x08,0xc1,0x08,0xc1,0x08,0xc1,0x08,0x41,0x23,
0x21,0x2c,0xe1,0x2b,0x01,0x2c,0x01,0x2c,0x01,0x2c,0x01,0x2c,0x01,0x2c,0x01,0x2c,
0x01,0x2c,0x01,0x2c,0xe1,0x2b,0x01,0x2c,0x21,0x2c,0xc1,0x1a,0x21,0x11,0xa1,0x08,
0xc1,0x08,0xc1,0x08,0xe1,0x08,0xe1,0x08,0xe1,0x08,0xe1,0x08,0xe1,0x08,0xe1,0x08,
0xc1,0x08,0xa1,0x08,0xa1,0x08,0x01,0x1a,0xe1,0x2b,0x01,0x2c,0xe1,0x2b,0x01,0x2c,
0x01,0x2c,0x01,0x2c,0x01,0x2c,0x01,0x2c,0xe1,0x2b,0x21,0x2c,0x21,0x23,0xc1,0x08,
0xc1,0x08,0xc1,0x08,0xc1,0x08,0xc1,0x08,0xc1,0x08,0xc1,0x08,0xc1,0x08,0xc1,0x08,
0xc1,0x08,0xc1,0x08,0xc1,0x08,0xc1,0x08,0xc1,0x08,0xe1,0x10,0x82,0xc4,0x82,0xf5,
0x42,0xe5,0x42,0xed,0x42,0xed,0x42,0xed,0x42,0xed,0x42,0xe5,0xa2,0xfd,0x61,0x5a,
0x81,0x00,0xe1,0x10,0xc1,0x08,0xc1,0x08,0xc1,0x08,0xc1,0x08,0xc1,0x08,0xc1,0x08,
0xc1,0x08,0xc1,0x08,0xc1,0x08,0xc1,0x08,0xc1,0x08,0xc1,0x08,0xc1,0x08,0xc1,0x08,
0xc1,0x08,0xc1,0x08,0xc1,0x08,0xc1,0x08,0xc1,0x08,0xc1,0x08,0xc1,0x08,0xc1,0x08,
0xc1,0x08,0xc1,0x08,0xc1,0x08,0xc1,0x08,0xc1,0x08,0xe1,0x10,0x81,0x00,0xe1,0x41,
0x62,0xed,0x42,0xed,0x42,0xed,0x42,0xed,0x42,0xed,0x42,0xed,0x42,0xed,0x42,0xed,
0x62,0xed,0x02,0xdd,0x41,0x21,0xc1,0x08,0xe1,0x08,0xc1,0x08,0xc1,0x08,0xc1,0x08,
0xc1,0x08,0xc1,0x08,0xc1,0x08,0xe1,0x10,0x81,0x00,0x01,0x7b,0xa2,0xfd,0x42,0xe5,
0x42,0xed,0x42,0xed,0x42,0xed,0x42,0xed,0x42,0xed,0x62,0xed,0x42,0xed,0x42,0xed,
0x42,0xed,0x42,0xe5,0x82,0xf5,0x02,0xdd,0x41,0x83,0xc1,0x39,0x21,0x19,0xe1,0x10,
0x01,0x19,0x81,0x31,0x61,0x5a,0xc2,0x9b,0x22,0xe5,0xc2,0xfd,0x41,0x52,0x81,0x00,
0xe1,0x10,0xc1,0x08,0xc1,0x08,0xc1,0x08,0xe1,0x08,0xc1,0x08,0x41,0x21,0xe2,0xd4,
0x62,0xed,0x42,0xe5,0x42,0xed,0x42,0xed,0x42,0xed,0x42,0xed,0x42,0xed,0x42,0xe5,
0x62,0xed,0x42,0xed,0xe1,0x72,0xc1,0x08,0x81,0x00,0xc1,0x08,0xe1,0x10,0xe1,0x10,
0xe1,0x10,0xe1,0x08,0xe1,0x08,0xe1,0x10,0xe1,0x10,0xe1,0x10,0xe1,0x10,0xa1,0x00,
0x81,0x00,0xe1,0x41,0xa2,0xcc,0x82,0xf5,0x42,0xe5,0x42,0xed,0x42,0xed,0x42,0xed,
0x42,0xed,0x42,0xed,0x42,0xed,0x42,0xe5,0x82,0xf5,0x41,0x52,0x81,0x00,0xe1,0x10,
0xc1,0x08,0xc1,0x08,0xc1,0x08,0xc1,0x08,0xc1,0x08,0xc1,0x08,0xc1,0x08,0xc1,0x08,
0xc1,0x08,0xc1,0x08,0xc1,0x08,0xc1,0x08,0xc1,0x08,0xc1,0x08,0xc1,0x08,0xc1,0x08,
0xc1,0x08,0xc1,0x08,0xc1,0x08,0xc1,0x08,0xc1,0x08,0xc1,0x08,0xc1,0x08,0xc1,0x08,
0xc1,0x08,0xc1,0x08,0xc1,0x08,0xc1,0x08,0xc1,0x08,0xc1,0x08,0xc1,0x08,0xc1,0x08,
0xc1,0x08,0xc1,0x08,0xc1,0x08,0xc1,0x08,0xc1,0x08,0xc1,0x08,0xc1,0x08,0xc1,0x08,
0xc1,0x08,0xc1,0x08,0xc1,0x08,0xc1,0x08,0xc1,0x08,0xc1,0x08,0xc1,0x08,0xc1,0x08,
0xc1,0x08,0xc1,0x08,0xc1,0x08,0xc1,0x08,0xc1,0x08,0xc1,0x08,0xc1,0x08,0xc1,0x08,
0xc1,0x08,0xc1,0x08,0xc1,0x08,0xc1,0x08,0xc1,0x08,0xc1,0x08,0xe1,0x08,0xa1,0x08,
0xc1,0x1a,0x21,0x2c,0xe1,0x2b,0x01,0x2c,0x01,0x2c,0x01,0x2c,0x01,0x2c,0x01,0x2c,
0x01,0x2c,0x01,0x2c,0x01,0x2c,0x01,0x2c,0x01,0x2c,0x01,0x2c,0x01,0x2c,0xe1,0x2b,
0x21,0x2c,0x01,0x1a,0xa1,0x08,0xe1,0x08,0xe1,0x08,0xa1,0x08,0xc1,0x11,0x01,0x2c,
0x01,0x2c,0x01,0x2c,0x01,0x2c,0x01,0x2c,0x01,0x2c,0x01,0x2c,0x01,0x2c,0x01,0x2c,
0x01,0x2c,0x01,0x2c,0x01,0x2c,0x01,0x2c,0x01,0x2c,0x01,0x2c,0x01,0x2c,0x01,0x2c,
0x01,0x2c,0x01,0x2c,0x01,0x2c,0x01,0x2c,0x01,0x2c,0x01,0x2c,0x01,0x2c,0x01,0x2c,
0x01,0x2c,0x01,0x2c,0x01,0x2c,0x01,0x2c,0x01,0x2c,0xe1,0x2b,0x21,0x2c,0x21,0x23,
0xc1,0x08,0xc1,0x08,0xc1,0x08,0xc1,0x08,0xc1,0x08,0xc1,0x08,0xc1,0x08,0xc1,0x08,
0xc1,0x08,0xc1,0x08,0xc1,0x08,0xc1,0x08,0xc1,0x08,0xc1,0x08,0xc1,0x08,0xc1,0x08,
0xc1,0x08,0xc1,0x08,0xc1,0x08,0xc1,0x08,0xc1,0x08,0xc1,0x08,0xc1,0x08,0xc1,0x08,
0xc1,0x08,0xc1,0x08,0xc1,0x08,0xc1,0x08,0xc1,0x08,0xc1,0x08,0xc1,0x08,0xe1,0x08,
0xa1,0x08,0xe1,0x11,0x21,0x2c,0xe1,0x2b,0x01,0x2c,0x01,0x2c,0x01,0x2c,0x01,0x2c,
0xe1,0x2b,0x21,0x2c,0x81,0x1a,0xa1,0x08,0xe1,0x08,0xc1,0x08,0xe1,0x08,0xa1,0x08,
0x41,0x1a,0x21,0x2c,0xe1,0x2b,0x01,0x2c,0x01,0x2c,0x01,0x2c,0xe1,0x2b,0x01,0x2c,
0x81,0x23,0x01,0x09,0xc1,0x08,0xc1,0x08,0xc1,0x08,0xc1,0x08,0xc1,0x08,0xc1,0x08,
0xc1,0x08,0xc1,0x08,0xc1,0x08,0xc1,0x08,0xc1,0x08,0xc1,0x08,0xc1,0x08,0xc1,0x08,
0xc1,0x08,0xc1,0x08,0xc1,0x08,0xe1,0x08,0xa1,0x08,0xc1,0x11,0x21,0x2c,0xe1,0x2b,
0x01,0x2c,0x01,0x2c,0x01,0x2c,0x01,0x2c,0xe1,0x2b,0x41,0x11,0xc1,0x08,0xe1,0x08,
0xe1,0x08,0xc1,0x08,0x21,0x11,0xe1,0x2b,0x01,0x2c,0x01,0x2c,0x01,0x2c,0x01,0x2c,
0x01,0x2c,0xe1,0x2b,0x21,0x2c,0x61,0x23,0xe1,0x08,0xc1,0x08,0xc1,0x08,0xc1,0x08,
0xc1,0x08,0xc1,0x08,0xc1,0x08,0xc1,0x08,0xc1,0x08,0xc1,0x08,0xc1,0x08,0xe1,0x08,
0xa1,0x08,0x01,0x1a,0x21,0x2c,0xe1,0x2b,0x01,0x2c,0x01,0x2c,0x01,0x2c,0x01,0x2c,
0x01,0x2c,0xe1,0x2b,0x21,0x2c,0x01,0x1a,0x81,0x08,0xe1,0x08,0xe1,0x08,0xc1,0x08,
0xc1,0x08,0xc1,0x08,0xc1,0x08,0xc1,0x08,0xc1,0x08,0xc1,0x08,0xc1,0x08,0xc1,0x08,
0xc1,0x08,0xc1,0x08,0xc1,0x08,0xc1,0x08,0xe1,0x08,0xc1,0x08,0xa1,0x08,0x81,0x1a,
0x21,0x2c,0xe1,0x2b,0x01,0x2c,0x01,0x2c,0x01,0x2c,0x01,0x2c,0x01,0x2c,0xe1,0x2b,
0x21,0x2c,0x61,0x1a,0xa1,0x08,0xe1,0x08,0xc1,0x08,0xc1,0x08,0xc1,0x08,0xc1,0x08,
0xc1,0x08,0xc1,0x08,0xc1,0x08,0xc1,0x08,0xc1,0x08,0xc1,0x08,0xc1,0x08,0x41,0x23,
0x21,0x2c,0xe1,0x2b,0x01,0x2c,0x01,0x2c,0x01,0x2c,0x01,0x2c,0x01,0x2c,0x01,0x2c,
0x01,0x2c,0xe1,0x2b,0x01,0x2c,0xe1,0x2b,0x01,0x1a,0xa1,0x08,0xc1,0x08,0xe1,0x08,
0xe1,0x08,0xc1,0x08,0xc1,0x08,0xc1,0x08,0xc1,0x08,0xc1,0x08,0xc1,0x08,0xc1,0x08,
0xc1,0x08,0xe1,0x08,0xe1,0x08,0x81,0x08,0xa1,0x11,0x01,0x2c,0x01,0x2c,0x01,0x2c,
0x01,0x2c,0x01,0x2c,0x01,0x2c,0x01,0x2c,0x01,0x2c,0x01,0x2c,0xe1,0x2b,0x41,0x11,
0xc1,0x08,0xe1,0x08,0xc1,0x08,0xc1,0x08,0xc1,0x08,0xc1,0x08,0xc1,0x08,0xc1,0x08,
0xc1,0x08,0xc1,0x08,0xc1,0x08,0xc1,0x08,0xc1,0x08,0xe1,0x10,0x82,0xc4,0x82,0xf5,
0x42,0xe5,0x42,0xed,0x42,0xed,0x42,0xed,0x42,0xed,0x42,0xe5,0xa2,0xfd,0x61,0x5a,
0x81,0x00,0xe1,0x10,0xc1,0x08,0xc1,0x08,0xc1,0x08,0xc1,0x08,0xc1,0x08,0xc1,0x08,
0xc1,0x08,0xc1,0x08,0xc1,0x08,0xc1,0x08,0xc1,0x08,0xc1,0x08,0xc1,0x08,0xc1,0x08,
0xc1,0x08,0xc1,0x08,0xc1,0x08,0xc1,0x08,0xc1,0x08,0xc1,0x08,0xc1,0x08,0xc1,0x08,
0xc1,0x08,0xc1,0x08,0xc1,0x08,0xc1,0x08,0xe1,0x10,0xc1,0x08,0x01,0x11,0xa2,0xc4,
0x82,0xf5,0x42,0xe5,0x42,0xed,0x42,0xed,0x42,0xed,0x42,0xed,0x42,0xed,0x42,0xe5,
0xa2,0xf5,0xe2,0xa3,0xa1,0x00,0xe1,0x10,0xc1,0x08,0xc1,0x08,0xc1,0x08,0xc1,0x08,
0xc1,0x08,0xc1,0x08,0xc1,0x08,0xe1,0x10,0x81,0x00,0x01,0x7b,0xa2,0xfd,0x42,0xe5,
0x42,0xed,0x42,0xed,0x42,0xed,0x42,0xed,0x42,0xed,0x42,0xed,0x42,0xed,0x42,0xed,
0x42,0xe5,0x82,0xf5,0x22,0xb4,0x41,0x21,0x81,0x00,0xa1,0x00,0xc1,0x08,0xc1,0x08,
0xc1,0x08,0xa1,0x00,0x81,0x00,0x81,0x00,0x81,0x31,0x41,0x83,0x21,0x19,0xc1,0x08,
0xc1,0x08,0xc1,0x08,0xc1,0x08,0xc1,0x08,0xe1,0x10,0x81,0x00,0x81,0x93,0xa2,0xf5,
0x42,0xe5,0x42,0xed,0x42,0xed,0x42,0xed,0x42,0xed,0x42,0xed,0x42,0xe5,0x62,0xed,
0x42,0xe5,0x01,0x4a,0x81,0x00,0xe1,0x08,0xe1,0x10,0xc1,0x08,0xc1,0x08,0xc1,0x08,
0xc1,0x08,0xc1,0x08,0xc1,0x08,0xc1,0x08,0xc1,0x08,0xc1,0x08,0xc1,0x08,0xe1,0x10,
0xe1,0x10,0x81,0x00,0x21,0x19,0x42,0xbc,0x82,0xf5,0x42,0xe5,0x42,0xed,0x42,0xed,
0x42,0xed,0x42,0xed,0x42,0xed,0x42,0xe5,0x62,0xed,0xc2,0xd4,0x21,0x19,0xc1,0x08,
0xe1,0x08,0xc1,0x08,0xc1,0x08,0xc1,0x08,0xc1,0x08,0xc1,0x08,0xc1,0x08,0xc1,0x08,
0xc1,0x08,0xc1,0x08,0xc1,0x08,0xc1,0x08,0xc1,0x08,0xc1,0x08,0xc1,0x08,0xc1,0x08,
0xc1,0x08,0xc1,0x08,0xc1,0x08,0xc1,0x08,0xc1,0x08,0xc1,0x08,0xc1,0x08,0xc1,0x08,
0xc1,0x08,0xc1,0x08,0xc1,0x08,0xc1,0x08,0xc1,0x08,0xc1,0x08,0xc1,0x08,0xc1,0x08,
0xc1,0x08,0xc1,0x08,0xc1,0x08,0xc1,0x08,0xc1,0x08,0xc1,0x08,0xc1,0x08,0xc1,0x08,
0xc1,0x08,0xc1,0x08,0xc1,0x08,0xc1,0x08,0xc1,0x08,0xc1,0x08,0xc1,0x08,0xc1,0x08,
0xc1,0x08,0xc1,0x08,0xc1,0x08,0xc1,0x08,0xc1,0x08,0xc1,0x08,0xc1,0x08,0xc1,0x08,
0xc1,0x08,0xc1,0x08,0xc1,0x08,0xc1,0x08,0xc1,0x08,0xe1,0x08,0xc1,0x08,0x41,0x11,
0xe1,0x2b,0x01,0x2c,0x01,0x2c,0x01,0x2c,0x01,0x2c,0x01,0x2c,0x01,0x2c,0x01,0x2c,
0x01,0x2c,0x01,0x2c,0x01,0x2c,0x01,0x2c,0x01,0x2c,0x01,0x2c,0xe1,0x2b,0x01,0x2c,
0x81,0x23,0xe1,0x08,0xc1,0x08,0xe1,0x08,0xe1,0x08,0xc1,0x08,0x21,0x23,0x21,0x2c,
0xe1,0x2b,0x01,0x2c,0x01,0x2c,0x01,0x2c,0x01,0x2c,0x01,0x2c,0x01,0x2c,0x01,0x2c,
0x01,0x2c,0x01,0x2c,0x01,0x2c,0x01,0x2c,0x01,0x2c,0x01,0x2c,0xe1,0x2b,0xa1,0x23,
0x01,0x2c,0xe1,0x2b,0x01,0x2c,0x01,0x2c,0x01,0x2c,0x01,0x2c,0x01,0x2c,0x01,0x2c,
0x01,0x2c,0x01,0x2c,0x01,0x2c,0x01,0x2c,0x01,0x2c,0x01,0x2c,0x01,0x2c,0x01,0x2c,
0x81,0x11,0xa1,0x08,0xe1,0x08,0xc1,0x08,0xc1,0x08,0xc1,0x08,0xc1,0x08,0xc1,0x08,
0xc1,0x08,0xc1,0x08,0xc1,0x08,0xc1,0x08,0xc1,0x08,0xc1,0x08,0xc1,0x08,0xc1,0x08,
0xc1,0x08,0xc1,0x08,0xc1,0x08,0xc1,0x08,0xc1,0x08,0xc1,0x08,0xc1,0x08,0xc1,0x08,
0xc1,0x08,0xc1,0x08,0xc1,0x08,0xc1,0x08,0xc1,0x08,0xc1,0x08,0xc1,0x08,0xe1,0x08,
0xa1,0x08,0xe1,0x11,0x21,0x2c,0xe1,0x2b,0x01,0x2c,0x01,0x2c,0x01,0x2c,0x01,0x2c,
0xe1,0x2b,0x21,0x2c,0x81,0x1a,0xa1,0x08,0xe1,0x08,0xc1,0x08,0xe1,0x08,0xa1,0x08,
0x61,0x11,0xe1,0x2b,0x01,0x2c,0x01,0x2c,0x01,0x2c,0x01,0x2c,0x01,0x2c,0x01,0x2c,
0x01,0x2c,0xa1,0x11,0xa1,0x08,0xe1,0x08,0xc1,0x08,0xc1,0x08,0xc1,0x08,0xc1,0x08,
0xc1,0x08,0xc1,0x08,0xc1,0x08,0xc1,0x08,0xc1,0x08,0xc1,0x08,0xc1,0x08,0xc1,0x08,
0xc1,0x08,0xc1,0x08,0xc1,0x08,0xe1,0x08,0xa1,0x08,0xe1,0x22,0x21,0x2c,0xe1,0x2b,
0x01,0x2c,0x01,0x2c,0xe1,0x2b,0x21,0x2c,0x21,0x23,0xc1,0x08,0xc1,0x08,0xc1,0x08,
0xe1,0x08,0xc1,0x08,0x21,0x11,0xe1,0x2b,0x01,0x2c,0x01,0x2c,0x01,0x2c,0x01,0x2c,
0x01,0x2c,0xe1,0x2b,0x21,0x2c,0x61,0x23,0xe1,0x08,0xc1,0x08,0xc1,0x08,0xc1,0x08,
0xc1,0x08,0xc1,0x08,0xc1,0x08,0xc1,0x08,0xc1,0x08,0xc1,0x08,0xc1,0x08,0xe1,0x08,
0xc1,0x08,0x41,0x23,0x21,0x2c,0xe1,0x2b,0x01,0x2c,0x01,0x2c,0x01,0x2c,0x01,0x2c,
0xe1,0x2b,0x21,0x2c,0xc1,0x1a,0xa1,0x08,0xe1,0x08,0xc1,0x08,0xc1,0x08,0xc1,0x08,
0xc1,0x08,0xc1,0x08,0xc1,0x08,0xc1,0x08,0xc1,0x08,0xc1,0x08,0xc1,0x08,0xc1,0x08,
0xc1,0x08,0xc1,0x08,0xc1,0x08,0xc1,0x08,0xc1,0x08,0xe1,0x08,0xc1,0x08,0xc1,0x08,
0x41,0x23,0x21,0x2c,0xe1,0x2b,0x01,0x2c,0x01,0x2c,0x01,0x2c,0x01,0x2c,0xe1,0x2b,
0x21,0x2c,0x21,0x23,0xa1,0x08,0xe1,0x08,0xc1,0x08,0xc1,0x08,0xc1,0x08,0xc1,0x08,
0xc1,0x08,0xc1,0x08,0xc1,0x08,0xc1,0x08,0xc1,0x08,0xc1,0x08,0xc1,0x08,0x41,0x23,
0x21,0x2c,0xe1,0x2b,0x01,0x2c,0x01,0x2c,0x01,0x2c,0x01,0x2c,0x01,0x2c,0x01,0x2c,
0x01,0x2c,0x01,0x2c,0xe1,0x2b,0xc1,0x11,0x81,0x08,0xe1,0x08,0xe1,0x08,0xc1,0x08,
0xc1,0x08,0xc1,0x08,0xc1,0x08,0xc1,0x08,0xc1,0x08,0xc1,0x08,0xc1,0x08,0xc1,0x08,
0xc1,0x08,0xc1,0x08,0xc1,0x08,0xe1,0x08,0x81,0x08,0x41,0x1a,0x21,0x2c,0xe1,0x2b,
0x01,0x2c,0x01,0x2c,0x01,0x2c,0x01,0x2c,0x01,0x2c,0xe1,0x2b,0x21,0x2c,0xe1,0x19,
0xa1,0x08,0xe1,0x08,0xc1,0x08,0xc1,0x08,0xc1,0x08,0xc1,0x08,0xc1,0x08,0xc1,0x08,
0xc1,0x08,0xc1,0x08,0xc1,0x08,0xc1,0x08,0xc1,0x08,0xe1,0x10,0x82,0xc4,0x82,0xf5,
0x42,0xe5,0x42,0xed,0x42,0xed,0x42,0xed,0x42,0xed,0x42,0xe5,0xa2,0xfd,0x61,0x5a,
0x81,0x00,0xe1,0x10,0xc1,0x08,0xc1,0x08,0xc1,0x08,0xc1,0x08,0xc1,0x08,0xc1,0x08,
0xc1,0x08,0xc1,0x08,0xc1,0x08,0xc1,0x08,0xc1,0x08,0xc1,0x08,0xc1,0x08,0xc1,0x08,
0xc1,0x08,0xc1,0x08,0xc1,0x08,0xc1,0x08,0xc1,0x08,0xc1,0x08,0xc1,0x08,0xc1,0x08,
0xc1,0x08,0xc1,0x08,0xe1,0x08,0xe1,0x10,0xa1,0x00,0xc1,0x08,0x02,0xac,0x82,0xf5,
0x42,0xe5,0x42,0xed,0x42,0xed,0x42,0xed,0x42,0xed,0x42,0xed,0x42,0xed,0x42,0xe5,
0x82,0xf5,0x01,0x4a,0x81,0x00,0xe1,0x10,0xc1,0x08,0xc1,0x08,0xc1,0x08,0xc1,0x08,
0xc1,0x08,0xc1,0x08,0xc1,0x08,0xe1,0x10,0x81,0x00,0x01,0x7b,0xa2,0xfd,0x42,0xe5,
0x42,0xed,0x42,0xed,0x42,0xed,0x42,0xed,0x42,0xed,0x42,0xed,0x42,0xed,0x42,0xe5,
0x82,0xf5,0x02,0xac,0xc1,0x08,0xa1,0x00,0xe1,0x10,0xe1,0x10,0xe1,0x08,0xc1,0x08,
0xe1,0x08,0xe1,0x10,0xe1,0x10,0xe1,0x10,0xa1,0x00,0x81,0x00,0xc1,0x08,0xc1,0x08,
0xc1,0x08,0xc1,0x08,0xc1,0x08,0xe1,0x10,0xa1,0x00,0x81,0x31,0x42,0xe5,0x42,0xed,
0x42,0xed,0x42,0xed,0x42,0xed,0x42,0xed,0x42,0xed,0x42,0xed,0x62,0xed,0x42,0xe5,
0x01,0x4a,0x81,0x00,0xe1,0x10,0xc1,0x08,0xc1,0x08,0xc1,0x08,0xc1,0x08,0xc1,0x08,
0xc1,0x08,0xc1,0x08,0xc1,0x08,0xc1,0x08,0xc1,0x08,0xc1,0x08,0xc1,0x08,0xc1,0x08,
0xc1,0x08,0xe1,0x10,0xa1,0x00,0x01,0x11,0x62,0xbc,0x82,0xf5,0x42,0xe5,0x42,0xed,
0x42,0xed,0x42,0xed,0x42,0xed,0x42,0xed,0x42,0xe5,0xa2,0xf5,0x01,0x7b,0x81,0x00,
0xe1,0x10,0xc1,0x08,0xc1,0x08,0xc1,0x08,0xc1,0x08,0xc1,0x08,0xc1,0x08,0xc1,0x08,
0xc1,0x08,0xc1,0x08,0xc1,0x08,0xc1,0x08,0xc1,0x08,0xc1,0x08,0xc1,0x08,0xc1,0x08,
0xc1,0x08,0xc1,0x08,0xc1,0x08,0xc1,0x08,0xc1,0x08,0xc1,0x08,0xc1,0x08,0xc1,0x08,
0xc1,0x08,0xc1,0x08,0xc1,0x08,0xc1,0x08,0xc1,0x08,0xc1,0x08,0xc1,0x08,0xc1,0x08,
0xc1,0x08,0xc1,0x08,0xc1,0x08,0xc1,0x08,0xc1,0x08,0xc1,0x08,0xc1,0x08,0xc1,0x08,
0xc1,0x08,0xc1,0x08,0xc1,0x08,0xc1,0x08,0xc1,0x08,0xc1,0x08,0xc1,0x08,0xc1,0x08,
0xc1,0x08,0xc1,0x08,0xc1,0x08,0xc1,0x08,0xc1,0x08,0xc1,0x08,0xc1,0x08,0xc1,0x08,
0xc1,0x08,0xc1,0x08,0xc1,0x08,0xc1,0x08,0xc1,0x08,0xe1,0x08,0xa1,0x08,0xa1,0x1a,
0x21,0x2c,0xe1,0x2b,0x01,0x2c,0x01,0x2c,0x01,0x2c,0x01,0x2c,0x01,0x2c,0x01,0x2c,
0x01,0x2c,0x01,0x2c,0x01,0x2c,0x01,0x2c,0x01,0x2c,0x01,0x2c,0xe1,0x2b,0x21,0x2c,
0x41,0x1a,0xa1,0x08,0xe1,0x08,0xe1,0x08,0xa1,0x08,0x81,0x11,0x01,0x2c,0x01,0x2c,
0x01,0x2c,0x01,0x2c,0x01,0x2c,0x01,0x2c,0x01,0x2c,0x01,0x2c,0x01,0x2c,0x01,0x2c,
0x01,0x2c,0x01,0x2c,0x01,0x2c,0x01,0x2c,0xe1,0x2b,0x21,0x2c,0x01,0x23,0xc1,0x11,
0x21,0x2c,0xe1,0x2b,0x01,0x2c,0x01,0x2c,0x01,0x2c,0x01,0x2c,0x01,0x2c,0x01,0x2c,
0x01,0x2c,0x01,0x2c,0x01,0x2c,0x01,0x2c,0x01,0x2c,0x01,0x2c,0xe1,0x2b,0x21,0x2c,
0xe1,0x22,0xa1,0x08,0xe1,0x08,0xc1,0x08,0xc1,0x08,0xc1,0x08,0xc1,0x08,0xc1,0x08,
0xc1,0x08,0xc1,0x08,0xc1,0x08,0xc1,0x08,0xc1,0x08,0xc1,0x08,0xc1,0x08,0xc1,0x08,
0xc1,0x08,0xc1,0x08,0xc1,0x08,0xc1,0x08,0xc1,0x08,0xc1,0x08,0xc1,0x08,0xc1,0x08,
0xc1,0x08,0xc1,0x08,0xc1,0x08,0xc1,0x08,0xc1,0x08,0xc1,0x08,0xc1,0x08,0xe1,0x08,
0xa1,0x08,0xe1,0x11,0x21,0x2c,0xe1,0x2b,0x01,0x2c,0x01,0x2c,0x01,0x2c,0x01,0x2c,
0xe1,0x2b,0x21,0x2c,0x81,0x1a,0xa1,0x08,0xe1,0x08,0xc1,0x08,0xc1,0x08,0xc1,0x08,
0xc1,0x08,0x61,0x23,0x21,0x2c,0xe1,0x2b,0x01,0x2c,0x01,0x2c,0x01,0x2c,0xe1,0x2b,
0x21,0x2c,0xa1,0x1a,0xa1,0x08,0xe1,0x08,0xc1,0x08,0xc1,0x08,0xc1,0x08,0xc1,0x08,
0xc1,0x08,0xc1,0x08,0xc1,0x08,0xc1,0x08,0xc1,0x08,0xc1,0x08,0xc1,0x08,0xc1,0x08,
0xc1,0x08,0xc1,0x08,0xc1,0x08,0xc1,0x08,0x01,0x11,0xc1,0x23,0x01,0x2c,0x01,0x2c,
0x01,0x2c,0x01,0x2c,0xe1,0x2b,0x21,0x2c,0x41,0x1a,0xa1,0x08,0xe1,0x08,0xc1,0x08,
0xe1,0x08,0xc1,0x08,0x21,0x11,0xe1,0x2b,0x01,0x2c,0x01,0x2c,0x01,0x2c,0x01,0x2c,
0x01,0x2c,0xe1,0x2b,0x21,0x2c,0x61,0x23,0xe1,0x08,0xc1,0x08,0xc1,0x08,0xc1,0x08,
0xc1,0x08,0xc1,0x08,0xc1,0x08,0xc1,0x08,0xc1,0x08,0xc1,0x08,0xe1,0x08,0xa1,0x08,
0x61,0x11,0xe1,0x2b,0x01,0x2c,0x01,0x2c,0x01,0x2c,0x01,0x2c,0x01,0x2c,0x01,0x2c,
0x01,0x2c,0xe1,0x2b,0x41,0x11,0xc1,0x08,0xe1,0x08,0xc1,0x08,0xc1,0x08,0xc1,0x08,
0xc1,0x08,0xc1,0x08,0xc1,0x08,0xc1,0x08,0xc1,0x08,0xc1,0x08,0xc1,0x08,0xc1,0x08,
0xc1,0x08,0xc1,0x08,0xc1,0x08,0xc1,0x08,0xc1,0x08,0xc1,0x08,0xe1,0x08,0xa1,0x08,
0x01,0x1a,0x21,0x2c,0xe1,0x2b,0x01,0x2c,0x01,0x2c,0x01,0x2c,0x01,0x2c,0xe1,0x2b,
0x01,0x2c,0x61,0x23,0xc1,0x08,0xc1,0x08,0xc1,0x08,0xc1,0x08,0xc1,0x08,0xc1,0x08,
0xc1,0x08,0xc1,0x08,0xc1,0x08,0xc1,0x08,0xc1,0x08,0xc1,0x08,0xc1,0x08,0x41,0x23,
0x21,0x2c,0xe1,0x2b,0x01,0x2c,0x01,0x2c,0x01,0x2c,0x01,0x2c,0x01,0x2c,0x01,0x2c,
0xe1,0x2b,0x21,0x2c,0x41,0x1a,0x81,0x08,0xe1,0x08,0xc1,0x08,0xc1,0x08,0xc1,0x08,
0xc1,0x08,0xc1,0x08,0xc1,0x08,0xc1,0x08,0xc1,0x08,0xc1,0x08,0xc1,0x08,0xc1,0x08,
0xc1,0x08,0xc1,0x08,0xc1,0x08,0xc1,0x08,0xc1,0x08,0xc1,0x08,0x61,0x23,0x21,0x2c,
0xe1,0x2b,0x01,0x2c,0x01,0x2c,0x01,0x2c,0x01,0x2c,0xe1,0x2b,0x21,0x2c,0xc1,0x1a,
0xa1,0x08,0xe1,0x08,0xc1,0x08,0xc1,0x08,0xc1,0x08,0xc1,0x08,0xc1,0x08,0xc1,0x08,
0xc1,0x08,0xc1,0x08,0xc1,0x08,0xc1,0x08,0xc1,0x08,0xe1,0x10,0x82,0xc4,0x82,0xf5,
0x42,0xe5,0x42,0xed,0x42,0xed,0x42,0xed,0x42,0xed,0x42,0xe5,0xa2,0xfd,0x61,0x5a,
0x81,0x00,0xe1,0x10,0xc1,0x08,0xc1,0x08,0xc1,0x08,0xc1,0x08,0xc1,0x08,0xc1,0x08,
0xc1,0x08,0xc1,0x08,0xc1,0x08,0xc1,0x08,0xc1,0x08,0xc1,0x08,0xc1,0x08,0xc1,0x08,
0xc1,0x08,0xc1,0x08,0xc1,0x08,0xc1,0x08,0xc1,0x08,0xc1,0x08,0xe1,0x08,0xe1,0x10,
0xe1,0x10,0xe1,0x10,0xa1,0x08,0x81,0x00,0x61,0x29,0x42,0xb4,0x82,0xf5,0x42,0xe5,
0x42,0xed,0x42,0xed,0x42,0xed,0x42,0xed,0x42,0xed,0x42,0xed,0x42,0xe5,0x82,0xf5,
0x62,0xbc,0xc1,0x08,0xc1,0x08,0xc1,0x08,0xc1,0x08,0xc1,0x08,0xc1,0x08,0xc1,0x08,
0xc1,0x08,0xc1,0x08,0xc1,0x08,0xe1,0x10,0x81,0x00,0x01,0x7b,0xa2,0xfd,0x42,0xe5,
0x42,0xed,0x42,0xed,0x42,0xed,0x42,0xed,0x42,0xed,0x42,0xed,0x42,0xe5,0x82,0xf5,
0xa2,0xcc,0x01,0x11,0xc1,0x08,0xe1,0x10,0xc1,0x08,0xc1,0x08,0xc1,0x08,0xc1,0x08,
0xc1,0x08,0xc1,0x08,0xc1,0x08,0xc1,0x08,0xe1,0x10,0xe1,0x10,0xc1,0x08,0xc1,0x08,
0xc1,0x08,0xc1,0x08,0xc1,0x08,0xe1,0x10,0x81,0x00,0x81,0x93,0xa2,0xf5,0x42,0xe5,
0x42,0xed,0x42,0xed,0x42,0xed,0x42,0xed,0x42,0xed,0x42,0xe5,0x82,0xf5,0x81,0x5a,
0x81,0x00,0xe1,0x10,0xc1,0x08,0xc1,0x08,0xc1,0x08,0xc1,0x08,0xc1,0x08,0xc1,0x08,
0xc1,0x08,0xc1,0x08,0xc1,0x08,0xc1,0x08,0xc1,0x08,0xc1,0x08,0xc1,0x08,0xc1,0x08,
0xc1,0x08,0xc1,0x08,0xe1,0x10,0xa1,0x00,0x41,0x21,0xe2,0xd4,0x62,0xed,0x42,0xe5,
0x42,0xed,0x42,0xed,0x42,0xed,0x42,0xed,0x42,0xed,0x62,0xed,0xe2,0xd4,0x21,0x19,
0xc1,0x08,0xe1,0x08,0xc1,0x08,0xc1,0x08,0xc1,0x08,0xc1,0x08,0xc1,0x08,0xc1,0x08,
0xc1,0x08,0xc1,0x08,0xc1,0x08,0xc1,0x08,0xc1,0x08,0xc1,0x08,0xc1,0x08,0xc1,0x08,
0xc1,0x08,0xc1,0x08,0xc1,0x08,0xc1,0x08,0xc1,0x08,0xc1,0x08,0xc1,0x08,0xc1,0x08,
0xc1,0x08,0xc1,0x08,0xc1,0x08,0xc1,0x08,0xc1,0x08,0xc1,0x08,0xc1,0x08,0xc1,0x08,
0xc1,0x08,0xc1,0x08,0xc1,0x08,0xc1,0x08,0xc1,0x08,0xc1,0x08,0xc1,0x08,0xc1,0x08,
0xc1,0x08,0xc1,0x08,0xc1,0x08,0xc1,0x08,0xc1,0x08,0xc1,0x08,0xc1,0x08,0xc1,0x08,
0xc1,0x08,0xc1,0x08,0xc1,0x08,0xc1,0x08,0xc1,0x08,0xc1,0x08,0xc1,0x08,0xc1,0x08,
0xc1,0x08,0xc1,0x08,0xc1,0x08,0xc1,0x08,0xc1,0x08,0xc1,0x08,0x21,0x11,0xc1,0x2b,
0x01,0x2c,0x01,0x2c,0x01,0x2c,0x01,0x2c,0x01,0x2c,0x01,0x2c,0x01,0x2c,0x01,0x2c,
0x01,0x2c,0x01,0x2c,0x01,0x2c,0x01,0x2c,0x01,0x2c,0x01,0x2c,0x01,0x2c,0xa1,0x23,
0x01,0x11,0xc1,0x08,0xc1,0x08,0xe1,0x08,0xa1,0x08,0x01,0x23,0x21,0x2c,0xe1,0x2b,
0x01,0x2c,0x01,0x2c,0x01,0x2c,0x01,0x2c,0x01,0x2c,0x01,0x2c,0x01,0x2c,0x01,0x2c,
0x01,0x2c,0x01,0x2c,0x01,0x2c,0x01,0x2c,0xe1,0x2b,0x21,0x2c,0xe1,0x11,0xa1,0x08,
0x61,0x23,0x21,0x2c,0xe1,0x2b,0x01,0x2c,0x01,0x2c,0x01,0x2c,0x01,0x2c,0x01,0x2c,
0x01,0x2c,0x01,0x2c,0x01,0x2c,0x01,0x2c,0x01,0x2c,0x01,0x2c,0x01,0x2c,0x01,0x2c,
0xe1,0x2b,0x61,0x11,0xa1,0x08,0xe1,0x08,0xc1,0x08,0xc1,0x08,0xc1,0x08,0xc1,0x08,
0xc1,0x08,0xc1,0x08,0xc1,0x08,0xc1,0x08,0xc1,0x08,0xc1,0x08,0xc1,0x08,0xc1,0x08,
0xc1,0x08,0xc1,0x08,0xc1,0x08,0xc1,0x08,0xc1,0x08,0xc1,0x08,0xc1,0x08,0xc1,0x08,
0xc1,0x08,0xc1,0x08,0xc1,0x08,0xc1,0x08,0xc1,0x08,0xc1,0x08,0xc1,0x08,0xe1,0x08,
0xa1,0x08,0xe1,0x11,0x21,0x2c,0xe1,0x2b,0x01,0x2c,0x01,0x2c,0x01,0x2c,0x01,0x2c,
0xe1,0x2b,0x21,0x2c,0x81,0x1a,0xa1,0x08,0xe1,0x08,0xc1,0x08,0xc1,0x08,0xe1,0x08,
0xa1,0x08,0x61,0x1a,0x21,0x2c,0xe1,0x2b,0x01,0x2c,0x01,0x2c,0x01,0x2c,0xe1,0x2b,
0x01,0x2c,0x81,0x23,0xe1,0x08,0xc1,0x08,0xc1,0x08,0xc1,0x08,0xc1,0x08,0xc1,0x08,
0xc1,0x08,0xc1,0x08,0xc1,0x08,0xc1,0x08,0xc1,0x08,0xc1,0x08,0xc1,0x08,0xc1,0x08,
0xc1,0x08,0xc1,0x08,0xe1,0x08,0xa1,0x08,0xc1,0x11,0x01,0x2c,0xe1,0x2b,0x01,0x2c,
0x01,0x2c,0x01,0x2c,0x01,0x2c,0xe1,0x2b,0x41,0x11,0xc1,0x08,0xe1,0x08,0xc1,0x08,
0xe1,0x08,0xc1,0x08,0x21,0x11,0xe1,0x2b,0x01,0x2c,0x01,0x2c,0x01,0x2c,0x01,0x2c,
0x01,0x2c,0xe1,0x2b,0x21,0x2c,0x61,0x23,0xe1,0x08,0xc1,0x08,0xc1,0x08,0xc1,0x08,
0xc1,0x08,0xc1,0x08,0xc1,0x08,0xc1,0x08,0xc1,0x08,0xc1,0x08,0xe1,0x08,0xa1,0x08,
0x21,0x1a,0x21,0x2c,0xe1,0x2b,0x01,0x2c,0x01,0x2c,0x01,0x2c,0x01,0x2c,0xe1,0x2b,
0x21,0x2c,0xa1,0x1a,0xa1,0x08,0xe1,0x08,0xc1,0x08,0xc1,0x08,0xc1,0x08,0xc1,0x08,
0xc1,0x08,0xc1,0x08,0xc1,0x08,0xc1,0x08,0xc1,0x08,0xc1,0x08,0xc1,0x08,0xc1,0x08,
0xc1,0x08,0xc1,0x08,0xc1,0x08,0xc1,0x08,0xc1,0x08,0xc1,0x08,0xe1,0x08,0xc1,0x08,
0x21,0x11,0xc1,0x2b,0x01,0x2c,0x01,0x2c,0x01,0x2c,0x01,0x2c,0x01,0x2c,0xe1,0x2b,
0x01,0x2c,0xa1,0x23,0x01,0x09,0xc1,0x08,0xc1,0x08,0xc1,0x08,0xc1,0x08,0xc1,0x08,
0xc1,0x08,0xc1,0x08,0xc1,0x08,0xc1,0x08,0xc1,0x08,0xc1,0x08,0xc1,0x08,0x41,0x23,
0x21,0x2c,0xe1,0x2b,0x01,0x2c,0x01,0x2c,0x01,0x2c,0x01,0x2c,0x01,0x2c,0xe1,0x2b,
0x21,0x2c,0x61,0x23,0xc1,0x08,0xc1,0x08,0xc1,0x08,0xc1,0x08,0xc1,0x08,0xc1,0x08,
0xc1,0x08,0xc1,0x08,0xc1,0x08,0xc1,0x08,0xc1,0x08,0xc1,0x08,0xc1,0x08,0xc1,0x08,
0xc1,0x08,0xc1,0x08,0xc1,0x08,0xc1,0x08,0xe1,0x08,0xa1,0x08,0x41,0x1a,0x21,0x2c,
0xe1,0x2b,0x01,0x2c,0x01,0x2c,0x01,0x2c,0x01,0x2c,0xe1,0x2b,0x21,0x2c,0x21,0x23,
0xc1,0x08,0xc1,0x08,0xc1,0x08,0xc1,0x08,0xc1,0x08,0xc1,0x08,0xc1,0x08,0xc1,0x08,
0xc1,0x08,0xc1,0x08,0xc1,0x08,0xc1,0x08,0xc1,0x08,0xe1,0x10,0x82,0xc4,0x82,0xf5,
0x42,0xe5,0x42,0xed,0x42,0xed,0x42,0xed,0x42,0xed,0x42,0xe5,0xa2,0xfd,0x81,0x5a,
0x81,0x00,0xe1,0x10,0xe1,0x10,0xe1,0x10,0xe1,0x10,0xe1,0x10,0xe1,0x10,0xe1,0x10,
0xe1,0x10,0xe1,0x10,0xe1,0x10,0xe1,0x10,0xe1,0x10,0xe1,0x10,0xe1,0x10,0xe1,0x10,
0xe1,0x10,0xe1,0x10,0xe1,0x10,0xe1,0x10,0xe1,0x08,0xc1,0x08,0xc1,0x08,0xa1,0x00,
0x81,0x00,0xa1,0x00,0x61,0x29,0x01,0x7b,0x02,0xdd,0x82,0xf5,0x42,0xe5,0x42,0xed,
0x42,0xed,0x42,0xed,0x42,0xed,0x42,0xed,0x42,0xed,0x42,0xed,0x42,0xe5,0x82,0xf5,
0x41,0x52,0x81,0x00,0xe1,0x10,0xc1,0x08,0xc1,0x08,0xc1,0x08,0xc1,0x08,0xc1,0x08,
0xc1,0x08,0xc1,0x08,0xc1,0x08,0xe1,0x10,0x81,0x00,0x01,0x7b,0xa2,0xfd,0x42,0xe5,
0x42,0xed,0x42,0xed,0x42,0xed,0x42,0xed,0x42,0xed,0x42,0xed,0x42,0xed,0x82,0xf5,
0x41,0x52,0x81,0x00,0xe1,0x10,0xc1,0x08,0xc1,0x08,0xc1,0x08,0xc1,0x08,0xc1,0x08,
0xc1,0x08,0xc1,0x08,0xc1,0x08,0xc1,0x08,0xc1,0x08,0xc1,0x08,0xc1,0x08,0xc1,0x08,
0xc1,0x08,0xc1,0x08,0xe1,0x08,0xa1,0x08,0x61,0x21,0x22,0xdd,0x62,0xed,0x42,0xed,
0x42,0xed,0x42,0xed,0x42,0xed,0x42,0xed,0x42,0xe5,0x82,0xf5,0xc2,0x9b,0x81,0x00,
0xe1,0x10,0xc1,0x08,0xc1,0x08,0xc1,0x08,0xc1,0x08,0xc1,0x08,0xc1,0x08,0xc1,0x08,
0xc1,0x08,0xc1,0x08,0xc1,0x08,0xc1,0x08,0xc1,0x08,0xc1,0x08,0xc1,0x08,0xc1,0x08,
0xc1,0x08,0xc1,0x08,0xc1,0x08,0xe1,0x10,0x81,0x00,0x21,0x52,0x82,0xf5,0x42,0xed,
0x42,0xed,0x42,0xed,0x42,0xed,0x42,0xed,0x42,0xed,0x42,0xe5,0xa2,0xfd,0xc1,0x72,
0x81,0x00,0xe1,0x10,0xc1,0x08,0xc1,0x08,0xc1,0x08,0xc1,0x08,0xc1,0x08,0xc1,0x08,
0xc1,0x08,0xc1,0x08,0xc1,0x08,0xc1,0x08,0xc1,0x08,0xc1,0x08,0xc1,0x08,0xc1,0x08,
0xc1,0x08,0xc1,0x08,0xc1,0x08,0xc1,0x08,0xc1,0x08,0xc1,0x08,0xc1,0x08,0xc1,0x08,
0xc1,0x08,0xc1,0x08,0xc1,0x08,0xc1,0x08,0xc1,0x08,0xc1,0x08,0xc1,0x08,0xc1,0x08,
0xc1,0x08,0xc1,0x08,0xc1,0x08,0xc1,0x08,0xc1,0x08,0xc1,0x08,0xc1,0x08,0xc1,0x08,
0xc1,0x08,0xc1,0x08,0xc1,0x08,0xc1,0x08,0xc1,0x08,0xc1,0x08,0xc1,0x08,0xc1,0x08,
0xc1,0x08,0xc1,0x08,0xc1,0x08,0xc1,0x08,0xc1,0x08,0xc1,0x08,0xc1,0x08,0xc1,0x08,
0xc1,0x08,0xc1,0x08,0xc1,0x08,0xc1,0x08,0xe1,0x08,0xa1,0x08,0x61,0x1a,0x21,0x2c,
0xe1,0x2b,0x01,0x2c,0x01,0x2c,0x01,0x2c,0x01,0x2c,0x01,0x2c,0x01,0x2c,0x01,0x2c,
0x01,0x2c,0x01,0x2c,0x01,0x2c,0x01,0x2c,0x01,0x2c,0xe1,0x2b,0x21,0x2c,0x61,0x1a,
0xa1,0x08,0xe1,0x08,0xe1,0x08,0xa1,0x08,0x81,0x11,0x01,0x2c,0x01,0x2c,0x01,0x2c,
0x01,0x2c,0x01,0x2c,0x01,0x2c,0x01,0x2c,0x01,0x2c,0x01,0x2c,0x01,0x2c,0x01,0x2c,
0x01,0x2c,0x01,0x2c,0x01,0x2c,0xe1,0x2b,0x21,0x2c,0x61,0x23,0xe1,0x08,0xa1,0x08,
0x01,0x1a,0x21,0x2c,0xe1,0x2b,0x01,0x2c,0x01,0x2c,0x01,0x2c,0x01,0x2c,0x01,0x2c,
0x01,0x2c,0x01,0x2c,0x01,0x2c,0x01,0x2c,0x01,0x2c,0x01,0x2c,0x01,0x2c,0xe1,0x2b,
0x21,0x2c,0xc1,0x1a,0xa1,0x08,0xe1,0x08,0xc1,0x08,0xc1,0x08,0xc1,0x08,0xc1,0x08,
0xc1,0x08,0xc1,0x08,0xc1,0x08,0xc1,0x08,0xc1,0x08,0xc1,0x08,0xc1,0x08,0xc1,0x08,
0xc1,0x08,0xc1,0x08,0xc1,0x08,0xc1,0x08,0xc1,0x08,0xc1,0x08,0xc1,0x08,0xc1,0x08,
0xc1,0x08,0xc1,0x08,0xc1,0x08,0xc1,0x08,0xc1,0x08,0xc1,0x08,0xc1,0x08,0xe1,0x08,
0xa1,0x08,0xe1,0x11,0x21,0x2c,0xe1,0x2b,0x01,0x2c,0x01,0x2c,0x01,0x2c,0x01,0x2c,
0xe1,0x2b,0x21,0x2c,0x81,0x1a,0xa1,0x08,0xe1,0x08,0xc1,0x08,0xc1,0x08,0xe1,0x08,
0xa1,0x08,0x61,0x11,0xe1,0x2b,0x01,0x2c,0x01,0x2c,0x01,0x2c,0x01,0x2c,0x01,0x2c,
0x01,0x2c,0x01,0x2c,0xa1,0x11,0xa1,0x08,0xe1,0x08,0xc1,0x08,0xc1,0x08,0xc1,0x08,
0xc1,0x08,0xc1,0x08,0xc1,0x08,0xc1,0x08,0xc1,0x08,0xc1,0x08,0xc1,0x08,0xc1,0x08,
0xc1,0x08,0xc1,0x08,0xe1,0x08,0xa1,0x08,0xc1,0x1a,0x21,0x2c,0xe1,0x2b,0x01,0x2c,
0x01,0x2c,0xe1,0x2b,0x21,0x2c,0x41,0x23,0xc1,0x08,0xc1,0x08,0xc1,0x08,0xc1,0x08,
0xe1,0x08,0xc1,0x08,0x21,0x11,0xe1,0x2b,0x01,0x2c,0x01,0x2c,0x01,0x2c,0x01,0x2c,
0x01,0x2c,0xe1,0x2b,0x21,0x2c,0x61,0x23,0xe1,0x08,0xc1,0x08,0xc1,0x08,0xc1,0x08,
0xc1,0x08,0xc1,0x08,0xc1,0x08,0xc1,0x08,0xc1,0x08,0xc1,0x08,0xe1,0x08,0xc1,0x08,
0x01,0x23,0x21,0x2c,0xe1,0x2b,0xe1,0x2b,0xe1,0x2b,0xe1,0x2b,0xe1,0x2b,0xe1,0x2b,
0x01,0x2c,0x61,0x11,0xa1,0x08,0xe1,0x08,0xc1,0x08,0xc1,0x08,0xc1,0x08,0xc1,0x08,
0xc1,0x08,0xc1,0x08,0xc1,0x08,0xc1,0x08,0xc1,0x08,0xc1,0x08,0xc1,0x08,0xc1,0x08,
0xc1,0x08,0xc1,0x08,0xc1,0x08,0xc1,0x08,0xc1,0x08,0xc1,0x08,0xc1,0x08,0xc1,0x08,
0xc1,0x08,0x41,0x23,0x21,0x2c,0xe1,0x2b,0x01,0x2c,0x01,0x2c,0x01,0x2c,0x01,0x2c,
0x01,0x2c,0xa1,0x2b,0x01,0x11,0xc1,0x08,0xe1,0x08,0xc1,0x08,0xc1,0x08,0xc1,0x08,
0xc1,0x08,0xc1,0x08,0xc1,0x08,0xc1,0x08,0xc1,0x08,0xc1,0x08,0xc1,0x08,0x41,0x23,
0x21,0x2c,0xe1,0x2b,0x01,0x2c,0x01,0x2c,0x01,0x2c,0x01,0x2c,0x01,0x2c,0xe1,0x2b,
0x21,0x2c,0x01,0x1a,0xa1,0x08,0xe1,0x08,0xc1,0x08,0xc1,0x08,0xc1,0x08,0xc1,0x08,
0xc1,0x08,0xc1,0x08,0xc1,0x08,0xc1,0x08,0xc1,0x08,0xc1,0x08,0xc1,0x08,0xc1,0x08,
0xc1,0x08,0xc1,0x08,0xc1,0x08,0xc1,0x08,0xe1,0x08,0xa1,0x08,0x61,0x11,0x01,0x2c,
0x01,0x2c,0x01,0x2c,0x01,0x2c,0x01,0x2c,0x01,0x2c,0xe1,0x2b,0x21,0x2c,0x61,0x23,
0xc1,0x08,0xc1,0x08,0xc1,0x08,0xc1,0x08,0xc1,0x08,0xc1,0x08,0xc1,0x08,0xc1,0x08,
0xc1,0x08,0xc1,0x08,0xc1,0x08,0xc1,0x08,0xc1,0x08,0xe1,0x10,0x82,0xc4,0x82,0xf5,
0x42,0xe5,0x42,0xed,0x42,0xed,0x42,0xed,0x42,0xed,0x42,0xe5,0xa2,0xfd,0x41,0x52,
0x41,0x00,0xa1,0x00,0xa1,0x00,0xa1,0x00,0xa1,0x00,0xa1,0x00,0xa1,0x00,0xa1,0x00,
0xa1,0x00,0xa1,0x00,0xa1,0x00,0xa1,0x00,0xa1,0x00,0xa1,0x00,0xa1,0x00,0xa1,0x00,
0xa1,0x00,0xa1,0x00,0xa1,0x00,0xa1,0x00,0xa1,0x00,0xe1,0x10,0x21,0x19,0xa1,0x39,
0x81,0x62,0xe2,0xa3,0x22,0xe5,0xa2,0xf5,0x62,0xed,0x42,0xe5,0x42,0xed,0x42,0xed,
0x42,0xed,0x42,0xed,0x42,0xed,0x42,0xed,0x42,0xed,0x42,0xe5,0x82,0xf5,0x22,0xac,
0xa1,0x08,0xe1,0x08,0xc1,0x08,0xc1,0x08,0xc1,0x08,0xc1,0x08,0xc1,0x08,0xc1,0x08,
0xc1,0x08,0xc1,0x08,0xc1,0x08,0xe1,0x10,0x81,0x00,0x01,0x7b,0xa2,0xfd,0x42,0xe5,
0x42,0xed,0x42,0xed,0x42,0xed,0x42,0xed,0x42,0xed,0x42,0xe5,0x82,0xf5,0x82,0xc4,
0xc1,0x08,0xc1,0x08,0xc1,0x08,0xc1,0x08,0xc1,0x08,0xc1,0x08,0xc1,0x08,0xc1,0x08,
0xc1,0x08,0xc1,0x08,0xc1,0x08,0xc1,0x08,0xc1,0x08,0xc1,0x08,0xc1,0x08,0xc1,0x08,
0xc1,0x08,0xc1,0x08,0xe1,0x10,0x81,0x00,0xc1,0x6a,0x82,0xf5,0x42,0xe5,0x42,0xed,
0x42,0xed,0x42,0xed,0x42,0xed,0x42,0xed,0x62,0xed,0x22,0xe5,0x61,0x29,0xa1,0x08,
0xe1,0x10,0xc1,0x08,0xc1,0x08,0xc1,0x08,0xc1,0x08,0xc1,0x08,0xc1,0x08,0xc1,0x08,
0xc1,0x08,0xc1,0x08,0xc1,0x08,0xc1,0x08,0xc1,0x08,0xc1,0x08,0xc1,0x08,0xc1,0x08,
0xc1,0x08,0xc1,0x08,0xc1,0x08,0xc1,0x08,0xe1,0x10,0xa1,0x00,0xe2,0xa3,0x82,0xf5,
0x42,0xe5,0x42,0xed,0x42,0xed,0x42,0xed,0x42,0xed,0x42,0xe5,0x82,0xf5,0x82,0xc4,
0xc1,0x08,0xc1,0x08,0xc1,0x08,0xc1,0x08,0xc1,0x08,0xc1,0x08,0xc1,0x08,0xc1,0x08,
0xc1,0x08,0xc1,0x08,0xc1,0x08,0xc1,0x08,0xc1,0x08,0xc1,0x08,0xc1,0x08,0xc1,0x08,
0xc1,0x08,0xc1,0x08,0xc1,0x08,0xc1,0x08,0xc1,0x08,0xc1,0x08,0xc1,0x08,0xc1,0x08,
0xc1,0x08,0xc1,0x08,0xc1,0x08,0xc1,0x08,0xc1,0x08,0xc1,0x08,0xc1,0x08,0xc1,0x08,
0xc1,0x08,0xc1,0x08,0xc1,0x08,0xc1,0x08,0xc1,0x08,0xc1,0x08,0xc1,0x08,0xc1,0x08,
0xc1,0x08,0xc1,0x08,0xc1,0x08,0xc1,0x08,0xc1,0x08,0xc1,0x08,0xc1,0x08,0xc1,0x08,
0xc1,0x08,0xc1,0x08,0xc1,0x08,0xc1,0x08,0xc1,0x08,0xc1,0x08,0xc1,0x08,0xc1,0x08,
0xc1,0x08,0xc1,0x08,0xc1,0x08,0xe1,0x08,0xc1,0x08,0x01,0x11,0xa1,0x23,0x01,0x2c,
0xe1,0x2b,0x01,0x2c,0x01,0x2c,0x01,0x2c,0x01,0x2c,0x01,0x2c,0x01,0x2c,0x01,0x2c,
0x01,0x2c,0x01,0x2c,0x01,0x2c,0x01,0x2c,0xe1,0x2b,0x01,0x2c,0xc1,0x2b,0x21,0x11,
0xc1,0x08,0xe1,0x08,0xe1,0x08,0xa1,0x08,0xc1,0x1a,0x21,0x2c,0xe1,0x2b,0x01,0x2c,
0x01,0x2c,0x01,0x2c,0x01,0x2c,0x01,0x2c,0x01,0x2c,0x01,0x2c,0x01,0x2c,0x01,0x2c,
0x01,0x2c,0x01,0x2c,0x01,0x2c,0xe1,0x2b,0x21,0x2c,0x01,0x1a,0xa1,0x08,0xe1,0x08,
0xe1,0x08,0x81,0x23,0x01,0x2c,0xe1,0x2b,0x01,0x2c,0x01,0x2c,0x01,0x2c,0x01,0x2c,
0x01,0x2c,0x01,0x2c,0x01,0x2c,0x01,0x2c,0x01,0x2c,0x01,0x2c,0x01,0x2c,0x01,0x2c,
0x01,0x2c,0xe1,0x2b,0x41,0x11,0xc1,0x08,0xe1,0x08,0xc1,0x08,0xc1,0x08,0xc1,0x08,
0xc1,0x08,0xc1,0x08,0xc1,0x08,0xc1,0x08,0xc1,0x08,0xc1,0x08,0xc1,0x08,0xc1,0x08,
0xc1,0x08,0xc1,0x08,0xc1,0x08,0xc1,0x08,0xc1,0x08,0xc1,0x08,0xc1,0x08,0xc1,0x08,
0xc1,0x08,0xc1,0x08,0xc1,0x08,0xc1,0x08,0xc1,0x08,0xc1,0x08,0xc1,0x08,0xe1,0x08,
0xa1,0x08,0xe1,0x11,0x21,0x2c,0xe1,0x2b,0x01,0x2c,0x01,0x2c,0x01,0x2c,0x01,0x2c,
0xe1,0x2b,0x21,0x2c,0x81,0x1a,0xa1,0x08,0xe1,0x08,0xc1,0x08,0xc1,0x08,0xc1,0x08,
0xc1,0x08,0xc1,0x08,0x61,0x23,0x21,0x2c,0xe1,0x2b,0x01,0x2c,0x01,0x2c,0x01,0x2c,
0xe1,0x2b,0x21,0x2c,0x81,0x1a,0xa1,0x08,0xe1,0x08,0xc1,0x08,0xc1,0x08,0xc1,0x08,
0xc1,0x08,0xc1,0x08,0xc1,0x08,0xc1,0x08,0xc1,0x08,0xc1,0x08,0xc1,0x08,0xc1,0x08,
0xc1,0x08,0xc1,0x08,0xc1,0x08,0x01,0x09,0xa1,0x23,0x01,0x2c,0xe1,0x2b,0x01,0x2c,
0x01,0x2c,0xe1,0x2b,0x21,0x2c,0x21,0x1a,0xa1,0x08,0xe1,0x08,0xc1,0x08,0xc1,0x08,
0xe1,0x08,0xc1,0x08,0x21,0x11,0xe1,0x2b,0x01,0x2c,0x01,0x2c,0x01,0x2c,0x01,0x2c,
0x01,0x2c,0xe1,0x2b,0x21,0x2c,0x61,0x23,0xe1,0x08,0xc1,0x08,0xc1,0x08,0xc1,0x08,
0xc1,0x08,0xc1,0x08,0xc1,0x08,0xc1,0x08,0xc1,0x08,0xc1,0x08,0xc1,0x08,0xe1,0x08,
0x21,0x23,0xe1,0x2b,0x01,0x2c,0x21,0x2c,0x21,0x2c,0x21,0x2c,0x21,0x2c,0x21,0x2c,
0x61,0x23,0xe1,0x08,0xc1,0x08,0xc1,0x08,0xc1,0x08,0xc1,0x08,0xc1,0x08,0xc1,0x08,
0xc1,0x08,0xc1,0x08,0xc1,0x08,0xc1,0x08,0xc1,0x08,0xc1,0x08,0xc1,0x08,0xc1,0x08,
0xc1,0x08,0xc1,0x08,0xc1,0x08,0xc1,0x08,0xc1,0x08,0xc1,0x08,0xc1,0x08,0xe1,0x08,
0xa1,0x08,0xe1,0x22,0x21,0x2c,0xe1,0x2b,0x01,0x2c,0x01,0x2c,0x01,0x2c,0x01,0x2c,
0x01,0x2c,0xc1,0x2b,0x21,0x11,0xc1,0x08,0xe1,0x08,0xc1,0x08,0xc1,0x08,0xc1,0x08,
0xc1,0x08,0xc1,0x08,0xc1,0x08,0xc1,0x08,0xc1,0x08,0xc1,0x08,0xc1,0x08,0x41,0x23,
0x21,0x2c,0xe1,0x2b,0x01,0x2c,0x01,0x2c,0x01,0x2c,0x01,0x2c,0xe1,0x2b,0x01,0x2c,
0xa1,0x23,0x01,0x11,0xc1,0x08,0xc1,0x08,0xc1,0x08,0xc1,0x08,0xc1,0x08,0xc1,0x08,
0xc1,0x08,0xc1,0x08,0xc1,0x08,0xc1,0x08,0xc1,0x08,0xc1,0x08,0xc1,0x08,0xc1,0x08,
0xc1,0x08,0xc1,0x08,0xc1,0x08,0xc1,0x08,0xc1,0x08,0xc1,0x08,0x01,0x09,0xa1,0x23,
0x01,0x2c,0xe1,0x2b,0x01,0x2c,0x01,0x2c,0x01,0x2c,0xe1,0x2b,0x01,0x2c,0x81,0x23,
0xe1,0x08,0xc1,0x08,0xc1,0x08,0xc1,0x08,0xc1,0x08,0xc1,0x08,0xc1,0x08,0xc1,0x08,
0xc1,0x08,0xc1,0x08,0xc1,0x08,0xc1,0x08,0xc1,0x08,0xe1,0x10,0x82,0xc4,0x82,0xf5,
0x42,0xe5,0x42,0xed,0x42,0xed,0x42,0xed,0x42,0xed,0x42,0xe5,0x62,0xed,0x22,0xb4,
0x61,0x8b,0x81,0x93,0x81,0x93,0x81,0x93,0x81,0x93,0x81,0x93,0x81,0x93,0x81,0x93,
0x81,0x93,0x81,0x93,0x81,0x93,0x81,0x93,0x81,0x93,0x81,0x93,0x81,0x93,0x81,0x93,
0x81,0x93,0x81,0x93,0xa1,0x93,0xc2,0xa3,0x02,0xac,0x62,0xbc,0xe2,0xd4,0x42,0xed,
0xa2,0xf5,0x82,0xf5,0x62,0xed,0x42,0xe5,0x42,0xed,0x42,0xed,0x42,0xed,0x42,0xed,
0x42,0xed,0x42,0xed,0x42,0xed,0x42,0xed,0x42,0xe5,0x62,0xed,0x22,0xe5,0x61,0x29,
0xa1,0x00,0xe1,0x10,0xc1,0x08,0xc1,0x08,0xc1,0x08,0xc1,0x08,0xc1,0x08,0xc1,0x08,
0xc1,0x08,0xc1,0x08,0xc1,0x08,0xe1,0x10,0x81,0x00,0x01,0x7b,0xa2,0xfd,0x42,0xe5,
0x42,0xed,0x42,0xed,0x42,0xed,0x42,0xed,0x42,0xed,0x42,0xe5,0xa2,0xfd,0x01,0x7b,
0x81,0x00,0xe1,0x10,0xc1,0x08,0xc1,0x08,0xc1,0x08,0xc1,0x08,0xc1,0x08,0xc1,0x08,
0xc1,0x08,0xc1,0x08,0xc1,0x08,0xc1,0x08,0xc1,0x08,0xc1,0x08,0xc1,0x08,0xc1,0x08,
0xc1,0x08,0xc1,0x08,0xe1,0x08,0xa1,0x08,0x02,0xac,0x82,0xf5,0x42,0xe5,0x42,0xed,
0x42,0xed,0x42,0xed,0x42,0xed,0x42,0xe5,0xa2,0xfd,0x61,0x8b,0x81,0x00,0xe1,0x10,
0xc1,0x08,0xc1,0x08,0xc1,0x08,0xc1,0x08,0xc1,0x08,0xc1,0x08,0xc1,0x08,0xc1,0x08,
0xc1,0x08,0xc1,0x08,0xc1,0x08,0xc1,0x08,0xc1,0x08,0xc1,0x08,0xc1,0x08,0xc1,0x08,
0xc1,0x08,0xc1,0x08,0xc1,0x08,0xc1,0x08,0xe1,0x10,0xa1,0x00,0xe1,0x41,0x62,0xed,
0x42,0xed,0x42,0xed,0x42,0xed,0x42,0xed,0x42,0xed,0x42,0xed,0x42,0xed,0x62,0xed,
0xc1,0x39,0xa1,0x00,0xe1,0x10,0xc1,0x08,0xc1,0x08,0xc1,0x08,0xc1,0x08,0xc1,0x08,
0xc1,0x08,0xc1,0x08,0xc1,0x08,0xc1,0x08,0xc1,0x08,0xc1,0x08,0xc1,0x08,0xc1,0x08,
0xc1,0x08,0xc1,0x08,0xc1,0x08,0xc1,0x08,0xc1,0x08,0xc1,0x08,0xc1,0x08,0xc1,0x08,
0xc1,0x08,0xc1,0x08,0xc1,0x08,0xc1,0x08,0xc1,0x08,0xc1,0x08,0xc1,0x08,0xc1,0x08,
0xc1,0x08,0xc1,0x08,0xc1,0x08,0xc1,0x08,0xc1,0x08,0xc1,0x08,0xc1,0x08,0xc1,0x08,
0xc1,0x08,0xc1,0x08,0xc1,0x08,0xc1,0x08,0xc1,0x08,0xc1,0x08,0xc1,0x08,0xc1,0x08,
0xc1,0x08,0xc1,0x08,0xc1,0x08,0xc1,0x08,0xc1,0x08,0xc1,0x08,0xc1,0x08,0xc1,0x08,
0xc1,0x08,0xc1,0x08,0xc1,0x08,0xe1,0x08,0xa1,0x08,0x41,0x1a,0x21,0x2c,0xe1,0x2b,
0x01,0x2c,0x01,0x2c,0x01,0x2c,0x01,0x2c,0x01,0x2c,0x01,0x2c,0x01,0x2c,0x01,0x2c,
0x01,0x2c,0x01,0x2c,0x01,0x2c,0x01,0x2c,0xe1,0x2b,0x21,0x2c,0x81,0x1a,0xa1,0x08,
0xe1,0x08,0xe1,0x08,0xc1,0x08,0x41,0x11,0xe1,0x2b,0x01,0x2c,0x01,0x2c,0x01,0x2c,
0x01,0x2c,0x01,0x2c,0x01,0x2c,0x01,0x2c,0x01,0x2c,0x01,0x2c,0x01,0x2c,0x01,0x2c,
0x01,0x2c,0x01,0x2c,0xe1,0x2b,0x21,0x2c,0x81,0x23,0xe1,0x08,0xc1,0x08,0xe1,0x08,
0xa1,0x08,0x21,0x1a,0x21,0x2c,0xe1,0x2b,0x01,0x2c,0x01,0x2c,0x01,0x2c,0x01,0x2c,
0x01,0x2c,0x01,0x2c,0x01,0x2c,0x01,0x2c,0x01,0x2c,0x01,0x2c,0x01,0x2c,0x01,0x2c,
0xe1,0x2b,0x21,0x2c,0xa1,0x1a,0xa1,0x08,0xe1,0x08,0xc1,0x08,0xc1,0x08,0xc1,0x08,
0xc1,0x08,0xc1,0x08,0xc1,0x08,0xc1,0x08,0xc1,0x08,0xc1,0x08,0xc1,0x08,0xc1,0x08,
0xc1,0x08,0xc1,0x08,0xc1,0x08,0xc1,0x08,0xc1,0x08,0xc1,0x08,0xc1,0x08,0xc1,0x08,
0xc1,0x08,0xc1,0x08,0xc1,0x08,0xc1,0x08,0xc1,0x08,0xc1,0x08,0xc1,0x08,0xe1,0x08,
0xa1,0x08,0xe1,0x11,0x21,0x2c,0xe1,0x2b,0x01,0x2c,0x01,0x2c,0x01,0x2c,0x01,0x2c,
0xe1,0x2b,0x21,0x2c,0x81,0x1a,0xa1,0x08,0xe1,0x08,0xc1,0x08,0xc1,0x08,0xc1,0x08,
0xe1,0x08,0xa1,0x08,0x61,0x1a,0x21,0x2c,0xe1,0x2b,0x01,0x2c,0x01,0x2c,0x01,0x2c,
0xe1,0x2b,0x21,0x2c,0x61,0x23,0xc1,0x08,0xc1,0x08,0xc1,0x08,0xc1,0x08,0xc1,0x08,
0xc1,0x08,0xc1,0x08,0xc1,0x08,0xc1,0x08,0xc1,0x08,0xc1,0x08,0xc1,0x08,0xc1,0x08,
0xc1,0x08,0xe1,0x08,0xa1,0x08,0xc1,0x11,0x21,0x2c,0xe1,0x2b,0x01,0x2c,0x01,0x2c,
0x01,0x2c,0x01,0x2c,0xe1,0x2b,0x41,0x11,0xc1,0x08,0xe1,0x08,0xc1,0x08,0xc1,0x08,
0xe1,0x08,0xc1,0x08,0x21,0x11,0xe1,0x2b,0x01,0x2c,0x01,0x2c,0x01,0x2c,0x01,0x2c,
0x01,0x2c,0xe1,0x2b,0x21,0x2c,0x61,0x23,0xe1,0x08,0xc1,0x08,0xc1,0x08,0xc1,0x08,
0xc1,0x08,0xc1,0x08,0xc1,0x08,0xc1,0x08,0xc1,0x08,0xc1,0x08,0xc1,0x08,0xc1,0x08,
0xe1,0x08,0x21,0x11,0x81,0x11,0x01,0x1a,0x61,0x1a,0xe1,0x22,0x21,0x23,0xc1,0x2b,
0x81,0x1a,0xa1,0x08,0xe1,0x08,0xc1,0x08,0xc1,0x08,0xc1,0x08,0xc1,0x08,0xc1,0x08,
0xc1,0x08,0xc1,0x08,0xc1,0x08,0xc1,0x08,0xc1,0x08,0xc1,0x08,0xc1,0x08,0xc1,0x08,
0xc1,0x08,0xc1,0x08,0xc1,0x08,0xc1,0x08,0xc1,0x08,0xc1,0x08,0xc1,0x08,0xe1,0x08,
0xa1,0x08,0xa1,0x1a,0x21,0x2c,0xe1,0x2b,0x01,0x2c,0x01,0x2c,0x01,0x2c,0x01,0x2c,
0x01,0x2c,0xe1,0x2b,0x41,0x11,0xc1,0x08,0xe1,0x08,0xc1,0x08,0xc1,0x08,0xc1,0x08,
0xc1,0x08,0xc1,0x08,0xc1,0x08,0xc1,0x08,0xc1,0x08,0xc1,0x08,0xc1,0x08,0x41,0x23,
0x21,0x2c,0xe1,0x2b,0x01,0x2c,0x01,0x2c,0x01,0x2c,0x01,0x2c,0xe1,0x2b,0x21,0x2c,
0xe1,0x22,0xa1,0x08,0xe1,0x08,0xc1,0x08,0xc1,0x08,0xc1,0x08,0xc1,0x08,0xc1,0x08,
0xc1,0x08,0xc1,0x08,0xc1,0x08,0xc1,0x08,0xc1,0x08,0xc1,0x08,0xc1,0x08,0xc1,0x08,
0xc1,0x08,0xc1,0x08,0xc1,0x08,0xc1,0x08,0xc1,0x08,0xc1,0x08,0xc1,0x08,0x41,0x23,
0x21,0x2c,0xe1,0x2b,0x01,0x2c,0x01,0x2c,0x01,0x2c,0xe1,0x2b,0x01,0x2c,0xa1,0x23,
0x01,0x09,0xc1,0x08,0xc1,0x08,0xc1,0x08,0xc1,0x08,0xc1,0x08,0xc1,0x08,0xc1,0x08,
0xc1,0x08,0xc1,0x08,0xc1,0x08,0xc1,0x08,0xc1,0x08,0xe1,0x10,0x82,0xc4,0x82,0xf5,
0x42,0xe5,0x42,0xed,0x42,0xed,0x42,0xed,0x42,0xed,0x42,0xed,0x42,0xed,0x82,0xf5,
0xa2,0xf5,0x82,0xf5,0xa2,0xf5,0xa2,0xf5,0xa2,0xf5,0xa2,0xf5,0xa2,0xf5,0xa2,0xf5,
0xa2,0xf5,0xa2,0xf5,0xa2,0xf5,0xa2,0xf5,0xa2,0xf5,0xa2,0xf5,0xa2,0xf5,0xa2,0xf5,
0xa2,0xf5,0xa2,0xf5,0x82,0xf5,0x82,0xf5,0x82,0xf5,0x82,0xf5,0x62,0xed,0x42,0xed,
0x42,0xe5,0x42,0xe5,0x42,0xed,0x42,0xed,0x42,0xed,0x42,0xed,0x42,0xed,0x42,0xed,
0x42,0xed,0x42,0xed,0x42,0xed,0x42,0xed,0x42,0xe5,0x82,0xf5,0x81,0x5a,0x81,0x00,
0xe1,0x10,0xc1,0x08,0xc1,0x08,0xc1,0x08,0xc1,0x08,0xc1,0x08,0xc1,0x08,0xc1,0x08,
0xc1,0x08,0xc1,0x08,0xc1,0x08,0xe1,0x10,0x81,0x00,0x01,0x7b,0xa2,0xfd,0x42,0xe5,
0x42,0xed,0x42,0xed,0x42,0xed,0x42,0xed,0x42,0xed,0x42,0xed,0x62,0xed,0xc1,0x39,
0xa1,0x00,0xe1,0x10,0xc1,0x08,0xc1,0x08,0xc1,0x08,0xc1,0x08,0xc1,0x08,0xc1,0x08,
0xc1,0x08,0xc1,0x08,0xc1,0x08,0xc1,0x08,0xc1,0x08,0xc1,0x08,0xc1,0x08,0xc1,0x08,
0xc1,0x08,0xe1,0x08,0xc1,0x08,0x41,0x21,0x02,0xdd,0x62,0xed,0x42,0xed,0x42,0xed,
0x42,0xed,0x42,0xed,0x42,0xed,0x42,0xed,0x42,0xed,0xa1,0x31,0xa1,0x00,0xe1,0x10,
0xc1,0x08,0xc1,0x08,0xc1,0x08,0xc1,0x08,0xc1,0x08,0xc1,0x08,0xc1,0x08,0xc1,0x08,
0xc1,0x08,0xc1,0x08,0xc1,0x08,0xc1,0x08,0xc1,0x08,0xc1,0x08,0xc1,0x08,0xc1,0x08,
0xc1,0x08,0xc1,0x08,0xc1,0x08,0xc1,0x08,0xc1,0x08,0xe1,0x08,0xc1,0x08,0x42,0xb4,
0x82,0xf5,0x42,0xe5,0x42,0xed,0x42,0xed,0x42,0xed,0x42,0xed,0x42,0xe5,0xa2,0xf5,
0xe1,0x72,0x81,0x00,0xe1,0x10,0xc1,0x08,0xc1,0x08,0xc1,0x08,0xc1,0x08,0xc1,0x08,
0xc1,0x08,0xc1,0x08,0xc1,0x08,0xc1,0x08,0xc1,0x08,0xc1,0x08,0xc1,0x08,0xc1,0x08,
0xc1,0x08,0xc1,0x08,0xc1,0x08,0xc1,0x08,0xc1,0x08,0xc1,0x08,0xc1,0x08,0xc1,0x08,
0xc1,0x08,0xc1,0x08,0xc1,0x08,0xc1,0x08,0xc1,0x08,0xc1,0x08,0xc1,0x08,0xc1,0x08,
0xc1,0x08,0xc1,0x08,0xc1,0x08,0xc1,0x08,0xc1,0x08,0xc1,0x08,0xc1,0x08,0xc1,0x08,
0xc1,0x08,0xc1,0x08,0xc1,0x08,0xc1,0x08,0xc1,0x08,0xc1,0x08,0xc1,0x08,0xc1,0x08,
0xc1,0x08,0xc1,0x08,0xc1,0x08,0xc1,0x08,0xc1,0x08,0xc1,0x08,0xc1,0x08,0xc1,0x08,
0xc1,0x08,0xc1,0x08,0xc1,0x08,0xc1,0x08,0xe1,0x08,0xa1,0x23,0x01,0x2c,0xe1,0x2b,
0x01,0x2c,0x01,0x2c,0x01,0x2c,0x01,0x2c,0x01,0x2c,0x01,0x2c,0x01,0x2c,0x01,0x2c,
0x01,0x2c,0x01,0x2c,0x01,0x2c,0x01,0x2c,0x01,0x2c,0xe1,0x2b,0x41,0x11,0xc1,0x08,
0xe1,0x08,0xe1,0x08,0xa1,0x08,0xa1,0x1a,0x21,0x2c,0xe1,0x2b,0x01,0x2c,0x01,0x2c,
0x01,0x2c,0x01,0x2c,0x01,0x2c,0x01,0x2c,0x01,0x2c,0x01,0x2c,0x01,0x2c,0x01,0x2c,
0x01,0x2c,0x01,0x2c,0xe1,0x2b,0x21,0x2c,0x21,0x1a,0xa1,0x08,0xe1,0x08,0xc1,0x08,
0xc1,0x08,0x01,0x11,0xa1,0x23,0x01,0x2c,0xe1,0x2b,0x01,0x2c,0x01,0x2c,0x01,0x2c,
0x01,0x2c,0x01,0x2c,0x01,0x2c,0x01,0x2c,0x01,0x2c,0x01,0x2c,0x01,0x2c,0x01,0x2c,
0x01,0x2c,0x01,0x2c,0xc1,0x2b,0x21,0x11,0xc1,0x08,0xe1,0x08,0xc1,0x08,0xc1,0x08,
0xc1,0x08,0xc1,0x08,0xc1,0x08,0xc1,0x08,0xc1,0x08,0xc1,0x08,0xc1,0x08,0xc1,0x08,
0xc1,0x08,0xc1,0x08,0xc1,0x08,0xc1,0x08,0xc1,0x08,0xc1,0x08,0xc1,0x08,0xc1,0x08,
0xc1,0x08,0xc1,0x08,0xc1,0x08,0xc1,0x08,0xc1,0x08,0xc1,0x08,0xc1,0x08,0xe1,0x08,
0xa1,0x08,0xe1,0x11,0x21,0x2c,0xe1,0x2b,0x01,0x2c,0x01,0x2c,0x01,0x2c,0x01,0x2c,
0xe1,0x2b,0x21,0x2c,0x81,0x1a,0xa1,0x08,0xe1,0x08,0xc1,0x08,0xc1,0x08,0xc1,0x08,
0xe1,0x08,0xa1,0x08,0x81,0x11,0x01,0x2c,0x01,0x2c,0x01,0x2c,0x01,0x2c,0x01,0x2c,
0x01,0x2c,0x01,0x2c,0x01,0x2c,0x61,0x11,0xa1,0x08,0xe1,0x08,0xc1,0x08,0xc1,0x08,
0xc1,0x08,0xc1,0x08,0xc1,0x08,0xc1,0x08,0xc1,0x08,0xc1,0x08,0xc1,0x08,0xc1,0x08,
0xc1,0x08,0xe1,0x08,0xa1,0x08,0xc1,0x1a,0x21,0x2c,0xe1,0x2b,0x01,0x2c,0x01,0x2c,
0xe1,0x2b,0x21,0x2c,0x21,0x23,0xc1,0x08,0xe1,0x08,0xc1,0x08,0xc1,0x08,0xc1,0x08,
0xe1,0x08,0xc1,0x08,0x21,0x11,0xe1,0x2b,0x01,0x2c,0x01,0x2c,0x01,0x2c,0x01,0x2c,
0x01,0x2c,0xe1,0x2b,0x21,0x2c,0x61,0x23,0xe1,0x08,0xc1,0x08,0xc1,0x08,0xc1,0x08,
0xc1,0x08,0xc1,0x08,0xc1,0x08,0xc1,0x08,0xc1,0x08,0xc1,0x08,0xc1,0x08,0xc1,0x08,
0xc1,0x08,0xc1,0x08,0xa1,0x08,0xa1,0x08,0xa1,0x08,0xa1,0x08,0xc1,0x08,0x01,0x09,
0xe1,0x08,0xc1,0x08,0xc1,0x08,0xc1,0x08,0xc1,0x08,0xc1,0x08,0xc1,0x08,0xc1,0x08,
0xc1,0x08,0xc1,0x08,0xc1,0x08,0xc1,0x08,0xc1,0x08,0xc1,0x08,0xc1,0x08,0xc1,0x08,
0xc1,0x08,0xc1,0x08,0xc1,0x08,0xc1,0x08,0xc1,0x08,0xc1,0x08,0xc1,0x08,0xe1,0x08,
0xa1,0x08,0xa1,0x1a,0x21,0x2c,0xe1,0x2b,0x01,0x2c,0x01,0x2c,0x01,0x2c,0x01,0x2c,
0x01,0x2c,0xe1,0x2b,0x41,0x11,0xc1,0x08,0xe1,0x08,0xc1,0x08,0xc1,0x08,0xc1,0x08,
0xc1,0x08,0xc1,0x08,0xc1,0x08,0xc1,0x08,0xc1,0x08,0xc1,0x08,0xc1,0x08,0x41,0x23,
0x21,0x2c,0xe1,0x2b,0x01,0x2c,0x01,0x2c,0x01,0x2c,0x01,0x2c,0xe1,0x2b,0x21,0x2c,
0x21,0x1a,0xa1,0x08,0xe1,0x08,0xc1,0x08,0xc1,0x08,0xc1,0x08,0xc1,0x08,0xc1,0x08,
0xc1,0x08,0xc1,0x08,0xc1,0x08,0xc1,0x08,0xc1,0x08,0xc1,0x08,0xc1,0x08,0xc1,0x08,
0xc1,0x08,0xc1,0x08,0xc1,0x08,0xc1,0x08,0xc1,0x08,0xe1,0x08,0xa1,0x08,0x01,0x23,
0x21,0x2c,0xe1,0x2b,0x01,0x2c,0x01,0x2c,0x01,0x2c,0x01,0x2c,0x01,0x2c,0xc1,0x2b,
0x21,0x11,0xc1,0x08,0xe1,0x08,0xc1,0x08,0xc1,0x08,0xc1,0x08,0xc1,0x08,0xc1,0x08,
0xc1,0x08,0xc1,0x08,0xc1,0x08,0xc1,0x08,0xc1,0x08,0xe1,0x10,0x82,0xc4,0x82,0xf5,
0x42,0xe5,0x42,0xed,0x42,0xed,0x42,0xed,0x42,0xed,0x42,0xed,0x42,0xed,0x42,0xe5,
0x42,0xe5,0x42,0xe5,0x42,0xe5,0x42,0xe5,0x42,0xe5,0x42,0xe5,0x42,0xe5,0x42,0xe5,
0x42,0xe5,0x42,0xe5,0x42,0xe5,0x42,0xe5,0x42,0xe5,0x42,0xe5,0x42,0xe5,0x42,0xe5,
0x42,0xe5,0x42,0xe5,0x42,0xe5,0x42,0xe5,0x42,0xe5,0x42,0xe5,0x42,0xed,0x42,0xed,
0x42,0xed,0x42,0xed,0x42,0xed,0x42,0xed,0x42,0xed,0x42,0xed,0x42,0xed,0x42,0xed,
0x42,0xed,0x42,0xed,0x42,0xed,0x42,0xe5,0xa2,0xfd,0x21,0x83,0x81,0x00,0xe1,0x10,
0xc1,0x08,0xc1,0x08,0xc1,0x08,0xc1,0x08,0xc1,0x08,0xc1,0x08,0xc1,0x08,0xc1,0x08,
0xc1,0x08,0xc1,0x08,0xc1,0x08,0xe1,0x10,0x81,0x00,0x01,0x7b,0xa2,0xfd,0x42,0xe5,
0x42,0xed,0x42,0xed,0x42,0xed,0x42,0xed,0x42,0xed,0x62,0xed,0xc2,0xcc,0x01,0x19,
0xc1,0x08,0xe1,0x08,0xc1,0x08,0xc1,0x08,0xc1,0x08,0xc1,0x08,0xc1,0x08,0xc1,0x08,
0xc1,0x08,0xc1,0x08,0xc1,0x08,0xc1,0x08,0xc1,0x08,0xc1,0x08,0xc1,0x08,0xc1,0x08,
0xc1,0x08,0xe1,0x10,0x81,0x00,0x21,0x4a,0x82,0xf5,0x42,0xe5,0x42,0xed,0x42,0xed,
0x42,0xed,0x42,0xed,0x42,0xe5,0x82,0xf5,0x62,0xbc,0xc1,0x08,0xc1,0x08,0xc1,0x08,
0xc1,0x08,0xc1,0x08,0xc1,0x08,0xc1,0x08,0xc1,0x08,0xc1,0x08,0xc1,0x08,0xc1,0x08,
0xc1,0x08,0xc1,0x08,0xc1,0x08,0xc1,0x08,0xc1,0x08,0xc1,0x08,0xc1,0x08,0xc1,0x08,
0xc1,0x08,0xc1,0x08,0xc1,0x08,0xc1,0x08,0xc1,0x08,0xe1,0x10,0x81,0x00,0xa1,0x62,
0xa2,0xf5,0x42,0xe5,0x42,0xed,0x42,0xed,0x42,0xed,0x42,0xed,0x42,0xe5,0x82,0xf5,
0x02,0xac,0xa1,0x00,0xe1,0x08,0xc1,0x08,0xc1,0x08,0xc1,0x08,0xc1,0x08,0xc1,0x08,
0xc1,0x08,0xc1,0x08,0xc1,0x08,0xc1,0x08,0xc1,0x08,0xc1,0x08,0xc1,0x08,0xc1,0x08,
0xc1,0x08,0xc1,0x08,0xc1,0x08,0xc1,0x08,0xc1,0x08,0xc1,0x08,0xc1,0x08,0xc1,0x08,
0xc1,0x08,0xc1,0x08,0xc1,0x08,0xc1,0x08,0xc1,0x08,0xc1,0x08,0xc1,0x08,0xc1,0x08,
0xc1,0x08,0xc1,0x08,0xc1,0x08,0xc1,0x08,0xc1,0x08,0xc1,0x08,0xc1,0x08,0xc1,0x08,
0xc1,0x08,0xc1,0x08,0xc1,0x08,0xc1,0x08,0xc1,0x08,0xc1,0x08,0xc1,0x08,0xc1,0x08,
0xc1,0x08,0xc1,0x08,0xc1,0x08,0xc1,0x08,0xc1,0x08,0xc1,0x08,0xc1,0x08,0xc1,0x08,
0xc1,0x08,0xc1,0x08,0xe1,0x08,0xa1,0x08,0x21,0x1a,0x21,0x2c,0xe1,0x2b,0x01,0x2c,
0x01,0x2c,0x01,0x2c,0x01,0x2c,0x01,0x2c,0x01,0x2c,0x01,0x2c,0x01,0x2c,0x01,0x2c,
0x01,0x2c,0x01,0x2c,0x01,0x2c,0xe1,0x2b,0x21,0x2c,0xc1,0x1a,0xa1,0x08,0xe1,0x08,
0xe1,0x08,0xc1,0x08,0x21,0x11,0xc1,0x2b,0x01,0x2c,0x01,0x2c,0x01,0x2c,0x01,0x2c,
0x01,0x2c,0x01,0x2c,0x01,0x2c,0x01,0x2c,0x01,0x2c,0x01,0x2c,0x01,0x2c,0x01,0x2c,
0x01,0x2c,0xe1,0x2b,0x01,0x2c,0xa1,0x23,0x01,0x11,0xc1,0x08,0xe1,0x08,0xc1,0x08,
0xe1,0x08,0xa1,0x08,0x61,0x1a,0x21,0x2c,0xe1,0x2b,0x01,0x2c,0x01,0x2c,0x01,0x2c,
0x01,0x2c,0x01,0x2c,0x01,0x2c,0x01,0x2c,0x01,0x2c,0x01,0x2c,0x01,0x2c,0x01,0x2c,
0x01,0x2c,0xe1,0x2b,0x21,0x2c,0x61,0x1a,0xa1,0x08,0xe1,0x08,0xc1,0x08,0xc1,0x08,
0xc1,0x08,0xc1,0x08,0xc1,0x08,0xc1,0x08,0xc1,0x08,0xc1,0x08,0xc1,0x08,0xc1,0x08,
0xc1,0x08,0xc1,0x08,0xc1,0x08,0xc1,0x08,0xc1,0x08,0xc1,0x08,0xc1,0x08,0xc1,0x08,
0xc1,0x08,0xc1,0x08,0xc1,0x08,0xc1,0x08,0xc1,0x08,0xc1,0x08,0xc1,0x08,0xe1,0x08,
0xa1,0x08,0xe1,0x11,0x21,0x2c,0xe1,0x2b,0x01,0x2c,0x01,0x2c,0x01,0x2c,0x01,0x2c,
0xe1,0x2b,0x21,0x2c,0x81,0x1a,0xa1,0x08,0xe1,0x08,0xc1,0x08,0xc1,0x08,0xc1,0x08,
0xc1,0x08,0xc1,0x08,0xe1,0x08,0x81,0x23,0x21,0x2c,0xe1,0x2b,0x01,0x2c,0x01,0x2c,
0x01,0x2c,0xe1,0x2b,0x21,0x2c,0x61,0x1a,0xa1,0x08,0xe1,0x08,0xc1,0x08,0xc1,0x08,
0xc1,0x08,0xc1,0x08,0xc1,0x08,0xc1,0x08,0xc1,0x08,0xc1,0x08,0xc1,0x08,0xc1,0x08,
0xc1,0x08,0xc1,0x08,0x01,0x11,0xa1,0x23,0x01,0x2c,0xe1,0x2b,0x01,0x2c,0x01,0x2c,
0xe1,0x2b,0x21,0x2c,0x21,0x1a,0xa1,0x08,0xe1,0x08,0xc1,0x08,0xc1,0x08,0xc1,0x08,
0xe1,0x08,0xc1,0x08,0x21,0x11,0xe1,0x2b,0x01,0x2c,0x01,0x2c,0x01,0x2c,0x01,0x2c,
0x01,0x2c,0xe1,0x2b,0x21,0x2c,0x61,0x23,0xe1,0x08,0xc1,0x08,0xc1,0x08,0xc1,0x08,
0xc1,0x08,0xc1,0x08,0xc1,0x08,0xc1,0x08,0xc1,0x08,0xc1,0x08,0xc1,0x08,0xc1,0x08,
0xc1,0x08,0xe1,0x08,0xe1,0x08,0xe1,0x08,0xe1,0x08,0xe1,0x08,0xc1,0x08,0xc1,0x08,
0xc1,0x08,0xc1,0x08,0xc1,0x08,0xc1,0x08,0xc1,0x08,0xc1,0x08,0xc1,0x08,0xc1,0x08,
0xc1,0x08,0xc1,0x08,0xc1,0x08,0xc1,0x08,0xc1,0x08,0xc1,0x08,0xc1,0x08,0xc1,0x08,
0xc1,0x08,0xc1,0x08,0xc1,0x08,0xc1,0x08,0xc1,0x08,0xc1,0x08,0xe1,0x08,0xe1,0x08,
0xa1,0x08,0xa1,0x1a,0x21,0x2c,0xe1,0x2b,0x01,0x2c,0x01,0x2c,0x01,0x2c,0x01,0x2c,
0x01,0x2c,0xe1,0x2b,0x41,0x11,0xc1,0x08,0xe1,0x08,0xc1,0x08,0xc1,0x08,0xc1,0x08,
0xc1,0x08,0xc1,0x08,0xc1,0x08,0xc1,0x08,0xc1,0x08,0xc1,0x08,0xc1,0x08,0x41,0x23,
0x21,0x2c,0xe1,0x2b,0x01,0x2c,0x01,0x2c,0x01,0x2c,0x01,0x2c,0xe1,0x2b,0x01,0x2c,
0xa1,0x11,0xa1,0x08,0xe1,0x08,0xc1,0x08,0xc1,0x08,0xc1,0x08,0xc1,0x08,0xc1,0x08,
0xc1,0x08,0xc1,0x08,0xc1,0x08,0xc1,0x08,0xc1,0x08,0xc1,0x08,0xc1,0x08,0xc1,0x08,
0xc1,0x08,0xc1,0x08,0xc1,0x08,0xc1,0x08,0xc1,0x08,0xe1,0x08,0xa1,0x08,0xc1,0x1a,
0x21,0x2c,0xe1,0x2b,0x01,0x2c,0x01,0x2c,0x01,0x2c,0x01,0x2c,0x01,0x2c,0xc1,0x2b,
0x21,0x11,0xc1,0x08,0xe1,0x08,0xc1,0x08,0xc1,0x08,0xc1,0x08,0xc1,0x08,0xc1,0x08,
0xc1,0x08,0xc1,0x08,0xc1,0x08,0xc1,0x08,0xc1,0x08,0xe1,0x10,0x82,0xc4,0x82,0xf5,
0x42,0xe5,0x42,0xed,0x42,0xed,0x42,0xed,0x42,0xed,0x42,0xed,0x42,0xed,0x42,0xed,
0x42,0xed,0x42,0xed,0x42,0xed,0x42,0xed,0x42,0xed,0x42,0xed,0x42,0xed,0x42,0xed,
0x42,0xed,0x42,0xed,0x42,0xed,0x42,0xed,0x42,0xed,0x42,0xed,0x42,0xed,0x42,0xed,
0x42,0xed,0x42,0xed,0x42,0xed,0x42,0xed,0x42,0xed,0x42,0xed,0x42,0xed,0x42,0xed,
0x42,0xed,0x42,0xed,0x42,0xed,0x42,0xed,0x42,0xed,0x42,0xed,0x42,0xed,0x42,0xed,
0x42,0xed,0x42,0xe5,0x62,0xed,0xa2,0xf5,0x41,0x83,0xa1,0x00,0xc1,0x08,0xe1,0x08,
0xc1,0x08,0xc1,0x08,0xc1,0x08,0xc1,0x08,0xc1,0x08,0xc1,0x08,0xc1,0x08,0xc1,0x08,
0xc1,0x08,0xc1,0x08,0xc1,0x08,0xe1,0x10,0x81,0x00,0x01,0x7b,0xa2,0xfd,0x42,0xe5,
0x42,0xed,0x42,0xed,0x42,0xed,0x42,0xed,0x42,0xe5,0x82,0xf5,0x02,0xac,0xa1,0x08,
0xe1,0x08,0xc1,0x08,0xc1,0x08,0xc1,0x08,0xc1,0x08,0xc1,0x08,0xc1,0x08,0xc1,0x08,
0xc1,0x08,0xc1,0x08,0xc1,0x08,0xc1,0x08,0xc1,0x08,0xc1,0x08,0xc1,0x08,0xc1,0x08,
0xc1,0x08,0xe1,0x10,0x81,0x00,0x21,0x7b,0xa2,0xfd,0x42,0xe5,0x42,0xed,0x42,0xed,
0x42,0xed,0x42,0xed,0x42,0xe5,0xa2,0xf5,0x21,0x7b,0x81,0x00,0xe1,0x10,0xc1,0x08,
0xc1,0x08,0xc1,0x08,0xc1,0x08,0xc1,0x08,0xc1,0x08,0xc1,0x08,0xc1,0x08,0xc1,0x08,
0xc1,0x08,0xc1,0x08,0xc1,0x08,0xc1,0x08,0xc1,0x08,0xc1,0x08,0xc1,0x08,0xc1,0x08,
0xc1,0x08,0xc1,0x08,0xc1,0x08,0xc1,0x08,0xc1,0x08,0xe1,0x10,0xa1,0x00,0x81,0x29,
0x22,0xe5,0x62,0xed,0x42,0xed,0x42,0xed,0x42,0xed,0x42,0xed,0x42,0xed,0x62,0xed,
0xc2,0xd4,0x01,0x19,0xc1,0x08,0xe1,0x08,0xc1,0x08,0xc1,0x08,0xc1,0x08,0xc1,0x08,
0xc1,0x08,0xc1,0x08,0xc1,0x08,0xc1,0x08,0xc1,0x08,0xc1,0x08,0xc1,0x08,0xc1,0x08,
0xc1,0x08,0xc1,0x08,0xc1,0x08,0xc1,0x08,0xc1,0x08,0xc1,0x08,0xc1,0x08,0xc1,0x08,
0xc1,0x08,0xc1,0x08,0xc1,0x08,0xc1,0x08,0xc1,0x08,0xc1,0x08,0xc1,0x08,0xc1,0x08,
0xc1,0x08,0xc1,0x08,0xc1,0x08,0xc1,0x08,0xc1,0x08,0xc1,0x08,0xc1,0x08,0xc1,0x08,
0xc1,0x08,0xc1,0x08,0xc1,0x08,0xc1,0x08,0xc1,0x08,0xc1,0x08,0xc1,0x08,0xc1,0x08,
0xc1,0x08,0xc1,0x08,0xc1,0x08,0xc1,0x08,0xc1,0x08,0xc1,0x08,0xc1,0x08,0xc1,0x08,
0xc1,0x08,0xc1,0x08,0xc1,0x08,0xe1,0x08,0x61,0x23,0x21,0x2c,0xe1,0x2b,0x01,0x2c,
0x01,0x2c,0x01,0x2c,0x01,0x2c,0x01,0x2c,0x01,0x2c,0x01,0x2c,0x01,0x2c,0x01,0x2c,
0x01,0x2c,0x01,0x2c,0x01,0x2c,0x01,0x2c,0xe1,0x2b,0x41,0x11,0xc1,0x08,0xe1,0x08,
0xe1,0x08,0xa1,0x08,0x61,0x1a,0x21,0x2c,0xe1,0x2b,0x01,0x2c,0x01,0x2c,0x01,0x2c,
0x01,0x2c,0x01,0x2c,0x01,0x2c,0x01,0x2c,0x01,0x2c,0x01,0x2c,0x01,0x2c,0x01,0x2c,
0x01,0x2c,0xe1,0x2b,0x21,0x2c,0x61,0x1a,0xa1,0x08,0xe1,0x08,0xc1,0x08,0xc1,0x08,
0xe1,0x08,0xc1,0x08,0x21,0x11,0xc1,0x2b,0x01,0x2c,0x01,0x2c,0x01,0x2c,0x01,0x2c,
0x01,0x2c,0x01,0x2c,0x01,0x2c,0x01,0x2c,0x01,0x2c,0x01,0x2c,0x01,0x2c,0x01,0x2c,
0x01,0x2c,0x01,0x2c,0x01,0x2c,0xc1,0x2b,0x21,0x11,0xc1,0x08,0xc1,0x08,0xc1,0x08,
0xc1,0x08,0xc1,0x08,0xc1,0x08,0xc1,0x08,0xc1,0x08,0xc1,0x08,0xc1,0x08,0xc1,0x08,
0xc1,0x08,0xc1,0x08,0xc1,0x08,0xc1,0x08,0xc1,0x08,0xc1,0x08,0xc1,0x08,0xc1,0x08,
0xc1,0x08,0xc1,0x08,0xc1,0x08,0xc1,0x08,0xc1,0x08,0xc1,0x08,0xc1,0x08,0xe1,0x08,
0xa1,0x08,0xe1,0x11,0x21,0x2c,0xe1,0x2b,0x01,0x2c,0x01,0x2c,0x01,0x2c,0x01,0x2c,
0xe1,0x2b,0x21,0x2c,0x81,0x1a,0xa1,0x08,0xe1,0x08,0xc1,0x08,0xc1,0x08,0xc1,0x08,
0xc1,0x08,0xe1,0x08,0xa1,0x08,0x81,0x1a,0x21,0x2c,0xe1,0x2b,0x01,0x2c,0x01,0x2c,
0x01,0x2c,0xe1,0x2b,0x21,0x2c,0x61,0x23,0xc1,0x08,0xc1,0x08,0xc1,0x08,0xc1,0x08,
0xc1,0x08,0xc1,0x08,0xc1,0x08,0xc1,0x08,0xc1,0x08,0xc1,0x08,0xc1,0x08,0xc1,0x08,
0xe1,0x08,0xa1,0x08,0xc1,0x11,0x01,0x2c,0xe1,0x2b,0x01,0x2c,0x01,0x2c,0x01,0x2c,
0x01,0x2c,0xe1,0x2b,0x61,0x11,0xa1,0x08,0xe1,0x08,0xc1,0x08,0xc1,0x08,0xc1,0x08,
0xe1,0x08,0xc1,0x08,0x21,0x11,0xe1,0x2b,0x01,0x2c,0x01,0x2c,0x01,0x2c,0x01,0x2c,
0x01,0x2c,0xe1,0x2b,0x21,0x2c,0x61,0x23,0xe1,0x08,0xc1,0x08,0xc1,0x08,0xc1,0x08,
0xc1,0x08,0xc1,0x08,0xc1,0x08,0xc1,0x08,0xc1,0x08,0xc1,0x08,0xc1,0x08,0xc1,0x08,
0xc1,0x08,0xc1,0x08,0xc1,0x08,0xc1,0x08,0xc1,0x08,0xc1,0x08,0xc1,0x08,0xc1,0x08,
0xc1,0x08,0xc1,0x08,0xc1,0x08,0xc1,0x08,0xc1,0x08,0xc1,0x08,0xc1,0x08,0xc1,0x08,
0xc1,0x08,0xc1,0x08,0xc1,0x08,0xc1,0x08,0xc1,0x08,0xc1,0x08,0xc1,0x08,0xc1,0x08,
0xc1,0x08,0xc1,0x08,0xe1,0x08,0xe1,0x08,0xe1,0x08,0xc1,0x08,0xc1,0x08,0xa1,0x08,
0x61,0x08,0xa1,0x1a,0x21,0x2c,0xe1,0x2b,0x01,0x2c,0x01,0x2c,0x01,0x2c,0x01,0x2c,
0x01,0x2c,0xe1,0x2b,0x41,0x11,0xc1,0x08,0xe1,0x08,0xc1,0x08,0xc1,0x08,0xc1,0x08,
0xc1,0x08,0xc1,0x08,0xc1,0x08,0xc1,0x08,0xc1,0x08,0xc1,0x08,0xc1,0x08,0x41,0x23,
0x21,0x2c,0xe1,0x2b,0x01,0x2c,0x01,0x2c,0x01,0x2c,0x01,0x2c,0x01,0x2c,0xe1,0x2b,
0x41,0x11,0xc1,0x08,0xe1,0x08,0xc1,0x08,0xc1,0x08,0xc1,0x08,0xc1,0x08,0xc1,0x08,
0xc1,0x08,0xc1,0x08,0xc1,0x08,0xc1,0x08,0xc1,0x08,0xc1,0x08,0xc1,0x08,0xc1,0x08,
0xc1,0x08,0xc1,0x08,0xc1,0x08,0xc1,0x08,0xc1,0x08,0xe1,0x08,0xa1,0x08,0xa1,0x1a,
0x21,0x2c,0xe1,0x2b,0x01,0x2c,0x01,0x2c,0x01,0x2c,0x01,0x2c,0x01,0x2c,0xc1,0x2b,
0x21,0x11,0xc1,0x08,0xe1,0x08,0xc1,0x08,0xc1,0x08,0xc1,0x08,0xc1,0x08,0xc1,0x08,
0xc1,0x08,0xc1,0x08,0xc1,0x08,0xc1,0x08,0xc1,0x08,0xe1,0x10,0x82,0xc4,0x82,0xf5,
0x42,0xe5,0x42,0xed,0x42,0xed,0x42,0xed,0x42,0xed,0x42,0xed,0x42,0xed,0x42,0xed,
0x42,0xed,0x42,0xed,0x42,0xed,0x42,0xed,0x42,0xed,0x42,0xed,0x42,0xed,0x42,0xed,
0x42,0xed,0x42,0xed,0x42,0xed,0x42,0xed,0x42,0xed,0x42,0xed,0x42,0xed,0x42,0xed,
0x42,0xed,0x42,0xed,0x42,0xed,0x42,0xed,0x42,0xed,0x42,0xed,0x42,0xed,0x42,0xed,
0x42,0xed,0x42,0xed,0x42,0xed,0x42,0xed,0x42,0xed,0x42,0xed,0x42,0xed,0x42,0xe5,
0x42,0xed,0x82,0xf5,0x42,0xe5,0xa1,0x6a,0xa1,0x00,0xc1,0x08,0xe1,0x08,0xc1,0x08,
0xc1,0x08,0xc1,0x08,0xc1,0x08,0xc1,0x08,0xc1,0x08,0xc1,0x08,0xc1,0x08,0xc1,0x08,
0xc1,0x08,0xc1,0x08,0xc1,0x08,0xe1,0x10,0x81,0x00,0x01,0x7b,0xa2,0xfd,0x42,0xe5,
0x42,0xed,0x42,0xed,0x42,0xed,0x42,0xed,0x42,0xe5,0xa2,0xf5,0x41,0x83,0x81,0x00,
0xe1,0x10,0xc1,0x08,0xc1,0x08,0xc1,0x08,0xc1,0x08,0xc1,0x08,0xc1,0x08,0xc1,0x08,
0xc1,0x08,0xc1,0x08,0xc1,0x08,0xc1,0x08,0xc1,0x08,0xc1,0x08,0xc1,0x08,0xc1,0x08,
0xc1,0x08,0xe1,0x10,0xa1,0x00,0x02,0xac,0x82,0xf5,0x42,0xe5,0x42,0xed,0x42,0xed,
0x42,0xed,0x42,0xed,0x42,0xed,0x62,0xf5,0x21,0x4a,0x81,0x00,0xe1,0x10,0xc1,0x08,
0xc1,0x08,0xc1,0x08,0xc1,0x08,0xc1,0x08,0xc1,0x08,0xc1,0x08,0xc1,0x08,0xc1,0x08,
0xc1,0x08,0xc1,0x08,0xc1,0x08,0xc1,0x08,0xc1,0x08,0xc1,0x08,0xc1,0x08,0xc1,0x08,
0xc1,0x08,0xc1,0x08,0xc1,0x08,0xc1,0x08,0xc1,0x08,0xc1,0x08,0xc1,0x08,0xe1,0x08,
0x62,0xbc,0x82,0xf5,0x42,0xe5,0x42,0xed,0x42,0xed,0x42,0xed,0x42,0xed,0x62,0xed,
0x42,0xe5,0x81,0x31,0xa1,0x00,0xe1,0x10,0xc1,0x08,0xc1,0x08,0xc1,0x08,0xc1,0x08,
0xc1,0x08,0xc1,0x08,0xc1,0x08,0xc1,0x08,0xc1,0x08,0xc1,0x08,0xc1,0x08,0xc1,0x08,
0xc1,0x08,0xc1,0x08,0xc1,0x08,0xc1,0x08,0xc1,0x08,0xc1,0x08,0xc1,0x08,0xc1,0x08,
0xc1,0x08,0xc1,0x08,0xc1,0x08,0xc1,0x08,0xc1,0x08,0xc1,0x08,0xc1,0x08,0xc1,0x08,
0xc1,0x08,0xc1,0x08,0xc1,0x08,0xc1,0x08,0xc1,0x08,0xc1,0x08,0xc1,0x08,0xc1,0x08,
0xc1,0x08,0xc1,0x08,0xc1,0x08,0xc1,0x08,0xc1,0x08,0xc1,0x08,0xc1,0x08,0xc1,0x08,
0xc1,0x08,0xc1,0x08,0xc1,0x08,0xc1,0x08,0xc1,0x08,0xc1,0x08,0xc1,0x08,0xc1,0x08,
0xc1,0x08,0xe1,0x08,0xa1,0x08,0xe1,0x11,0x21,0x2c,0xe1,0x2b,0x01,0x2c,0x01,0x2c,
0x01,0x2c,0x01,0x2c,0x01,0x2c,0x01,0x2c,0x01,0x2c,0x01,0x2c,0x01,0x2c,0x01,0x2c,
0x01,0x2c,0x01,0x2c,0xe1,0x2b,0x21,0x2c,0xe1,0x22,0xa1,0x08,0xe1,0x08,0xc1,0x08,
0xc1,0x08,0x01,0x11,0xa1,0x23,0x01,0x2c,0x01,0x2c,0x01,0x2c,0x01,0x2c,0x01,0x2c,
0x01,0x2c,0x01,0x2c,0x01,0x2c,0x01,0x2c,0x01,0x2c,0x01,0x2c,0x01,0x2c,0x01,0x2c,
0x01,0x2c,0x01,0x2c,0xc1,0x2b,0x01,0x11,0xc1,0x08,0xc1,0x08,0xc1,0x08,0xc1,0x08,
0xc1,0x08,0xe1,0x08,0xa1,0x08,0x81,0x1a,0x21,0x2c,0xe1,0x2b,0x01,0x2c,0x01,0x2c,
0x01,0x2c,0x01,0x2c,0x01,0x2c,0x01,0x2c,0x01,0x2c,0x01,0x2c,0x01,0x2c,0x01,0x2c,
0x01,0x2c,0x01,0x2c,0xe1,0x2b,0x21,0x2c,0x41,0x1a,0xa1,0x08,0xe1,0x08,0xc1,0x08,
0xc1,0x08,0xc1,0x08,0xc1,0x08,0xc1,0x08,0xc1,0x08,0xc1,0x08,0xc1,0x08,0xc1,0x08,
0xc1,0x08,0xc1,0x08,0xc1,0x08,0xc1,0x08,0xc1,0x08,0xc1,0x08,0xc1,0x08,0xc1,0x08,
0xc1,0x08,0xc1,0x08,0xc1,0x08,0xc1,0x08,0xc1,0x08,0xc1,0x08,0xc1,0x08,0xe1,0x08,
0xa1,0x08,0xe1,0x11,0x21,0x2c,0xe1,0x2b,0x01,0x2c,0x01,0x2c,0x01,0x2c,0x01,0x2c,
0xe1,0x2b,0x21,0x2c,0x81,0x1a,0xa1,0x08,0xe1,0x08,0xc1,0x08,0xc1,0x08,0xc1,0x08,
0xc1,0x08,0xe1,0x08,0xa1,0x08,0x81,0x11,0x01,0x2c,0x01,0x2c,0x01,0x2c,0x01,0x2c,
0x01,0x2c,0x01,0x2c,0x01,0x2c,0xe1,0x2b,0x61,0x11,0xa1,0x08,0xe1,0x08,0xc1,0x08,
0xc1,0x08,0xc1,0x08,0xc1,0x08,0xc1,0x08,0xc1,0x08,0xc1,0x08,0xc1,0x08,0xc1,0x08,
0xe1,0x08,0xa1,0x08,0xc1,0x1a,0x21,0x2c,0xe1,0x2b,0x01,0x2c,0x01,0x2c,0xe1,0x2b,
0x21,0x2c,0x41,0x23,0xc1,0x08,0xc1,0x08,0xc1,0x08,0xc1,0x08,0xc1,0x08,0xc1,0x08,
0xe1,0x08,0xc1,0x08,0x21,0x11,0xe1,0x2b,0x01,0x2c,0x01,0x2c,0x01,0x2c,0x01,0x2c,
0x01,0x2c,0xe1,0x2b,0x21,0x2c,0x61,0x23,0xe1,0x08,0xc1,0x08,0xc1,0x08,0xc1,0x08,
0xc1,0x08,0xc1,0x08,0xc1,0x08,0xc1,0x08,0xc1,0x08,0xc1,0x08,0xc1,0x08,0xc1,0x08,
0xc1,0x08,0xc1,0x08,0xc1,0x08,0xc1,0x08,0xc1,0x08,0xc1,0x08,0xc1,0x08,0xc1,0x08,
0xc1,0x08,0xc1,0x08,0xc1,0x08,0xc1,0x08,0xc1,0x08,0xc1,0x08,0xc1,0x08,0xc1,0x08,
0xc1,0x08,0xc1,0x08,0xc1,0x08,0xe1,0x08,0xe1,0x08,0xe1,0x08,0xe1,0x08,0xe1,0x08,
0xe1,0x08,0xc1,0x08,0xa1,0x08,0xa1,0x08,0xa1,0x08,0xc1,0x08,0x21,0x11,0xc1,0x11,
0xc1,0x1a,0xc1,0x2b,0x01,0x2c,0x01,0x2c,0x01,0x2c,0x01,0x2c,0x01,0x2c,0x01,0x2c,
0x01,0x2c,0xe1,0x2b,0x41,0x11,0xc1,0x08,0xe1,0x08,0xc1,0x08,0xc1,0x08,0xc1,0x08,
0xc1,0x08,0xc1,0x08,0xc1,0x08,0xc1,0x08,0xc1,0x08,0xc1,0x08,0xc1,0x08,0x41,0x23,
0x21,0x2c,0xe1,0x2b,0x01,0x2c,0x01,0x2c,0x01,0x2c,0x01,0x2c,0x01,0x2c,0xa1,0x2b,
0x01,0x11,0xc1,0x08,0xe1,0x08,0xc1,0x08,0xc1,0x08,0xc1,0x08,0xc1,0x08,0xc1,0x08,
0xc1,0x08,0xc1,0x08,0xc1,0x08,0xc1,0x08,0xc1,0x08,0xc1,0x08,0xc1,0x08,0xc1,0x08,
0xc1,0x08,0xc1,0x08,0xc1,0x08,0xc1,0x08,0xc1,0x08,0xe1,0x08,0xa1,0x08,0x61,0x1a,
0x21,0x2c,0xe1,0x2b,0x01,0x2c,0x01,0x2c,0x01,0x2c,0x01,0x2c,0x01,0x2c,0xc1,0x2b,
0x41,0x11,0xc1,0x08,0xe1,0x08,0xc1,0x08,0xc1,0x08,0xc1,0x08,0xc1,0x08,0xc1,0x08,
0xc1,0x08,0xc1,0x08,0xc1,0x08,0xc1,0x08,0xc1,0x08,0xe1,0x10,0x82,0xc4,0x82,0xf5,
0x42,0xe5,0x42,0xed,0x42,0xed,0x42,0xed,0x42,0xed,0x42,0xed,0x42,0xed,0x42,0xed,
0x42,0xed,0x42,0xed,0x42,0xed,0x42,0xed,0x42,0xed,0x42,0xed,0x42,0xed,0x42,0xed,
0x42,0xed,0x42,0xed,0x42,0xed,0x42,0xed,0x42,0xed,0x42,0xed,0x42,0xed,0x42,0xed,
0x42,0xed,0x42,0xed,0x42,0xed,0x42,0xed,0x42,0xed,0x42,0xed,0x42,0xed,0x42,0xed,
0x42,0xed,0x42,0xed,0x42,0xed,0x42,0xed,0x42,0xe5,0x42,0xe5,0x62,0xed,0x82,0xf5,
0x62,0xed,0x22,0xac,0xa1,0x31,0x81,0x00,0xe1,0x10,0xc1,0x08,0xc1,0x08,0xc1,0x08,
0xc1,0x08,0xc1,0x08,0xc1,0x08,0xc1,0x08,0xc1,0x08,0xc1,0x08,0xc1,0x08,0xc1,0x08,
0xc1,0x08,0xc1,0x08,0xc1,0x08,0xe1,0x10,0x81,0x00,0x01,0x7b,0xa2,0xfd,0x42,0xe5,
0x42,0xed,0x42,0xed,0x42,0xed,0x42,0xed,0x42,0xe5,0x82,0xf5,0xa1,0x62,0x81,0x00,
0xe1,0x10,0xc1,0x08,0xc1,0x08,0xc1,0x08,0xc1,0x08,0xc1,0x08,0xc1,0x08,0xc1,0x08,
0xc1,0x08,0xc1,0x08,0xc1,0x08,0xc1,0x08,0xc1,0x08,0xc1,0x08,0xc1,0x08,0xc1,0x08,
0xc1,0x08,0xc1,0x08,0xe1,0x10,0xa2,0xc4,0x82,0xf5,0x42,0xe5,0x42,0xed,0x42,0xed,
0x42,0xed,0x42,0xed,0x62,0xed,0x22,0xe5,0x61,0x29,0xa1,0x08,0xe1,0x08,0xc1,0x08,
0xc1,0x08,0xc1,0x08,0xc1,0x08,0xc1,0x08,0xc1,0x08,0xc1,0x08,0xc1,0x08,0xc1,0x08,
0xc1,0x08,0xc1,0x08,0xc1,0x08,0xc1,0x08,0xc1,0x08,0xc1,0x08,0xc1,0x08,0xc1,0x08,
0xc1,0x08,0xc1,0x08,0xc1,0x08,0xc1,0x08,0xc1,0x08,0xc1,0x08,0xe1,0x10,0xa1,0x00,
0xa1,0x9b,0xa2,0xf5,0x42,0xe5,0x42,0xed,0x42,0xed,0x42,0xed,0x42,0xed,0x42,0xe5,
0x82,0xf5,0x21,0x4a,0x81,0x00,0xe1,0x10,0xc1,0x08,0xc1,0x08,0xc1,0x08,0xc1,0x08,
0xc1,0x08,0xc1,0x08,0xc1,0x08,0xc1,0x08,0xc1,0x08,0xc1,0x08,0xc1,0x08,0xc1,0x08,
0xc1,0x08,0xc1,0x08,0xc1,0x08,0xc1,0x08,0xc1,0x08,0xc1,0x08,0xc1,0x08,0xc1,0x08,
0xc1,0x08,0xc1,0x08,0xc1,0x08,0xc1,0x08,0xc1,0x08,0xc1,0x08,0xc1,0x08,0xc1,0x08,
0xc1,0x08,0xc1,0x08,0xc1,0x08,0xc1,0x08,0xc1,0x08,0xc1,0x08,0xc1,0x08,0xc1,0x08,
0xc1,0x08,0xc1,0x08,0xc1,0x08,0xc1,0x08,0xc1,0x08,0xc1,0x08,0xc1,0x08,0xc1,0x08,
0xc1,0x08,0xc1,0x08,0xc1,0x08,0xc1,0x08,0xc1,0x08,0xc1,0x08,0xc1,0x08,0xc1,0x08,
0xc1,0x08,0xc1,0x08,0xc1,0x08,0x41,0x23,0x21,0x2c,0xe1,0x2b,0x01,0x2c,0x01,0x2c,
0x01,0x2c,0x01,0x2c,0x01,0x2c,0x01,0x2c,0x01,0x2c,0x01,0x2c,0x01,0x2c,0x01,0x2c,
0x01,0x2c,0x01,0x2c,0x01,0x2c,0x01,0x2c,0x81,0x11,0xa1,0x08,0xe1,0x08,0xe1,0x08,
0xa1,0x08,0x41,0x1a,0x21,0x2c,0xe1,0x2b,0x01,0x2c,0x01,0x2c,0x01,0x2c,0x01,0x2c,
0x01,0x2c,0x01,0x2c,0x01,0x2c,0x01,0x2c,0x01,0x2c,0x01,0x2c,0x01,0x2c,0x01,0x2c,
0xe1,0x2b,0x21,0x2c,0x81,0x1a,0xa1,0x08,0xe1,0x08,0xc1,0x08,0xc1,0x08,0xc1,0x08,
0xc1,0x08,0xc1,0x08,0xc1,0x08,0x21,0x11,0xc1,0x2b,0x01,0x2c,0x01,0x2c,0x01,0x2c,
0x01,0x2c,0x01,0x2c,0x01,0x2c,0x01,0x2c,0x01,0x2c,0x01,0x2c,0x01,0x2c,0x01,0x2c,
0x01,0x2c,0x01,0x2c,0xe1,0x2b,0x01,0x2c,0x81,0x23,0xe1,0x08,0xc1,0x08,0xc1,0x08,
0xc1,0x08,0xc1,0x08,0xc1,0x08,0xc1,0x08,0xc1,0x08,0xc1,0x08,0xc1,0x08,0xc1,0x08,
0xc1,0x08,0xc1,0x08,0xc1,0x08,0xc1,0x08,0xc1,0x08,0xc1,0x08,0xc1,0x08,0xc1,0x08,
0xc1,0x08,0xc1,0x08,0xc1,0x08,0xc1,0x08,0xc1,0x08,0xc1,0x08,0xc1,0x08,0xe1,0x08,
0xa1,0x08,0xe1,0x11,0x21,0x2c,0xe1,0x2b,0x01,0x2c,0x01,0x2c,0x01,0x2c,0x01,0x2c,
0xe1,0x2b,0x21,0x2c,0x81,0x1a,0xa1,0x08,0xe1,0x08,0xc1,0x08,0xc1,0x08,0xc1,0x08,
0xc1,0x08,0xc1,0x08,0xc1,0x08,0xe1,0x08,0x81,0x23,0x21,0x2c,0xe1,0x2b,0x01,0x2c,
0x01,0x2c,0x01,0x2c,0xe1,0x2b,0x21,0x2c,0x41,0x1a,0xa1,0x08,0xe1,0x08,0xc1,0x08,
0xc1,0x08,0xc1,0x08,0xc1,0x08,0xc1,0x08,0xc1,0x08,0xc1,0x08,0xc1,0x08,0xc1,0x08,
0xc1,0x08,0xe1,0x08,0x81,0x23,0x01,0x2c,0xe1,0x2b,0x01,0x2c,0x01,0x2c,0xe1,0x2b,
0x21,0x2c,0x41,0x1a,0xa1,0x08,0xe1,0x08,0xc1,0x08,0xc1,0x08,0xc1,0x08,0xc1,0x08,
0xe1,0x08,0xc1,0x08,0x21,0x11,0xe1,0x2b,0x01,0x2c,0x01,0x2c,0x01,0x2c,0x01,0x2c,
0x01,0x2c,0xe1,0x2b,0x21,0x2c,0x61,0x23,0xe1,0x08,0xc1,0x08,0xc1,0x08,0xc1,0x08,
0xc1,0x08,0xc1,0x08,0xc1,0x08,0xc1,0x08,0xc1,0x08,0xc1,0x08,0xc1,0x08,0xc1,0x08,
0xc1,0x08,0xc1,0x08,0xc1,0x08,0xc1,0x08,0xc1,0x08,0xc1,0x08,0xc1,0x08,0xc1,0x08,
0xc1,0x08,0xc1,0x08,0xc1,0x08,0xc1,0x08,0xc1,0x08,0xe1,0x08,0xe1,0x08,0xe1,0x08,
0xe1,0x08,0xc1,0x08,0xc1,0x08,0xc1,0x08,0xa1,0x08,0xa1,0x08,0xa1,0x08,0xa1,0x08,
0xc1,0x08,0x01,0x09,0x61,0x11,0xe1,0x19,0x81,0x1a,0x21,0x23,0xc1,0x2b,0x21,0x2c,
0x21,0x2c,0x01,0x2c,0x01,0x2c,0x01,0x2c,0x01,0x2c,0x01,0x2c,0x01,0x2c,0x01,0x2c,
0x01,0x2c,0xe1,0x2b,0x41,0x11,0xc1,0x08,0xe1,0x08,0xc1,0x08,0xc1,0x08,0xc1,0x08,
0xc1,0x08,0xc1,0x08,0xc1,0x08,0xc1,0x08,0xc1,0x08,0xc1,0x08,0xc1,0x08,0x41,0x23,
0x21,0x2c,0xe1,0x2b,0x01,0x2c,0x01,0x2c,0x01,0x2c,0xe1,0x2b,0x01,0x2c,0x81,0x23,
0xe1,0x08,0xc1,0x08,0xc1,0x08,0xc1,0x08,0xc1,0x08,0xc1,0x08,0xc1,0x08,0xc1,0x08,
0xc1,0x08,0xc1,0x08,0xc1,0x08,0xc1,0x08,0xc1,0x08,0xc1,0x08,0xc1,0x08,0xc1,0x08,
0xc1,0x08,0xc1,0x08,0xc1,0x08,0xc1,0x08,0xc1,0x08,0xe1,0x08,0xa1,0x08,0x61,0x1a,
0x21,0x2c,0xe1,0x2b,0x01,0x2c,0x01,0x2c,0x01,0x2c,0x01,0x2c,0x01,0x2c,0xc1,0x2b,
0x41,0x11,0xc1,0x08,0xe1,0x08,0xc1,0x08,0xc1,0x08,0xc1,0x08,0xc1,0x08,0xc1,0x08,
0xc1,0x08,0xc1,0x08,0xc1,0x08,0xc1,0x08,0xc1,0x08,0xe1,0x10,0x82,0xc4,0x82,0xf5,
0x42,0xe5,0x42,0xed,0x42,0xed,0x42,0xed,0x42,0xed,0x42,0xed,0x42,0xed,0x42,0xed,
0x42,0xed,0x42,0xed,0x42,0xed,0x42,0xed,0x42,0xed,0x42,0xed,0x42,0xed,0x42,0xed,
0x42,0xed,0x42,0xed,0x42,0xed,0x42,0xed,0x42,0xed,0x42,0xed,0x42,0xed,0x42,0xed,
0x42,0xed,0x42,0xed,0x42,0xed,0x42,0xe5,0x42,0xe5,0x42,0xe5,0x42,0xe5,0x42,0xe5,
0x42,0xe5,0x42,0xe5,0x42,0xed,0x62,0xed,0x82,0xf5,0xa2,0xf5,0x22,0xe5,0xe2,0xa3,
0x01,0x42,0xa1,0x00,0xa1,0x00,0xe1,0x10,0xc1,0x08,0xc1,0x08,0xc1,0x08,0xc1,0x08,
0xc1,0x08,0xc1,0x08,0xc1,0x08,0xc1,0x08,0xc1,0x08,0xc1,0x08,0xc1,0x08,0xc1,0x08,
0xc1,0x08,0xc1,0x08,0xc1,0x08,0xe1,0x10,0x81,0x00,0x01,0x7b,0xa2,0xfd,0x42,0xe5,
0x42,0xed,0x42,0xed,0x42,0xed,0x42,0xed,0x42,0xe5,0x82,0xf5,0x21,0x4a,0x81,0x00,
0xe1,0x10,0xc1,0x08,0xc1,0x08,0xc1,0x08,0xc1,0x08,0xc1,0x08,0xc1,0x08,0xc1,0x08,
0xc1,0x08,0xc1,0x08,0xc1,0x08,0xc1,0x08,0xc1,0x08,0xc1,0x08,0xc1,0x08,0xc1,0x08,
0xe1,0x08,0xc1,0x08,0x41,0x21,0x02,0xdd,0x62,0xed,0x42,0xed,0x42,0xed,0x42,0xed,
0x42,0xed,0x42,0xed,0x82,0xf5,0xa2,0xcc,0xe1,0x10,0xc1,0x08,0xc1,0x08,0xc1,0x08,
0xc1,0x08,0xc1,0x08,0xc1,0x08,0xc1,0x08,0xc1,0x08,0xc1,0x08,0xc1,0x08,0xc1,0x08,
0xc1,0x08,0xc1,0x08,0xc1,0x08,0xc1,0x08,0xc1,0x08,0xc1,0x08,0xc1,0x08,0xc1,0x08,
0xc1,0x08,0xc1,0x08,0xc1,0x08,0xc1,0x08,0xc1,0x08,0xc1,0x08,0xe1,0x10,0x81,0x00,
0x01,0x7b,0xa2,0xf5,0x42,0xe5,0x42,0xed,0x42,0xed,0x42,0xed,0x42,0xed,0x42,0xe5,
0xa2,0xf5,0xc1,0x6a,0x81,0x00,0xe1,0x10,0xc1,0x08,0xc1,0x08,0xc1,0x08,0xc1,0x08,
0xc1,0x08,0xc1,0x08,0xc1,0x08,0xc1,0x08,0xc1,0x08,0xc1,0x08,0xc1,0x08,0xc1,0x08,
0xc1,0x08,0xc1,0x08,0xc1,0x08,0xc1,0x08,0xc1,0x08,0xc1,0x08,0xc1,0x08,0xc1,0x08,
0xc1,0x08,0xc1,0x08,0xc1,0x08,0xc1,0x08,0xc1,0x08,0xc1,0x08,0xc1,0x08,0xc1,0x08,
0xc1,0x08,0xc1,0x08,0xc1,0x08,0xc1,0x08,0xc1,0x08,0xc1,0x08,0xc1,0x08,0xc1,0x08,
0xc1,0x08,0xc1,0x08,0xc1,0x08,0xc1,0x08,0xc1,0x08,0xc1,0x08,0xc1,0x08,0xc1,0x08,
0xc1,0x08,0xc1,0x08,0xc1,0x08,0xc1,0x08,0xc1,0x08,0xc1,0x08,0xc1,0x08,0xc1,0x08,
0xe1,0x08,0xa1,0x08,0xc1,0x11,0x21,0x2c,0xe1,0x2b,0x01,0x2c,0x01,0x2c,0x01,0x2c,
0x01,0x2c,0x01,0x2c,0x01,0x2c,0x01,0x2c,0x01,0x2c,0x01,0x2c,0x01,0x2c,0x01,0x2c,
0x01,0x2c,0xe1,0x2b,0x21,0x2c,0x21,0x23,0xc1,0x08,0xe1,0x08,0xe1,0x08,0xc1,0x08,
0x01,0x09,0xa1,0x23,0x01,0x2c,0xe1,0x2b,0x01,0x2c,0x01,0x2c,0x01,0x2c,0x01,0x2c,
0x01,0x2c,0x01,0x2c,0x01,0x2c,0x01,0x2c,0x01,0x2c,0x01,0x2c,0x01,0x2c,0x01,0x2c,
0x01,0x2c,0xe1,0x2b,0x41,0x11,0xc1,0x08,0xe1,0x08,0xc1,0x08,0xc1,0x08,0xc1,0x08,
0xc1,0x08,0xc1,0x08,0xe1,0x08,0xa1,0x08,0xc1,0x1a,0x21,0x2c,0xe1,0x2b,0x01,0x2c,
0x01,0x2c,0x01,0x2c,0x01,0x2c,0x01,0x2c,0x01,0x2c,0x01,0x2c,0x01,0x2c,0x01,0x2c,
0x01,0x2c,0x01,0x2c,0x01,0x2c,0xe1,0x2b,0x21,0x2c,0x01,0x1a,0xa1,0x08,0xe1,0x08,
0xc1,0x08,0xc1,0x08,0xc1,0x08,0xc1,0x08,0xc1,0x08,0xc1,0x08,0xc1,0x08,0xc1,0x08,
0xc1,0x08,0xc1,0x08,0xc1,0x08,0xc1,0x08,0xc1,0x08,0xc1,0x08,0xc1,0x08,0xc1,0x08,
0xc1,0x08,0xc1,0x08,0xc1,0x08,0xc1,0x08,0xc1,0x08,0xc1,0x08,0xc1,0x08,0xe1,0x08,
0xa1,0x08,0xe1,0x11,0x21,0x2c,0xe1,0x2b,0x01,0x2c,0x01,0x2c,0x01,0x2c,0x01,0x2c,
0xe1,0x2b,0x21,0x2c,0x81,0x1a,0xa1,0x08,0xe1,0x08,0xc1,0x08,0xc1,0x08,0xc1,0x08,
0xc1,0x08,0xc1,0x08,0xe1,0x08,0xa1,0x08,0xa1,0x1a,0x21,0x2c,0xe1,0x2b,0x01,0x2c,
0x01,0x2c,0x01,0x2c,0xe1,0x2b,0x21,0x2c,0x21,0x23,0xc1,0x08,0xc1,0x08,0xc1,0x08,
0xc1,0x08,0xc1,0x08,0xc1,0x08,0xc1,0x08,0xc1,0x08,0xc1,0x08,0xc1,0x08,0xe1,0x08,
0xa1,0x08,0xa1,0x11,0x21,0x2c,0xe1,0x2b,0x01,0x2c,0x01,0x2c,0x01,0x2c,0x01,0x2c,
0xe1,0x2b,0x41,0x11,0xc1,0x08,0xe1,0x08,0xc1,0x08,0xc1,0x08,0xc1,0x08,0xc1,0x08,
0xe1,0x08,0xc1,0x08,0x21,0x11,0xe1,0x2b,0x01,0x2c,0x01,0x2c,0x01,0x2c,0x01,0x2c,
0x01,0x2c,0xe1,0x2b,0x21,0x2c,0x61,0x23,0xe1,0x08,0xc1,0x08,0xc1,0x08,0xc1,0x08,
0xc1,0x08,0xc1,0x08,0xc1,0x08,0xc1,0x08,0xc1,0x08,0xc1,0x08,0xc1,0x08,0xc1,0x08,
0xc1,0x08,0xc1,0x08,0xc1,0x08,0xc1,0x08,0xc1,0x08,0xc1,0x08,0xc1,0x08,0xc1,0x08,
0xc1,0x08,0xe1,0x08,0xe1,0x08,0xe1,0x08,0xc1,0x08,0xa1,0x08,0xa1,0x08,0xa1,0x08,
0xa1,0x08,0xc1,0x08,0xe1,0x08,0x01,0x11,0x61,0x11,0xa1,0x11,0x21,0x1a,0xa1,0x1a,
0x41,0x23,0xa1,0x23,0xe1,0x2b,0x21,0x2c,0x21,0x2c,0x21,0x2c,0x01,0x2c,0xe1,0x2b,
0xe1,0x2b,0x01,0x2c,0x01,0x2c,0x01,0x2c,0x01,0x2c,0x01,0x2c,0x01,0x2c,0x01,0x2c,
0x01,0x2c,0xe1,0x2b,0x41,0x11,0xc1,0x08,0xe1,0x08,0xc1,0x08,0xc1,0x08,0xc1,0x08,
0xc1,0x08,0xc1,0x08,0xc1,0x08,0xc1,0x08,0xc1,0x08,0xc1,0x08,0xc1,0x08,0x41,0x23,
0x21,0x2c,0xe1,0x2b,0x01,0x2c,0x01,0x2c,0x01,0x2c,0xe1,0x2b,0x21,0x2c,0x61,0x23,
0xc1,0x08,0xc1,0x08,0xc1,0x08,0xc1,0x08,0xc1,0x08,0xc1,0x08,0xc1,0x08,0xc1,0x08,
0xc1,0x08,0xc1,0x08,0xc1,0x08,0xc1,0x08,0xc1,0x08,0xc1,0x08,0xc1,0x08,0xc1,0x08,
0xc1,0x08,0xc1,0x08,0xc1,0x08,0xc1,0x08,0xc1,0x08,0xe1,0x08,0xa1,0x08,0x61,0x1a,
0x21,0x2c,0xe1,0x2b,0x01,0x2c,0x01,0x2c,0x01,0x2c,0x01,0x2c,0x01,0x2c,0xc1,0x2b,
0x41,0x11,0xc1,0x08,0xe1,0x08,0xc1,0x08,0xc1,0x08,0xc1,0x08,0xc1,0x08,0xc1,0x08,
0xc1,0x08,0xc1,0x08,0xc1,0x08,0xc1,0x08,0xc1,0x08,0xe1,0x10,0x82,0xc4,0x82,0xf5,
0x42,0xe5,0x42,0xed,0x42,0xed,0x42,0xed,0x42,0xed,0x42,0xed,0x42,0xed,0x62,0xed,
0x62,0xed,0x62,0xed,0x62,0xed,0x62,0xed,0x62,0xed,0x62,0xed,0x62,0xed,0x62,0xed,
0x62,0xed,0x62,0xed,0x62,0xed,0x62,0xed,0x62,0xed,0x62,0xed,0x62,0xed,0x62,0xed,
0x62,0xed,0x62,0xed,0x62,0xed,0x62,0xed,0x82,0xf5,0x82,0xf5,0x82,0xf5,0xa2,0xf5,
0xa2,0xf5,0x82,0xf5,0x42,0xed,0xe2,0xd4,0x02,0xac,0xc1,0x6a,0x41,0x21,0xa1,0x00,
0xa1,0x00,0xe1,0x08,0xe1,0x10,0xc1,0x08,0xc1,0x08,0xc1,0x08,0xc1,0x08,0xc1,0x08,
0xc1,0x08,0xc1,0x08,0xc1,0x08,0xc1,0x08,0xc1,0x08,0xc1,0x08,0xc1,0x08,0xc1,0x08,
0xc1,0x08,0xc1,0x08,0xc1,0x08,0xe1,0x10,0x81,0x00,0x01,0x7b,0xa2,0xfd,0x42,0xe5,
0x42,0xed,0x42,0xed,0x42,0xed,0x42,0xed,0x42,0xed,0x42,0xed,0xc1,0x41,0xa1,0x00,
0xe1,0x10,0xc1,0x08,0xc1,0x08,0xc1,0x08,0xc1,0x08,0xc1,0x08,0xc1,0x08,0xc1,0x08,
0xc1,0x08,0xc1,0x08,0xc1,0x08,0xc1,0x08,0xc1,0x08,0xc1,0x08,0xc1,0x08,0xc1,0x08,
0xe1,0x10,0xa1,0x00,0x81,0x31,0x42,0xe5,0x62,0xed,0x42,0xed,0x42,0xed,0x42,0xed,
0x42,0xed,0x42,0xe5,0x82,0xf5,0x42,0xb4,0xa1,0x00,0xe1,0x08,0xc1,0x08,0xc1,0x08,
0xc1,0x08,0xc1,0x08,0xc1,0x08,0xc1,0x08,0xc1,0x08,0xc1,0x08,0xc1,0x08,0xc1,0x08,
0xc1,0x08,0xc1,0x08,0xc1,0x08,0xc1,0x08,0xc1,0x08,0xc1,0x08,0xc1,0x08,0xc1,0x08,
0xc1,0x08,0xc1,0x08,0xc1,0x08,0xc1,0x08,0xc1,0x08,0xc1,0x08,0xe1,0x10,0x81,0x00,
0x81,0x5a,0x82,0xf5,0x42,0xe5,0x42,0xed,0x42,0xed,0x42,0xed,0x42,0xed,0x42,0xe5,
0xa2,0xfd,0x41,0x8b,0x81,0x00,0xe1,0x10,0xc1,0x08,0xc1,0x08,0xc1,0x08,0xc1,0x08,
0xc1,0x08,0xc1,0x08,0xc1,0x08,0xc1,0x08,0xc1,0x08,0xc1,0x08,0xc1,0x08,0xc1,0x08,
0xc1,0x08,0xc1,0x08,0xc1,0x08,0xc1,0x08,0xc1,0x08,0xc1,0x08,0xc1,0x08,0xc1,0x08,
0xc1,0x08,0xc1,0x08,0xc1,0x08,0xc1,0x08,0xc1,0x08,0xc1,0x08,0xc1,0x08,0xc1,0x08,
0xc1,0x08,0xc1,0x08,0xc1,0x08,0xc1,0x08,0xc1,0x08,0xc1,0x08,0xc1,0x08,0xc1,0x08,
0xc1,0x08,0xc1,0x08,0xc1,0x08,0xc1,0x08,0xc1,0x08,0xc1,0x08,0xc1,0x08,0xc1,0x08,
0xc1,0x08,0xc1,0x08,0xc1,0x08,0xc1,0x08,0xc1,0x08,0xc1,0x08,0xc1,0x08,0xc1,0x08,
0xc1,0x08,0xc1,0x08,0x21,0x23,0x21,0x2c,0xe1,0x2b,0x01,0x2c,0x01,0x2c,0x01,0x2c,
0x01,0x2c,0x01,0x2c,0x01,0x2c,0x01,0x2c,0x01,0x2c,0x01,0x2c,0x01,0x2c,0x01,0x2c,
0x01,0x2c,0xe1,0x2b,0x01,0x2c,0xa1,0x11,0xa1,0x08,0xe1,0x08,0xe1,0x08,0xa1,0x08,
0x21,0x1a,0x21,0x2c,0xe1,0x2b,0x01,0x2c,0x01,0x2c,0x01,0x2c,0x01,0x2c,0x01,0x2c,
0x01,0x2c,0x01,0x2c,0x01,0x2c,0x01,0x2c,0x01,0x2c,0x01,0x2c,0x01,0x2c,0xe1,0x2b,
0x21,0x2c,0xc1,0x1a,0xa1,0x08,0xe1,0x08,0xc1,0x08,0xc1,0x08,0xc1,0x08,0xc1,0x08,
0xc1,0x08,0xc1,0x08,0xe1,0x08,0xa1,0x08,0x61,0x11,0xe1,0x2b,0x01,0x2c,0x01,0x2c,
0x01,0x2c,0x01,0x2c,0x01,0x2c,0x01,0x2c,0x01,0x2c,0x01,0x2c,0x01,0x2c,0x01,0x2c,
0x01,0x2c,0x01,0x2c,0x01,0x2c,0xe1,0x2b,0x01,0x2c,0x81,0x23,0xe1,0x08,0xc1,0x08,
0xc1,0x08,0xc1,0x08,0xc1,0x08,0xc1,0x08,0xc1,0x08,0xc1,0x08,0xc1,0x08,0xc1,0x08,
0xc1,0x08,0xc1,0x08,0xc1,0x08,0xc1,0x08,0xc1,0x08,0xc1,0x08,0xc1,0x08,0xc1,0x08,
0xc1,0x08,0xc1,0x08,0xc1,0x08,0xc1,0x08,0xc1,0x08,0xc1,0x08,0xc1,0x08,0xe1,0x08,
0xa1,0x08,0xe1,0x11,0x21,0x2c,0xe1,0x2b,0x01,0x2c,0x01,0x2c,0x01,0x2c,0x01,0x2c,
0xe1,0x2b,0x21,0x2c,0x81,0x1a,0xa1,0x08,0xe1,0x08,0xc1,0x08,0xc1,0x08,0xc1,0x08,
0xc1,0x08,0xc1,0x08,0xe1,0x08,0xa1,0x08,0xa1,0x11,0x01,0x2c,0xe1,0x2b,0x01,0x2c,
0x01,0x2c,0x01,0x2c,0x01,0x2c,0x01,0x2c,0xe1,0x2b,0x21,0x11,0xc1,0x08,0xe1,0x08,
0xc1,0x08,0xc1,0x08,0xc1,0x08,0xc1,0x08,0xc1,0x08,0xc1,0x08,0xc1,0x08,0xe1,0x08,
0xa1,0x08,0xc1,0x1a,0x21,0x2c,0xe1,0x2b,0x01,0x2c,0x01,0x2c,0xe1,0x2b,0x21,0x2c,
0x41,0x23,0xc1,0x08,0xc1,0x08,0xc1,0x08,0xc1,0x08,0xc1,0x08,0xc1,0x08,0xc1,0x08,
0xe1,0x08,0xc1,0x08,0x21,0x11,0xe1,0x2b,0x01,0x2c,0x01,0x2c,0x01,0x2c,0x01,0x2c,
0x01,0x2c,0xe1,0x2b,0x21,0x2c,0x61,0x23,0xe1,0x08,0xc1,0x08,0xc1,0x08,0xc1,0x08,
0xc1,0x08,0xc1,0x08,0xc1,0x08,0xc1,0x08,0xc1,0x08,0xc1,0x08,0xc1,0x08,0xc1,0x08,
0xc1,0x08,0xc1,0x08,0xc1,0x08,0xc1,0x08,0xc1,0x08,0xc1,0x08,0xc1,0x08,0xe1,0x08,
0xe1,0x08,0xc1,0x08,0xa1,0x08,0xa1,0x08,0xe1,0x08,0x61,0x11,0xe1,0x11,0x41,0x1a,
0xc1,0x1a,0x21,0x23,0x61,0x23,0xc1,0x2b,0xe1,0x2b,0x21,0x2c,0x21,0x2c,0x21,0x2c,
0x21,0x2c,0x01,0x2c,0x01,0x2c,0xe1,0x2b,0xe1,0x2b,0xe1,0x2b,0x01,0x2c,0x01,0x2c,
0x01,0x2c,0x01,0x2c,0x01,0x2c,0x01,0x2c,0x01,0x2c,0x01,0x2c,0x01,0x2c,0x01,0x2c,
0x01,0x2c,0xe1,0x2b,0x41,0x11,0xc1,0x08,0xe1,0x08,0xc1,0x08,0xc1,0x08,0xc1,0x08,
0xc1,0x08,0xc1,0x08,0xc1,0x08,0xc1,0x08,0xc1,0x08,0xc1,0x08,0xc1,0x08,0x41,0x23,
0x21,0x2c,0xe1,0x2b,0x01,0x2c,0x01,0x2c,0x01,0x2c,0xe1,0x2b,0x21,0x2c,0x41,0x23,
0xc1,0x08,0xc1,0x08,0xc1,0x08,0xc1,0x08,0xc1,0x08,0xc1,0x08,0xc1,0x08,0xc1,0x08,
0xc1,0x08,0xc1,0x08,0xc1,0x08,0xc1,0x08,0xc1,0x08,0xc1,0x08,0xc1,0x08,0xc1,0x08,
0xc1,0x08,0xc1,0x08,0xc1,0x08,0xc1,0x08,0xc1,0x08,0xe1,0x08,0xa1,0x08,0x61,0x1a,
0x21,0x2c,0xe1,0x2b,0x01,0x2c,0x01,0x2c,0x01,0x2c,0x01,0x2c,0x01,0x2c,0xc1,0x2b,
0x41,0x11,0xc1,0x08,0xe1,0x08,0xc1,0x08,0xc1,0x08,0xc1,0x08,0xc1,0x08,0xc1,0x08,
0xc1,0x08,0xc1,0x08,0xc1,0x08,0xc1,0x08,0xc1,0x08,0xe1,0x10,0x82,0xc4,0x82,0xf5,
0x42,0xe5,0x42,0xed,0x42,0xed,0x42,0xed,0x42,0xed,0x42,0xed,0x62,0xed,0x02,0xdd,
0xe2,0xd4,0xe2,0xd4,0xe2,0xd4,0xe2,0xd4,0xe2,0xd4,0xe2,0xd4,0xe2,0xd4,0xe2,0xd4,
0xe2,0xd4,0xe2,0xd4,0xe2,0xd4,0xe2,0xd4,0xe2,0xd4,0xe2,0xd4,0xe2,0xd4,0xe2,0xd4,
0xe2,0xd4,0xe2,0xd4,0xe2,0xd4,0xc2,0xcc,0xa2,0xcc,0x62,0xbc,0x02,0xac,0xa1,0x9b,
0x21,0x7b,0x81,0x5a,0xc1,0x39,0x21,0x19,0xa1,0x00,0x81,0x00,0xa1,0x08,0xe1,0x10,
0xe1,0x10,0xc1,0x08,0xc1,0x08,0xc1,0x08,0xc1,0x08,0xc1,0x08,0xc1,0x08,0xc1,0x08,
0xc1,0x08,0xc1,0x08,0xc1,0x08,0xc1,0x08,0xc1,0x08,0xc1,0x08,0xc1,0x08,0xc1,0x08,
0xc1,0x08,0xc1,0x08,0xc1,0x08,0xe1,0x10,0x81,0x00,0x01,0x7b,0xa2,0xfd,0x42,0xe5,
0x42,0xed,0x42,0xed,0x42,0xed,0x42,0xed,0x62,0xed,0x22,0xe5,0x81,0x31,0xa1,0x00,
0xe1,0x10,0xc1,0x08,0xc1,0x08,0xc1,0x08,0xc1,0x08,0xc1,0x08,0xc1,0x08,0xc1,0x08,
0xc1,0x08,0xc1,0x08,0xc1,0x08,0xc1,0x08,0xc1,0x08,0xc1,0x08,0xc1,0x08,0xc1,0x08,
0xe1,0x10,0xa1,0x00,0xe1,0x41,0x62,0xed,0x42,0xed,0x42,0xed,0x42,0xed,0x42,0xed,
0x42,0xed,0x42,0xe5,0xa2,0xf5,0xc2,0x9b,0xa1,0x00,0xe1,0x10,0xc1,0x08,0xc1,0x08,
0xc1,0x08,0xc1,0x08,0xc1,0x08,0xc1,0x08,0xc1,0x08,0xc1,0x08,0xc1,0x08,0xc1,0x08,
0xc1,0x08,0xc1,0x08,0xc1,0x08,0xc1,0x08,0xc1,0x08,0xc1,0x08,0xc1,0x08,0xc1,0x08,
0xc1,0x08,0xc1,0x08,0xc1,0x08,0xc1,0x08,0xc1,0x08,0xc1,0x08,0xe1,0x10,0x81,0x00,
0x01,0x4a,0x82,0xf5,0x42,0xe5,0x42,0xed,0x42,0xed,0x42,0xed,0x42,0xed,0x42,0xe5,
0xa2,0xfd,0xa2,0x9b,0x81,0x00,0xe1,0x10,0xc1,0x08,0xc1,0x08,0xc1,0x08,0xc1,0x08,
0xc1,0x08,0xc1,0x08,0xc1,0x08,0xc1,0x08,0xc1,0x08,0xc1,0x08,0xc1,0x08,0xc1,0x08,
0xc1,0x08,0xc1,0x08,0xc1,0x08,0xc1,0x08,0xc1,0x08,0xc1,0x08,0xc1,0x08,0xc1,0x08,
0xc1,0x08,0xc1,0x08,0xc1,0x08,0xc1,0x08,0xc1,0x08,0xc1,0x08,0xc1,0x08,0xc1,0x08,
0xc1,0x08,0xc1,0x08,0xc1,0x08,0xc1,0x08,0xc1,0x08,0xc1,0x08,0xc1,0x08,0xc1,0x08,
0xc1,0x08,0xc1,0x08,0xc1,0x08,0xc1,0x08,0xc1,0x08,0xc1,0x08,0xc1,0x08,0xc1,0x08,
0xc1,0x08,0xc1,0x08,0xc1,0x08,0xc1,0x08,0xc1,0x08,0xc1,0x08,0xc1,0x08,0xe1,0x08,
0xa1,0x08,0x81,0x11,0x01,0x2c,0x01,0x2c,0x01,0x2c,0x01,0x2c,0x01,0x2c,0x01,0x2c,
0x01,0x2c,0x01,0x2c,0x01,0x2c,0x01,0x2c,0x01,0x2c,0x01,0x2c,0x01,0x2c,0x01,0x2c,
0xe1,0x2b,0x21,0x2c,0x21,0x23,0xc1,0x08,0xc1,0x08,0xc1,0x08,0xc1,0x08,0xe1,0x08,
0x61,0x23,0x21,0x2c,0xe1,0x2b,0x01,0x2c,0x01,0x2c,0x01,0x2c,0x01,0x2c,0x01,0x2c,
0x01,0x2c,0x01,0x2c,0x01,0x2c,0x01,0x2c,0x01,0x2c,0x01,0x2c,0x01,0x2c,0x01,0x2c,
0xe1,0x2b,0x41,0x11,0xc1,0x08,0xe1,0x08,0xc1,0x08,0xc1,0x08,0xc1,0x08,0xc1,0x08,
0xc1,0x08,0xc1,0x08,0xc1,0x08,0xe1,0x08,0xa1,0x08,0xe1,0x22,0x21,0x2c,0xe1,0x2b,
0x01,0x2c,0x01,0x2c,0x01,0x2c,0x01,0x2c,0x01,0x2c,0x01,0x2c,0x01,0x2c,0x01,0x2c,
0x01,0x2c,0x01,0x2c,0x01,0x2c,0x01,0x2c,0xe1,0x2b,0x21,0x2c,0xe1,0x19,0xa1,0x08,
0xe1,0x08,0xc1,0x08,0xc1,0x08,0xc1,0x08,0xc1,0x08,0xc1,0x08,0xc1,0x08,0xc1,0x08,
0xc1,0x08,0xc1,0x08,0xc1,0x08,0xc1,0x08,0xc1,0x08,0xc1,0x08,0xc1,0x08,0xc1,0x08,
0xc1,0x08,0xc1,0x08,0xc1,0x08,0xc1,0x08,0xc1,0x08,0xc1,0x08,0xc1,0x08,0xe1,0x08,
0xa1,0x08,0xe1,0x11,0x21,0x2c,0xe1,0x2b,0x01,0x2c,0x01,0x2c,0x01,0x2c,0x01,0x2c,
0xe1,0x2b,0x21,0x2c,0x81,0x1a,0xa1,0x08,0xe1,0x08,0xc1,0x08,0xc1,0x08,0xc1,0x08,
0xc1,0x08,0xc1,0x08,0xc1,0x08,0xc1,0x08,0x01,0x09,0xa1,0x23,0x01,0x2c,0xe1,0x2b,
0x01,0x2c,0x01,0x2c,0x01,0x2c,0xe1,0x2b,0x21,0x2c,0x01,0x1a,0xa1,0x08,0xe1,0x08,
0xc1,0x08,0xc1,0x08,0xc1,0x08,0xc1,0x08,0xc1,0x08,0xc1,0x08,0xc1,0x08,0xc1,0x08,
0xe1,0x08,0xa1,0x23,0x01,0x2c,0xe1,0x2b,0x01,0x2c,0x01,0x2c,0xe1,0x2b,0x21,0x2c,
0x41,0x1a,0xa1,0x08,0xe1,0x08,0xc1,0x08,0xc1,0x08,0xc1,0x08,0xc1,0x08,0xc1,0x08,
0xe1,0x08,0xc1,0x08,0x21,0x11,0xe1,0x2b,0x01,0x2c,0x01,0x2c,0x01,0x2c,0x01,0x2c,
0x01,0x2c,0xe1,0x2b,0x21,0x2c,0x61,0x23,0xe1,0x08,0xc1,0x08,0xc1,0x08,0xc1,0x08,
0xc1,0x08,0xc1,0x08,0xc1,0x08,0xc1,0x08,0xc1,0x08,0xc1,0x08,0xc1,0x08,0xc1,0x08,
0xc1,0x08,0xc1,0x08,0xc1,0x08,0xc1,0x08,0xc1,0x08,0xe1,0x08,0xc1,0x08,0xa1,0x08,
0xc1,0x08,0x41,0x11,0x21,0x1a,0x01,0x23,0xa1,0x23,0x01,0x2c,0x21,0x2c,0x21,0x2c,
0x21,0x2c,0x21,0x2c,0x01,0x2c,0x01,0x2c,0x01,0x2c,0xe1,0x2b,0xe1,0x2b,0xe1,0x2b,
0xe1,0x2b,0xe1,0x2b,0x01,0x2c,0x01,0x2c,0x01,0x2c,0x01,0x2c,0x01,0x2c,0x01,0x2c,
0x01,0x2c,0x01,0x2c,0x01,0x2c,0x01,0x2c,0x01,0x2c,0x01,0x2c,0x01,0x2c,0x01,0x2c,
0x01,0x2c,0xe1,0x2b,0x41,0x11,0xc1,0x08,0xe1,0x08,0xc1,0x08,0xc1,0x08,0xc1,0x08,
0xc1,0x08,0xc1,0x08,0xc1,0x08,0xc1,0x08,0xc1,0x08,0xc1,0x08,0xc1,0x08,0x41,0x23,
0x21,0x2c,0xe1,0x2b,0x01,0x2c,0x01,0x2c,0x01,0x2c,0xe1,0x2b,0x21,0x2c,0x41,0x23,
0xc1,0x08,0xc1,0x08,0xc1,0x08,0xc1,0x08,0xc1,0x08,0xc1,0x08,0xc1,0x08,0xc1,0x08,
0xc1,0x08,0xc1,0x08,0xc1,0x08,0xc1,0x08,0xc1,0x08,0xc1,0x08,0xc1,0x08,0xc1,0x08,
0xc1,0x08,0xc1,0x08,0xc1,0x08,0xc1,0x08,0xc1,0x08,0xe1,0x08,0xa1,0x08,0x61,0x1a,
0x21,0x2c,0xe1,0x2b,0x01,0x2c,0x01,0x2c,0x01,0x2c,0x01,0x2c,0x01,0x2c,0xc1,0x2b,
0x41,0x11,0xc1,0x08,0xe1,0x08,0xc1,0x08,0xc1,0x08,0xc1,0x08,0xc1,0x08,0xc1,0x08,
0xc1,0x08,0xc1,0x08,0xc1,0x08,0xc1,0x08,0xc1,0x08,0xe1,0x10,0x82,0xc4,0x82,0xf5,
0x42,0xe5,0x42,0xed,0x42,0xed,0x42,0xed,0x42,0xed,0x42,0xe5,0xa2,0xf5,0xa1,0x62,
0xe1,0x10,0x21,0x21,0x21,0x19,0x21,0x19,0x21,0x19,0x21,0x19,0x21,0x19,0x21,0x19,
0x21,0x19,0x21,0x19,0x21,0x19,0x21,0x19,0x21,0x19,0x21,0x19,0x21,0x19,0x21,0x19,
0x21,0x19,0x21,0x19,0x21,0x19,0x01,0x11,0xe1,0x10,0xc1,0x08,0xa1,0x00,0xa1,0x00,
0x81,0x00,0x81,0x00,0xa1,0x00,0xc1,0x08,0xe1,0x10,0xe1,0x10,0xe1,0x08,0xc1,0x08,
0xc1,0x08,0xc1,0x08,0xc1,0x08,0xc1,0x08,0xc1,0x08,0xc1,0x08,0xc1,0x08,0xc1,0x08,
0xc1,0x08,0xc1,0x08,0xc1,0x08,0xc1,0x08,0xc1,0x08,0xc1,0x08,0xc1,0x08,0xc1,0x08,
0xc1,0x08,0xc1,0x08,0xc1,0x08,0xe1,0x10,0x81,0x00,0x01,0x7b,0xa2,0xfd,0x42,0xe5,
0x42,0xed,0x42,0xed,0x42,0xed,0x42,0xed,0x62,0xed,0x22,0xdd,0x61,0x29,0xa1,0x08,
0xe1,0x08,0xc1,0x08,0xc1,0x08,0xc1,0x08,0xc1,0x08,0xc1,0x08,0xc1,0x08,0xc1,0x08,
0xc1,0x08,0xc1,0x08,0xc1,0x08,0xc1,0x08,0xc1,0x08,0xc1,0x08,0xc1,0x08,0xc1,0x08,
0xe1,0x10,0xa1,0x00,0x01,0x4a,0x62,0xed,0x42,0xed,0x42,0xed,0x42,0xed,0x42,0xed,
0x42,0xed,0x42,0xe5,0xa2,0xfd,0x81,0x93,0x81,0x00,0xe1,0x10,0xc1,0x08,0xc1,0x08,
0xc1,0x08,0xc1,0x08,0xc1,0x08,0xc1,0x08,0xc1,0x08,0xc1,0x08,0xc1,0x08,0xc1,0x08,
0xc1,0x08,0xc1,0x08,0xc1,0x08,0xc1,0x08,0xc1,0x08,0xc1,0x08,0xc1,0x08,0xc1,0x08,
0xc1,0x08,0xc1,0x08,0xc1,0x08,0xc1,0x08,0xc1,0x08,0xc1,0x08,0xe1,0x10,0xa1,0x00,
0xe1,0x39,0x62,0xed,0x42,0xed,0x42,0xed,0x42,0xed,0x42,0xed,0x42,0xed,0x42,0xe5,
0xa2,0xf5,0xe2,0xa3,0xa1,0x00,0xe1,0x10,0xc1,0x08,0xc1,0x08,0xc1,0x08,0xc1,0x08,
0xc1,0x08,0xc1,0x08,0xc1,0x08,0xc1,0x08,0xc1,0x08,0xc1,0x08,0xc1,0x08,0xc1,0x08,
0xc1,0x08,0xc1,0x08,0xc1,0x08,0xc1,0x08,0xc1,0x08,0xc1,0x08,0xc1,0x08,0xc1,0x08,
0xc1,0x08,0xc1,0x08,0xc1,0x08,0xc1,0x08,0xc1,0x08,0xc1,0x08,0xc1,0x08,0xc1,0x08,
0xc1,0x08,0xc1,0x08,0xc1,0x08,0xc1,0x08,0xc1,0x08,0xc1,0x08,0xc1,0x08,0xc1,0x08,
0xc1,0x08,0xc1,0x08,0xc1,0x08,0xc1,0x08,0xc1,0x08,0xc1,0x08,0xc1,0x08,0xc1,0x08,
0xc1,0x08,0xc1,0x08,0xc1,0x08,0xc1,0x08,0xc1,0x08,0xc1,0x08,0xc1,0x08,0xe1,0x08,
0xa1,0x08,0x01,0x23,0x21,0x2c,0xe1,0x2b,0x01,0x2c,0x01,0x2c,0x01,0x2c,0x01,0x2c,
0x01,0x2c,0x01,0x2c,0x01,0x2c,0x01,0x2c,0x01,0x2c,0x01,0x2c,0x01,0x2c,0x01,0x2c,
0xe1,0x2b,0x21,0x2c,0xc1,0x11,0xa1,0x08,0xe1,0x08,0xe1,0x08,0xa1,0x08,0xe1,0x19,
0x21,0x2c,0xe1,0x2b,0x01,0x2c,0x01,0x2c,0x01,0x2c,0x01,0x2c,0x01,0x2c,0x01,0x2c,
0x01,0x2c,0x01,0x2c,0x01,0x2c,0x01,0x2c,0x01,0x2c,0x01,0x2c,0xe1,0x2b,0x21,0x2c,
0xe1,0x22,0xa1,0x08,0xe1,0x08,0xc1,0x08,0xc1,0x08,0xc1,0x08,0xc1,0x08,0xc1,0x08,
0xc1,0x08,0xc1,0x08,0xc1,0x08,0xe1,0x08,0xa1,0x08,0x61,0x11,0x01,0x2c,0x01,0x2c,
0x01,0x2c,0x01,0x2c,0x01,0x2c,0x01,0x2c,0x01,0x2c,0x01,0x2c,0x01,0x2c,0x01,0x2c,
0x01,0x2c,0x01,0x2c,0x01,0x2c,0x01,0x2c,0xe1,0x2b,0x21,0x2c,0x41,0x23,0xc1,0x08,
0xc1,0x08,0xc1,0x08,0xc1,0x08,0xc1,0x08,0xc1,0x08,0xc1,0x08,0xc1,0x08,0xc1,0x08,
0xc1,0x08,0xc1,0x08,0xc1,0x08,0xc1,0x08,0xc1,0x08,0xc1,0x08,0xc1,0x08,0xc1,0x08,
0xc1,0x08,0xc1,0x08,0xc1,0x08,0xc1,0x08,0xc1,0x08,0xc1,0x08,0xc1,0x08,0xe1,0x08,
0xa1,0x08,0xe1,0x11,0x21,0x2c,0xe1,0x2b,0x01,0x2c,0x01,0x2c,0x01,0x2c,0x01,0x2c,
0xe1,0x2b,0x21,0x2c,0x81,0x1a,0xa1,0x08,0xe1,0x08,0xc1,0x08,0xc1,0x08,0xc1,0x08,
0xc1,0x08,0xc1,0x08,0xc1,0x08,0xe1,0x08,0xa1,0x08,0xc1,0x1a,0x21,0x2c,0xe1,0x2b,
0x01,0x2c,0x01,0x2c,0x01,0x2c,0xe1,0x2b,0x21,0x2c,0x21,0x23,0xa1,0x08,0xe1,0x08,
0xc1,0x08,0xc1,0x08,0xc1,0x08,0xc1,0x08,0xc1,0x08,0xc1,0x08,0xe1,0x08,0xa1,0x08,
0xa1,0x11,0x01,0x2c,0xe1,0x2b,0x01,0x2c,0x01,0x2c,0x01,0x2c,0x01,0x2c,0xe1,0x2b,
0x61,0x11,0xa1,0x08,0xe1,0x08,0xc1,0x08,0xc1,0x08,0xc1,0x08,0xc1,0x08,0xc1,0x08,
0xe1,0x08,0xc1,0x08,0x21,0x11,0xe1,0x2b,0x01,0x2c,0x01,0x2c,0x01,0x2c,0x01,0x2c,
0x01,0x2c,0xe1,0x2b,0x21,0x2c,0x61,0x23,0xe1,0x08,0xc1,0x08,0xc1,0x08,0xc1,0x08,
0xc1,0x08,0xc1,0x08,0xc1,0x08,0xc1,0x08,0xc1,0x08,0xc1,0x08,0xc1,0x08,0xc1,0x08,
0xc1,0x08,0xc1,0x08,0xc1,0x08,0xc1,0x08,0xe1,0x08,0xa1,0x08,0xc1,0x08,0xc1,0x11,
0x01,0x23,0xe1,0x2b,0x21,0x2c,0x21,0x2c,0x01,0x2c,0x01,0x2c,0xe1,0x2b,0xe1,0x2b,
0xe1,0x2b,0xe1,0x2b,0xe1,0x2b,0xe1,0x2b,0x01,0x2c,0x01,0x2c,0x01,0x2c,0x01,0x2c,
0x01,0x2c,0x01,0x2c,0x01,0x2c,0x01,0x2c,0x01,0x2c,0x01,0x2c,0x01,0x2c,0xe1,0x2b,
0xe1,0x2b,0x01,0x2c,0x01,0x2c,0x01,0x2c,0x01,0x2c,0x01,0x2c,0x01,0x2c,0x01,0x2c,
0x01,0x2c,0xe1,0x2b,0x41,0x11,0xc1,0x08,0xe1,0x08,0xc1,0x08,0xc1,0x08,0xc1,0x08,
0xc1,0x08,0xc1,0x08,0xc1,0x08,0xc1,0x08,0xc1,0x08,0xc1,0x08,0xc1,0x08,0x41,0x23,
0x21,0x2c,0xe1,0x2b,0x01,0x2c,0x01,0x2c,0x01,0x2c,0xe1,0x2b,0x21,0x2c,0x41,0x23,
0xc1,0x08,0xc1,0x08,0xc1,0x08,0xc1,0x08,0xc1,0x08,0xc1,0x08,0xc1,0x08,0xc1,0x08,
0xc1,0x08,0xc1,0x08,0xc1,0x08,0xc1,0x08,0xc1,0x08,0xc1,0x08,0xc1,0x08,0xc1,0x08,
0xc1,0x08,0xc1,0x08,0xc1,0x08,0xc1,0x08,0xc1,0x08,0xe1,0x08,0xa1,0x08,0x61,0x1a,
0x21,0x2c,0xe1,0x2b,0x01,0x2c,0x01,0x2c,0x01,0x2c,0x01,0x2c,0x01,0x2c,0xc1,0x2b,
0x41,0x11,0xc1,0x08,0xe1,0x08,0xc1,0x08,0xc1,0x08,0xc1,0x08,0xc1,0x08,0xc1,0x08,
0xc1,0x08,0xc1,0x08,0xc1,0x08,0xc1,0x08,0xc1,0x08,0xe1,0x10,0x82,0xc4,0x82,0xf5,
0x42,0xe5,0x42,0xed,0x42,0xed,0x42,0xed,0x42,0xed,0x42,0xe5,0xa2,0xfd,0x61,0x5a,
0x61,0x00,0xc1,0x08,0xc1,0x08,0xc1,0x08,0xc1,0x08,0xc1,0x08,0xc1,0x08,0xc1,0x08,
0xc1,0x08,0xc1,0x08,0xc1,0x08,0xc1,0x08,0xc1,0x08,0xc1,0x08,0xc1,0x08,0xc1,0x08,
0xc1,0x08,0xc1,0x08,0xc1,0x08,0xc1,0x08,0xc1,0x08,0xc1,0x08,0xe1,0x10,0xe1,0x10,
0xe1,0x10,0xe1,0x10,0xe1,0x10,0xe1,0x08,0xc1,0x08,0xc1,0x08,0xc1,0x08,0xc1,0x08,
0xc1,0x08,0xc1,0x08,0xc1,0x08,0xc1,0x08,0xc1,0x08,0xc1,0x08,0xc1,0x08,0xc1,0x08,
0xc1,0x08,0xc1,0x08,0xc1,0x08,0xc1,0x08,0xc1,0x08,0xc1,0x08,0xc1,0x08,0xc1,0x08,
0xc1,0x08,0xc1,0x08,0xc1,0x08,0xe1,0x10,0x81,0x00,0x01,0x7b,0xa2,0xfd,0x42,0xe5,
0x42,0xed,0x42,0xed,0x42,0xed,0x42,0xed,0x62,0xed,0x22,0xdd,0x61,0x29,0xa1,0x08,
0xe1,0x08,0xc1,0x08,0xc1,0x08,0xc1,0x08,0xc1,0x08,0xc1,0x08,0xc1,0x08,0xc1,0x08,
0xc1,0x08,0xc1,0x08,0xc1,0x08,0xc1,0x08,0xc1,0x08,0xc1,0x08,0xc1,0x08,0xc1,0x08,
0xe1,0x10,0x81,0x00,0x41,0x52,0x82,0xf5,0x42,0xe5,0x42,0xed,0x42,0xed,0x42,0xed,
0x42,0xed,0x42,0xe5,0xa2,0xfd,0x41,0x83,0x81,0x00,0xe1,0x10,0xc1,0x08,0xc1,0x08,
0xc1,0x08,0xc1,0x08,0xc1,0x08,0xc1,0x08,0xc1,0x08,0xc1,0x08,0xc1,0x08,0xc1,0x08,
0xc1,0x08,0xc1,0x08,0xc1,0x08,0xc1,0x08,0xc1,0x08,0xc1,0x08,0xc1,0x08,0xc1,0x08,
0xc1,0x08,0xc1,0x08,0xc1,0x08,0xc1,0x08,0xc1,0x08,0xc1,0x08,0xe1,0x10,0xa1,0x00,
0xa1,0x31,0x42,0xe5,0x62,0xed,0x42,0xed,0x42,0xed,0x42,0xed,0x42,0xed,0x42,0xe5,
0x82,0xf5,0x02,0xac,0xa1,0x00,0xe1,0x08,0xc1,0x08,0xc1,0x08,0xc1,0x08,0xc1,0x08,
0xc1,0x08,0xc1,0x08,0xc1,0x08,0xc1,0x08,0xc1,0x08,0xc1,0x08,0xc1,0x08,0xc1,0x08,
0xc1,0x08,0xc1,0x08,0xc1,0x08,0xc1,0x08,0xc1,0x08,0xc1,0x08,0xc1,0x08,0xc1,0x08,
0xc1,0x08,0xc1,0x08,0xc1,0x08,0xc1,0x08,0xc1,0x08,0xc1,0x08,0xc1,0x08,0xc1,0x08,
0xc1,0x08,0xc1,0x08,0xc1,0x08,0xc1,0x08,0xc1,0x08,0xc1,0x08,0xc1,0x08,0xc1,0x08,
0xc1,0x08,0xc1,0x08,0xc1,0x08,0xc1,0x08,0xc1,0x08,0xc1,0x08,0xc1,0x08,0xc1,0x08,
0xc1,0x08,0xc1,0x08,0xc1,0x08,0xc1,0x08,0xc1,0x08,0xc1,0x08,0xe1,0x08,0xa1,0x08,
0x81,0x11,0x01,0x2c,0x01,0x2c,0x01,0x2c,0x01,0x2c,0x01,0x2c,0x01,0x2c,0x01,0x2c,
0x01,0x2c,0x01,0x2c,0x01,0x2c,0x01,0x2c,0x01,0x2c,0x01,0x2c,0x01,0x2c,0xe1,0x2b,
0x21,0x2c,0x61,0x23,0xc1,0x08,0xc1,0x08,0xe1,0x08,0xc1,0x08,0xc1,0x08,0x61,0x23,
0x21,0x2c,0xe1,0x2b,0x01,0x2c,0x01,0x2c,0x01,0x2c,0x01,0x2c,0x01,0x2c,0x01,0x2c,
0x01,0x2c,0x01,0x2c,0x01,0x2c,0x01,0x2c,0x01,0x2c,0x01,0x2c,0x01,0x2c,0x01,0x2c,
0x81,0x11,0xa1,0x08,0xe1,0x08,0xc1,0x08,0xc1,0x08,0xc1,0x08,0xc1,0x08,0xc1,0x08,
0xc1,0x08,0xc1,0x08,0xc1,0x08,0xc1,0x08,0xe1,0x08,0xc1,0x08,0x01,0x23,0x21,0x2c,
0xe1,0x2b,0x01,0x2c,0x01,0x2c,0x01,0x2c,0x01,0x2c,0x01,0x2c,0x01,0x2c,0x01,0x2c,
0x01,0x2c,0x01,0x2c,0x01,0x2c,0x01,0x2c,0x01,0x2c,0xe1,0x2b,0x21,0x2c,0xc1,0x11,
0xa1,0x08,0xe1,0x08,0xc1,0x08,0xc1,0x08,0xc1,0x08,0xc1,0x08,0xc1,0x08,0xc1,0x08,
0xc1,0x08,0xc1,0x08,0xc1,0x08,0xc1,0x08,0xc1,0x08,0xc1,0x08,0xc1,0x08,0xc1,0x08,
0xc1,0x08,0xc1,0x08,0xc1,0x08,0xc1,0x08,0xc1,0x08,0xc1,0x08,0xc1,0x08,0xe1,0x08,
0xa1,0x08,0xe1,0x11,0x21,0x2c,0xe1,0x2b,0x01,0x2c,0x01,0x2c,0x01,0x2c,0x01,0x2c,
0xe1,0x2b,0x21,0x2c,0x81,0x1a,0xa1,0x08,0xe1,0x08,0xc1,0x08,0xc1,0x08,0xc1,0x08,
0xc1,0x08,0xc1,0x08,0xc1,0x08,0xe1,0x08,0xa1,0x08,0xa1,0x11,0x21,0x2c,0xe1,0x2b,
0x01,0x2c,0x01,0x2c,0x01,0x2c,0x01,0x2c,0x01,0x2c,0xc1,0x2b,0x21,0x11,0xc1,0x08,
0xe1,0x08,0xc1,0x08,0xc1,0x08,0xc1,0x08,0xc1,0x08,0xc1,0x08,0xe1,0x08,0xa1,0x08,
0xa1,0x1a,0x21,0x2c,0xe1,0x2b,0x01,0x2c,0x01,0x2c,0xe1,0x2b,0x21,0x2c,0x41,0x23,
0xc1,0x08,0xc1,0x08,0xc1,0x08,0xc1,0x08,0xc1,0x08,0xc1,0x08,0xc1,0x08,0xc1,0x08,
0xe1,0x08,0xc1,0x08,0x21,0x11,0xe1,0x2b,0x01,0x2c,0x01,0x2c,0x01,0x2c,0x01,0x2c,
0x01,0x2c,0xe1,0x2b,0x21,0x2c,0x61,0x23,0xe1,0x08,0xc1,0x08,0xc1,0x08,0xc1,0x08,
0xc1,0x08,0xc1,0x08,0xc1,0x08,0xc1,0x08,0xc1,0x08,0xc1,0x08,0xc1,0x08,0xc1,0x08,
0xc1,0x08,0xc1,0x08,0xe1,0x08,0xc1,0x08,0xa1,0x08,0x61,0x11,0x21,0x23,0x21,0x2c,
0x21,0x2c,0x01,0x2c,0xe1,0x2b,0xe1,0x2b,0xe1,0x2b,0x01,0x2c,0x01,0x2c,0x01,0x2c,
0x01,0x2c,0x01,0x2c,0x01,0x2c,0x01,0x2c,0x01,0x2c,0x01,0x2c,0x01,0x2c,0x01,0x2c,
0x01,0x2c,0x01,0x2c,0x01,0x2c,0xe1,0x2b,0xe1,0x2b,0xe1,0x2b,0x01,0x2c,0x21,0x2c,
0x21,0x2c,0x01,0x2c,0x01,0x2c,0x01,0x2c,0x01,0x2c,0x01,0x2c,0x01,0x2c,0x01,0x2c,
0x01,0x2c,0xe1,0x2b,0x41,0x11,0xc1,0x08,0xe1,0x08,0xc1,0x08,0xc1,0x08,0xc1,0x08,
0xc1,0x08,0xc1,0x08,0xc1,0x08,0xc1,0x08,0xc1,0x08,0xc1,0x08,0xc1,0x08,0x41,0x23,
0x21,0x2c,0xe1,0x2b,0x01,0x2c,0x01,0x2c,0x01,0x2c,0xe1,0x2b,0x21,0x2c,0x41,0x23,
0xc1,0x08,0xc1,0x08,0xc1,0x08,0xc1,0x08,0xc1,0x08,0xc1,0x08,0xc1,0x08,0xc1,0x08,
0xc1,0x08,0xc1,0x08,0xc1,0x08,0xc1,0x08,0xc1,0x08,0xc1,0x08,0xc1,0x08,0xc1,0x08,
0xc1,0x08,0xc1,0x08,0xc1,0x08,0xc1,0x08,0xc1,0x08,0xe1,0x08,0xa1,0x08,0x61,0x1a,
0x21,0x2c,0xe1,0x2b,0x01,0x2c,0x01,0x2c,0x01,0x2c,0x01,0x2c,0x01,0x2c,0xc1,0x2b,
0x41,0x11,0xc1,0x08,0xe1,0x08,0xc1,0x08,0xc1,0x08,0xc1,0x08,0xc1,0x08,0xc1,0x08,
0xc1,0x08,0xc1,0x08,0xc1,0x08,0xc1,0x08,0xc1,0x08,0xe1,0x10,0x82,0xc4,0x82,0xf5,
0x42,0xe5,0x42,0xed,0x42,0xed,0x42,0xed,0x42,0xed,0x42,0xe5,0xa2,0xfd,0x61,0x5a,
0x81,0x00,0xe1,0x10,0xe1,0x08,0xe1,0x08,0xe1,0x08,0xe1,0x08,0xe1,0x08,0xe1,0x08,
0xe1,0x08,0xe1,0x08,0xe1,0x08,0xe1,0x08,0xe1,0x08,0xe1,0x08,0xe1,0x08,0xe1,0x08,
0xe1,0x08,0xe1,0x08,0xe1,0x08,0xe1,0x08,0xc1,0x08,0xc1,0x08,0xc1,0x08,0xc1,0x08,
0xc1,0x08,0xc1,0x08,0xc1,0x08,0xc1,0x08,0xc1,0x08,0xc1,0x08,0xc1,0x08,0xc1,0x08,
0xc1,0x08,0xc1,0x08,0xc1,0x08,0xc1,0x08,0xc1,0x08,0xc1,0x08,0xc1,0x08,0xc1,0x08,
0xc1,0x08,0xc1,0x08,0xc1,0x08,0xc1,0x08,0xc1,0x08,0xc1,0x08,0xc1,0x08,0xc1,0x08,
0xc1,0x08,0xc1,0x08,0xc1,0x08,0xe1,0x10,0x81,0x00,0x01,0x7b,0xa2,0xfd,0x42,0xe5,
0x42,0xed,0x42,0xed,0x42,0xed,0x42,0xed,0x62,0xed,0x22,0xdd,0x61,0x29,0xa1,0x08,
0xe1,0x08,0xc1,0x08,0xc1,0x08,0xc1,0x08,0xc1,0x08,0xc1,0x08,0xc1,0x08,0xc1,0x08,
0xc1,0x08,0xc1,0x08,0xc1,0x08,0xc1,0x08,0xc1,0x08,0xc1,0x08,0xc1,0x08,0xc1,0x08,
0xe1,0x10,0x81,0x00,0x41,0x52,0x82,0xf5,0x42,0xe5,0x42,0xed,0x42,0xed,0x42,0xed,
0x42,0xed,0x42,0xe5,0xa2,0xfd,0x21,0x7b,0x81,0x00,0xe1,0x10,0xc1,0x08,0xc1,0x08,
0xc1,0x08,0xc1,0x08,0xc1,0x08,0xc1,0x08,0xc1,0x08,0xc1,0x08,0xc1,0x08,0xc1,0x08,
0xc1,0x08,0xc1,0x08,0xc1,0x08,0xc1,0x08,0xc1,0x08,0xc1,0x08,0xc1,0x08,0xc1,0x08,
0xc1,0x08,0xc1,0x08,0xc1,0x08,0xc1,0x08,0xc1,0x08,0xc1,0x08,0xe1,0x10,0xa1,0x00,
0x81,0x31,0x22,0xe5,0x62,0xed,0x42,0xed,0x42,0xed,0x42,0xed,0x42,0xed,0x42,0xe5,
0x82,0xf5,0x02,0xac,0xa1,0x00,0xe1,0x08,0xc1,0x08,0xc1,0x08,0xc1,0x08,0xc1,0x08,
0xc1,0x08,0xc1,0x08,0xc1,0x08,0xc1,0x08,0xc1,0x08,0xc1,0x08,0xc1,0x08,0xc1,0x08,
0xc1,0x08,0xc1,0x08,0xc1,0x08,0xc1,0x08,0xc1,0x08,0xc1,0x08,0xc1,0x08,0xc1,0x08,
0xc1,0x08,0xc1,0x08,0xc1,0x08,0xc1,0x08,0xc1,0x08,0xc1,0x08,0xc1,0x08,0xc1,0x08,
0xc1,0x08,0xc1,0x08,0xc1,0x08,0xc1,0x08,0xc1,0x08,0xc1,0x08,0xc1,0x08,0xc1,0x08,
0xc1,0x08,0xc1,0x08,0xc1,0x08,0xc1,0x08,0xc1,0x08,0xc1,0x08,0xc1,0x08,0xc1,0x08,
0xc1,0x08,0xc1,0x08,0xc1,0x08,0xc1,0x08,0xc1,0x08,0xc1,0x08,0xe1,0x08,0xa1,0x08,
0xc1,0x1a,0x21,0x2c,0xe1,0x2b,0x01,0x2c,0x01,0x2c,0x01,0x2c,0x01,0x2c,0x01,0x2c,
0x01,0x2c,0x01,0x2c,0x01,0x2c,0x01,0x2c,0x01,0x2c,0x01,0x2c,0x01,0x2c,0xe1,0x2b,
0x21,0x2c,0x01,0x1a,0xa1,0x08,0xe1,0x08,0xe1,0x08,0xa1,0x08,0xc1,0x11,0x21,0x2c,
0xe1,0x2b,0x01,0x2c,0x01,0x2c,0x01,0x2c,0x01,0x2c,0x01,0x2c,0x01,0x2c,0x01,0x2c,
0x01,0x2c,0x01,0x2c,0x01,0x2c,0x01,0x2c,0x01,0x2c,0xe1,0x2b,0x21,0x2c,0x01,0x23,
0xa1,0x08,0xc1,0x08,0xc1,0x08,0xc1,0x08,0xc1,0x08,0xc1,0x08,0xc1,0x08,0xc1,0x08,
0xc1,0x08,0xc1,0x08,0xc1,0x08,0xc1,0x08,0xe1,0x08,0xa1,0x08,0xa1,0x11,0x01,0x2c,
0xe1,0x2b,0x01,0x2c,0x01,0x2c,0x01,0x2c,0x01,0x2c,0x01,0x2c,0x01,0x2c,0x01,0x2c,
0x01,0x2c,0x01,0x2c,0x01,0x2c,0x01,0x2c,0x01,0x2c,0xe1,0x2b,0x21,0x2c,0x21,0x23,
0xc1,0x08,0xc1,0x08,0xc1,0x08,0xc1,0x08,0xc1,0x08,0xc1,0x08,0xc1,0x08,0xc1,0x08,
0xc1,0x08,0xc1,0x08,0xc1,0x08,0xc1,0x08,0xc1,0x08,0xc1,0x08,0xc1,0x08,0xc1,0x08,
0xc1,0x08,0xc1,0x08,0xc1,0x08,0xc1,0x08,0xc1,0x08,0xc1,0x08,0xc1,0x08,0xe1,0x08,
0xa1,0x08,0xe1,0x11,0x21,0x2c,0xe1,0x2b,0x01,0x2c,0x01,0x2c,0x01,0x2c,0x01,0x2c,
0xe1,0x2b,0x21,0x2c,0x81,0x1a,0xa1,0x08,0xe1,0x08,0xc1,0x08,0xc1,0x08,0xc1,0x08,
0xc1,0x08,0xc1,0x08,0xc1,0x08,0xc1,0x08,0xc1,0x08,0x01,0x09,0xa1,0x23,0x01,0x2c,
0xe1,0x2b,0x01,0x2c,0x01,0x2c,0x01,0x2c,0xe1,0x2b,0x21,0x2c,0x01,0x1a,0xa1,0x08,
0xe1,0x08,0xc1,0x08,0xc1,0x08,0xc1,0x08,0xc1,0x08,0xc1,0x08,0xc1,0x08,0xe1,0x08,
0x81,0x23,0x01,0x2c,0xe1,0x2b,0x01,0x2c,0x01,0x2c,0xe1,0x2b,0x21,0x2c,0x41,0x1a,
0xa1,0x08,0xe1,0x08,0xc1,0x08,0xc1,0x08,0xc1,0x08,0xc1,0x08,0xc1,0x08,0xc1,0x08,
0xe1,0x08,0xc1,0x08,0x21,0x11,0xe1,0x2b,0x01,0x2c,0x01,0x2c,0x01,0x2c,0x01,0x2c,
0x01,0x2c,0xe1,0x2b,0x21,0x2c,0x61,0x23,0xe1,0x08,0xc1,0x08,0xc1,0x08,0xc1,0x08,
0xc1,0x08,0xc1,0x08,0xc1,0x08,0xc1,0x08,0xc1,0x08,0xc1,0x08,0xc1,0x08,0xc1,0x08,
0xc1,0x08,0xe1,0x08,0xc1,0x08,0xc1,0x08,0x61,0x1a,0x01,0x2c,0x21,0x2c,0xe1,0x2b,
0xe1,0x2b,0x01,0x2c,0x01,0x2c,0x01,0x2c,0x01,0x2c,0x01,0x2c,0x01,0x2c,0x01,0x2c,
0x01,0x2c,0x01,0x2c,0x01,0x2c,0x01,0x2c,0x01,0x2c,0x01,0x2c,0xe1,0x2b,0xe1,0x2b,
0xe1,0x2b,0xe1,0x2b,0x01,0x2c,0x01,0x2c,0x21,0x2c,0x21,0x2c,0x01,0x2c,0x81,0x23,
0x41,0x1a,0xe1,0x22,0x21,0x2c,0xe1,0x2b,0x01,0x2c,0x01,0x2c,0x01,0x2c,0x01,0x2c,
0x01,0x2c,0xe1,0x2b,0x41,0x11,0xc1,0x08,0xe1,0x08,0xc1,0x08,0xc1,0x08,0xc1,0x08,
0xc1,0x08,0xc1,0x08,0xc1,0x08,0xc1,0x08,0xc1,0x08,0xc1,0x08,0xc1,0x08,0x41,0x23,
0x21,0x2c,0xe1,0x2b,0x01,0x2c,0x01,0x2c,0x01,0x2c,0xe1,0x2b,0x21,0x2c,0x41,0x23,
0xc1,0x08,0xc1,0x08,0xc1,0x08,0xc1,0x08,0xc1,0x08,0xc1,0x08,0xc1,0x08,0xc1,0x08,
0xc1,0x08,0xc1,0x08,0xc1,0x08,0xc1,0x08,0xc1,0x08,0xc1,0x08,0xc1,0x08,0xc1,0x08,
0xc1,0x08,0xc1,0x08,0xc1,0x08,0xc1,0x08,0xc1,0x08,0xe1,0x08,0xa1,0x08,0x61,0x1a,
0x21,0x2c,0xe1,0x2b,0x01,0x2c,0x01,0x2c,0x01,0x2c,0x01,0x2c,0x01,0x2c,0xc1,0x2b,
0x41,0x11,0xc1,0x08,0xe1,0x08,0xc1,0x08,0xc1,0x08,0xc1,0x08,0xc1,0x08,0xc1,0x08,
0xc1,0x08,0xc1,0x08,0xc1,0x08,0xc1,0x08,0xc1,0x08,0xe1,0x10,0x82,0xc4,0x82,0xf5,
0x42,0xe5,0x42,0xed,0x42,0xed,0x42,0xed,0x42,0xed,0x42,0xe5,0xa2,0xfd,0x61,0x5a,
0x81,0x00,0xe1,0x10,0xc1,0x08,0xc1,0x08,0xc1,0x08,0xc1,0x08,0xc1,0x08,0xc1,0x08,
0xc1,0x08,0xc1,0x08,0xc1,0x08,0xc1,0x08,0xc1,0x08,0xc1,0x08,0xc1,0x08,0xc1,0x08,
0xc1,0x08,0xc1,0x08,0xc1,0x08,0xc1,0x08,0xc1,0x08,0xc1,0x08,0xc1,0x08,0xc1,0x08,
0xc1,0x08,0xc1,0x08,0xc1,0x08,0xc1,0x08,0xc1,0x08,0xc1,0x08,0xc1,0x08,0xc1,0x08,
0xc1,0x08,0xc1,0x08,0xc1,0x08,0xc1,0x08,0xc1,0x08,0xc1,0x08,0xc1,0x08,0xc1,0x08,
0xc1,0x08,0xc1,0x08,0xc1,0x08,0xc1,0x08,0xc1,0x08,0xc1,0x08,0xc1,0x08,0xc1,0x08,
0xc1,0x08,0xc1,0x08,0xc1,0x08,0xe1,0x10,0x81,0x00,0x01,0x7b,0xa2,0xfd,0x42,0xe5,
0x42,0xed,0x42,0xed,0x42,0xed,0x42,0xed,0x62,0xed,0x22,0xdd,0x61,0x29,0xa1,0x08,
0xe1,0x08,0xc1,0x08,0xc1,0x08,0xc1,0x08,0xc1,0x08,0xc1,0x08,0xc1,0x08,0xc1,0x08,
0xc1,0x08,0xc1,0x08,0xc1,0x08,0xc1,0x08,0xc1,0x08,0xc1,0x08,0xc1,0x08,0xc1,0x08,
0xe1,0x10,0x81,0x00,0x41,0x52,0x82,0xf5,0x42,0xe5,0x42,0xed,0x42,0xed,0x42,0xed,
0x42,0xed,0x42,0xe5,0xa2,0xfd,0x21,0x83,0x81,0x00,0xe1,0x10,0xc1,0x08,0xc1,0x08,
0xc1,0x08,0xc1,0x08,0xc1,0x08,0xc1,0x08,0xc1,0x08,0xc1,0x08,0xc1,0x08,0xc1,0x08,
0xc1,0x08,0xc1,0x08,0xc1,0x08,0xc1,0x08,0xc1,0x08,0xc1,0x08,0xc1,0x08,0xc1,0x08,
0xc1,0x08,0xc1,0x08,0xc1,0x08,0xc1,0x08,0xc1,0x08,0xc1,0x08,0xe1,0x10,0xa1,0x00,
0x81,0x31,0x22,0xe5,0x62,0xed,0x42,0xed,0x42,0xed,0x42,0xed,0x42,0xed,0x42,0xe5,
0x82,0xf5,0x22,0xac,0xa1,0x00,0xe1,0x08,0xc1,0x08,0xc1,0x08,0xc1,0x08,0xc1,0x08,
0xc1,0x08,0xc1,0x08,0xc1,0x08,0xc1,0x08,0xc1,0x08,0xc1,0x08,0xc1,0x08,0xc1,0x08,
0xc1,0x08,0xc1,0x08,0xc1,0x08,0xc1,0x08,0xc1,0x08,0xc1,0x08,0xc1,0x08,0xc1,0x08,
0xc1,0x08,0xc1,0x08,0xc1,0x08,0xc1,0x08,0xc1,0x08,0xc1,0x08,0xc1,0x08,0xc1,0x08,
0xc1,0x08,0xc1,0x08,0xc1,0x08,0xc1,0x08,0xc1,0x08,0xc1,0x08,0xc1,0x08,0xc1,0x08,
0xc1,0x08,0xc1,0x08,0xc1,0x08,0xc1,0x08,0xc1,0x08,0xc1,0x08,0xc1,0x08,0xc1,0x08,
0xc1,0x08,0xc1,0x08,0xc1,0x08,0xc1,0x08,0xc1,0x08,0xe1,0x08,0xc1,0x08,0x41,0x11,
0xe1,0x2b,0x01,0x2c,0x01,0x2c,0x01,0x2c,0x01,0x2c,0x01,0x2c,0x01,0x2c,0x01,0x2c,
0x01,0x2c,0x01,0x2c,0x01,0x2c,0x01,0x2c,0x01,0x2c,0x01,0x2c,0xe1,0x2b,0x01,0x2c,
0x81,0x23,0xe1,0x08,0xc1,0x08,0xe1,0x08,0xe1,0x08,0xc1,0x08,0x21,0x23,0x21,0x2c,
0xe1,0x2b,0x01,0x2c,0x01,0x2c,0x01,0x2c,0x01,0x2c,0x01,0x2c,0x01,0x2c,0x01,0x2c,
0x01,0x2c,0x01,0x2c,0x01,0x2c,0x01,0x2c,0x01,0x2c,0xe1,0x2b,0x01,0x2c,0xa1,0x11,
0xa1,0x08,0xe1,0x08,0xc1,0x08,0xc1,0x08,0xc1,0x08,0xc1,0x08,0xc1,0x08,0xc1,0x08,
0xc1,0x08,0xc1,0x08,0xc1,0x08,0xc1,0x08,0xc1,0x08,0xe1,0x08,0xc1,0x08,0x41,0x23,
0x21,0x2c,0xe1,0x2b,0x01,0x2c,0x01,0x2c,0x01,0x2c,0x01,0x2c,0x01,0x2c,0x01,0x2c,
0x01,0x2c,0x01,0x2c,0x01,0x2c,0x01,0x2c,0x01,0x2c,0x01,0x2c,0x01,0x2c,0x01,0x2c,
0xa1,0x11,0xa1,0x08,0xe1,0x08,0xc1,0x08,0xc1,0x08,0xc1,0x08,0xc1,0x08,0xc1,0x08,
0xc1,0x08,0xc1,0x08,0xc1,0x08,0xc1,0x08,0xc1,0x08,0xc1,0x08,0xc1,0x08,0xc1,0x08,
0xc1,0x08,0xc1,0x08,0xc1,0x08,0xc1,0x08,0xc1,0x08,0xc1,0x08,0xc1,0x08,0xe1,0x08,
0xa1,0x08,0xe1,0x11,0x21,0x2c,0xe1,0x2b,0x01,0x2c,0x01,0x2c,0x01,0x2c,0x01,0x2c,
0xe1,0x2b,0x21,0x2c,0x81,0x1a,0xa1,0x08,0xe1,0x08,0xc1,0x08,0xc1,0x08,0xc1,0x08,
0xc1,0x08,0xc1,0x08,0xc1,0x08,0xc1,0x08,0xe1,0x08,0xa1,0x08,0xc1,0x1a,0x21,0x2c,
0xe1,0x2b,0x01,0x2c,0x01,0x2c,0x01,0x2c,0xe1,0x2b,0x21,0x2c,0xe1,0x22,0xa1,0x08,
0xe1,0x08,0xc1,0x08,0xc1,0x08,0xc1,0x08,0xc1,0x08,0xe1,0x08,0xa1,0x08,0xa1,0x11,
0x01,0x2c,0x01,0x2c,0x01,0x2c,0x01,0x2c,0x01,0x2c,0x01,0x2c,0xe1,0x2b,0x41,0x11,
0xc1,0x08,0xe1,0x08,0xc1,0x08,0xc1,0x08,0xc1,0x08,0xc1,0x08,0xc1,0x08,0xc1,0x08,
0xe1,0x08,0xc1,0x08,0x21,0x11,0xe1,0x2b,0x01,0x2c,0x01,0x2c,0x01,0x2c,0x01,0x2c,
0x01,0x2c,0xe1,0x2b,0x21,0x2c,0x61,0x23,0xe1,0x08,0xc1,0x08,0xc1,0x08,0xc1,0x08,
0xc1,0x08,0xc1,0x08,0xc1,0x08,0xc1,0x08,0xc1,0x08,0xc1,0x08,0xc1,0x08,0xc1,0x08,
0xc1,0x08,0xc1,0x08,0xc1,0x08,0xe1,0x22,0x21,0x2c,0x01,0x2c,0xe1,0x2b,0x01,0x2c,
0x01,0x2c,0x01,0x2c,0x01,0x2c,0x01,0x2c,0x01,0x2c,0x01,0x2c,0x01,0x2c,0x01,0x2c,
0x01,0x2c,0xe1,0x2b,0xe1,0x2b,0xe1,0x2b,0xe1,0x2b,0x01,0x2c,0x01,0x2c,0x21,0x2c,
0x21,0x2c,0x21,0x2c,0x01,0x2c,0xc1,0x23,0x21,0x23,0x61,0x1a,0x81,0x11,0xe1,0x08,
0x61,0x08,0x81,0x1a,0x21,0x2c,0xe1,0x2b,0x01,0x2c,0x01,0x2c,0x01,0x2c,0x01,0x2c,
0x01,0x2c,0xe1,0x2b,0x41,0x11,0xc1,0x08,0xe1,0x08,0xc1,0x08,0xc1,0x08,0xc1,0x08,
0xc1,0x08,0xc1,0x08,0xc1,0x08,0xc1,0x08,0xc1,0x08,0xc1,0x08,0xc1,0x08,0x41,0x23,
0x21,0x2c,0xe1,0x2b,0x01,0x2c,0x01,0x2c,0x01,0x2c,0xe1,0x2b,0x21,0x2c,0x41,0x23,
0xc1,0x08,0xc1,0x08,0xc1,0x08,0xc1,0x08,0xc1,0x08,0xc1,0x08,0xc1,0x08,0xc1,0x08,
0xc1,0x08,0xc1,0x08,0xc1,0x08,0xc1,0x08,0xc1,0x08,0xc1,0x08,0xc1,0x08,0xc1,0x08,
0xc1,0x08,0xc1,0x08,0xc1,0x08,0xc1,0x08,0xc1,0x08,0xe1,0x08,0xa1,0x08,0x61,0x1a,
0x21,0x2c,0xe1,0x2b,0x01,0x2c,0x01,0x2c,0x01,0x2c,0x01,0x2c,0x01,0x2c,0xc1,0x2b,
0x41,0x11,0xc1,0x08,0xe1,0x08,0xc1,0x08,0xc1,0x08,0xc1,0x08,0xc1,0x08,0xc1,0x08,
0xc1,0x08,0xc1,0x08,0xc1,0x08,0xc1,0x08,0xc1,0x08,0xe1,0x10,0x82,0xc4,0x82,0xf5,
0x42,0xe5,0x42,0xed,0x42,0xed,0x42,0xed,0x42,0xed,0x42,0xe5,0xa2,0xfd,0x61,0x5a,
0x81,0x00,0xe1,0x10,0xc1,0x08,0xc1,0x08,0xc1,0x08,0xc1,0x08,0xc1,0x08,0xc1,0x08,
0xc1,0x08,0xc1,0x08,0xc1,0x08,0xc1,0x08,0xc1,0x08,0xc1,0x08,0xc1,0x08,0xc1,0x08,
0xc1,0x08,0xc1,0x08,0xc1,0x08,0xc1,0x08,0xc1,0x08,0xc1,0x08,0xc1,0x08,0xc1,0x08,
0xc1,0x08,0xc1,0x08,0xc1,0x08,0xc1,0x08,0xc1,0x08,0xc1,0x08,0xc1,0x08,0xc1,0x08,
0xc1,0x08,0xc1,0x08,0xc1,0x08,0xc1,0x08,0xc1,0x08,0xc1,0x08,0xc1,0x08,0xc1,0x08,
0xc1,0x08,0xc1,0x08,0xc1,0x08,0xc1,0x08,0xc1,0x08,0xc1,0x08,0xc1,0x08,0xc1,0x08,
0xc1,0x08,0xc1,0x08,0xc1,0x08,0xe1,0x10,0x81,0x00,0x01,0x7b,0xa2,0xfd,0x42,0xe5,
0x42,0xed,0x42,0xed,0x42,0xed,0x42,0xed,0x62,0xed,0x22,0xdd,0x61,0x29,0xa1,0x08,
0xe1,0x08,0xc1,0x08,0xc1,0x08,0xc1,0x08,0xc1,0x08,0xc1,0x08,0xc1,0x08,0xc1,0x08,
0xc1,0x08,0xc1,0x08,0xc1,0x08,0xc1,0x08,0xc1,0x08,0xc1,0x08,0xc1,0x08,0xc1,0x08,
0xe1,0x10,0x81,0x00,0x41,0x52,0x82,0xf5,0x42,0xe5,0x42,0xed,0x42,0xed,0x42,0xed,
0x42,0xed,0x42,0xe5,0xa2,0xfd,0x21,0x83,0x81,0x00,0xe1,0x10,0xc1,0x08,0xc1,0x08,
0xc1,0x08,0xc1,0x08,0xc1,0x08,0xc1,0x08,0xc1,0x08,0xc1,0x08,0xc1,0x08,0xc1,0x08,
0xc1,0x08,0xc1,0x08,0xc1,0x08,0xc1,0x08,0xc1,0x08,0xc1,0x08,0xc1,0x08,0xc1,0x08,
0xc1,0x08,0xc1,0x08,0xc1,0x08,0xc1,0x08,0xc1,0x08,0xc1,0x08,0xe1,0x10,0xa1,0x00,
0xa1,0x31,0x42,0xe5,0x62,0xed,0x42,0xed,0x42,0xed,0x42,0xed,0x42,0xed,0x42,0xe5,
0x82,0xf5,0xe2,0xa3,0xa1,0x00,0xe1,0x10,0xc1,0x08,0xc1,0x08,0xc1,0x08,0xc1,0x08,
0xc1,0x08,0xc1,0x08,0xc1,0x08,0xc1,0x08,0xc1,0x08,0xc1,0x08,0xc1,0x08,0xc1,0x08,
0xc1,0x08,0xc1,0x08,0xc1,0x08,0xc1,0x08,0xc1,0x08,0xc1,0x08,0xc1,0x08,0xc1,0x08,
0xc1,0x08,0xc1,0x08,0xc1,0x08,0xc1,0x08,0xc1,0x08,0xc1,0x08,0xc1,0x08,0xc1,0x08,
0xc1,0x08,0xc1,0x08,0xc1,0x08,0xc1,0x08,0xc1,0x08,0xc1,0x08,0xc1,0x08,0xc1,0x08,
0xc1,0x08,0xc1,0x08,0xc1,0x08,0xc1,0x08,0xc1,0x08,0xc1,0x08,0xc1,0x08,0xc1,0x08,
0xc1,0x08,0xc1,0x08,0xc1,0x08,0xc1,0x08,0xc1,0x08,0xe1,0x08,0xa1,0x08,0xa1,0x1a,
0x21,0x2c,0xe1,0x2b,0x01,0x2c,0x01,0x2c,0x01,0x2c,0x01,0x2c,0x01,0x2c,0x01,0x2c,
0x01,0x2c,0x01,0x2c,0x01,0x2c,0x01,0x2c,0x01,0x2c,0x01,0x2c,0xe1,0x2b,0x21,0x2c,
0x21,0x1a,0xa1,0x08,0xe1,0x08,0xe1,0x08,0xa1,0x08,0xa1,0x11,0x01,0x2c,0xe1,0x2b,
0x01,0x2c,0x01,0x2c,0x01,0x2c,0x01,0x2c,0x01,0x2c,0x01,0x2c,0x01,0x2c,0x01,0x2c,
0x01,0x2c,0x01,0x2c,0x01,0x2c,0x01,0x2c,0xe1,0x2b,0x21,0x2c,0x21,0x23,0xc1,0x08,
0xe1,0x08,0xc1,0x08,0xc1,0x08,0xc1,0x08,0xc1,0x08,0xc1,0x08,0xc1,0x08,0xc1,0x08,
0xc1,0x08,0xc1,0x08,0xc1,0x08,0xc1,0x08,0xc1,0x08,0xe1,0x08,0xa1,0x08,0xc1,0x11,
0x21,0x2c,0xe1,0x2b,0x01,0x2c,0x01,0x2c,0x01,0x2c,0x01,0x2c,0x01,0x2c,0x01,0x2c,
0x01,0x2c,0x01,0x2c,0x01,0x2c,0x01,0x2c,0x01,0x2c,0x01,0x2c,0xe1,0x2b,0x21,0x2c,
0x01,0x23,0xa1,0x08,0xe1,0x08,0xc1,0x08,0xc1,0x08,0xc1,0x08,0xc1,0x08,0xc1,0x08,
0xc1,0x08,0xc1,0x08,0xc1,0x08,0xc1,0x08,0xc1,0x08,0xc1,0x08,0xc1,0x08,0xc1,0x08,
0xc1,0x08,0xc1,0x08,0xc1,0x08,0xc1,0x08,0xc1,0x08,0xc1,0x08,0xc1,0x08,0xe1,0x08,
0xa1,0x08,0xe1,0x11,0x21,0x2c,0xe1,0x2b,0x01,0x2c,0x01,0x2c,0x01,0x2c,0x01,0x2c,
0xe1,0x2b,0x21,0x2c,0x81,0x1a,0xa1,0x08,0xe1,0x08,0xc1,0x08,0xc1,0x08,0xc1,0x08,
0xc1,0x08,0xc1,0x08,0xc1,0x08,0xc1,0x08,0xe1,0x08,0xa1,0x08,0xe1,0x11,0x21,0x2c,
0xe1,0x2b,0x01,0x2c,0x01,0x2c,0x01,0x2c,0x01,0x2c,0x01,0x2c,0xa1,0x23,0x01,0x11,
0xc1,0x08,0xc1,0x08,0xc1,0x08,0xc1,0x08,0xc1,0x08,0xe1,0x08,0xa1,0x08,0xa1,0x1a,
0x21,0x2c,0xe1,0x2b,0x01,0x2c,0x01,0x2c,0xe1,0x2b,0x21,0x2c,0x41,0x23,0xc1,0x08,
0xe1,0x08,0xc1,0x08,0xc1,0x08,0xc1,0x08,0xc1,0x08,0xc1,0x08,0xc1,0x08,0xc1,0x08,
0xe1,0x08,0xc1,0x08,0x21,0x11,0xe1,0x2b,0x01,0x2c,0x01,0x2c,0x01,0x2c,0x01,0x2c,
0x01,0x2c,0xe1,0x2b,0x21,0x2c,0x61,0x23,0xe1,0x08,0xc1,0x08,0xc1,0x08,0xc1,0x08,
0xc1,0x08,0xc1,0x08,0xc1,0x08,0xc1,0x08,0xc1,0x08,0xc1,0x08,0xc1,0x08,0xc1,0x08,
0xc1,0x08,0xc1,0x08,0xe1,0x22,0x41,0x2c,0xe1,0x2b,0x01,0x2c,0x01,0x2c,0x01,0x2c,
0x01,0x2c,0x01,0x2c,0x01,0x2c,0x01,0x2c,0x01,0x2c,0xe1,0x2b,0xe1,0x2b,0xe1,0x2b,
0x01,0x2c,0x21,0x2c,0x21,0x2c,0x21,0x2c,0x21,0x2c,0x01,0x2c,0xc1,0x2b,0x41,0x23,
0xc1,0x22,0x41,0x1a,0xa1,0x11,0x21,0x11,0xc1,0x08,0xa1,0x08,0xa1,0x08,0xe1,0x08,
0xa1,0x08,0xa1,0x1a,0x21,0x2c,0xe1,0x2b,0x01,0x2c,0x01,0x2c,0x01,0x2c,0x01,0x2c,
0x01,0x2c,0xe1,0x2b,0x41,0x11,0xc1,0x08,0xe1,0x08,0xc1,0x08,0xc1,0x08,0xc1,0x08,
0xc1,0x08,0xc1,0x08,0xc1,0x08,0xc1,0x08,0xc1,0x08,0xc1,0x08,0xc1,0x08,0x41,0x23,
0x21,0x2c,0xe1,0x2b,0x01,0x2c,0x01,0x2c,0x01,0x2c,0xe1,0x2b,0x21,0x2c,0x41,0x23,
0xc1,0x08,0xc1,0x08,0xc1,0x08,0xc1,0x08,0xc1,0x08,0xc1,0x08,0xc1,0x08,0xc1,0x08,
0xc1,0x08,0xc1,0x08,0xc1,0x08,0xc1,0x08,0xc1,0x08,0xc1,0x08,0xc1,0x08,0xc1,0x08,
0xc1,0x08,0xc1,0x08,0xc1,0x08,0xc1,0x08,0xc1,0x08,0xe1,0x08,0xa1,0x08,0x61,0x1a,
0x21,0x2c,0xe1,0x2b,0x01,0x2c,0x01,0x2c,0x01,0x2c,0x01,0x2c,0x01,0x2c,0xc1,0x2b,
0x41,0x11,0xc1,0x08,0xe1,0x08,0xc1,0x08,0xc1,0x08,0xc1,0x08,0xc1,0x08,0xc1,0x08,
0xc1,0x08,0xc1,0x08,0xc1,0x08,0xc1,0x08,0xc1,0x08,0xe1,0x10,0x82,0xc4,0x82,0xf5,
0x42,0xe5,0x42,0xed,0x42,0xed,0x42,0xed,0x42,0xed,0x42,0xe5,0xa2,0xfd,0x61,0x5a,
0x81,0x00,0xe1,0x10,0xc1,0x08,0xc1,0x08,0xc1,0x08,0xc1,0x08,0xc1,0x08,0xc1,0x08,
0xc1,0x08,0xc1,0x08,0xc1,0x08,0xc1,0x08,0xc1,0x08,0xc1,0x08,0xc1,0x08,0xc1,0x08,
0xc1,0x08,0xc1,0x08,0xc1,0x08,0xc1,0x08,0xc1,0x08,0xc1,0x08,0xc1,0x08,0xc1,0x08,
0xc1,0x08,0xc1,0x08,0xc1,0x08,0xc1,0x08,0xc1,0x08,0xc1,0x08,0xc1,0x08,0xc1,0x08,
0xc1,0x08,0xc1,0x08,0xc1,0x08,0xc1,0x08,0xc1,0x08,0xc1,0x08,0xc1,0x08,0xc1,0x08,
0xc1,0x08,0xc1,0x08,0xc1,0x08,0xc1,0x08,0xc1,0x08,0xc1,0x08,0xc1,0x08,0xc1,0x08,
0xc1,0x08,0xc1,0x08,0xc1,0x08,0xe1,0x10,0x81,0x00,0x01,0x7b,0xa2,0xfd,0x42,0xe5,
0x42,0xed,0x42,0xed,0x42,0xed,0x42,0xed,0x62,0xed,0x22,0xdd,0x61,0x29,0xa1,0x08,
0xe1,0x08,0xc1,0x08,0xc1,0x08,0xc1,0x08,0xc1,0x08,0xc1,0x08,0xc1,0x08,0xc1,0x08,
0xc1,0x08,0xc1,0x08,0xc1,0x08,0xc1,0x08,0xc1,0x08,0xc1,0x08,0xc1,0x08,0xc1,0x08,
0xe1,0x10,0xa1,0x00,0x21,0x4a,0x62,0xf5,0x42,0xed,0x42,0xed,0x42,0xed,0x42,0xed,
0x42,0xed,0x42,0xe5,0xa2,0xfd,0x61,0x8b,0x81,0x00,0xe1,0x10,0xc1,0x08,0xc1,0x08,
0xc1,0x08,0xc1,0x08,0xc1,0x08,0xc1,0x08,0xc1,0x08,0xc1,0x08,0xc1,0x08,0xc1,0x08,
0xc1,0x08,0xc1,0x08,0xc1,0x08,0xc1,0x08,0xc1,0x08,0xc1,0x08,0xc1,0x08,0xc1,0x08,
0xc1,0x08,0xc1,0x08,0xc1,0x08,0xc1,0x08,0xc1,0x08,0xc1,0x08,0xe1,0x10,0xa1,0x00,
0xe1,0x41,0x62,0xed,0x42,0xed,0x42,0xed,0x42,0xed,0x42,0xed,0x42,0xed,0x42,0xe5,
0xa2,0xf5,0xc2,0x9b,0x81,0x00,0xe1,0x10,0xc1,0x08,0xc1,0x08,0xc1,0x08,0xc1,0x08,
0xc1,0x08,0xc1,0x08,0xc1,0x08,0xc1,0x08,0xc1,0x08,0xc1,0x08,0xc1,0x08,0xc1,0x08,
0xc1,0x08,0xc1,0x08,0xc1,0x08,0xc1,0x08,0xc1,0x08,0xc1,0x08,0xc1,0x08,0xc1,0x08,
0xc1,0x08,0xc1,0x08,0xc1,0x08,0xc1,0x08,0xc1,0x08,0xc1,0x08,0xc1,0x08,0xc1,0x08,
0xc1,0x08,0xc1,0x08,0xc1,0x08,0xc1,0x08,0xc1,0x08,0xc1,0x08,0xc1,0x08,0xc1,0x08,
0xc1,0x08,0xc1,0x08,0xc1,0x08,0xc1,0x08,0xc1,0x08,0xc1,0x08,0xc1,0x08,0xc1,0x08,
0xc1,0x08,0xc1,0x08,0xc1,0x08,0xc1,0x08,0xe1,0x08,0xc1,0x08,0x41,0x11,0xe1,0x2b,
0x01,0x2c,0x01,0x2c,0x01,0x2c,0x01,0x2c,0x01,0x2c,0x01,0x2c,0x01,0x2c,0x01,0x2c,
0x01,0x2c,0x01,0x2c,0x01,0x2c,0x01,0x2c,0x01,0x2c,0xe1,0x2b,0x01,0x2c,0xa1,0x23,
0x01,0x11,0xc1,0x08,0xc1,0x08,0xe1,0x08,0xa1,0x08,0x01,0x23,0x21,0x2c,0xe1,0x2b,
0x01,0x2c,0x01,0x2c,0x01,0x2c,0x01,0x2c,0x01,0x2c,0x01,0x2c,0x01,0x2c,0x01,0x2c,
0x01,0x2c,0x01,0x2c,0x01,0x2c,0x01,0x2c,0xe1,0x2b,0x21,0x2c,0xc1,0x11,0xa1,0x08,
0xe1,0x08,0xc1,0x08,0xc1,0x08,0xc1,0x08,0xc1,0x08,0xc1,0x08,0xc1,0x08,0xc1,0x08,
0xc1,0x08,0xc1,0x08,0xc1,0x08,0xc1,0x08,0xc1,0x08,0xc1,0x08,0xc1,0x08,0xc1,0x08,
0x41,0x23,0x21,0x2c,0xe1,0x2b,0x01,0x2c,0x01,0x2c,0x01,0x2c,0x01,0x2c,0x01,0x2c,
0x01,0x2c,0x01,0x2c,0x01,0x2c,0x01,0x2c,0x01,0x2c,0x01,0x2c,0x01,0x2c,0x01,0x2c,
0x01,0x2c,0x61,0x11,0xa1,0x08,0xe1,0x08,0xc1,0x08,0xc1,0x08,0xc1,0x08,0xc1,0x08,
0xc1,0x08,0xc1,0x08,0xc1,0x08,0xc1,0x08,0xc1,0x08,0xc1,0x08,0xc1,0x08,0xc1,0x08,
0xc1,0x08,0xc1,0x08,0xc1,0x08,0xc1,0x08,0xc1,0x08,0xc1,0x08,0xc1,0x08,0xe1,0x08,
0xa1,0x08,0xe1,0x11,0x21,0x2c,0xe1,0x2b,0x01,0x2c,0x01,0x2c,0x01,0x2c,0x01,0x2c,
0xe1,0x2b,0x21,0x2c,0x81,0x1a,0xa1,0x08,0xe1,0x08,0xc1,0x08,0xc1,0x08,0xc1,0x08,
0xc1,0x08,0xc1,0x08,0xc1,0x08,0xc1,0x08,0xc1,0x08,0xc1,0x08,0x01,0x11,0xa1,0x2b,
0x01,0x2c,0xe1,0x2b,0x01,0x2c,0x01,0x2c,0x01,0x2c,0xe1,0x2b,0x21,0x2c,0xc1,0x11,
0xa1,0x08,0xe1,0x08,0xc1,0x08,0xc1,0x08,0xc1,0x08,0xc1,0x08,0xe1,0x08,0x81,0x23,
0x01,0x2c,0xe1,0x2b,0x01,0x2c,0x01,0x2c,0xe1,0x2b,0x21,0x2c,0x41,0x1a,0xa1,0x08,
0xe1,0x08,0xc1,0x08,0xc1,0x08,0xc1,0x08,0xc1,0x08,0xc1,0x08,0xc1,0x08,0xc1,0x08,
0xe1,0x08,0xc1,0x08,0x21,0x11,0xe1,0x2b,0x01,0x2c,0x01,0x2c,0x01,0x2c,0x01,0x2c,
0x01,0x2c,0xe1,0x2b,0x21,0x2c,0x61,0x23,0xe1,0x08,0xc1,0x08,0xc1,0x08,0xc1,0x08,
0xc1,0x08,0xc1,0x08,0xc1,0x08,0xc1,0x08,0xc1,0x08,0xc1,0x08,0xc1,0x08,0xe1,0x08,
0xa1,0x08,0x41,0x1a,0x21,0x2c,0xe1,0x2b,0x01,0x2c,0x01,0x2c,0x01,0x2c,0x01,0x2c,
0x01,0x2c,0x01,0x2c,0x01,0x2c,0xe1,0x2b,0x01,0x2c,0x21,0x2c,0x21,0x2c,0x01,0x2c,
0xc1,0x2b,0x61,0x23,0xe1,0x22,0x81,0x1a,0x01,0x1a,0x61,0x11,0x01,0x11,0xc1,0x08,
0xa1,0x08,0xa1,0x08,0xa1,0x08,0xc1,0x08,0xc1,0x08,0xe1,0x08,0xe1,0x08,0xe1,0x08,
0xa1,0x08,0x81,0x1a,0x21,0x2c,0xe1,0x2b,0x01,0x2c,0x01,0x2c,0x01,0x2c,0x01,0x2c,
0x01,0x2c,0xe1,0x2b,0x41,0x11,0xc1,0x08,0xe1,0x08,0xc1,0x08,0xc1,0x08,0xc1,0x08,
0xc1,0x08,0xc1,0x08,0xc1,0x08,0xc1,0x08,0xc1,0x08,0xc1,0x08,0xc1,0x08,0x41,0x23,
0x21,0x2c,0xe1,0x2b,0x01,0x2c,0x01,0x2c,0x01,0x2c,0xe1,0x2b,0x21,0x2c,0x41,0x23,
0xc1,0x08,0xc1,0x08,0xc1,0x08,0xc1,0x08,0xc1,0x08,0xc1,0x08,0xc1,0x08,0xc1,0x08,
0xc1,0x08,0xc1,0x08,0xc1,0x08,0xc1,0x08,0xc1,0x08,0xc1,0x08,0xc1,0x08,0xc1,0x08,
0xc1,0x08,0xc1,0x08,0xc1,0x08,0xc1,0x08,0xc1,0x08,0xe1,0x08,0xa1,0x08,0x61,0x1a,
0x21,0x2c,0xe1,0x2b,0x01,0x2c,0x01,0x2c,0x01,0x2c,0x01,0x2c,0x01,0x2c,0xc1,0x2b,
0x41,0x11,0xc1,0x08,0xe1,0x08,0xc1,0x08,0xc1,0x08,0xc1,0x08,0xc1,0x08,0xc1,0x08,
0xc1,0x08,0xc1,0x08,0xc1,0x08,0xc1,0x08,0xc1,0x08,0xe1,0x10,0x82,0xc4,0x82,0xf5,
0x42,0xe5,0x42,0xed,0x42,0xed,0x42,0xed,0x42,0xed,0x42,0xe5,0xa2,0xfd,0x61,0x5a,
0x81,0x00,0xe1,0x10,0xc1,0x08,0xc1,0x08,0xc1,0x08,0xc1,0x08,0xc1,0x08,0xc1,0x08,
0xc1,0x08,0xc1,0x08,0xc1,0x08,0xc1,0x08,0xc1,0x08,0xc1,0x08,0xc1,0x08,0xc1,0x08,
0xc1,0x08,0xc1,0x08,0xc1,0x08,0xc1,0x08,0xc1,0x08,0xc1,0x08,0xc1,0x08,0xc1,0x08,
0xc1,0x08,0xc1,0x08,0xc1,0x08,0xc1,0x08,0xc1,0x08,0xc1,0x08,0xc1,0x08,0xc1,0x08,
0xc1,0x08,0xc1,0x08,0xc1,0x08,0xc1,0x08,0xc1,0x08,0xc1,0x08,0xc1,0x08,0xc1,0x08,
0xc1,0x08,0xc1,0x08,0xc1,0x08,0xc1,0x08,0xc1,0x08,0xc1,0x08,0xc1,0x08,0xc1,0x08,
0xc1,0x08,0xc1,0x08,0xc1,0x08,0xe1,0x10,0x81,0x00,0x01,0x7b,0xa2,0xfd,0x42,0xe5,
0x42,0xed,0x42,0xed,0x42,0xed,0x42,0xed,0x62,0xed,0x22,0xdd,0x61,0x29,0xa1,0x08,
0xe1,0x08,0xc1,0x08,0xc1,0x08,0xc1,0x08,0xc1,0x08,0xc1,0x08,0xc1,0x08,0xc1,0x08,
0xc1,0x08,0xc1,0x08,0xc1,0x08,0xc1,0x08,0xc1,0x08,0xc1,0x08,0xc1,0x08,0xc1,0x08,
0xe1,0x10,0xa1,0x00,0xe1,0x41,0x62,0xed,0x42,0xed,0x42,0xed,0x42,0xed,0x42,0xed,
0x42,0xed,0x42,0xe5,0xa2,0xf5,0xa2,0x9b,0xa1,0x00,0xe1,0x10,0xc1,0x08,0xc1,0x08,
0xc1,0x08,0xc1,0x08,0xc1,0x08,0xc1,0x08,0xc1,0x08,0xc1,0x08,0xc1,0x08,0xc1,0x08,
0xc1,0x08,0xc1,0x08,0xc1,0x08,0xc1,0x08,0xc1,0x08,0xc1,0x08,0xc1,0x08,0xc1,0x08,
0xc1,0x08,0xc1,0x08,0xc1,0x08,0xc1,0x08,0xc1,0x08,0xc1,0x08,0xe1,0x10,0x81,0x00,
0x21,0x4a,0x82,0xf5,0x42,0xe5,0x42,0xed,0x42,0xed,0x42,0xed,0x42,0xed,0x42,0xe5,
0xa2,0xfd,0x81,0x93,0x81,0x00,0xe1,0x10,0xc1,0x08,0xc1,0x08,0xc1,0x08,0xc1,0x08,
0xc1,0x08,0xc1,0x08,0xc1,0x08,0xc1,0x08,0xc1,0x08,0xc1,0x08,0xc1,0x08,0xc1,0x08,
0xc1,0x08,0xc1,0x08,0xc1,0x08,0xc1,0x08,0xc1,0x08,0xc1,0x08,0xc1,0x08,0xc1,0x08,
0xc1,0x08,0xc1,0x08,0xc1,0x08,0xc1,0x08,0xc1,0x08,0xc1,0x08,0xc1,0x08,0xc1,0x08,
0xc1,0x08,0xc1,0x08,0xc1,0x08,0xc1,0x08,0xc1,0x08,0xc1,0x08,0xc1,0x08,0xc1,0x08,
0xc1,0x08,0xc1,0x08,0xc1,0x08,0xc1,0x08,0xc1,0x08,0xc1,0x08,0xc1,0x08,0xc1,0x08,
0xc1,0x08,0xc1,0x08,0xc1,0x08,0xc1,0x08,0xe1,0x08,0xa1,0x08,0x61,0x1a,0x21,0x2c,
0xe1,0x2b,0x01,0x2c,0x01,0x2c,0x01,0x2c,0x01,0x2c,0x01,0x2c,0x01,0x2c,0x01,0x2c,
0x01,0x2c,0x01,0x2c,0x01,0x2c,0x01,0x2c,0x01,0x2c,0xe1,0x2b,0x21,0x2c,0x41,0x1a,
0xa1,0x08,0xe1,0x08,0xe1,0x08,0xa1,0x08,0x81,0x11,0x01,0x2c,0x01,0x2c,0x01,0x2c,
0x01,0x2c,0x01,0x2c,0x01,0x2c,0x01,0x2c,0x01,0x2c,0x01,0x2c,0x01,0x2c,0x01,0x2c,
0x01,0x2c,0x01,0x2c,0x01,0x2c,0xe1,0x2b,0x21,0x2c,0x61,0x23,0xc1,0x08,0xc1,0x08,
0xc1,0x08,0xc1,0x08,0xc1,0x08,0xc1,0x08,0xc1,0x08,0xc1,0x08,0xc1,0x08,0xc1,0x08,
0xc1,0x08,0xc1,0x08,0xc1,0x08,0xc1,0x08,0xc1,0x08,0xc1,0x08,0xe1,0x08,0xa1,0x08,
0x01,0x1a,0x21,0x2c,0xe1,0x2b,0x01,0x2c,0x01,0x2c,0x01,0x2c,0x01,0x2c,0x01,0x2c,
0x01,0x2c,0x01,0x2c,0x01,0x2c,0x01,0x2c,0x01,0x2c,0x01,0x2c,0x01,0x2c,0xe1,0x2b,
0x21,0x2c,0xe1,0x22,0xa1,0x08,0xe1,0x08,0xc1,0x08,0xc1,0x08,0xc1,0x08,0xc1,0x08,
0xc1,0x08,0xc1,0x08,0xc1,0x08,0xc1,0x08,0xc1,0x08,0xc1,0x08,0xc1,0x08,0xc1,0x08,
0xc1,0x08,0xc1,0x08,0xc1,0x08,0xc1,0x08,0xc1,0x08,0xc1,0x08,0xc1,0x08,0xe1,0x08,
0xa1,0x08,0xe1,0x11,0x21,0x2c,0xe1,0x2b,0x01,0x2c,0x01,0x2c,0x01,0x2c,0x01,0x2c,
0xe1,0x2b,0x21,0x2c,0x81,0x1a,0xa1,0x08,0xe1,0x08,0xc1,0x08,0xc1,0x08,0xc1,0x08,
0xc1,0x08,0xc1,0x08,0xc1,0x08,0xc1,0x08,0xc1,0x08,0xe1,0x08,0xa1,0x08,0xe1,0x22,
0x21,0x2c,0xe1,0x2b,0x01,0x2c,0x01,0x2c,0x01,0x2c,0xe1,0x2b,0x21,0x2c,0xe1,0x22,
0xa1,0x08,0xe1,0x08,0xc1,0x08,0xc1,0x08,0xe1,0x08,0xa1,0x08,0xa1,0x11,0x01,0x2c,
0x01,0x2c,0x01,0x2c,0x01,0x2c,0x01,0x2c,0x01,0x2c,0xe1,0x2b,0x61,0x11,0xa1,0x08,
0xe1,0x08,0xc1,0x08,0xc1,0x08,0xc1,0x08,0xc1,0x08,0xc1,0x08,0xc1,0x08,0xc1,0x08,
0xe1,0x08,0xc1,0x08,0x21,0x11,0xe1,0x2b,0x01,0x2c,0x01,0x2c,0x01,0x2c,0x01,0x2c,
0x01,0x2c,0xe1,0x2b,0x21,0x2c,0x61,0x23,0xe1,0x08,0xc1,0x08,0xc1,0x08,0xc1,0x08,
0xc1,0x08,0xc1,0x08,0xc1,0x08,0xc1,0x08,0xc1,0x08,0xc1,0x08,0xe1,0x08,0xa1,0x08,
0x61,0x11,0x01,0x2c,0x01,0x2c,0x01,0x2c,0x01,0x2c,0x01,0x2c,0x01,0x2c,0x01,0x2c,
0x01,0x2c,0x01,0x2c,0xe1,0x2b,0x21,0x2c,0x01,0x2c,0x41,0x23,0x61,0x1a,0xa1,0x11,
0x21,0x11,0xe1,0x08,0xa1,0x08,0xa1,0x08,0xa1,0x08,0xa1,0x08,0xc1,0x08,0xc1,0x08,
0xe1,0x08,0xe1,0x08,0xe1,0x08,0xe1,0x08,0xc1,0x08,0xc1,0x08,0xc1,0x08,0xe1,0x08,
0xa1,0x08,0xc1,0x1a,0x21,0x2c,0xe1,0x2b,0x01,0x2c,0x01,0x2c,0x01,0x2c,0x01,0x2c,
0x01,0x2c,0xe1,0x2b,0x41,0x11,0xc1,0x08,0xe1,0x08,0xc1,0x08,0xc1,0x08,0xc1,0x08,
0xc1,0x08,0xc1,0x08,0xc1,0x08,0xc1,0x08,0xc1,0x08,0xc1,0x08,0xc1,0x08,0x41,0x23,
0x21,0x2c,0xe1,0x2b,0x01,0x2c,0x01,0x2c,0x01,0x2c,0xe1,0x2b,0x21,0x2c,0x41,0x23,
0xc1,0x08,0xc1,0x08,0xc1,0x08,0xc1,0x08,0xc1,0x08,0xc1,0x08,0xc1,0x08,0xc1,0x08,
0xc1,0x08,0xc1,0x08,0xc1,0x08,0xc1,0x08,0xc1,0x08,0xc1,0x08,0xc1,0x08,0xc1,0x08,
0xc1,0x08,0xc1,0x08,0xc1,0x08,0xc1,0x08,0xc1,0x08,0xe1,0x08,0xa1,0x08,0x61,0x1a,
0x21,0x2c,0xe1,0x2b,0x01,0x2c,0x01,0x2c,0x01,0x2c,0x01,0x2c,0x01,0x2c,0xc1,0x2b,
0x41,0x11,0xc1,0x08,0xe1,0x08,0xc1,0x08,0xc1,0x08,0xc1,0x08,0xc1,0x08,0xc1,0x08,
0xc1,0x08,0xc1,0x08,0xc1,0x08,0xc1,0x08,0xc1,0x08,0xe1,0x10,0x82,0xc4,0x82,0xf5,
0x42,0xe5,0x42,0xed,0x42,0xed,0x42,0xed,0x42,0xed,0x42,0xe5,0xa2,0xfd,0x61,0x5a,
0x81,0x00,0xe1,0x10,0xc1,0x08,0xc1,0x08,0xc1,0x08,0xc1,0x08,0xc1,0x08,0xc1,0x08,
0xc1,0x08,0xc1,0x08,0xc1,0x08,0xc1,0x08,0xc1,0x08,0xc1,0x08,0xc1,0x08,0xc1,0x08,
0xc1,0x08,0xc1,0x08,0xc1,0x08,0xc1,0x08,0xc1,0x08,0xc1,0x08,0xc1,0x08,0xc1,0x08,
0xc1,0x08,0xc1,0x08,0xc1,0x08,0xc1,0x08,0xc1,0x08,0xc1,0x08,0xc1,0x08,0xc1,0x08,
0xc1,0x08,0xc1,0x08,0xc1,0x08,0xc1,0x08,0xc1,0x08,0xc1,0x08,0xc1,0x08,0xc1,0x08,
0xc1,0x08,0xc1,0x08,0xc1,0x08,0xc1,0x08,0xc1,0x08,0xc1,0x08,0xc1,0x08,0xc1,0x08,
0xc1,0x08,0xc1,0x08,0xc1,0x08,0xe1,0x10,0x81,0x00,0x01,0x7b,0xa2,0xfd,0x42,0xe5,
0x42,0xed,0x42,0xed,0x42,0xed,0x42,0xed,0x62,0xed,0x22,0xdd,0x61,0x29,0xa1,0x08,
0xe1,0x08,0xc1,0x08,0xc1,0x08,0xc1,0x08,0xc1,0x08,0xc1,0x08,0xc1,0x08,0xc1,0x08,
0xc1,0x08,0xc1,0x08,0xc1,0x08,0xc1,0x08,0xc1,0x08,0xc1,0x08,0xc1,0x08,0xc1,0x08,
0xe1,0x10,0xa1,0x00,0xa1,0x31,0x42,0xe5,0x62,0xed,0x42,0xed,0x42,0xed,0x42,0xed,
0x42,0xed,0x42,0xe5,0x82,0xf5,0x02,0xac,0xa1,0x00,0xe1,0x10,0xc1,0x08,0xc1,0x08,
0xc1,0x08,0xc1,0x08,0xc1,0x08,0xc1,0x08,0xc1,0x08,0xc1,0x08,0xc1,0x08,0xc1,0x08,
0xc1,0x08,0xc1,0x08,0xc1,0x08,0xc1,0x08,0xc1,0x08,0xc1,0x08,0xc1,0x08,0xc1,0x08,
0xc1,0x08,0xc1,0x08,0xc1,0x08,0xc1,0x08,0xc1,0x08,0xc1,0x08,0xe1,0x10,0x81,0x00,
0x81,0x5a,0x82,0xf5,0x42,0xe5,0x42,0xed,0x42,0xed,0x42,0xed,0x42,0xed,0x42,0xe5,
0xa2,0xfd,0x21,0x83,0x81,0x00,0xe1,0x10,0xc1,0x08,0xc1,0x08,0xc1,0x08,0xc1,0x08,
0xc1,0x08,0xc1,0x08,0xc1,0x08,0xc1,0x08,0xc1,0x08,0xc1,0x08,0xc1,0x08,0xc1,0x08,
0xc1,0x08,0xc1,0x08,0xc1,0x08,0xc1,0x08,0xc1,0x08,0xc1,0x08,0xc1,0x08,0xc1,0x08,
0xc1,0x08,0xc1,0x08,0xc1,0x08,0xc1,0x08,0xc1,0x08,0xc1,0x08,0xc1,0x08,0xc1,0x08,
0xc1,0x08,0xc1,0x08,0xc1,0x08,0xc1,0x08,0xc1,0x08,0xc1,0x08,0xc1,0x08,0xc1,0x08,
0xc1,0x08,0xc1,0x08,0xc1,0x08,0xc1,0x08,0xc1,0x08,0xc1,0x08,0xc1,0x08,0xc1,0x08,
0xc1,0x08,0xc1,0x08,0xc1,0x08,0xc1,0x08,0xc1,0x08,0x01,0x11,0xa1,0x23,0x01,0x2c,
0xe1,0x2b,0x01,0x2c,0x01,0x2c,0x01,0x2c,0x01,0x2c,0x01,0x2c,0x01,0x2c,0x01,0x2c,
0x01,0x2c,0x01,0x2c,0x01,0x2c,0x01,0x2c,0xe1,0x2b,0x01,0x2c,0xc1,0x2b,0x01,0x11,
0xc1,0x08,0xe1,0x08,0xe1,0x08,0xa1,0x08,0xe1,0x22,0x21,0x2c,0xe1,0x2b,0x01,0x2c,
0x01,0x2c,0x01,0x2c,0x01,0x2c,0x01,0x2c,0x01,0x2c,0x01,0x2c,0x01,0x2c,0x01,0x2c,
0x01,0x2c,0x01,0x2c,0x01,0x2c,0xe1,0x2b,0x21,0x2c,0xe1,0x19,0xa1,0x08,0xe1,0x08,
0xc1,0x08,0xc1,0x08,0xc1,0x08,0xc1,0x08,0xc1,0x08,0xc1,0x08,0xc1,0x08,0xc1,0x08,
0xc1,0x08,0xc1,0x08,0xc1,0x08,0xc1,0x08,0xc1,0x08,0xc1,0x08,0xc1,0x08,0xc1,0x08,
0xe1,0x08,0x81,0x23,0x01,0x2c,0xe1,0x2b,0x01,0x2c,0x01,0x2c,0x01,0x2c,0x01,0x2c,
0x01,0x2c,0x01,0x2c,0x01,0x2c,0x01,0x2c,0x01,0x2c,0x01,0x2c,0x01,0x2c,0x01,0x2c,
0x01,0x2c,0xe1,0x2b,0x61,0x11,0xa1,0x08,0xe1,0x08,0xc1,0x08,0xc1,0x08,0xc1,0x08,
0xc1,0x08,0xc1,0x08,0xc1,0x08,0xc1,0x08,0xc1,0x08,0xc1,0x08,0xc1,0x08,0xc1,0x08,
0xc1,0x08,0xc1,0x08,0xc1,0x08,0xc1,0x08,0xc1,0x08,0xc1,0x08,0xc1,0x08,0xe1,0x08,
0xa1,0x08,0xe1,0x11,0x21,0x2c,0xe1,0x2b,0x01,0x2c,0x01,0x2c,0x01,0x2c,0x01,0x2c,
0xe1,0x2b,0x21,0x2c,0x81,0x1a,0xa1,0x08,0xe1,0x08,0xc1,0x08,0xc1,0x08,0xc1,0x08,
0xc1,0x08,0xc1,0x08,0xc1,0x08,0xc1,0x08,0xc1,0x08,0xe1,0x08,0xa1,0x08,0xe1,0x11,
0x21,0x2c,0xe1,0x2b,0x01,0x2c,0x01,0x2c,0x01,0x2c,0xe1,0x2b,0x01,0x2c,0xa1,0x23,
0x01,0x09,0xc1,0x08,0xc1,0x08,0xc1,0x08,0xe1,0x08,0xa1,0x08,0x81,0x1a,0x21,0x2c,
0xe1,0x2b,0x01,0x2c,0x01,0x2c,0xe1,0x2b,0x21,0x2c,0x41,0x23,0xc1,0x08,0xc1,0x08,
0xc1,0x08,0xc1,0x08,0xc1,0x08,0xc1,0x08,0xc1,0x08,0xc1,0x08,0xc1,0x08,0xc1,0x08,
0xe1,0x08,0xc1,0x08,0x21,0x11,0xe1,0x2b,0x01,0x2c,0x01,0x2c,0x01,0x2c,0x01,0x2c,
0x01,0x2c,0xe1,0x2b,0x21,0x2c,0x61,0x23,0xe1,0x08,0xc1,0x08,0xc1,0x08,0xc1,0x08,
0xc1,0x08,0xc1,0x08,0xc1,0x08,0xc1,0x08,0xc1,0x08,0xc1,0x08,0xc1,0x08,0xc1,0x08,
0x01,0x23,0x21,0x2c,0xe1,0x2b,0x01,0x2c,0x01,0x2c,0x01,0x2c,0x01,0x2c,0x01,0x2c,
0xe1,0x2b,0x01,0x2c,0x21,0x2c,0x01,0x23,0x61,0x11,0xc1,0x08,0xa1,0x08,0xa1,0x08,
0xc1,0x08,0xc1,0x08,0xe1,0x08,0xe1,0x08,0xe1,0x08,0xe1,0x08,0xc1,0x08,0xc1,0x08,
0xc1,0x08,0xc1,0x08,0xc1,0x08,0xc1,0x08,0xc1,0x08,0xc1,0x08,0xc1,0x08,0xe1,0x08,
0xa1,0x08,0xe1,0x22,0x21,0x2c,0xe1,0x2b,0x01,0x2c,0x01,0x2c,0x01,0x2c,0x01,0x2c,
0x01,0x2c,0xe1,0x2b,0x41,0x11,0xc1,0x08,0xe1,0x08,0xc1,0x08,0xc1,0x08,0xc1,0x08,
0xc1,0x08,0xc1,0x08,0xc1,0x08,0xc1,0x08,0xc1,0x08,0xc1,0x08,0xc1,0x08,0x41,0x23,
0x21,0x2c,0xe1,0x2b,0x01,0x2c,0x01,0x2c,0x01,0x2c,0xe1,0x2b,0x21,0x2c,0x41,0x23,
0xc1,0x08,0xc1,0x08,0xc1,0x08,0xc1,0x08,0xc1,0x08,0xc1,0x08,0xc1,0x08,0xc1,0x08,
0xc1,0x08,0xc1,0x08,0xc1,0x08,0xc1,0x08,0xc1,0x08,0xc1,0x08,0xc1,0x08,0xc1,0x08,
0xc1,0x08,0xc1,0x08,0xc1,0x08,0xc1,0x08,0xc1,0x08,0xe1,0x08,0xa1,0x08,0x61,0x1a,
0x21,0x2c,0xe1,0x2b,0x01,0x2c,0x01,0x2c,0x01,0x2c,0x01,0x2c,0x01,0x2c,0xc1,0x2b,
0x41,0x11,0xc1,0x08,0xe1,0x08,0xc1,0x08,0xc1,0x08,0xc1,0x08,0xc1,0x08,0xc1,0x08,
0xc1,0x08,0xc1,0x08,0xc1,0x08,0xc1,0x08,0xc1,0x08,0xe1,0x10,0x82,0xc4,0x82,0xf5,
0x42,0xe5,0x42,0xed,0x42,0xed,0x42,0xed,0x42,0xed,0x42,0xe5,0xa2,0xfd,0x61,0x5a,
0x81,0x00,0xe1,0x10,0xc1,0x08,0xc1,0x08,0xc1,0x08,0xc1,0x08,0xc1,0x08,0xc1,0x08,
0xc1,0x08,0xc1,0x08,0xc1,0x08,0xc1,0x08,0xc1,0x08,0xc1,0x08,0xc1,0x08,0xc1,0x08,
0xc1,0x08,0xc1,0x08,0xc1,0x08,0xc1,0x08,0xc1,0x08,0xc1,0x08,0xc1,0x08,0xc1,0x08,
0xc1,0x08,0xc1,0x08,0xc1,0x08,0xc1,0x08,0xc1,0x08,0xc1,0x08,0xc1,0x08,0xc1,0x08,
0xc1,0x08,0xc1,0x08,0xc1,0x08,0xc1,0x08,0xc1,0x08,0xc1,0x08,0xc1,0x08,0xc1,0x08,
0xc1,0x08,0xc1,0x08,0xc1,0x08,0xc1,0x08,0xc1,0x08,0xc1,0x08,0xc1,0x08,0xc1,0x08,
0xc1,0x08,0xc1,0x08,0xc1,0x08,0xe1,0x10,0x81,0x00,0x01,0x7b,0xa2,0xfd,0x42,0xe5,
0x42,0xed,0x42,0xed,0x42,0xed,0x42,0xed,0x62,0xed,0x22,0xdd,0x61,0x29,0xa1,0x08,
0xe1,0x08,0xc1,0x08,0xc1,0x08,0xc1,0x08,0xc1,0x08,0xc1,0x08,0xc1,0x08,0xc1,0x08,
0xc1,0x08,0xc1,0x08,0xc1,0x08,0xc1,0x08,0xc1,0x08,0xc1,0x08,0xc1,0x08,0xc1,0x08,
0xe1,0x08,0xa1,0x08,0x61,0x21,0x22,0xe5,0x62,0xed,0x42,0xed,0x42,0xed,0x42,0xed,
0x42,0xed,0x42,0xe5,0x82,0xf5,0x82,0xc4,0xe1,0x08,0xc1,0x08,0xc1,0x08,0xc1,0x08,
0xc1,0x08,0xc1,0x08,0xc1,0x08,0xc1,0x08,0xc1,0x08,0xc1,0x08,0xc1,0x08,0xc1,0x08,
0xc1,0x08,0xc1,0x08,0xc1,0x08,0xc1,0x08,0xc1,0x08,0xc1,0x08,0xc1,0x08,0xc1,0x08,
0xc1,0x08,0xc1,0x08,0xc1,0x08,0xc1,0x08,0xc1,0x08,0xc1,0x08,0xe1,0x10,0x81,0x00,
0x01,0x73,0xa2,0xf5,0x42,0xe5,0x42,0xed,0x42,0xed,0x42,0xed,0x42,0xed,0x42,0xe5,
0xa2,0xf5,0xa1,0x6a,0x81,0x00,0xe1,0x10,0xc1,0x08,0xc1,0x08,0xc1,0x08,0xc1,0x08,
0xc1,0x08,0xc1,0x08,0xc1,0x08,0xc1,0x08,0xc1,0x08,0xc1,0x08,0xc1,0x08,0xc1,0x08,
0xc1,0x08,0xc1,0x08,0xc1,0x08,0xc1,0x08,0xc1,0x08,0xc1,0x08,0xc1,0x08,0xc1,0x08,
0xc1,0x08,0xc1,0x08,0xc1,0x08,0xc1,0x08,0xc1,0x08,0xc1,0x08,0xc1,0x08,0xc1,0x08,
0xc1,0x08,0xc1,0x08,0xc1,0x08,0xc1,0x08,0xc1,0x08,0xc1,0x08,0xc1,0x08,0xc1,0x08,
0xc1,0x08,0xc1,0x08,0xc1,0x08,0xc1,0x08,0xc1,0x08,0xc1,0x08,0xc1,0x08,0xc1,0x08,
0xc1,0x08,0xc1,0x08,0xc1,0x08,0xe1,0x08,0xa1,0x08,0x41,0x1a,0x21,0x2c,0xe1,0x2b,
0x01,0x2c,0x01,0x2c,0x01,0x2c,0x01,0x2c,0x01,0x2c,0x01,0x2c,0x01,0x2c,0x01,0x2c,
0x01,0x2c,0x01,0x2c,0x01,0x2c,0x01,0x2c,0xe1,0x2b,0x21,0x2c,0x81,0x1a,0xa1,0x08,
0xe1,0x08,0xe1,0x08,0xc1,0x08,0x41,0x11,0xe1,0x2b,0x01,0x2c,0x01,0x2c,0x01,0x2c,
0x01,0x2c,0x01,0x2c,0x01,0x2c,0x01,0x2c,0x01,0x2c,0x01,0x2c,0x01,0x2c,0x01,0x2c,
0x01,0x2c,0x01,0x2c,0xe1,0x2b,0x01,0x2c,0x61,0x23,0xe1,0x08,0xc1,0x08,0xc1,0x08,
0xc1,0x08,0xc1,0x08,0xc1,0x08,0xc1,0x08,0xc1,0x08,0xc1,0x08,0xc1,0x08,0xc1,0x08,
0xc1,0x08,0xc1,0x08,0xc1,0x08,0xc1,0x08,0xc1,0x08,0xc1,0x08,0xc1,0x08,0xe1,0x08,
0xa1,0x08,0x21,0x1a,0x21,0x2c,0xe1,0x2b,0x01,0x2c,0x01,0x2c,0x01,0x2c,0x01,0x2c,
0x01,0x2c,0x01,0x2c,0x01,0x2c,0x01,0x2c,0x01,0x2c,0x01,0x2c,0x01,0x2c,0x01,0x2c,
0xe1,0x2b,0x21,0x2c,0xa1,0x1a,0xa1,0x08,0xe1,0x08,0xc1,0x08,0xc1,0x08,0xc1,0x08,
0xc1,0x08,0xc1,0x08,0xc1,0x08,0xc1,0x08,0xc1,0x08,0xc1,0x08,0xc1,0x08,0xc1,0x08,
0xc1,0x08,0xc1,0x08,0xc1,0x08,0xc1,0x08,0xc1,0x08,0xc1,0x08,0xc1,0x08,0xe1,0x08,
0xa1,0x08,0xe1,0x11,0x21,0x2c,0xe1,0x2b,0x01,0x2c,0x01,0x2c,0x01,0x2c,0x01,0x2c,
0xe1,0x2b,0x21,0x2c,0x81,0x1a,0xa1,0x08,0xe1,0x08,0xc1,0x08,0xc1,0x08,0xc1,0x08,
0xc1,0x08,0xc1,0x08,0xc1,0x08,0xc1,0x08,0xc1,0x08,0xe1,0x08,0xc1,0x08,0x01,0x11,
0xc1,0x2b,0x01,0x2c,0x01,0x2c,0x01,0x2c,0x01,0x2c,0x01,0x2c,0xe1,0x2b,0x01,0x2c,
0xc1,0x11,0xa1,0x08,0xe1,0x08,0xc1,0x08,0xc1,0x08,0xe1,0x08,0x61,0x23,0x21,0x2c,
0xe1,0x2b,0x01,0x2c,0x01,0x2c,0xe1,0x2b,0x21,0x2c,0x61,0x1a,0xa1,0x08,0xe1,0x08,
0xc1,0x08,0xc1,0x08,0xc1,0x08,0xc1,0x08,0xc1,0x08,0xc1,0x08,0xc1,0x08,0xc1,0x08,
0xe1,0x08,0xc1,0x08,0x21,0x11,0xe1,0x2b,0x01,0x2c,0x01,0x2c,0x01,0x2c,0x01,0x2c,
0x01,0x2c,0xe1,0x2b,0x21,0x2c,0x61,0x23,0xe1,0x08,0xc1,0x08,0xc1,0x08,0xc1,0x08,
0xc1,0x08,0xc1,0x08,0xc1,0x08,0xc1,0x08,0xc1,0x08,0xe1,0x08,0xa1,0x08,0x81,0x11,
0x01,0x2c,0x01,0x2c,0x01,0x2c,0x01,0x2c,0x01,0x2c,0x01,0x2c,0x01,0x2c,0x01,0x2c,
0x01,0x2c,0x01,0x2c,0x01,0x1a,0xa1,0x08,0xa1,0x08,0xc1,0x08,0xe1,0x08,0xe1,0x08,
0xe1,0x08,0xc1,0x08,0xc1,0x08,0xc1,0x08,0xc1,0x08,0xc1,0x08,0xc1,0x08,0xc1,0x08,
0xc1,0x08,0xc1,0x08,0xc1,0x08,0xc1,0x08,0xc1,0x08,0xc1,0x08,0xc1,0x08,0xe1,0x08,
0xa1,0x08,0x01,0x23,0x21,0x2c,0xe1,0x2b,0x01,0x2c,0x01,0x2c,0x01,0x2c,0x01,0x2c,
0x01,0x2c,0xe1,0x2b,0x41,0x11,0xc1,0x08,0xe1,0x08,0xc1,0x08,0xc1,0x08,0xc1,0x08,
0xc1,0x08,0xc1,0x08,0xc1,0x08,0xc1,0x08,0xc1,0x08,0xc1,0x08,0xc1,0x08,0x41,0x23,
0x21,0x2c,0xe1,0x2b,0x01,0x2c,0x01,0x2c,0x01,0x2c,0xe1,0x2b,0x21,0x2c,0x41,0x23,
0xc1,0x08,0xc1,0x08,0xc1,0x08,0xc1,0x08,0xc1,0x08,0xc1,0x08,0xc1,0x08,0xc1,0x08,
0xc1,0x08,0xc1,0x08,0xc1,0x08,0xc1,0x08,0xc1,0x08,0xc1,0x08,0xc1,0x08,0xc1,0x08,
0xc1,0x08,0xc1,0x08,0xc1,0x08,0xc1,0x08,0xc1,0x08,0xe1,0x08,0xa1,0x08,0x61,0x1a,
0x21,0x2c,0xe1,0x2b,0x01,0x2c,0x01,0x2c,0x01,0x2c,0x01,0x2c,0x01,0x2c,0xc1,0x2b,
0x41,0x11,0xc1,0x08,0xe1,0x08,0xc1,0x08,0xc1,0x08,0xc1,0x08,0xc1,0x08,0xc1,0x08,
0xc1,0x08,0xc1,0x08,0xc1,0x08,0xc1,0x08,0xc1,0x08,0xe1,0x10,0x82,0xc4,0x82,0xf5,
0x42,0xe5,0x42,0xed,0x42,0xed,0x42,0xed,0x42,0xed,0x42,0xe5,0xa2,0xfd,0x61,0x5a,
0x81,0x00,0xe1,0x10,0xc1,0x08,0xc1,0x08,0xc1,0x08,0xc1,0x08,0xc1,0x08,0xc1,0x08,
0xc1,0x08,0xc1,0x08,0xc1,0x08,0xc1,0x08,0xc1,0x08,0xc1,0x08,0xc1,0x08,0xc1,0x08,
0xc1,0x08,0xc1,0x08,0xc1,0x08,0xc1,0x08,0xc1,0x08,0xc1,0x08,0xc1,0x08,0xc1,0x08,
0xc1,0x08,0xc1,0x08,0xc1,0x08,0xc1,0x08,0xc1,0x08,0xc1,0x08,0xc1,0x08,0xc1,0x08,
0xc1,0x08,0xc1,0x08,0xc1,0x08,0xc1,0x08,0xc1,0x08,0xc1,0x08,0xc1,0x08,0xc1,0x08,
0xc1,0x08,0xc1,0x08,0xc1,0x08,0xc1,0x08,0xc1,0x08,0xc1,0x08,0xc1,0x08,0xc1,0x08,
0xc1,0x08,0xc1,0x08,0xc1,0x08,0xe1,0x10,0x81,0x00,0x01,0x7b,0xa2,0xfd,0x42,0xe5,
0x42,0xed,0x42,0xed,0x42,0xed,0x42,0xed,0x62,0xed,0x22,0xdd,0x61,0x29,0xa1,0x08,
0xe1,0x08,0xc1,0x08,0xc1,0x08,0xc1,0x08,0xc1,0x08,0xc1,0x08,0xc1,0x08,0xc1,0x08,
0xc1,0x08,0xc1,0x08,0xc1,0x08,0xc1,0x08,0xc1,0x08,0xc1,0x08,0xc1,0x08,0xc1,0x08,
0xe1,0x08,0xc1,0x08,0x01,0x19,0xc2,0xcc,0x62,0xed,0x42,0xed,0x42,0xed,0x42,0xed,
0x42,0xed,0x42,0xed,0x62,0xed,0x02,0xdd,0x41,0x21,0xc1,0x08,0xe1,0x08,0xc1,0x08,
0xc1,0x08,0xc1,0x08,0xc1,0x08,0xc1,0x08,0xc1,0x08,0xc1,0x08,0xc1,0x08,0xc1,0x08,
0xc1,0x08,0xc1,0x08,0xc1,0x08,0xc1,0x08,0xc1,0x08,0xc1,0x08,0xc1,0x08,0xc1,0x08,
0xc1,0x08,0xc1,0x08,0xc1,0x08,0xc1,0x08,0xc1,0x08,0xc1,0x08,0xe1,0x10,0xa1,0x00,
0xa1,0x93,0xa2,0xf5,0x42,0xe5,0x42,0xed,0x42,0xed,0x42,0xed,0x42,0xed,0x42,0xe5,
0x82,0xf5,0x21,0x4a,0x81,0x00,0xe1,0x10,0xc1,0x08,0xc1,0x08,0xc1,0x08,0xc1,0x08,
0xc1,0x08,0xc1,0x08,0xc1,0x08,0xc1,0x08,0xc1,0x08,0xc1,0x08,0xc1,0x08,0xc1,0x08,
0xc1,0x08,0xc1,0x08,0xc1,0x08,0xc1,0x08,0xc1,0x08,0xc1,0x08,0xc1,0x08,0xc1,0x08,
0xc1,0x08,0xc1,0x08,0xc1,0x08,0xc1,0x08,0xc1,0x08,0xc1,0x08,0xc1,0x08,0xc1,0x08,
0xc1,0x08,0xc1,0x08,0xc1,0x08,0xc1,0x08,0xc1,0x08,0xc1,0x08,0xc1,0x08,0xc1,0x08,
0xc1,0x08,0xc1,0x08,0xc1,0x08,0xc1,0x08,0xc1,0x08,0xc1,0x08,0xc1,0x08,0xc1,0x08,
0xc1,0x08,0xc1,0x08,0xc1,0x08,0xc1,0x08,0x01,0x09,0xa1,0x23,0x01,0x2c,0xe1,0x2b,
0x01,0x2c,0x01,0x2c,0x01,0x2c,0x01,0x2c,0x01,0x2c,0x01,0x2c,0x01,0x2c,0x01,0x2c,
0x01,0x2c,0x01,0x2c,0x01,0x2c,0x01,0x2c,0x01,0x2c,0xe1,0x2b,0x41,0x11,0xc1,0x08,
0xe1,0x08,0xe1,0x08,0xa1,0x08,0xa1,0x1a,0x21,0x2c,0xe1,0x2b,0x01,0x2c,0x01,0x2c,
0x01,0x2c,0x01,0x2c,0x01,0x2c,0x01,0x2c,0x01,0x2c,0x01,0x2c,0x01,0x2c,0x01,0x2c,
0x01,0x2c,0x01,0x2c,0xe1,0x2b,0x21,0x2c,0x21,0x1a,0xa1,0x08,0xe1,0x08,0xc1,0x08,
0xc1,0x08,0xc1,0x08,0xc1,0x08,0xc1,0x08,0xc1,0x08,0xc1,0x08,0xc1,0x08,0xc1,0x08,
0xc1,0x08,0xc1,0x08,0xc1,0x08,0xc1,0x08,0xc1,0x08,0xc1,0x08,0xc1,0x08,0xc1,0x08,
0xc1,0x08,0x01,0x09,0x81,0x23,0x01,0x2c,0xe1,0x2b,0x01,0x2c,0x01,0x2c,0x01,0x2c,
0x01,0x2c,0x01,0x2c,0x01,0x2c,0x01,0x2c,0x01,0x2c,0x01,0x2c,0x01,0x2c,0x01,0x2c,
0x01,0x2c,0x01,0x2c,0xc1,0x2b,0x21,0x11,0xc1,0x08,0xe1,0x08,0xc1,0x08,0xc1,0x08,
0xc1,0x08,0xc1,0x08,0xc1,0x08,0xc1,0x08,0xc1,0x08,0xc1,0x08,0xc1,0x08,0xc1,0x08,
0xc1,0x08,0xc1,0x08,0xc1,0x08,0xc1,0x08,0xc1,0x08,0xc1,0x08,0xc1,0x08,0xe1,0x08,
0xa1,0x08,0xe1,0x11,0x21,0x2c,0xe1,0x2b,0x01,0x2c,0x01,0x2c,0x01,0x2c,0x01,0x2c,
0xe1,0x2b,0x21,0x2c,0x81,0x1a,0xa1,0x08,0xe1,0x08,0xc1,0x08,0xc1,0x08,0xc1,0x08,
0xc1,0x08,0xc1,0x08,0xc1,0x08,0xc1,0x08,0xc1,0x08,0xc1,0x08,0xe1,0x08,0xa1,0x08,
0xe1,0x22,0x21,0x2c,0xe1,0x2b,0x01,0x2c,0x01,0x2c,0x01,0x2c,0xe1,0x2b,0x21,0x2c,
0xa1,0x1a,0xa1,0x08,0xe1,0x08,0xe1,0x08,0xa1,0x08,0x81,0x11,0x01,0x2c,0x01,0x2c,
0x01,0x2c,0x01,0x2c,0x01,0x2c,0x01,0x2c,0xe1,0x2b,0x41,0x11,0xa1,0x08,0xe1,0x08,
0xc1,0x08,0xc1,0x08,0xc1,0x08,0xc1,0x08,0xc1,0x08,0xc1,0x08,0xc1,0x08,0xc1,0x08,
0xe1,0x08,0xc1,0x08,0x21,0x11,0xe1,0x2b,0x01,0x2c,0x01,0x2c,0x01,0x2c,0x01,0x2c,
0x01,0x2c,0xe1,0x2b,0x21,0x2c,0x61,0x23,0xe1,0x08,0xc1,0x08,0xc1,0x08,0xc1,0x08,
0xc1,0x08,0xc1,0x08,0xc1,0x08,0xc1,0x08,0xc1,0x08,0xe1,0x08,0xa1,0x08,0xc1,0x1a,
0x21,0x2c,0xe1,0x2b,0x01,0x2c,0x01,0x2c,0x01,0x2c,0x01,0x2c,0x01,0x2c,0xe1,0x2b,
0x21,0x2c,0x21,0x1a,0x81,0x08,0xe1,0x08,0xe1,0x08,0xc1,0x08,0xc1,0x08,0xc1,0x08,
0xc1,0x08,0xc1,0x08,0xc1,0x08,0xc1,0x08,0xc1,0x08,0xc1,0x08,0xc1,0x08,0xc1,0x08,
0xc1,0x08,0xc1,0x08,0xc1,0x08,0xc1,0x08,0xc1,0x08,0xc1,0x08,0xc1,0x08,0xc1,0x08,
0xc1,0x08,0x41,0x23,0x21,0x2c,0xe1,0x2b,0x01,0x2c,0x01,0x2c,0x01,0x2c,0x01,0x2c,
0x01,0x2c,0xe1,0x2b,0x61,0x11,0xa1,0x08,0xe1,0x08,0xc1,0x08,0xc1,0x08,0xc1,0x08,
0xc1,0x08,0xc1,0x08,0xc1,0x08,0xc1,0x08,0xc1,0x08,0xc1,0x08,0xc1,0x08,0x41,0x23,
0x21,0x2c,0xe1,0x2b,0x01,0x2c,0x01,0x2c,0x01,0x2c,0xe1,0x2b,0x21,0x2c,0x41,0x23,
0xc1,0x08,0xc1,0x08,0xc1,0x08,0xc1,0x08,0xc1,0x08,0xc1,0x08,0xc1,0x08,0xc1,0x08,
0xc1,0x08,0xc1,0x08,0xc1,0x08,0xc1,0x08,0xc1,0x08,0xc1,0x08,0xc1,0x08,0xc1,0x08,
0xc1,0x08,0xc1,0x08,0xc1,0x08,0xc1,0x08,0xc1,0x08,0xe1,0x08,0xa1,0x08,0x61,0x1a,
0x21,0x2c,0xe1,0x2b,0x01,0x2c,0x01,0x2c,0x01,0x2c,0x01,0x2c,0x01,0x2c,0xc1,0x2b,
0x41,0x11,0xc1,0x08,0xe1,0x08,0xc1,0x08,0xc1,0x08,0xc1,0x08,0xc1,0x08,0xc1,0x08,
0xc1,0x08,0xc1,0x08,0xc1,0x08,0xc1,0x08,0xc1,0x08,0xe1,0x10,0x82,0xc4,0x82,0xf5,
0x42,0xe5,0x42,0xed,0x42,0xed,0x42,0xed,0x42,0xed,0x42,0xe5,0xa2,0xfd,0x61,0x5a,
0x81,0x00,0xe1,0x10,0xc1,0x08,0xc1,0x08,0xc1,0x08,0xc1,0x08,0xc1,0x08,0xc1,0x08,
0xc1,0x08,0xc1,0x08,0xc1,0x08,0xc1,0x08,0xc1,0x08,0xc1,0x08,0xc1,0x08,0xc1,0x08,
0xc1,0x08,0xc1,0x08,0xc1,0x08,0xc1,0x08,0xc1,0x08,0xc1,0x08,0xc1,0x08,0xc1,0x08,
0xc1,0x08,0xc1,0x08,0xc1,0x08,0xc1,0x08,0xc1,0x08,0xc1,0x08,0xc1,0x08,0xc1,0x08,
0xc1,0x08,0xc1,0x08,0xc1,0x08,0xc1,0x08,0xc1,0x08,0xc1,0x08,0xc1,0x08,0xc1,0x08,
0xc1,0x08,0xc1,0x08,0xc1,0x08,0xc1,0x08,0xc1,0x08,0xc1,0x08,0xc1,0x08,0xc1,0x08,
0xc1,0x08,0xc1,0x08,0xc1,0x08,0xe1,0x10,0x81,0x00,0x01,0x7b,0xa2,0xfd,0x42,0xe5,
0x42,0xed,0x42,0xed,0x42,0xed,0x42,0xed,0x62,0xed,0x22,0xdd,0x61,0x29,0xa1,0x08,
0xe1,0x08,0xc1,0x08,0xc1,0x08,0xc1,0x08,0xc1,0x08,0xc1,0x08,0xc1,0x08,0xc1,0x08,
0xc1,0x08,0xc1,0x08,0xc1,0x08,0xc1,0x08,0xc1,0x08,0xc1,0x08,0xc1,0x08,0xc1,0x08,
0xc1,0x08,0xe1,0x08,0xa1,0x08,0x42,0xb4,0x82,0xf5,0x42,0xe5,0x42,0xed,0x42,0xed,
0x42,0xed,0x42,0xed,0x42,0xed,0x62,0xed,0xc1,0x39,0xa1,0x00,0xe1,0x10,0xc1,0x08,
0xc1,0x08,0xc1,0x08,0xc1,0x08,0xc1,0x08,0xc1,0x08,0xc1,0x08,0xc1,0x08,0xc1,0x08,
0xc1,0x08,0xc1,0x08,0xc1,0x08,0xc1,0x08,0xc1,0x08,0xc1,0x08,0xc1,0x08,0xc1,0x08,
0xc1,0x08,0xc1,0x08,0xc1,0x08,0xc1,0x08,0xc1,0x08,0xc1,0x08,0xc1,0x08,0xc1,0x08,
0x42,0xbc,0x82,0xf5,0x42,0xe5,0x42,0xed,0x42,0xed,0x42,0xed,0x42,0xed,0x42,0xed,
0x42,0xed,0xa1,0x31,0xa1,0x00,0xe1,0x10,0xc1,0x08,0xc1,0x08,0xc1,0x08,0xc1,0x08,
0xc1,0x08,0xc1,0x08,0xc1,0x08,0xc1,0x08,0xc1,0x08,0xc1,0x08,0xc1,0x08,0xc1,0x08,
0xc1,0x08,0xc1,0x08,0xc1,0x08,0xc1,0x08,0xc1,0x08,0xc1,0x08,0xc1,0x08,0xc1,0x08,
0xc1,0x08,0xc1,0x08,0xc1,0x08,0xc1,0x08,0xc1,0x08,0xc1,0x08,0xc1,0x08,0xc1,0x08,
0xc1,0x08,0xc1,0x08,0xc1,0x08,0xc1,0x08,0xc1,0x08,0xc1,0x08,0xc1,0x08,0xc1,0x08,
0xc1,0x08,0xc1,0x08,0xc1,0x08,0xc1,0x08,0xc1,0x08,0xc1,0x08,0xc1,0x08,0xc1,0x08,
0xc1,0x08,0xc1,0x08,0xe1,0x08,0xa1,0x08,0x21,0x1a,0x21,0x2c,0xe1,0x2b,0x01,0x2c,
0x01,0x2c,0x01,0x2c,0x01,0x2c,0x01,0x2c,0x01,0x2c,0x01,0x2c,0x01,0x2c,0x01,0x2c,
0x01,0x2c,0x01,0x2c,0x01,0x2c,0xe1,0x2b,0x21,0x2c,0xc1,0x1a,0xa1,0x08,0xe1,0x08,
0xe1,0x08,0xc1,0x08,0x41,0x11,0xe1,0x2b,0x01,0x2c,0x01,0x2c,0x01,0x2c,0x01,0x2c,
0x01,0x2c,0x01,0x2c,0x01,0x2c,0x01,0x2c,0x01,0x2c,0x01,0x2c,0x01,0x2c,0x01,0x2c,
0x01,0x2c,0xe1,0x2b,0x01,0x2c,0xa1,0x23,0x01,0x09,0xc1,0x08,0xe1,0x08,0xc1,0x08,
0xc1,0x08,0xc1,0x08,0xc1,0x08,0xc1,0x08,0xc1,0x08,0xc1,0x08,0xc1,0x08,0xc1,0x08,
0xc1,0x08,0xc1,0x08,0xc1,0x08,0xc1,0x08,0xc1,0x08,0xc1,0x08,0xc1,0x08,0xc1,0x08,
0xe1,0x08,0xa1,0x08,0x41,0x1a,0x21,0x2c,0xe1,0x2b,0x01,0x2c,0x01,0x2c,0x01,0x2c,
0x01,0x2c,0x01,0x2c,0x01,0x2c,0x01,0x2c,0x01,0x2c,0x01,0x2c,0x01,0x2c,0x01,0x2c,
0x01,0x2c,0xe1,0x2b,0x21,0x2c,0x81,0x1a,0xa1,0x08,0xe1,0x08,0xc1,0x08,0xc1,0x08,
0xc1,0x08,0xc1,0x08,0xc1,0x08,0xc1,0x08,0xc1,0x08,0xc1,0x08,0xc1,0x08,0xc1,0x08,
0xc1,0x08,0xc1,0x08,0xc1,0x08,0xc1,0x08,0xc1,0x08,0xc1,0x08,0xc1,0x08,0xe1,0x08,
0xa1,0x08,0xe1,0x11,0x21,0x2c,0xe1,0x2b,0x01,0x2c,0x01,0x2c,0x01,0x2c,0x01,0x2c,
0xe1,0x2b,0x21,0x2c,0x81,0x1a,0xa1,0x08,0xe1,0x08,0xc1,0x08,0xc1,0x08,0xc1,0x08,
0xc1,0x08,0xc1,0x08,0xc1,0x08,0xc1,0x08,0xc1,0x08,0xc1,0x08,0xe1,0x08,0xa1,0x08,
0x01,0x1a,0x21,0x2c,0xe1,0x2b,0x01,0x2c,0x01,0x2c,0x01,0x2c,0xe1,0x2b,0x01,0x2c,
0x61,0x23,0xe1,0x08,0xc1,0x08,0xe1,0x08,0xa1,0x08,0x81,0x1a,0x21,0x2c,0xe1,0x2b,
0x01,0x2c,0x01,0x2c,0xe1,0x2b,0x21,0x2c,0x41,0x23,0xc1,0x08,0xc1,0x08,0xc1,0x08,
0xc1,0x08,0xc1,0x08,0xc1,0x08,0xc1,0x08,0xc1,0x08,0xc1,0x08,0xc1,0x08,0xc1,0x08,
0xe1,0x08,0xc1,0x08,0x21,0x11,0xe1,0x2b,0x01,0x2c,0x01,0x2c,0x01,0x2c,0x01,0x2c,
0x01,0x2c,0xe1,0x2b,0x21,0x2c,0x61,0x23,0xe1,0x08,0xc1,0x08,0xc1,0x08,0xc1,0x08,
0xc1,0x08,0xc1,0x08,0xc1,0x08,0xc1,0x08,0xc1,0x08,0xc1,0x08,0xe1,0x08,0x81,0x23,
0x01,0x2c,0xe1,0x2b,0x01,0x2c,0x01,0x2c,0x01,0x2c,0x01,0x2c,0xe1,0x2b,0x21,0x2c,
0x01,0x23,0xa1,0x08,0xe1,0x08,0xc1,0x08,0xc1,0x08,0xc1,0x08,0xc1,0x08,0xc1,0x08,
0xc1,0x08,0xc1,0x08,0xc1,0x08,0xc1,0x08,0xc1,0x08,0xc1,0x08,0xc1,0x08,0xc1,0x08,
0xc1,0x08,0xc1,0x08,0xc1,0x08,0xc1,0x08,0xc1,0x08,0xc1,0x08,0xc1,0x08,0xc1,0x08,
0xe1,0x08,0x81,0x23,0x01,0x2c,0xe1,0x2b,0x01,0x2c,0x01,0x2c,0x01,0x2c,0x01,0x2c,
0x01,0x2c,0xe1,0x2b,0x61,0x11,0xa1,0x08,0xe1,0x08,0xc1,0x08,0xc1,0x08,0xc1,0x08,
0xc1,0x08,0xc1,0x08,0xc1,0x08,0xc1,0x08,0xc1,0x08,0xc1,0x08,0xc1,0x08,0x41,0x23,
0x21,0x2c,0xe1,0x2b,0x01,0x2c,0x01,0x2c,0x01,0x2c,0xe1,0x2b,0x21,0x2c,0x41,0x23,
0xc1,0x08,0xc1,0x08,0xc1,0x08,0xc1,0x08,0xc1,0x08,0xc1,0x08,0xc1,0x08,0xc1,0x08,
0xc1,0x08,0xc1,0x08,0xc1,0x08,0xc1,0x08,0xc1,0x08,0xc1,0x08,0xc1,0x08,0xc1,0x08,
0xc1,0x08,0xc1,0x08,0xc1,0x08,0xc1,0x08,0xc1,0x08,0xe1,0x08,0xa1,0x08,0x61,0x1a,
0x21,0x2c,0xe1,0x2b,0x01,0x2c,0x01,0x2c,0x01,0x2c,0x01,0x2c,0x01,0x2c,0xc1,0x2b,
0x41,0x11,0xc1,0x08,0xe1,0x08,0xc1,0x08,0xc1,0x08,0xc1,0x08,0xc1,0x08,0xc1,0x08,
0xc1,0x08,0xc1,0x08,0xc1,0x08,0xc1,0x08,0xc1,0x08,0xe1,0x10,0x82,0xc4,0x82,0xf5,
0x42,0xe5,0x42,0xed,0x42,0xed,0x42,0xed,0x42,0xed,0x42,0xe5,0xa2,0xfd,0x61,0x5a,
0x81,0x00,0xe1,0x10,0xc1,0x08,0xc1,0x08,0xc1,0x08,0xc1,0x08,0xc1,0x08,0xc1,0x08,
0xc1,0x08,0xc1,0x08,0xc1,0x08,0xc1,0x08,0xc1,0x08,0xc1,0x08,0xc1,0x08,0xc1,0x08,
0xc1,0x08,0xc1,0x08,0xc1,0x08,0xc1,0x08,0xc1,0x08,0xc1,0x08,0xc1,0x08,0xc1,0x08,
0xc1,0x08,0xc1,0x08,0xc1,0x08,0xc1,0x08,0xc1,0x08,0xc1,0x08,0xc1,0x08,0xc1,0x08,
0xc1,0x08,0xc1,0x08,0xc1,0x08,0xc1,0x08,0xc1,0x08,0xc1,0x08,0xc1,0x08,0xc1,0x08,
0xc1,0x08,0xc1,0x08,0xc1,0x08,0xc1,0x08,0xc1,0x08,0xc1,0x08,0xc1,0x08,0xc1,0x08,
0xc1,0x08,0xc1,0x08,0xc1,0x08,0xe1,0x10,0x81,0x00,0x01,0x7b,0xa2,0xfd,0x42,0xe5,
0x42,0xed,0x42,0xed,0x42,0xed,0x42,0xed,0x62,0xed,0x22,0xdd,0x61,0x29,0xa1,0x08,
0xe1,0x08,0xc1,0x08,0xc1,0x08,0xc1,0x08,0xc1,0x08,0xc1,0x08,0xc1,0x08,0xc1,0x08,
0xc1,0x08,0xc1,0x08,0xc1,0x08,0xc1,0x08,0xc1,0x08,0xc1,0x08,0xc1,0x08,0xc1,0x08,
0xc1,0x08,0xe1,0x10,0x81,0x00,0x61,0x8b,0xa2,0xfd,0x42,0xe5,0x42,0xed,0x42,0xed,
0x42,0xed,0x42,0xed,0x42,0xe5,0x82,0xf5,0xc1,0x6a,0x81,0x00,0xe1,0x10,0xc1,0x08,
0xc1,0x08,0xc1,0x08,0xc1,0x08,0xc1,0x08,0xc1,0x08,0xc1,0x08,0xc1,0x08,0xc1,0x08,
0xc1,0x08,0xc1,0x08,0xc1,0x08,0xc1,0x08,0xc1,0x08,0xc1,0x08,0xc1,0x08,0xc1,0x08,
0xc1,0x08,0xc1,0x08,0xc1,0x08,0xc1,0x08,0xc1,0x08,0xe1,0x08,0xc1,0x08,0x41,0x21,
0x02,0xdd,0x62,0xed,0x42,0xed,0x42,0xed,0x42,0xed,0x42,0xed,0x42,0xed,0x62,0xed,
0xe2,0xd4,0x21,0x19,0xc1,0x08,0xe1,0x08,0xc1,0x08,0xc1,0x08,0xc1,0x08,0xc1,0x08,
0xc1,0x08,0xc1,0x08,0xc1,0x08,0xc1,0x08,0xc1,0x08,0xc1,0x08,0xc1,0x08,0xc1,0x08,
0xc1,0x08,0xc1,0x08,0xc1,0x08,0xc1,0x08,0xc1,0x08,0xc1,0x08,0xc1,0x08,0xc1,0x08,
0xc1,0x08,0xc1,0x08,0xc1,0x08,0xc1,0x08,0xc1,0x08,0xc1,0x08,0xc1,0x08,0xc1,0x08,
0xc1,0x08,0xc1,0x08,0xc1,0x08,0xc1,0x08,0xc1,0x08,0xc1,0x08,0xc1,0x08,0xc1,0x08,
0xc1,0x08,0xc1,0x08,0xc1,0x08,0xc1,0x08,0xc1,0x08,0xc1,0x08,0xc1,0x08,0xc1,0x08,
0xc1,0x08,0xc1,0x08,0xc1,0x08,0xe1,0x08,0x61,0x23,0x21,0x2c,0xe1,0x2b,0x01,0x2c,
0x01,0x2c,0x01,0x2c,0x01,0x2c,0x01,0x2c,0x01,0x2c,0x01,0x2c,0x01,0x2c,0x01,0x2c,
0x01,0x2c,0x01,0x2c,0x01,0x2c,0x01,0x2c,0xe1,0x2b,0x41,0x11,0xc1,0x08,0xe1,0x08,
0xe1,0x08,0xa1,0x08,0x81,0x1a,0x21,0x2c,0xe1,0x2b,0x01,0x2c,0x01,0x2c,0x01,0x2c,
0x01,0x2c,0x01,0x2c,0x01,0x2c,0x01,0x2c,0x01,0x2c,0x01,0x2c,0x01,0x2c,0x01,0x2c,
0x01,0x2c,0xe1,0x2b,0x21,0x2c,0x41,0x1a,0xa1,0x08,0xe1,0x08,0xc1,0x08,0xc1,0x08,
0xc1,0x08,0xc1,0x08,0xc1,0x08,0xc1,0x08,0xc1,0x08,0xc1,0x08,0xc1,0x08,0xc1,0x08,
0xc1,0x08,0xc1,0x08,0xc1,0x08,0xc1,0x08,0xc1,0x08,0xc1,0x08,0xc1,0x08,0xc1,0x08,
0xc1,0x08,0xc1,0x08,0x21,0x11,0xc1,0x2b,0x01,0x2c,0x01,0x2c,0x01,0x2c,0x01,0x2c,
0x01,0x2c,0x01,0x2c,0x01,0x2c,0x01,0x2c,0x01,0x2c,0x01,0x2c,0x01,0x2c,0x01,0x2c,
0x01,0x2c,0x01,0x2c,0x01,0x2c,0xc1,0x2b,0x21,0x11,0xc1,0x08,0xc1,0x08,0xc1,0x08,
0xc1,0x08,0xc1,0x08,0xc1,0x08,0xc1,0x08,0xc1,0x08,0xc1,0x08,0xc1,0x08,0xc1,0x08,
0xc1,0x08,0xc1,0x08,0xc1,0x08,0xc1,0x08,0xc1,0x08,0xc1,0x08,0xc1,0x08,0xe1,0x08,
0xa1,0x08,0xe1,0x11,0x21,0x2c,0xe1,0x2b,0x01,0x2c,0x01,0x2c,0x01,0x2c,0x01,0x2c,
0xe1,0x2b,0x21,0x2c,0x81,0x1a,0xa1,0x08,0xe1,0x08,0xc1,0x08,0xc1,0x08,0xc1,0x08,
0xc1,0x08,0xc1,0x08,0xc1,0x08,0xc1,0x08,0xc1,0x08,0xc1,0x08,0xe1,0x08,0xc1,0x08,
0x21,0x11,0xc1,0x2b,0x01,0x2c,0x01,0x2c,0x01,0x2c,0x01,0x2c,0x01,0x2c,0x01,0x2c,
0x01,0x2c,0x81,0x11,0xa1,0x08,0xe1,0x08,0xe1,0x08,0x81,0x23,0x01,0x2c,0xe1,0x2b,
0x01,0x2c,0x01,0x2c,0xe1,0x2b,0x21,0x2c,0x61,0x1a,0xa1,0x08,0xe1,0x08,0xc1,0x08,
0xc1,0x08,0xc1,0x08,0xc1,0x08,0xc1,0x08,0xc1,0x08,0xc1,0x08,0xc1,0x08,0xc1,0x08,
0xe1,0x08,0xc1,0x08,0x21,0x11,0xe1,0x2b,0x01,0x2c,0x01,0x2c,0x01,0x2c,0x01,0x2c,
0x01,0x2c,0xe1,0x2b,0x21,0x2c,0x61,0x23,0xe1,0x08,0xc1,0x08,0xc1,0x08,0xc1,0x08,
0xc1,0x08,0xc1,0x08,0xc1,0x08,0xc1,0x08,0xe1,0x08,0xa1,0x08,0x61,0x11,0xe1,0x2b,
0x01,0x2c,0x01,0x2c,0x01,0x2c,0x01,0x2c,0x01,0x2c,0x01,0x2c,0x01,0x2c,0x01,0x2c,
0xc1,0x11,0xa1,0x08,0xe1,0x08,0xc1,0x08,0xc1,0x08,0xc1,0x08,0xc1,0x08,0xc1,0x08,
0xc1,0x08,0xc1,0x08,0xc1,0x08,0xc1,0x08,0xc1,0x08,0xc1,0x08,0xc1,0x08,0xc1,0x08,
0xc1,0x08,0xc1,0x08,0xc1,0x08,0xc1,0x08,0xc1,0x08,0xc1,0x08,0xe1,0x08,0xc1,0x08,
0x41,0x11,0xe1,0x2b,0x01,0x2c,0x01,0x2c,0x01,0x2c,0x01,0x2c,0x01,0x2c,0x01,0x2c,
0x01,0x2c,0xe1,0x2b,0x61,0x11,0xa1,0x08,0xe1,0x08,0xc1,0x08,0xc1,0x08,0xc1,0x08,
0xc1,0x08,0xc1,0x08,0xc1,0x08,0xc1,0x08,0xc1,0x08,0xc1,0x08,0xc1,0x08,0x41,0x23,
0x21,0x2c,0xe1,0x2b,0x01,0x2c,0x01,0x2c,0x01,0x2c,0xe1,0x2b,0x21,0x2c,0x41,0x23,
0xc1,0x08,0xc1,0x08,0xc1,0x08,0xc1,0x08,0xc1,0x08,0xc1,0x08,0xc1,0x08,0xc1,0x08,
0xc1,0x08,0xc1,0x08,0xc1,0x08,0xc1,0x08,0xc1,0x08,0xc1,0x08,0xc1,0x08,0xc1,0x08,
0xc1,0x08,0xc1,0x08,0xc1,0x08,0xc1,0x08,0xc1,0x08,0xe1,0x08,0xa1,0x08,0x61,0x1a,
0x21,0x2c,0xe1,0x2b,0x01,0x2c,0x01,0x2c,0x01,0x2c,0x01,0x2c,0x01,0x2c,0xc1,0x2b,
0x41,0x11,0xc1,0x08,0xe1,0x08,0xc1,0x08,0xc1,0x08,0xc1,0x08,0xc1,0x08,0xc1,0x08,
0xc1,0x08,0xc1,0x08,0xc1,0x08,0xc1,0x08,0xc1,0x08,0xe1,0x10,0x82,0xc4,0x82,0xf5,
0x42,0xe5,0x42,0xed,0x42,0xed,0x42,0xed,0x42,0xed,0x42,0xe5,0xa2,0xfd,0x61,0x5a,
0x81,0x00,0xe1,0x10,0xc1,0x08,0xc1,0x08,0xc1,0x08,0xc1,0x08,0xc1,0x08,0xc1,0x08,
0xc1,0x08,0xc1,0x08,0xc1,0x08,0xc1,0x08,0xc1,0x08,0xc1,0x08,0xc1,0x08,0xc1,0x08,
0xc1,0x08,0xc1,0x08,0xc1,0x08,0xc1,0x08,0xc1,0x08,0xc1,0x08,0xc1,0x08,0xc1,0x08,
0xc1,0x08,0xc1,0x08,0xc1,0x08,0xc1,0x08,0xc1,0x08,0xc1,0x08,0xc1,0x08,0xc1,0x08,
0xc1,0x08,0xc1,0x08,0xc1,0x08,0xc1,0x08,0xc1,0x08,0xc1,0x08,0xc1,0x08,0xc1,0x08,
0xc1,0x08,0xc1,0x08,0xc1,0x08,0xc1,0x08,0xc1,0x08,0xc1,0x08,0xc1,0x08,0xc1,0x08,
0xc1,0x08,0xc1,0x08,0xc1,0x08,0xe1,0x10,0x81,0x00,0x01,0x7b,0xa2,0xfd,0x42,0xe5,
0x42,0xed,0x42,0xed,0x42,0xed,0x42,0xed,0x62,0xed,0x22,0xdd,0x61,0x29,0xa1,0x08,
0xe1,0x08,0xc1,0x08,0xc1,0x08,0xc1,0x08,0xc1,0x08,0xc1,0x08,0xc1,0x08,0xc1,0x08,
0xc1,0x08,0xc1,0x08,0xc1,0x08,0xc1,0x08,0xc1,0x08,0xc1,0x08,0xc1,0x08,0xc1,0x08,
0xc1,0x08,0xe1,0x10,0x81,0x00,0x81,0x5a,0xa2,0xf5,0x42,0xe5,0x42,0xed,0x42,0xed,
0x42,0xed,0x42,0xed,0x42,0xe5,0x82,0xf5,0xe2,0xa3,0xa1,0x00,0xe1,0x10,0xc1,0x08,
0xc1,0x08,0xc1,0x08,0xc1,0x08,0xc1,0x08,0xc1,0x08,0xc1,0x08,0xc1,0x08,0xc1,0x08,
0xc1,0x08,0xc1,0x08,0xc1,0x08,0xc1,0x08,0xc1,0x08,0xc1,0x08,0xc1,0x08,0xc1,0x08,
0xc1,0x08,0xc1,0x08,0xc1,0x08,0xc1,0x08,0xc1,0x08,0xe1,0x10,0x81,0x00,0x41,0x52,
0x82,0xf5,0x42,0xe5,0x42,0xed,0x42,0xed,0x42,0xed,0x42,0xed,0x42,0xe5,0x82,0xf5,
0x42,0xb4,0xc1,0x08,0xc1,0x08,0xc1,0x08,0xc1,0x08,0xc1,0x08,0xc1,0x08,0xc1,0x08,
0xc1,0x08,0xc1,0x08,0xc1,0x08,0xc1,0x08,0xc1,0x08,0xc1,0x08,0xc1,0x08,0xc1,0x08,
0xc1,0x08,0xc1,0x08,0xc1,0x08,0xc1,0x08,0xc1,0x08,0xc1,0x08,0xc1,0x08,0xc1,0x08,
0xc1,0x08,0xc1,0x08,0xc1,0x08,0xc1,0x08,0xc1,0x08,0xc1,0x08,0xc1,0x08,0xc1,0x08,
0xc1,0x08,0xc1,0x08,0xc1,0x08,0xc1,0x08,0xc1,0x08,0xc1,0x08,0xc1,0x08,0xc1,0x08,
0xc1,0x08,0xc1,0x08,0xc1,0x08,0xc1,0x08,0xc1,0x08,0xc1,0x08,0xc1,0x08,0xc1,0x08,
0xc1,0x08,0xe1,0x08,0xa1,0x08,0xe1,0x11,0x21,0x2c,0xe1,0x2b,0x01,0x2c,0x01,0x2c,
0x01,0x2c,0x01,0x2c,0x01,0x2c,0x01,0x2c,0x01,0x2c,0x01,0x2c,0x01,0x2c,0x01,0x2c,
0x01,0x2c,0x01,0x2c,0xe1,0x2b,0x21,0x2c,0xc1,0x1a,0xa1,0x08,0xe1,0x08,0xc1,0x08,
0xc1,0x08,0x01,0x11,0xc1,0x2b,0x01,0x2c,0x01,0x2c,0x01,0x2c,0x01,0x2c,0x01,0x2c,
0x01,0x2c,0x01,0x2c,0x01,0x2c,0x01,0x2c,0x01,0x2c,0x01,0x2c,0x01,0x2c,0x01,0x2c,
0x01,0x2c,0x01,0x2c,0xa1,0x2b,0x01,0x11,0xc1,0x08,0xc1,0x08,0xc1,0x08,0xc1,0x08,
0xc1,0x08,0xc1,0x08,0xc1,0x08,0xc1,0x08,0xc1,0x08,0xc1,0x08,0xc1,0x08,0xc1,0x08,
0xc1,0x08,0xc1,0x08,0xc1,0x08,0xc1,0x08,0xc1,0x08,0xc1,0x08,0xc1,0x08,0xc1,0x08,
0xc1,0x08,0xe1,0x08,0xa1,0x08,0x81,0x1a,0x21,0x2c,0xe1,0x2b,0x01,0x2c,0x01,0x2c,
0x01,0x2c,0x01,0x2c,0x01,0x2c,0x01,0x2c,0x01,0x2c,0x01,0x2c,0x01,0x2c,0x01,0x2c,
0x01,0x2c,0x01,0x2c,0xe1,0x2b,0x21,0x2c,0x41,0x1a,0xa1,0x08,0xe1,0x08,0xc1,0x08,
0xc1,0x08,0xc1,0x08,0xc1,0x08,0xc1,0x08,0xc1,0x08,0xc1,0x08,0xc1,0x08,0xc1,0x08,
0xc1,0x08,0xc1,0x08,0xc1,0x08,0xc1,0x08,0xc1,0x08,0xc1,0x08,0xc1,0x08,0xe1,0x08,
0xa1,0x08,0xe1,0x11,0x21,0x2c,0xe1,0x2b,0x01,0x2c,0x01,0x2c,0x01,0x2c,0x01,0x2c,
0xe1,0x2b,0x21,0x2c,0x81,0x1a,0xa1,0x08,0xe1,0x08,0xc1,0x08,0xc1,0x08,0xc1,0x08,
0xc1,0x08,0xc1,0x08,0xc1,0x08,0xc1,0x08,0xc1,0x08,0xc1,0x08,0xc1,0x08,0xe1,0x08,
0xa1,0x08,0x21,0x23,0x21,0x2c,0xe1,0x2b,0x01,0x2c,0x01,0x2c,0x01,0x2c,0xe1,0x2b,
0x21,0x2c,0x81,0x1a,0xa1,0x08,0xc1,0x08,0x81,0x11,0x01,0x2c,0x01,0x2c,0x01,0x2c,
0x01,0x2c,0x01,0x2c,0x01,0x2c,0xe1,0x2b,0x61,0x11,0xa1,0x08,0xe1,0x08,0xc1,0x08,
0xc1,0x08,0xc1,0x08,0xc1,0x08,0xc1,0x08,0xc1,0x08,0xc1,0x08,0xc1,0x08,0xc1,0x08,
0xe1,0x08,0xc1,0x08,0x21,0x11,0xe1,0x2b,0x01,0x2c,0x01,0x2c,0x01,0x2c,0x01,0x2c,
0x01,0x2c,0xe1,0x2b,0x21,0x2c,0x61,0x23,0xe1,0x08,0xc1,0x08,0xc1,0x08,0xc1,0x08,
0xc1,0x08,0xc1,0x08,0xc1,0x08,0xc1,0x08,0xe1,0x08,0xa1,0x08,0xc1,0x11,0x21,0x2c,
0xe1,0x2b,0x01,0x2c,0x01,0x2c,0x01,0x2c,0x01,0x2c,0xe1,0x2b,0x01,0x2c,0xa1,0x23,
0x01,0x09,0xc1,0x08,0xc1,0x08,0xc1,0x08,0xc1,0x08,0xc1,0x08,0xc1,0x08,0xc1,0x08,
0xc1,0x08,0xc1,0x08,0xc1,0x08,0xc1,0x08,0xc1,0x08,0xc1,0x08,0xc1,0x08,0xc1,0x08,
0xc1,0x08,0xc1,0x08,0xc1,0x08,0xc1,0x08,0xc1,0x08,0xc1,0x08,0xe1,0x08,0xa1,0x08,
0xe1,0x19,0x21,0x2c,0xe1,0x2b,0x01,0x2c,0x01,0x2c,0x01,0x2c,0x01,0x2c,0x01,0x2c,
0x01,0x2c,0xe1,0x2b,0x61,0x11,0xa1,0x08,0xe1,0x08,0xc1,0x08,0xc1,0x08,0xc1,0x08,
0xc1,0x08,0xc1,0x08,0xc1,0x08,0xc1,0x08,0xc1,0x08,0xc1,0x08,0xc1,0x08,0x41,0x23,
0x21,0x2c,0xe1,0x2b,0x01,0x2c,0x01,0x2c,0x01,0x2c,0xe1,0x2b,0x21,0x2c,0x41,0x23,
0xc1,0x08,0xc1,0x08,0xc1,0x08,0xc1,0x08,0xc1,0x08,0xc1,0x08,0xc1,0x08,0xc1,0x08,
0xc1,0x08,0xc1,0x08,0xc1,0x08,0xc1,0x08,0xc1,0x08,0xc1,0x08,0xc1,0x08,0xc1,0x08,
0xc1,0x08,0xc1,0x08,0xc1,0x08,0xc1,0x08,0xc1,0x08,0xe1,0x08,0xa1,0x08,0x61,0x1a,
0x21,0x2c,0xe1,0x2b,0x01,0x2c,0x01,0x2c,0x01,0x2c,0x01,0x2c,0x01,0x2c,0xc1,0x2b,
0x41,0x11,0xc1,0x08,0xe1,0x08,0xc1,0x08,0xc1,0x08,0xc1,0x08,0xc1,0x08,0xc1,0x08,
0xc1,0x08,0xc1,0x08,0xc1,0x08,0xc1,0x08,0xc1,0x08,0xe1,0x10,0x82,0xc4,0x82,0xf5,
0x42,0xe5,0x42,0xed,0x42,0xed,0x42,0xed,0x42,0xed,0x42,0xe5,0xa2,0xfd,0x61,0x5a,
0x81,0x00,0xe1,0x10,0xc1,0x08,0xc1,0x08,0xc1,0x08,0xc1,0x08,0xc1,0x08,0xc1,0x08,
0xc1,0x08,0xc1,0x08,0xc1,0x08,0xc1,0x08,0xc1,0x08,0xc1,0x08,0xc1,0x08,0xc1,0x08,
0xc1,0x08,0xc1,0x08,0xc1,0x08,0xc1,0x08,0xc1,0x08,0xc1,0x08,0xc1,0x08,0xc1,0x08,
0xc1,0x08,0xc1,0x08,0xc1,0x08,0xc1,0x08,0xc1,0x08,0xc1,0x08,0xc1,0x08,0xc1,0x08,
0xc1,0x08,0xc1,0x08,0xc1,0x08,0xc1,0x08,0xc1,0x08,0xc1,0x08,0xc1,0x08,0xc1,0x08,
0xc1,0x08,0xc1,0x08,0xc1,0x08,0xc1,0x08,0xc1,0x08,0xc1,0x08,0xc1,0x08,0xc1,0x08,
0xc1,0x08,0xc1,0x08,0xc1,0x08,0xe1,0x10,0x81,0x00,0x01,0x7b,0xa2,0xfd,0x42,0xe5,
0x42,0xed,0x42,0xed,0x42,0xed,0x42,0xed,0x62,0xed,0x22,0xdd,0x61,0x29,0xa1,0x08,
0xe1,0x08,0xc1,0x08,0xc1,0x08,0xc1,0x08,0xc1,0x08,0xc1,0x08,0xc1,0x08,0xc1,0x08,
0xc1,0x08,0xc1,0x08,0xc1,0x08,0xc1,0x08,0xc1,0x08,0xc1,0x08,0xc1,0x08,0xc1,0x08,
0xc1,0x08,0xe1,0x10,0xa1,0x00,0x81,0x31,0x42,0xe5,0x62,0xed,0x42,0xed,0x42,0xed,
0x42,0xed,0x42,0xed,0x42,0xed,0x62,0xed,0x02,0xdd,0x41,0x21,0xc1,0x08,0xe1,0x08,
0xc1,0x08,0xc1,0x08,0xc1,0x08,0xc1,0x08,0xc1,0x08,0xc1,0x08,0xc1,0x08,0xc1,0x08,
0xc1,0x08,0xc1,0x08,0xc1,0x08,0xc1,0x08,0xc1,0x08,0xc1,0x08,0xc1,0x08,0xc1,0x08,
0xc1,0x08,0xc1,0x08,0xc1,0x08,0xc1,0x08,0xc1,0x08,0xe1,0x10,0xa1,0x00,0xc2,0xa3,
0xa2,0xf5,0x42,0xe5,0x42,0xed,0x42,0xed,0x42,0xed,0x42,0xed,0x42,0xe5,0xa2,0xf5,
0x61,0x8b,0x81,0x00,0xe1,0x10,0xc1,0x08,0xc1,0x08,0xc1,0x08,0xc1,0x08,0xc1,0x08,
0xc1,0x08,0xc1,0x08,0xc1,0x08,0xc1,0x08,0xc1,0x08,0xc1,0x08,0xc1,0x08,0xc1,0x08,
0xc1,0x08,0xc1,0x08,0xc1,0x08,0xc1,0x08,0xc1,0x08,0xc1,0x08,0xc1,0x08,0xc1,0x08,
0xc1,0x08,0xc1,0x08,0xc1,0x08,0xc1,0x08,0xc1,0x08,0xc1,0x08,0xc1,0x08,0xc1,0x08,
0xc1,0x08,0xc1,0x08,0xc1,0x08,0xc1,0x08,0xc1,0x08,0xc1,0x08,0xc1,0x08,0xc1,0x08,
0xc1,0x08,0xc1,0x08,0xc1,0x08,0xc1,0x08,0xc1,0x08,0xc1,0x08,0xc1,0x08,0xc1,0x08,
0xc1,0x08,0xc1,0x08,0xc1,0x08,0x61,0x23,0x21,0x2c,0xe1,0x2b,0x01,0x2c,0x01,0x2c,
0x01,0x2c,0x01,0x2c,0x01,0x2c,0x01,0x2c,0x01,0x2c,0x01,0x2c,0x01,0x2c,0x01,0x2c,
0x01,0x2c,0x01,0x2c,0x01,0x2c,0x01,0x2c,0x81,0x11,0xa1,0x08,0xe1,0x08,0xe1,0x08,
0xa1,0x08,0x61,0x1a,0x21,0x2c,0xe1,0x2b,0x01,0x2c,0x01,0x2c,0x01,0x2c,0x01,0x2c,
0x01,0x2c,0x01,0x2c,0x01,0x2c,0x01,0x2c,0x01,0x2c,0x01,0x2c,0x01,0x2c,0x01,0x2c,
0xe1,0x2b,0x21,0x2c,0x61,0x1a,0xa1,0x08,0xe1,0x08,0xc1,0x08,0xc1,0x08,0xc1,0x08,
0xc1,0x08,0xc1,0x08,0xc1,0x08,0xc1,0x08,0xc1,0x08,0xc1,0x08,0xc1,0x08,0xc1,0x08,
0xc1,0x08,0xc1,0x08,0xc1,0x08,0xc1,0x08,0xc1,0x08,0xc1,0x08,0xc1,0x08,0xc1,0x08,
0xc1,0x08,0xe1,0x08,0xc1,0x08,0x21,0x11,0xc1,0x2b,0x01,0x2c,0xe1,0x2b,0x01,0x2c,
0x01,0x2c,0x01,0x2c,0x01,0x2c,0x01,0x2c,0x01,0x2c,0x01,0x2c,0x01,0x2c,0x01,0x2c,
0x01,0x2c,0x01,0x2c,0xe1,0x2b,0x01,0x2c,0x81,0x23,0xe1,0x08,0xc1,0x08,0xc1,0x08,
0xc1,0x08,0xc1,0x08,0xc1,0x08,0xc1,0x08,0xc1,0x08,0xc1,0x08,0xc1,0x08,0xc1,0x08,
0xc1,0x08,0xc1,0x08,0xc1,0x08,0xc1,0x08,0xc1,0x08,0xc1,0x08,0xc1,0x08,0xe1,0x08,
0xa1,0x08,0xe1,0x11,0x21,0x2c,0xe1,0x2b,0x01,0x2c,0x01,0x2c,0x01,0x2c,0x01,0x2c,
0xe1,0x2b,0x21,0x2c,0x81,0x1a,0xa1,0x08,0xe1,0x08,0xc1,0x08,0xc1,0x08,0xc1,0x08,
0xc1,0x08,0xc1,0x08,0xc1,0x08,0xc1,0x08,0xc1,0x08,0xc1,0x08,0xc1,0x08,0xe1,0x08,
0xa1,0x08,0x01,0x1a,0x21,0x2c,0xe1,0x2b,0x01,0x2c,0x01,0x2c,0x01,0x2c,0xe1,0x2b,
0x21,0x2c,0x61,0x23,0xe1,0x08,0xa1,0x08,0x61,0x1a,0x21,0x2c,0xe1,0x2b,0x01,0x2c,
0x01,0x2c,0xe1,0x2b,0x21,0x2c,0x61,0x23,0xc1,0x08,0xc1,0x08,0xc1,0x08,0xc1,0x08,
0xc1,0x08,0xc1,0x08,0xc1,0x08,0xc1,0x08,0xc1,0x08,0xc1,0x08,0xc1,0x08,0xc1,0x08,
0xe1,0x08,0xc1,0x08,0x21,0x11,0xe1,0x2b,0x01,0x2c,0x01,0x2c,0x01,0x2c,0x01,0x2c,
0x01,0x2c,0xe1,0x2b,0x21,0x2c,0x61,0x23,0xe1,0x08,0xc1,0x08,0xc1,0x08,0xc1,0x08,
0xc1,0x08,0xc1,0x08,0xc1,0x08,0xc1,0x08,0xe1,0x08,0xa1,0x08,0x01,0x1a,0x21,0x2c,
0xe1,0x2b,0x01,0x2c,0x01,0x2c,0x01,0x2c,0x01,0x2c,0xe1,0x2b,0x21,0x2c,0x41,0x23,
0xc1,0x08,0xc1,0x08,0xc1,0x08,0xc1,0x08,0xc1,0x08,0xc1,0x08,0xc1,0x08,0xc1,0x08,
0xc1,0x08,0xc1,0x08,0xc1,0x08,0xc1,0x08,0xc1,0x08,0xc1,0x08,0xc1,0x08,0xc1,0x08,
0xc1,0x08,0xc1,0x08,0xc1,0x08,0xc1,0x08,0xc1,0x08,0xc1,0x08,0xe1,0x08,0xa1,0x08,
0xc1,0x1a,0x21,0x2c,0xe1,0x2b,0x01,0x2c,0x01,0x2c,0x01,0x2c,0x01,0x2c,0x01,0x2c,
0x01,0x2c,0xe1,0x2b,0x61,0x11,0xa1,0x08,0xe1,0x08,0xc1,0x08,0xc1,0x08,0xc1,0x08,
0xc1,0x08,0xc1,0x08,0xc1,0x08,0xc1,0x08,0xc1,0x08,0xc1,0x08,0xc1,0x08,0x41,0x23,
0x21,0x2c,0xe1,0x2b,0x01,0x2c,0x01,0x2c,0x01,0x2c,0xe1,0x2b,0x21,0x2c,0x41,0x23,
0xc1,0x08,0xc1,0x08,0xc1,0x08,0xc1,0x08,0xc1,0x08,0xc1,0x08,0xc1,0x08,0xc1,0x08,
0xc1,0x08,0xc1,0x08,0xc1,0x08,0xc1,0x08,0xc1,0x08,0xc1,0x08,0xc1,0x08,0xc1,0x08,
0xc1,0x08,0xc1,0x08,0xc1,0x08,0xc1,0x08,0xc1,0x08,0xe1,0x08,0xa1,0x08,0x61,0x1a,
0x21,0x2c,0xe1,0x2b,0x01,0x2c,0x01,0x2c,0x01,0x2c,0x01,0x2c,0x01,0x2c,0xc1,0x2b,
0x41,0x11,0xc1,0x08,0xe1,0x08,0xc1,0x08,0xc1,0x08,0xc1,0x08,0xc1,0x08,0xc1,0x08,
0xc1,0x08,0xc1,0x08,0xc1,0x08,0xc1,0x08,0xc1,0x08,0xe1,0x10,0x82,0xc4,0x82,0xf5,
0x42,0xe5,0x42,0xed,0x42,0xed,0x42,0xed,0x42,0xed,0x42,0xe5,0xa2,0xfd,0x61,0x5a,
0x81,0x00,0xe1,0x10,0xc1,0x08,0xc1,0x08,0xc1,0x08,0xc1,0x08,0xc1,0x08,0xc1,0x08,
0xc1,0x08,0xc1,0x08,0xc1,0x08,0xc1,0x08,0xc1,0x08,0xc1,0x08,0xc1,0x08,0xc1,0x08,
0xc1,0x08,0xc1,0x08,0xc1,0x08,0xc1,0x08,0xc1,0x08,0xc1,0x08,0xc1,0x08,0xc1,0x08,
0xc1,0x08,0xc1,0x08,0xc1,0x08,0xc1,0x08,0xc1,0x08,0xc1,0x08,0xc1,0x08,0xc1,0x08,
0xc1,0x08,0xc1,0x08,0xc1,0x08,0xc1,0x08,0xc1,0x08,0xc1,0x08,0xc1,0x08,0xc1,0x08,
0xc1,0x08,0xc1,0x08,0xc1,0x08,0xc1,0x08,0xc1,0x08,0xc1,0x08,0xc1,0x08,0xc1,0x08,
0xc1,0x08,0xc1,0x08,0xc1,0x08,0xe1,0x10,0x81,0x00,0x01,0x7b,0xa2,0xfd,0x42,0xe5,
0x42,0xed,0x42,0xed,0x42,0xed,0x42,0xed,0x62,0xed,0x22,0xdd,0x61,0x29,0xa1,0x08,
0xe1,0x08,0xc1,0x08,0xc1,0x08,0xc1,0x08,0xc1,0x08,0xc1,0x08,0xc1,0x08,0xc1,0x08,
0xc1,0x08,0xc1,0x08,0xc1,0x08,0xc1,0x08,0xc1,0x08,0xc1,0x08,0xc1,0x08,0xc1,0x08,
0xc1,0x08,0xc1,0x08,0xc1,0x08,0xc1,0x08,0x62,0xbc,0x82,0xf5,0x42,0xe5,0x42,0xed,
0x42,0xed,0x42,0xed,0x42,0xed,0x42,0xe5,0xa2,0xf5,0xa1,0x6a,0x81,0x00,0xe1,0x10,
0xc1,0x08,0xc1,0x08,0xc1,0x08,0xc1,0x08,0xc1,0x08,0xc1,0x08,0xc1,0x08,0xc1,0x08,
0xc1,0x08,0xc1,0x08,0xc1,0x08,0xc1,0x08,0xc1,0x08,0xc1,0x08,0xc1,0x08,0xc1,0x08,
0xc1,0x08,0xc1,0x08,0xc1,0x08,0xc1,0x08,0xe1,0x08,0xa1,0x08,0x61,0x29,0x22,0xe5,
0x62,0xed,0x42,0xed,0x42,0xed,0x42,0xed,0x42,0xed,0x42,0xed,0x42,0xe5,0x82,0xf5,
0x41,0x52,0x81,0x00,0xe1,0x10,0xc1,0x08,0xc1,0x08,0xc1,0x08,0xc1,0x08,0xc1,0x08,
0xc1,0x08,0xc1,0x08,0xc1,0x08,0xc1,0x08,0xc1,0x08,0xc1,0x08,0xc1,0x08,0xc1,0x08,
0xc1,0x08,0xc1,0x08,0xc1,0x08,0xc1,0x08,0xc1,0x08,0xc1,0x08,0xc1,0x08,0xc1,0x08,
0xc1,0x08,0xc1,0x08,0xc1,0x08,0xc1,0x08,0xc1,0x08,0xc1,0x08,0xc1,0x08,0xc1,0x08,
0xc1,0x08,0xc1,0x08,0xc1,0x08,0xc1,0x08,0xc1,0x08,0xc1,0x08,0xc1,0x08,0xc1,0x08,
0xc1,0x08,0xc1,0x08,0xc1,0x08,0xc1,0x08,0xc1,0x08,0xc1,0x08,0xc1,0x08,0xc1,0x08,
0xe1,0x08,0xa1,0x08,0xc1,0x11,0x21,0x2c,0xe1,0x2b,0x01,0x2c,0x01,0x2c,0x01,0x2c,
0x01,0x2c,0x01,0x2c,0x01,0x2c,0x01,0x2c,0x01,0x2c,0x01,0x2c,0x01,0x2c,0x01,0x2c,
0x01,0x2c,0xe1,0x2b,0x21,0x2c,0x01,0x23,0xa1,0x08,0xe1,0x08,0xe1,0x08,0xc1,0x08,
0x01,0x11,0xa1,0x23,0x01,0x2c,0xe1,0x2b,0x01,0x2c,0x01,0x2c,0x01,0x2c,0x01,0x2c,
0x01,0x2c,0x01,0x2c,0x01,0x2c,0x01,0x2c,0x01,0x2c,0x01,0x2c,0x01,0x2c,0x01,0x2c,
0x01,0x2c,0xc1,0x2b,0x21,0x11,0xc1,0x08,0xe1,0x08,0xc1,0x08,0xc1,0x08,0xc1,0x08,
0xc1,0x08,0xc1,0x08,0xc1,0x08,0xc1,0x08,0xc1,0x08,0xc1,0x08,0xc1,0x08,0xc1,0x08,
0xc1,0x08,0xc1,0x08,0xc1,0x08,0xc1,0x08,0xc1,0x08,0xc1,0x08,0xc1,0x08,0xc1,0x08,
0xc1,0x08,0xc1,0x08,0xe1,0x08,0xa1,0x08,0xa1,0x1a,0x21,0x2c,0xe1,0x2b,0x01,0x2c,
0x01,0x2c,0x01,0x2c,0x01,0x2c,0x01,0x2c,0x01,0x2c,0x01,0x2c,0x01,0x2c,0x01,0x2c,
0x01,0x2c,0x01,0x2c,0x01,0x2c,0xe1,0x2b,0x21,0x2c,0x21,0x1a,0xa1,0x08,0xe1,0x08,
0xc1,0x08,0xc1,0x08,0xc1,0x08,0xc1,0x08,0xc1,0x08,0xc1,0x08,0xc1,0x08,0xc1,0x08,
0xc1,0x08,0xc1,0x08,0xc1,0x08,0xc1,0x08,0xc1,0x08,0xc1,0x08,0xc1,0x08,0xe1,0x08,
0xa1,0x08,0xe1,0x11,0x21,0x2c,0xe1,0x2b,0x01,0x2c,0x01,0x2c,0x01,0x2c,0x01,0x2c,
0xe1,0x2b,0x21,0x2c,0x81,0x1a,0xa1,0x08,0xe1,0x08,0xc1,0x08,0xc1,0x08,0xc1,0x08,
0xc1,0x08,0xc1,0x08,0xc1,0x08,0xc1,0x08,0xc1,0x08,0xc1,0x08,0xc1,0x08,0xe1,0x08,
0xc1,0x08,0x21,0x11,0xc1,0x2b,0x01,0x2c,0x01,0x2c,0x01,0x2c,0x01,0x2c,0x01,0x2c,
0x01,0x2c,0xe1,0x2b,0x61,0x11,0xa1,0x08,0x41,0x23,0x21,0x2c,0xe1,0x2b,0x01,0x2c,
0x01,0x2c,0xe1,0x2b,0x21,0x2c,0x61,0x1a,0xa1,0x08,0xe1,0x08,0xc1,0x08,0xc1,0x08,
0xc1,0x08,0xc1,0x08,0xc1,0x08,0xc1,0x08,0xc1,0x08,0xc1,0x08,0xc1,0x08,0xc1,0x08,
0xe1,0x08,0xc1,0x08,0x21,0x11,0xe1,0x2b,0x01,0x2c,0x01,0x2c,0x01,0x2c,0x01,0x2c,
0x01,0x2c,0xe1,0x2b,0x21,0x2c,0x61,0x23,0xe1,0x08,0xc1,0x08,0xc1,0x08,0xc1,0x08,
0xc1,0x08,0xc1,0x08,0xc1,0x08,0xc1,0x08,0xe1,0x08,0xa1,0x08,0x41,0x1a,0x21,0x2c,
0xe1,0x2b,0x01,0x2c,0x01,0x2c,0x01,0x2c,0x01,0x2c,0xe1,0x2b,0x21,0x2c,0x21,0x23,
0xc1,0x08,0xe1,0x08,0xc1,0x08,0xc1,0x08,0xc1,0x08,0xc1,0x08,0xc1,0x08,0xc1,0x08,
0xc1,0x08,0xc1,0x08,0xc1,0x08,0xc1,0x08,0xc1,0x08,0xc1,0x08,0xc1,0x08,0xc1,0x08,
0xc1,0x08,0xc1,0x08,0xc1,0x08,0xc1,0x08,0xc1,0x08,0xe1,0x08,0xc1,0x08,0x21,0x11,
0xc1,0x2b,0x01,0x2c,0x01,0x2c,0x01,0x2c,0x01,0x2c,0x01,0x2c,0x01,0x2c,0x01,0x2c,
0x01,0x2c,0x01,0x2c,0x81,0x11,0xa1,0x08,0xe1,0x08,0xc1,0x08,0xc1,0x08,0xc1,0x08,
0xc1,0x08,0xc1,0x08,0xc1,0x08,0xc1,0x08,0xc1,0x08,0xc1,0x08,0xc1,0x08,0x41,0x23,
0x21,0x2c,0xe1,0x2b,0x01,0x2c,0x01,0x2c,0x01,0x2c,0xe1,0x2b,0x21,0x2c,0x41,0x23,
0xc1,0x08,0xc1,0x08,0xc1,0x08,0xc1,0x08,0xc1,0x08,0xc1,0x08,0xc1,0x08,0xc1,0x08,
0xc1,0x08,0xc1,0x08,0xc1,0x08,0xc1,0x08,0xc1,0x08,0xc1,0x08,0xc1,0x08,0xc1,0x08,
0xc1,0x08,0xc1,0x08,0xc1,0x08,0xc1,0x08,0xc1,0x08,0xe1,0x08,0xa1,0x08,0x61,0x1a,
0x21,0x2c,0xe1,0x2b,0x01,0x2c,0x01,0x2c,0x01,0x2c,0x01,0x2c,0x01,0x2c,0xc1,0x2b,
0x41,0x11,0xc1,0x08,0xe1,0x08,0xc1,0x08,0xc1,0x08,0xc1,0x08,0xc1,0x08,0xc1,0x08,
0xc1,0x08,0xc1,0x08,0xc1,0x08,0xc1,0x08,0xc1,0x08,0xe1,0x10,0x82,0xc4,0x82,0xf5,
0x42,0xe5,0x42,0xed,0x42,0xed,0x42,0xed,0x42,0xed,0x42,0xe5,0xa2,0xfd,0x61,0x5a,
0x81,0x00,0xe1,0x10,0xc1,0x08,0xc1,0x08,0xc1,0x08,0xc1,0x08,0xc1,0x08,0xc1,0x08,
0xc1,0x08,0xc1,0x08,0xc1,0x08,0xc1,0x08,0xc1,0x08,0xc1,0x08,0xc1,0x08,0xc1,0x08,
0xc1,0x08,0xc1,0x08,0xc1,0x08,0xc1,0x08,0xc1,0x08,0xc1,0x08,0xc1,0x08,0xc1,0x08,
0xc1,0x08,0xc1,0x08,0xc1,0x08,0xc1,0x08,0xc1,0x08,0xc1,0x08,0xc1,0x08,0xc1,0x08,
0xc1,0x08,0xc1,0x08,0xc1,0x08,0xc1,0x08,0xc1,0x08,0xc1,0x08,0xc1,0x08,0xc1,0x08,
0xc1,0x08,0xc1,0x08,0xc1,0x08,0xc1,0x08,0xc1,0x08,0xc1,0x08,0xc1,0x08,0xc1,0x08,
0xc1,0x08,0xc1,0x08,0xc1,0x08,0xe1,0x10,0x81,0x00,0x01,0x7b,0xa2,0xfd,0x42,0xe5,
0x42,0xed,0x42,0xed,0x42,0xed,0x42,0xed,0x62,0xed,0x22,0xdd,0x61,0x29,0xa1,0x08,
0xe1,0x08,0xc1,0x08,0xc1,0x08,0xc1,0x08,0xc1,0x08,0xc1,0x08,0xc1,0x08,0xc1,0x08,
0xc1,0x08,0xc1,0x08,0xc1,0x08,0xc1,0x08,0xc1,0x08,0xc1,0x08,0xc1,0x08,0xc1,0x08,
0xc1,0x08,0xc1,0x08,0xe1,0x10,0x81,0x00,0x21,0x83,0xa2,0xf5,0x42,0xe5,0x42,0xed,
0x42,0xed,0x42,0xed,0x42,0xed,0x42,0xe5,0x82,0xf5,0xa2,0xcc,0xe1,0x10,0xc1,0x08,
0xe1,0x08,0xc1,0x08,0xc1,0x08,0xc1,0x08,0xc1,0x08,0xc1,0x08,0xc1,0x08,0xc1,0x08,
0xc1,0x08,0xc1,0x08,0xc1,0x08,0xc1,0x08,0xc1,0x08,0xc1,0x08,0xc1,0x08,0xc1,0x08,
0xc1,0x08,0xc1,0x08,0xc1,0x08,0xc1,0x08,0xe1,0x10,0x81,0x00,0x21,0x7b,0xa2,0xf5,
0x42,0xe5,0x42,0xed,0x42,0xed,0x42,0xed,0x42,0xed,0x42,0xed,0x62,0xed,0x02,0xdd,
0x41,0x21,0xc1,0x08,0xe1,0x08,0xc1,0x08,0xc1,0x08,0xc1,0x08,0xc1,0x08,0xc1,0x08,
0xc1,0x08,0xc1,0x08,0xc1,0x08,0xc1,0x08,0xc1,0x08,0xc1,0x08,0xc1,0x08,0xc1,0x08,
0xc1,0x08,0xc1,0x08,0xc1,0x08,0xc1,0x08,0xc1,0x08,0xc1,0x08,0xc1,0x08,0xc1,0x08,
0xc1,0x08,0xc1,0x08,0xc1,0x08,0xc1,0x08,0xc1,0x08,0xc1,0x08,0xc1,0x08,0xc1,0x08,
0xc1,0x08,0xc1,0x08,0xc1,0x08,0xc1,0x08,0xc1,0x08,0xc1,0x08,0xc1,0x08,0xc1,0x08,
0xc1,0x08,0xc1,0x08,0xc1,0x08,0xc1,0x08,0xc1,0x08,0xc1,0x08,0xc1,0x08,0xc1,0x08,
0xc1,0x08,0xc1,0x08,0x21,0x23,0x21,0x2c,0xe1,0x2b,0x01,0x2c,0x01,0x2c,0x01,0x2c,
0x01,0x2c,0x01,0x2c,0x01,0x2c,0x01,0x2c,0x01,0x2c,0x01,0x2c,0x01,0x2c,0x01,0x2c,
0x01,0x2c,0x01,0x2c,0x01,0x2c,0xa1,0x11,0xa1,0x08,0xe1,0x08,0xe1,0x08,0xa1,0x08,
0x21,0x1a,0x21,0x2c,0xe1,0x2b,0x01,0x2c,0x01,0x2c,0x01,0x2c,0x01,0x2c,0x01,0x2c,
0x01,0x2c,0x01,0x2c,0x01,0x2c,0x01,0x2c,0x01,0x2c,0x01,0x2c,0x01,0x2c,0xe1,0x2b,
0x21,0x2c,0xa1,0x1a,0xa1,0x08,0xe1,0x08,0xc1,0x08,0xc1,0x08,0xc1,0x08,0xc1,0x08,
0xc1,0x08,0xc1,0x08,0xc1,0x08,0xc1,0x08,0xc1,0x08,0xc1,0x08,0xc1,0x08,0xc1,0x08,
0xc1,0x08,0xc1,0x08,0xc1,0x08,0xc1,0x08,0xc1,0x08,0xc1,0x08,0xc1,0x08,0xc1,0x08,
0xc1,0x08,0xc1,0x08,0xe1,0x08,0xc1,0x08,0x61,0x11,0xe1,0x2b,0x01,0x2c,0x01,0x2c,
0x01,0x2c,0x01,0x2c,0x01,0x2c,0x01,0x2c,0x01,0x2c,0x01,0x2c,0x01,0x2c,0x01,0x2c,
0x01,0x2c,0x01,0x2c,0x01,0x2c,0xe1,0x2b,0x01,0x2c,0x81,0x23,0xe1,0x08,0xc1,0x08,
0xc1,0x08,0xc1,0x08,0xc1,0x08,0xc1,0x08,0xc1,0x08,0xc1,0x08,0xc1,0x08,0xc1,0x08,
0xc1,0x08,0xc1,0x08,0xc1,0x08,0xc1,0x08,0xc1,0x08,0xc1,0x08,0xc1,0x08,0xe1,0x08,
0xa1,0x08,0xe1,0x11,0x21,0x2c,0xe1,0x2b,0x01,0x2c,0x01,0x2c,0x01,0x2c,0x01,0x2c,
0xe1,0x2b,0x21,0x2c,0x81,0x1a,0xa1,0x08,0xe1,0x08,0xc1,0x08,0xc1,0x08,0xc1,0x08,
0xc1,0x08,0xc1,0x08,0xc1,0x08,0xc1,0x08,0xc1,0x08,0xc1,0x08,0xc1,0x08,0xc1,0x08,
0xc1,0x08,0xc1,0x08,0x21,0x23,0x21,0x2c,0xe1,0x2b,0x01,0x2c,0x01,0x2c,0x01,0x2c,
0xe1,0x2b,0x21,0x2c,0x01,0x1a,0x21,0x11,0xe1,0x2b,0x01,0x2c,0x01,0x2c,0x01,0x2c,
0x01,0x2c,0x01,0x2c,0xe1,0x2b,0x61,0x11,0xc1,0x08,0xe1,0x08,0xc1,0x08,0xc1,0x08,
0xc1,0x08,0xc1,0x08,0xc1,0x08,0xc1,0x08,0xc1,0x08,0xc1,0x08,0xc1,0x08,0xc1,0x08,
0xe1,0x08,0xc1,0x08,0x21,0x11,0xe1,0x2b,0x01,0x2c,0x01,0x2c,0x01,0x2c,0x01,0x2c,
0x01,0x2c,0xe1,0x2b,0x21,0x2c,0x61,0x23,0xe1,0x08,0xc1,0x08,0xc1,0x08,0xc1,0x08,
0xc1,0x08,0xc1,0x08,0xc1,0x08,0xc1,0x08,0xe1,0x08,0xa1,0x08,0x21,0x1a,0x21,0x2c,
0xe1,0x2b,0x01,0x2c,0x01,0x2c,0x01,0x2c,0x01,0x2c,0xe1,0x2b,0x21,0x2c,0x61,0x23,
0xc1,0x08,0xc1,0x08,0xc1,0x08,0xc1,0x08,0xc1,0x08,0xc1,0x08,0xc1,0x08,0xc1,0x08,
0xc1,0x08,0xc1,0x08,0xc1,0x08,0xc1,0x08,0xc1,0x08,0xc1,0x08,0xc1,0x08,0xc1,0x08,
0xc1,0x08,0xc1,0x08,0xc1,0x08,0xc1,0x08,0xc1,0x08,0xe1,0x08,0xa1,0x08,0xa1,0x1a,
0x21,0x2c,0xe1,0x2b,0x01,0x2c,0x01,0x2c,0x01,0x2c,0x01,0x2c,0x01,0x2c,0x01,0x2c,
0x01,0x2c,0x01,0x2c,0x81,0x11,0xa1,0x08,0xe1,0x08,0xc1,0x08,0xc1,0x08,0xc1,0x08,
0xc1,0x08,0xc1,0x08,0xc1,0x08,0xc1,0x08,0xc1,0x08,0xc1,0x08,0xc1,0x08,0x41,0x23,
0x21,0x2c,0xe1,0x2b,0x01,0x2c,0x01,0x2c,0x01,0x2c,0xe1,0x2b,0x21,0x2c,0x41,0x23,
0xc1,0x08,0xc1,0x08,0xc1,0x08,0xc1,0x08,0xc1,0x08,0xc1,0x08,0xc1,0x08,0xc1,0x08,
0xc1,0x08,0xc1,0x08,0xc1,0x08,0xc1,0x08,0xc1,0x08,0xc1,0x08,0xc1,0x08,0xc1,0x08,
0xc1,0x08,0xc1,0x08,0xc1,0x08,0xc1,0x08,0xc1,0x08,0xe1,0x08,0xa1,0x08,0x61,0x1a,
0x21,0x2c,0xe1,0x2b,0x01,0x2c,0x01,0x2c,0x01,0x2c,0x01,0x2c,0x01,0x2c,0xc1,0x2b,
0x41,0x11,0xc1,0x08,0xe1,0x08,0xc1,0x08,0xc1,0x08,0xc1,0x08,0xc1,0x08,0xc1,0x08,
0xc1,0x08,0xc1,0x08,0xc1,0x08,0xc1,0x08,0xc1,0x08,0xe1,0x10,0x82,0xc4,0x82,0xf5,
0x42,0xe5,0x42,0xed,0x42,0xed,0x42,0xed,0x42,0xed,0x42,0xe5,0xa2,0xfd,0x61,0x5a,
0x81,0x00,0xe1,0x10,0xc1,0x08,0xc1,0x08,0xc1,0x08,0xc1,0x08,0xc1,0x08,0xc1,0x08,
0xc1,0x08,0xc1,0x08,0xc1,0x08,0xc1,0x08,0xc1,0x08,0xc1,0x08,0xc1,0x08,0xc1,0x08,
0xc1,0x08,0xc1,0x08,0xc1,0x08,0xc1,0x08,0xc1,0x08,0xc1,0x08,0xc1,0x08,0xc1,0x08,
0xc1,0x08,0xc1,0x08,0xc1,0x08,0xc1,0x08,0xc1,0x08,0xc1,0x08,0xc1,0x08,0xc1,0x08,
0xc1,0x08,0xc1,0x08,0xc1,0x08,0xc1,0x08,0xc1,0x08,0xc1,0x08,0xc1,0x08,0xc1,0x08,
0xc1,0x08,0xc1,0x08,0xc1,0x08,0xc1,0x08,0xc1,0x08,0xc1,0x08,0xc1,0x08,0xc1,0x08,
0xc1,0x08,0xc1,0x08,0xc1,0x08,0xe1,0x10,0x81,0x00,0x01,0x7b,0xa2,0xfd,0x42,0xe5,
0x42,0xed,0x42,0xed,0x42,0xed,0x42,0xed,0x62,0xed,0x22,0xdd,0x61,0x29,0xa1,0x08,
0xe1,0x08,0xc1,0x08,0xc1,0x08,0xc1,0x08,0xc1,0x08,0xc1,0x08,0xc1,0x08,0xc1,0x08,
0xc1,0x08,0xc1,0x08,0xc1,0x08,0xc1,0x08,0xc1,0x08,0xc1,0x08,0xc1,0x08,0xc1,0x08,
0xc1,0x08,0xc1,0x08,0xe1,0x10,0xa1,0x00,0xc1,0x39,0x42,0xed,0x42,0xed,0x42,0xed,
0x42,0xed,0x42,0xed,0x42,0xed,0x42,0xed,0x42,0xe5,0x82,0xf5,0xc1,0x6a,0x81,0x00,
0xe1,0x10,0xc1,0x08,0xc1,0x08,0xc1,0x08,0xc1,0x08,0xc1,0x08,0xc1,0x08,0xc1,0x08,
0xc1,0x08,0xc1,0x08,0xc1,0x08,0xc1,0x08,0xc1,0x08,0xc1,0x08,0xc1,0x08,0xc1,0x08,
0xc1,0x08,0xc1,0x08,0xc1,0x08,0xe1,0x10,0xa1,0x08,0x41,0x21,0x02,0xdd,0x62,0xed,
0x42,0xed,0x42,0xed,0x42,0xed,0x42,0xed,0x42,0xed,0x42,0xe5,0xa2,0xf5,0xe2,0xa3,
0xa1,0x00,0xe1,0x10,0xc1,0x08,0xc1,0x08,0xc1,0x08,0xc1,0x08,0xc1,0x08,0xc1,0x08,
0xc1,0x08,0xc1,0x08,0xc1,0x08,0xc1,0x08,0xc1,0x08,0xc1,0x08,0xc1,0x08,0xc1,0x08,
0xc1,0x08,0xc1,0x08,0xc1,0x08,0xc1,0x08,0xc1,0x08,0xc1,0x08,0xc1,0x08,0xc1,0x08,
0xc1,0x08,0xc1,0x08,0xc1,0x08,0xc1,0x08,0xc1,0x08,0xc1,0x08,0xc1,0x08,0xc1,0x08,
0xc1,0x08,0xc1,0x08,0xc1,0x08,0xc1,0x08,0xc1,0x08,0xc1,0x08,0xc1,0x08,0xc1,0x08,
0xc1,0x08,0xc1,0x08,0xc1,0x08,0xc1,0x08,0xc1,0x08,0xc1,0x08,0xc1,0x08,0xe1,0x08,
0xa1,0x08,0xa1,0x11,0x01,0x2c,0x01,0x2c,0x01,0x2c,0x01,0x2c,0x01,0x2c,0x01,0x2c,
0x01,0x2c,0x01,0x2c,0x01,0x2c,0x01,0x2c,0x01,0x2c,0x01,0x2c,0x01,0x2c,0x01,0x2c,
0xe1,0x2b,0x21,0x2c,0x21,0x23,0xc1,0x08,0xc1,0x08,0xc1,0x08,0xc1,0x08,0xe1,0x08,
0x81,0x23,0x01,0x2c,0xe1,0x2b,0x01,0x2c,0x01,0x2c,0x01,0x2c,0x01,0x2c,0x01,0x2c,
0x01,0x2c,0x01,0x2c,0x01,0x2c,0x01,0x2c,0x01,0x2c,0x01,0x2c,0x01,0x2c,0x01,0x2c,
0xe1,0x2b,0x41,0x11,0xc1,0x08,0xe1,0x08,0xc1,0x08,0xc1,0x08,0xc1,0x08,0xc1,0x08,
0xc1,0x08,0xc1,0x08,0xc1,0x08,0xc1,0x08,0xc1,0x08,0xc1,0x08,0xc1,0x08,0xc1,0x08,
0xc1,0x08,0xc1,0x08,0xc1,0x08,0xc1,0x08,0xc1,0x08,0xc1,0x08,0xc1,0x08,0xc1,0x08,
0xc1,0x08,0xc1,0x08,0xc1,0x08,0xe1,0x08,0xa1,0x08,0xe1,0x22,0x21,0x2c,0xe1,0x2b,
0x01,0x2c,0x01,0x2c,0x01,0x2c,0x01,0x2c,0x01,0x2c,0x01,0x2c,0x01,0x2c,0x01,0x2c,
0x01,0x2c,0x01,0x2c,0x01,0x2c,0x01,0x2c,0xe1,0x2b,0x21,0x2c,0x01,0x1a,0xa1,0x08,
0xe1,0x08,0xc1,0x08,0xc1,0x08,0xc1,0x08,0xc1,0x08,0xc1,0x08,0xc1,0x08,0xc1,0x08,
0xc1,0x08,0xc1,0x08,0xc1,0x08,0xc1,0x08,0xc1,0x08,0xc1,0x08,0xc1,0x08,0xe1,0x08,
0xa1,0x08,0xe1,0x11,0x21,0x2c,0xe1,0x2b,0x01,0x2c,0x01,0x2c,0x01,0x2c,0x01,0x2c,
0xe1,0x2b,0x21,0x2c,0x81,0x1a,0xa1,0x08,0xe1,0x08,0xc1,0x08,0xc1,0x08,0xc1,0x08,
0xc1,0x08,0xc1,0x08,0xc1,0x08,0xc1,0x08,0xc1,0x08,0xc1,0x08,0xc1,0x08,0xc1,0x08,
0xe1,0x08,0xa1,0x08,0x21,0x1a,0x21,0x2c,0xe1,0x2b,0x01,0x2c,0x01,0x2c,0x01,0x2c,
0xe1,0x2b,0x21,0x2c,0xe1,0x22,0x01,0x1a,0x21,0x2c,0xe1,0x2b,0x01,0x2c,0x01,0x2c,
0xe1,0x2b,0x21,0x2c,0x41,0x23,0xc1,0x08,0xc1,0x08,0xc1,0x08,0xc1,0x08,0xc1,0x08,
0xc1,0x08,0xc1,0x08,0xc1,0x08,0xc1,0x08,0xc1,0x08,0xc1,0x08,0xc1,0x08,0xc1,0x08,
0xe1,0x08,0xc1,0x08,0x21,0x11,0xe1,0x2b,0x01,0x2c,0x01,0x2c,0x01,0x2c,0x01,0x2c,
0x01,0x2c,0xe1,0x2b,0x21,0x2c,0x61,0x23,0xe1,0x08,0xc1,0x08,0xc1,0x08,0xc1,0x08,
0xc1,0x08,0xc1,0x08,0xc1,0x08,0xc1,0x08,0xe1,0x08,0xa1,0x08,0xe1,0x19,0x21,0x2c,
0xe1,0x2b,0x01,0x2c,0x01,0x2c,0x01,0x2c,0x01,0x2c,0x01,0x2c,0x01,0x2c,0xc1,0x2b,
0x21,0x11,0xc1,0x08,0xe1,0x08,0xc1,0x08,0xc1,0x08,0xc1,0x08,0xc1,0x08,0xc1,0x08,
0xc1,0x08,0xc1,0x08,0xc1,0x08,0xc1,0x08,0xc1,0x08,0xc1,0x08,0xc1,0x08,0xc1,0x08,
0xc1,0x08,0xc1,0x08,0xc1,0x08,0xc1,0x08,0xe1,0x08,0xa1,0x08,0xa1,0x11,0x01,0x2c,
0x01,0x2c,0x01,0x2c,0x01,0x2c,0x01,0x2c,0x01,0x2c,0x01,0x2c,0x01,0x2c,0x01,0x2c,
0x01,0x2c,0x01,0x2c,0x81,0x11,0xa1,0x08,0xe1,0x08,0xc1,0x08,0xc1,0x08,0xc1,0x08,
0xc1,0x08,0xc1,0x08,0xc1,0x08,0xc1,0x08,0xc1,0x08,0xc1,0x08,0xc1,0x08,0x41,0x23,
0x21,0x2c,0xe1,0x2b,0x01,0x2c,0x01,0x2c,0x01,0x2c,0xe1,0x2b,0x21,0x2c,0x41,0x23,
0xc1,0x08,0xc1,0x08,0xc1,0x08,0xc1,0x08,0xc1,0x08,0xc1,0x08,0xc1,0x08,0xc1,0x08,
0xc1,0x08,0xc1,0x08,0xc1,0x08,0xc1,0x08,0xc1,0x08,0xc1,0x08,0xc1,0x08,0xc1,0x08,
0xc1,0x08,0xc1,0x08,0xc1,0x08,0xc1,0x08,0xc1,0x08,0xe1,0x08,0xa1,0x08,0x61,0x1a,
0x21,0x2c,0xe1,0x2b,0x01,0x2c,0x01,0x2c,0x01,0x2c,0x01,0x2c,0x01,0x2c,0xc1,0x2b,
0x41,0x11,0xc1,0x08,0xe1,0x08,0xc1,0x08,0xc1,0x08,0xc1,0x08,0xc1,0x08,0xc1,0x08,
0xc1,0x08,0xc1,0x08,0xc1,0x08,0xc1,0x08,0xc1,0x08,0xe1,0x10,0x82,0xc4,0x82,0xf5,
0x42,0xe5,0x42,0xed,0x42,0xed,0x42,0xed,0x42,0xed,0x42,0xe5,0xa2,0xfd,0x61,0x5a,
0x81,0x00,0xe1,0x10,0xc1,0x08,0xc1,0x08,0xc1,0x08,0xc1,0x08,0xc1,0x08,0xc1,0x08,
0xc1,0x08,0xc1,0x08,0xc1,0x08,0xc1,0x08,0xc1,0x08,0xc1,0x08,0xc1,0x08,0xc1,0x08,
0xc1,0x08,0xc1,0x08,0xc1,0x08,0xc1,0x08,0xc1,0x08,0xc1,0x08,0xc1,0x08,0xc1,0x08,
0xc1,0x08,0xc1,0x08,0xc1,0x08,0xc1,0x08,0xc1,0x08,0xc1,0x08,0xc1,0x08,0xc1,0x08,
0xc1,0x08,0xc1,0x08,0xc1,0x08,0xc1,0x08,0xc1,0x08,0xc1,0x08,0xc1,0x08,0xc1,0x08,
0xc1,0x08,0xc1,0x08,0xc1,0x08,0xc1,0x08,0xc1,0x08,0xc1,0x08,0xc1,0x08,0xc1,0x08,
0xc1,0x08,0xc1,0x08,0xc1,0x08,0xe1,0x10,0x81,0x00,0x01,0x7b,0xa2,0xfd,0x42,0xe5,
0x42,0xed,0x42,0xed,0x42,0xed,0x42,0xed,0x62,0xed,0x22,0xdd,0x61,0x29,0xa1,0x08,
0xe1,0x08,0xc1,0x08,0xc1,0x08,0xc1,0x08,0xc1,0x08,0xc1,0x08,0xc1,0x08,0xc1,0x08,
0xc1,0x08,0xc1,0x08,0xc1,0x08,0xc1,0x08,0xc1,0x08,0xc1,0x08,0xc1,0x08,0xc1,0x08,
0xc1,0x08,0xc1,0x08,0xc1,0x08,0xe1,0x08,0xa1,0x08,0x22,0xb4,0x82,0xf5,0x42,0xe5,
0x42,0xed,0x42,0xed,0x42,0xed,0x42,0xed,0x42,0xed,0x62,0xed,0x02,0xdd,0x61,0x29,
0xa1,0x00,0xe1,0x10,0xc1,0x08,0xc1,0x08,0xc1,0x08,0xc1,0x08,0xc1,0x08,0xc1,0x08,
0xc1,0x08,0xc1,0x08,0xc1,0x08,0xc1,0x08,0xc1,0x08,0xc1,0x08,0xc1,0x08,0xc1,0x08,
0xc1,0x08,0xc1,0x08,0xe1,0x08,0xe1,0x08,0xa1,0x00,0xe2,0xa3,0x82,0xf5,0x42,0xe5,
0x42,0xed,0x42,0xed,0x42,0xed,0x42,0xed,0x42,0xed,0x42,0xed,0x82,0xf5,0x01,0x42,
0xa1,0x00,0xe1,0x10,0xc1,0x08,0xc1,0x08,0xc1,0x08,0xc1,0x08,0xc1,0x08,0xc1,0x08,
0xc1,0x08,0xc1,0x08,0xc1,0x08,0xc1,0x08,0xc1,0x08,0xc1,0x08,0xc1,0x08,0xc1,0x08,
0xc1,0x08,0xc1,0x08,0xc1,0x08,0xc1,0x08,0xc1,0x08,0xc1,0x08,0xc1,0x08,0xc1,0x08,
0xc1,0x08,0xc1,0x08,0xc1,0x08,0xc1,0x08,0xc1,0x08,0xc1,0x08,0xc1,0x08,0xc1,0x08,
0xc1,0x08,0xc1,0x08,0xc1,0x08,0xc1,0x08,0xc1,0x08,0xc1,0x08,0xc1,0x08,0xc1,0x08,
0xc1,0x08,0xc1,0x08,0xc1,0x08,0xc1,0x08,0xc1,0x08,0xc1,0x08,0xc1,0x08,0xe1,0x08,
0xa1,0x08,0x01,0x23,0x21,0x2c,0xe1,0x2b,0x01,0x2c,0x01,0x2c,0x01,0x2c,0x01,0x2c,
0x01,0x2c,0x01,0x2c,0x01,0x2c,0x01,0x2c,0x01,0x2c,0x01,0x2c,0x01,0x2c,0x01,0x2c,
0xe1,0x2b,0x21,0x2c,0xc1,0x11,0xa1,0x08,0xe1,0x08,0xe1,0x08,0xa1,0x08,0x01,0x1a,
0x21,0x2c,0xe1,0x2b,0x01,0x2c,0x01,0x2c,0x01,0x2c,0x01,0x2c,0x01,0x2c,0x01,0x2c,
0x01,0x2c,0x01,0x2c,0x01,0x2c,0x01,0x2c,0x01,0x2c,0x01,0x2c,0xe1,0x2b,0x21,0x2c,
0xc1,0x1a,0xa1,0x08,0xe1,0x08,0xc1,0x08,0xc1,0x08,0xc1,0x08,0xc1,0x08,0xc1,0x08,
0xc1,0x08,0xc1,0x08,0xc1,0x08,0xc1,0x08,0xc1,0x08,0xc1,0x08,0xc1,0x08,0xc1,0x08,
0xc1,0x08,0xc1,0x08,0xc1,0x08,0xc1,0x08,0xc1,0x08,0xc1,0x08,0xc1,0x08,0xc1,0x08,
0xc1,0x08,0xc1,0x08,0xc1,0x08,0xe1,0x08,0xa1,0x08,0x61,0x11,0x01,0x2c,0x01,0x2c,
0x01,0x2c,0x01,0x2c,0x01,0x2c,0x01,0x2c,0x01,0x2c,0x01,0x2c,0x01,0x2c,0x01,0x2c,
0x01,0x2c,0x01,0x2c,0x01,0x2c,0x01,0x2c,0xe1,0x2b,0x21,0x2c,0x41,0x23,0xc1,0x08,
0xc1,0x08,0xc1,0x08,0xc1,0x08,0xc1,0x08,0xc1,0x08,0xc1,0x08,0xc1,0x08,0xc1,0x08,
0xc1,0x08,0xc1,0x08,0xc1,0x08,0xc1,0x08,0xc1,0x08,0xc1,0x08,0xc1,0x08,0xe1,0x08,
0xa1,0x08,0xe1,0x11,0x21,0x2c,0xe1,0x2b,0x01,0x2c,0x01,0x2c,0x01,0x2c,0x01,0x2c,
0xe1,0x2b,0x21,0x2c,0x81,0x1a,0xa1,0x08,0xe1,0x08,0xc1,0x08,0xc1,0x08,0xc1,0x08,
0xc1,0x08,0xc1,0x08,0xc1,0x08,0xc1,0x08,0xc1,0x08,0xc1,0x08,0xc1,0x08,0xc1,0x08,
0xe1,0x08,0xc1,0x08,0x41,0x11,0xe1,0x2b,0x01,0x2c,0x01,0x2c,0x01,0x2c,0x01,0x2c,
0x01,0x2c,0x01,0x2c,0xa1,0x23,0x61,0x23,0x01,0x2c,0xe1,0x2b,0x01,0x2c,0x01,0x2c,
0xe1,0x2b,0x21,0x2c,0x41,0x1a,0xa1,0x08,0xe1,0x08,0xc1,0x08,0xc1,0x08,0xc1,0x08,
0xc1,0x08,0xc1,0x08,0xc1,0x08,0xc1,0x08,0xc1,0x08,0xc1,0x08,0xc1,0x08,0xc1,0x08,
0xe1,0x08,0xc1,0x08,0x21,0x11,0xe1,0x2b,0x01,0x2c,0x01,0x2c,0x01,0x2c,0x01,0x2c,
0x01,0x2c,0xe1,0x2b,0x21,0x2c,0x61,0x23,0xe1,0x08,0xc1,0x08,0xc1,0x08,0xc1,0x08,
0xc1,0x08,0xc1,0x08,0xc1,0x08,0xc1,0x08,0xe1,0x08,0xa1,0x08,0x81,0x11,0x01,0x2c,
0x01,0x2c,0x01,0x2c,0x01,0x2c,0x01,0x2c,0x01,0x2c,0x01,0x2c,0xe1,0x2b,0x21,0x2c,
0xe1,0x19,0xa1,0x08,0xe1,0x08,0xc1,0x08,0xc1,0x08,0xc1,0x08,0xc1,0x08,0xc1,0x08,
0xc1,0x08,0xc1,0x08,0xc1,0x08,0xc1,0x08,0xc1,0x08,0xc1,0x08,0xc1,0x08,0xc1,0x08,
0xc1,0x08,0xc1,0x08,0xc1,0x08,0xe1,0x08,0xa1,0x08,0x21,0x11,0xa1,0x23,0x01,0x2c,
0xe1,0x2b,0x01,0x2c,0x01,0x2c,0x01,0x2c,0x01,0x2c,0x01,0x2c,0x01,0x2c,0x01,0x2c,
0xe1,0x2b,0x01,0x2c,0xc1,0x11,0xa1,0x08,0xe1,0x08,0xc1,0x08,0xc1,0x08,0xc1,0x08,
0xc1,0x08,0xc1,0x08,0xc1,0x08,0xc1,0x08,0xc1,0x08,0xc1,0x08,0xc1,0x08,0x41,0x23,
0x21,0x2c,0xe1,0x2b,0x01,0x2c,0x01,0x2c,0x01,0x2c,0xe1,0x2b,0x21,0x2c,0x41,0x23,
0xc1,0x08,0xc1,0x08,0xc1,0x08,0xc1,0x08,0xc1,0x08,0xc1,0x08,0xc1,0x08,0xc1,0x08,
0xc1,0x08,0xc1,0x08,0xc1,0x08,0xc1,0x08,0xc1,0x08,0xc1,0x08,0xc1,0x08,0xc1,0x08,
0xc1,0x08,0xc1,0x08,0xc1,0x08,0xc1,0x08,0xc1,0x08,0xe1,0x08,0xa1,0x08,0x61,0x1a,
0x21,0x2c,0xe1,0x2b,0x01,0x2c,0x01,0x2c,0x01,0x2c,0x01,0x2c,0x01,0x2c,0xc1,0x2b,
0x41,0x11,0xc1,0x08,0xe1,0x08,0xc1,0x08,0xc1,0x08,0xc1,0x08,0xc1,0x08,0xc1,0x08,
0xc1,0x08,0xc1,0x08,0xc1,0x08,0xc1,0x08,0xc1,0x08,0xe1,0x10,0x82,0xc4,0x82,0xf5,
0x42,0xe5,0x42,0xed,0x42,0xed,0x42,0xed,0x42,0xed,0x42,0xe5,0xa2,0xfd,0x61,0x5a,
0x81,0x00,0xe1,0x10,0xc1,0x08,0xc1,0x08,0xc1,0x08,0xc1,0x08,0xc1,0x08,0xc1,0x08,
0xc1,0x08,0xc1,0x08,0xc1,0x08,0xc1,0x08,0xc1,0x08,0xc1,0x08,0xc1,0x08,0xc1,0x08,
0xc1,0x08,0xc1,0x08,0xc1,0x08,0xc1,0x08,0xc1,0x08,0xc1,0x08,0xc1,0x08,0xc1,0x08,
0xc1,0x08,0xc1,0x08,0xc1,0x08,0xc1,0x08,0xc1,0x08,0xc1,0x08,0xc1,0x08,0xc1,0x08,
0xc1,0x08,0xc1,0x08,0xc1,0x08,0xc1,0x08,0xc1,0x08,0xc1,0x08,0xc1,0x08,0xc1,0x08,
0xc1,0x08,0xc1,0x08,0xc1,0x08,0xc1,0x08,0xc1,0x08,0xc1,0x08,0xc1,0x08,0xc1,0x08,
0xc1,0x08,0xc1,0x08,0xc1,0x08,0xe1,0x10,0x81,0x00,0x01,0x7b,0xa2,0xfd,0x42,0xe5,
0x42,0xed,0x42,0xed,0x42,0xed,0x42,0xed,0x62,0xed,0x22,0xdd,0x61,0x29,0xa1,0x08,
0xe1,0x08,0xc1,0x08,0xc1,0x08,0xc1,0x08,0xc1,0x08,0xc1,0x08,0xc1,0x08,0xc1,0x08,
0xc1,0x08,0xc1,0x08,0xc1,0x08,0xc1,0x08,0xc1,0x08,0xc1,0x08,0xc1,0x08,0xc1,0x08,
0xc1,0x08,0xc1,0x08,0xc1,0x08,0xe1,0x10,0x81,0x00,0x21,0x52,0x82,0xf5,0x42,0xe5,
0x42,0xed,0x42,0xed,0x42,0xed,0x42,0xed,0x42,0xed,0x42,0xe5,0x82,0xf5,0x82,0xc4,
0xe1,0x10,0xc1,0x08,0xe1,0x10,0xc1,0x08,0xc1,0x08,0xc1,0x08,0xc1,0x08,0xc1,0x08,
0xc1,0x08,0xc1,0x08,0xc1,0x08,0xc1,0x08,0xc1,0x08,0xc1,0x08,0xc1,0x08,0xc1,0x08,
0xc1,0x08,0xe1,0x08,0xe1,0x10,0x81,0x00,0x01,0x7b,0x82,0xf5,0x42,0xe5,0x42,0xed,
0x42,0xed,0x42,0xed,0x42,0xed,0x42,0xed,0x42,0xe5,0x82,0xf5,0x22,0xb4,0xc1,0x08,
0xc1,0x08,0xc1,0x08,0xc1,0x08,0xc1,0x08,0xc1,0x08,0xc1,0x08,0xc1,0x08,0xc1,0x08,
0xc1,0x08,0xc1,0x08,0xc1,0x08,0xc1,0x08,0xc1,0x08,0xc1,0x08,0xc1,0x08,0xc1,0x08,
0xc1,0x08,0xc1,0x08,0xc1,0x08,0xc1,0x08,0xc1,0x08,0xc1,0x08,0xc1,0x08,0xc1,0x08,
0xc1,0x08,0xc1,0x08,0xc1,0x08,0xc1,0x08,0xc1,0x08,0xc1,0x08,0xc1,0x08,0xc1,0x08,
0xc1,0x08,0xc1,0x08,0xc1,0x08,0xc1,0x08,0xc1,0x08,0xc1,0x08,0xc1,0x08,0xc1,0x08,
0xc1,0x08,0xc1,0x08,0xc1,0x08,0xc1,0x08,0xc1,0x08,0xc1,0x08,0xe1,0x08,0xa1,0x08,
0x81,0x11,0x01,0x2c,0x01,0x2c,0x01,0x2c,0x01,0x2c,0x01,0x2c,0x01,0x2c,0x01,0x2c,
0x01,0x2c,0x01,0x2c,0x01,0x2c,0x01,0x2c,0x01,0x2c,0x01,0x2c,0x01,0x2c,0xe1,0x2b,
0x21,0x2c,0x61,0x23,0xc1,0x08,0xc1,0x08,0xe1,0x08,0xc1,0x08,0xc1,0x08,0x61,0x23,
0x21,0x2c,0xe1,0x2b,0x01,0x2c,0x01,0x2c,0x01,0x2c,0x01,0x2c,0x01,0x2c,0x01,0x2c,
0x01,0x2c,0x01,0x2c,0x01,0x2c,0x01,0x2c,0x01,0x2c,0x01,0x2c,0x01,0x2c,0x01,0x2c,
0x61,0x11,0xa1,0x08,0xe1,0x08,0xc1,0x08,0xc1,0x08,0xc1,0x08,0xc1,0x08,0xc1,0x08,
0xc1,0x08,0xc1,0x08,0xc1,0x08,0xc1,0x08,0xc1,0x08,0xc1,0x08,0xc1,0x08,0xc1,0x08,
0xc1,0x08,0xc1,0x08,0xc1,0x08,0xc1,0x08,0xc1,0x08,0xc1,0x08,0xc1,0x08,0xc1,0x08,
0xc1,0x08,0xc1,0x08,0xc1,0x08,0xc1,0x08,0xe1,0x08,0xa1,0x08,0xe1,0x22,0x21,0x2c,
0xe1,0x2b,0x01,0x2c,0x01,0x2c,0x01,0x2c,0x01,0x2c,0x01,0x2c,0x01,0x2c,0x01,0x2c,
0x01,0x2c,0x01,0x2c,0x01,0x2c,0x01,0x2c,0x01,0x2c,0xe1,0x2b,0x21,0x2c,0xc1,0x11,
0xa1,0x08,0xe1,0x08,0xc1,0x08,0xc1,0x08,0xc1,0x08,0xc1,0x08,0xc1,0x08,0xc1,0x08,
0xc1,0x08,0xc1,0x08,0xc1,0x08,0xc1,0x08,0xc1,0x08,0xc1,0x08,0xc1,0x08,0xe1,0x08,
0xa1,0x08,0xe1,0x11,0x21,0x2c,0xe1,0x2b,0x01,0x2c,0x01,0x2c,0x01,0x2c,0x01,0x2c,
0xe1,0x2b,0x21,0x2c,0x81,0x1a,0xa1,0x08,0xe1,0x08,0xc1,0x08,0xc1,0x08,0xc1,0x08,
0xc1,0x08,0xc1,0x08,0xc1,0x08,0xc1,0x08,0xc1,0x08,0xc1,0x08,0xc1,0x08,0xc1,0x08,
0xc1,0x08,0xc1,0x08,0xc1,0x08,0x41,0x23,0x21,0x2c,0xe1,0x2b,0x01,0x2c,0x01,0x2c,
0x01,0x2c,0x01,0x2c,0x01,0x2c,0x01,0x2c,0x01,0x2c,0x01,0x2c,0x01,0x2c,0x01,0x2c,
0x01,0x2c,0xe1,0x2b,0x61,0x11,0xa1,0x08,0xe1,0x08,0xc1,0x08,0xc1,0x08,0xc1,0x08,
0xc1,0x08,0xc1,0x08,0xc1,0x08,0xc1,0x08,0xc1,0x08,0xc1,0x08,0xc1,0x08,0xc1,0x08,
0xe1,0x08,0xc1,0x08,0x21,0x11,0xe1,0x2b,0x01,0x2c,0x01,0x2c,0x01,0x2c,0x01,0x2c,
0x01,0x2c,0xe1,0x2b,0x21,0x2c,0x61,0x23,0xe1,0x08,0xc1,0x08,0xc1,0x08,0xc1,0x08,
0xc1,0x08,0xc1,0x08,0xc1,0x08,0xc1,0x08,0xe1,0x08,0xc1,0x08,0x21,0x11,0xc1,0x2b,
0x01,0x2c,0x01,0x2c,0x01,0x2c,0x01,0x2c,0x01,0x2c,0x01,0x2c,0xe1,0x2b,0x21,0x2c,
0x41,0x23,0xc1,0x08,0xc1,0x08,0xe1,0x08,0xc1,0x08,0xc1,0x08,0xc1,0x08,0xc1,0x08,
0xc1,0x08,0xc1,0x08,0xc1,0x08,0xc1,0x08,0xc1,0x08,0xc1,0x08,0xc1,0x08,0xc1,0x08,
0xc1,0x08,0xe1,0x08,0xe1,0x08,0xa1,0x08,0x21,0x11,0x81,0x23,0x21,0x2c,0xe1,0x2b,
0x01,0x2c,0x01,0x2c,0x01,0x2c,0x01,0x2c,0x01,0x2c,0x01,0x2c,0x01,0x2c,0x01,0x2c,
0xe1,0x2b,0x21,0x2c,0xc1,0x11,0xa1,0x08,0xe1,0x08,0xc1,0x08,0xc1,0x08,0xc1,0x08,
0xc1,0x08,0xc1,0x08,0xc1,0x08,0xc1,0x08,0xc1,0x08,0xc1,0x08,0xc1,0x08,0x41,0x23,
0x21,0x2c,0xe1,0x2b,0x01,0x2c,0x01,0x2c,0x01,0x2c,0xe1,0x2b,0x21,0x2c,0x41,0x23,
0xc1,0x08,0xc1,0x08,0xc1,0x08,0xc1,0x08,0xc1,0x08,0xc1,0x08,0xc1,0x08,0xc1,0x08,
0xc1,0x08,0xc1,0x08,0xc1,0x08,0xc1,0x08,0xc1,0x08,0xc1,0x08,0xc1,0x08,0xc1,0x08,
0xc1,0x08,0xc1,0x08,0xc1,0x08,0xc1,0x08,0xc1,0x08,0xe1,0x08,0xa1,0x08,0x61,0x1a,
0x21,0x2c,0xe1,0x2b,0x01,0x2c,0x01,0x2c,0x01,0x2c,0x01,0x2c,0x01,0x2c,0xc1,0x2b,
0x41,0x11,0xc1,0x08,0xe1,0x08,0xc1,0x08,0xc1,0x08,0xc1,0x08,0xc1,0x08,0xc1,0x08,
0xc1,0x08,0xc1,0x08,0xc1,0x08,0xc1,0x08,0xc1,0x08,0xe1,0x10,0x82,0xc4,0x82,0xf5,
0x42,0xe5,0x42,0xed,0x42,0xed,0x42,0xed,0x42,0xed,0x42,0xe5,0xa2,0xfd,0x61,0x5a,
0x81,0x00,0xe1,0x10,0xc1,0x08,0xc1,0x08,0xc1,0x08,0xc1,0x08,0xc1,0x08,0xc1,0x08,
0xc1,0x08,0xc1,0x08,0xc1,0x08,0xc1,0x08,0xc1,0x08,0xc1,0x08,0xc1,0x08,0xc1,0x08,
0xc1,0x08,0xc1,0x08,0xc1,0x08,0xc1,0x08,0xc1,0x08,0xc1,0x08,0xc1,0x08,0xc1,0x08,
0xc1,0x08,0xc1,0x08,0xc1,0x08,0xc1,0x08,0xc1,0x08,0xc1,0x08,0xc1,0x08,0xc1,0x08,
0xc1,0x08,0xc1,0x08,0xc1,0x08,0xc1,0x08,0xc1,0x08,0xc1,0x08,0xc1,0x08,0xc1,0x08,
0xc1,0x08,0xc1,0x08,0xc1,0x08,0xc1,0x08,0xc1,0x08,0xc1,0x08,0xc1,0x08,0xc1,0x08,
0xc1,0x08,0xc1,0x08,0xc1,0x08,0xe1,0x10,0x81,0x00,0x01,0x7b,0xa2,0xfd,0x42,0xe5,
0x42,0xed,0x42,0xed,0x42,0xed,0x42,0xed,0x62,0xed,0x22,0xdd,0x61,0x29,0xa1,0x08,
0xe1,0x08,0xc1,0x08,0xc1,0x08,0xc1,0x08,0xc1,0x08,0xc1,0x08,0xc1,0x08,0xc1,0x08,
0xc1,0x08,0xc1,0x08,0xc1,0x08,0xc1,0x08,0xc1,0x08,0xc1,0x08,0xc1,0x08,0xc1,0x08,
0xc1,0x08,0xc1,0x08,0xc1,0x08,0xc1,0x08,0xc1,0x08,0xc1,0x08,0x22,0xb4,0x82,0xf5,
0x42,0xe5,0x42,0xed,0x42,0xed,0x42,0xed,0x42,0xed,0x42,0xed,0x42,0xe5,0x82,0xf5,
0x22,0xac,0xe1,0x10,0xa1,0x00,0xe1,0x10,0xc1,0x08,0xc1,0x08,0xc1,0x08,0xc1,0x08,
0xc1,0x08,0xc1,0x08,0xc1,0x08,0xc1,0x08,0xc1,0x08,0xc1,0x08,0xc1,0x08,0xc1,0x08,
0xe1,0x10,0xc1,0x08,0x81,0x00,0xc1,0x6a,0x82,0xf5,0x42,0xed,0x42,0xed,0x42,0xed,
0x42,0xed,0x42,0xed,0x42,0xed,0x42,0xed,0x42,0xe5,0x62,0xed,0x01,0x4a,0xa1,0x00,
0xe1,0x10,0xc1,0x08,0xc1,0x08,0xc1,0x08,0xc1,0x08,0xc1,0x08,0xc1,0x08,0xc1,0x08,
0xc1,0x08,0xc1,0x08,0xc1,0x08,0xc1,0x08,0xc1,0x08,0xc1,0x08,0xc1,0x08,0xc1,0x08,
0xc1,0x08,0xc1,0x08,0xc1,0x08,0xc1,0x08,0xc1,0x08,0xc1,0x08,0xc1,0x08,0xc1,0x08,
0xc1,0x08,0xc1,0x08,0xc1,0x08,0xc1,0x08,0xc1,0x08,0xc1,0x08,0xc1,0x08,0xc1,0x08,
0xc1,0x08,0xc1,0x08,0xc1,0x08,0xc1,0x08,0xc1,0x08,0xc1,0x08,0xc1,0x08,0xc1,0x08,
0xc1,0x08,0xc1,0x08,0xc1,0x08,0xc1,0x08,0xc1,0x08,0xc1,0x08,0xe1,0x08,0xa1,0x08,
0xe1,0x22,0x21,0x2c,0xe1,0x2b,0x01,0x2c,0x01,0x2c,0x01,0x2c,0x01,0x2c,0x01,0x2c,
0x01,0x2c,0x01,0x2c,0x01,0x2c,0x01,0x2c,0x01,0x2c,0x01,0x2c,0x01,0x2c,0xe1,0x2b,
0x21,0x2c,0xe1,0x11,0xa1,0x08,0xe1,0x08,0xe1,0x08,0xa1,0x08,0xe1,0x11,0x21,0x2c,
0xe1,0x2b,0x01,0x2c,0x01,0x2c,0x01,0x2c,0x01,0x2c,0x01,0x2c,0x01,0x2c,0x01,0x2c,
0x01,0x2c,0x01,0x2c,0x01,0x2c,0x01,0x2c,0x01,0x2c,0xe1,0x2b,0x21,0x2c,0x01,0x23,
0xa1,0x08,0xe1,0x08,0xc1,0x08,0xc1,0x08,0xc1,0x08,0xc1,0x08,0xc1,0x08,0xc1,0x08,
0xc1,0x08,0xc1,0x08,0xc1,0x08,0xc1,0x08,0xc1,0x08,0xc1,0x08,0xc1,0x08,0xc1,0x08,
0xc1,0x08,0xc1,0x08,0xc1,0x08,0xc1,0x08,0xc1,0x08,0xc1,0x08,0xc1,0x08,0xc1,0x08,
0xc1,0x08,0xc1,0x08,0xc1,0x08,0xc1,0x08,0xe1,0x08,0xa1,0x08,0xa1,0x11,0x01,0x2c,
0xe1,0x2b,0x01,0x2c,0x01,0x2c,0x01,0x2c,0x01,0x2c,0x01,0x2c,0x01,0x2c,0x01,0x2c,
0x01,0x2c,0x01,0x2c,0x01,0x2c,0x01,0x2c,0x01,0x2c,0xe1,0x2b,0x21,0x2c,0x41,0x23,
0xc1,0x08,0xc1,0x08,0xc1,0x08,0xc1,0x08,0xc1,0x08,0xc1,0x08,0xc1,0x08,0xc1,0x08,
0xc1,0x08,0xc1,0x08,0xc1,0x08,0xc1,0x08,0xc1,0x08,0xc1,0x08,0xc1,0x08,0xe1,0x08,
0xa1,0x08,0xe1,0x11,0x21,0x2c,0xe1,0x2b,0x01,0x2c,0x01,0x2c,0x01,0x2c,0x01,0x2c,
0xe1,0x2b,0x21,0x2c,0x81,0x1a,0xa1,0x08,0xe1,0x08,0xc1,0x08,0xc1,0x08,0xc1,0x08,
0xc1,0x08,0xc1,0x08,0xc1,0x08,0xc1,0x08,0xc1,0x08,0xc1,0x08,0xc1,0x08,0xc1,0x08,
0xc1,0x08,0xe1,0x08,0xa1,0x08,0x21,0x1a,0x21,0x2c,0xe1,0x2b,0x01,0x2c,0x01,0x2c,
0x01,0x2c,0x01,0x2c,0x01,0x2c,0x01,0x2c,0x01,0x2c,0x01,0x2c,0x01,0x2c,0xe1,0x2b,
0x21,0x2c,0x61,0x23,0xc1,0x08,0xc1,0x08,0xc1,0x08,0xc1,0x08,0xc1,0x08,0xc1,0x08,
0xc1,0x08,0xc1,0x08,0xc1,0x08,0xc1,0x08,0xc1,0x08,0xc1,0x08,0xc1,0x08,0xc1,0x08,
0xe1,0x08,0xc1,0x08,0x21,0x11,0xe1,0x2b,0x01,0x2c,0x01,0x2c,0x01,0x2c,0x01,0x2c,
0x01,0x2c,0xe1,0x2b,0x21,0x2c,0x61,0x23,0xe1,0x08,0xc1,0x08,0xc1,0x08,0xc1,0x08,
0xc1,0x08,0xc1,0x08,0xc1,0x08,0xc1,0x08,0xc1,0x08,0xe1,0x08,0xa1,0x08,0x21,0x23,
0x21,0x2c,0xe1,0x2b,0x01,0x2c,0x01,0x2c,0x01,0x2c,0x01,0x2c,0x01,0x2c,0xe1,0x2b,
0x21,0x2c,0x81,0x1a,0xa1,0x08,0xc1,0x08,0xe1,0x08,0xc1,0x08,0xc1,0x08,0xc1,0x08,
0xc1,0x08,0xc1,0x08,0xc1,0x08,0xc1,0x08,0xc1,0x08,0xc1,0x08,0xc1,0x08,0xe1,0x08,
0xe1,0x08,0xc1,0x08,0xa1,0x08,0xa1,0x11,0xa1,0x23,0x21,0x2c,0xe1,0x2b,0x01,0x2c,
0x01,0x2c,0x01,0x2c,0x01,0x2c,0x01,0x2c,0x01,0x2c,0x01,0x2c,0x01,0x2c,0x01,0x2c,
0xe1,0x2b,0x21,0x2c,0x01,0x1a,0xa1,0x08,0xe1,0x08,0xc1,0x08,0xc1,0x08,0xc1,0x08,
0xc1,0x08,0xc1,0x08,0xc1,0x08,0xc1,0x08,0xc1,0x08,0xc1,0x08,0xc1,0x08,0x41,0x23,
0x21,0x2c,0xe1,0x2b,0x01,0x2c,0x01,0x2c,0x01,0x2c,0xe1,0x2b,0x21,0x2c,0x41,0x23,
0xc1,0x08,0xc1,0x08,0xc1,0x08,0xc1,0x08,0xc1,0x08,0xc1,0x08,0xc1,0x08,0xc1,0x08,
0xc1,0x08,0xc1,0x08,0xc1,0x08,0xc1,0x08,0xc1,0x08,0xc1,0x08,0xc1,0x08,0xc1,0x08,
0xc1,0x08,0xc1,0x08,0xc1,0x08,0xc1,0x08,0xc1,0x08,0xe1,0x08,0xa1,0x08,0x61,0x1a,
0x21,0x2c,0xe1,0x2b,0x01,0x2c,0x01,0x2c,0x01,0x2c,0x01,0x2c,0x01,0x2c,0xc1,0x2b,
0x41,0x11,0xc1,0x08,0xe1,0x08,0xc1,0x08,0xc1,0x08,0xc1,0x08,0xc1,0x08,0xc1,0x08,
0xc1,0x08,0xc1,0x08,0xc1,0x08,0xc1,0x08,0xc1,0x08,0xe1,0x10,0x82,0xc4,0x82,0xf5,
0x42,0xe5,0x42,0xed,0x42,0xed,0x42,0xed,0x42,0xed,0x42,0xe5,0xa2,0xfd,0x61,0x5a,
0x81,0x00,0xe1,0x10,0xc1,0x08,0xc1,0x08,0xc1,0x08,0xc1,0x08,0xc1,0x08,0xc1,0x08,
0xc1,0x08,0xc1,0x08,0xc1,0x08,0xc1,0x08,0xc1,0x08,0xc1,0x08,0xc1,0x08,0xc1,0x08,
0xc1,0x08,0xc1,0x08,0xc1,0x08,0xc1,0x08,0xc1,0x08,0xc1,0x08,0xc1,0x08,0xc1,0x08,
0xc1,0x08,0xc1,0x08,0xc1,0x08,0xc1,0x08,0xc1,0x08,0xc1,0x08,0xc1,0x08,0xc1,0x08,
0xc1,0x08,0xc1,0x08,0xc1,0x08,0xc1,0x08,0xc1,0x08,0xc1,0x08,0xc1,0x08,0xc1,0x08,
0xc1,0x08,0xc1,0x08,0xc1,0x08,0xc1,0x08,0xc1,0x08,0xc1,0x08,0xc1,0x08,0xc1,0x08,
0xc1,0x08,0xc1,0x08,0xc1,0x08,0xe1,0x10,0x81,0x00,0x01,0x7b,0xa2,0xfd,0x42,0xe5,
0x42,0xed,0x42,0xed,0x42,0xed,0x42,0xed,0x62,0xed,0x22,0xdd,0x61,0x29,0xa1,0x08,
0xe1,0x08,0xc1,0x08,0xc1,0x08,0xc1,0x08,0xc1,0x08,0xc1,0x08,0xc1,0x08,0xc1,0x08,
0xc1,0x08,0xc1,0x08,0xc1,0x08,0xc1,0x08,0xc1,0x08,0xc1,0x08,0xc1,0x08,0xc1,0x08,
0xc1,0x08,0xc1,0x08,0xc1,0x08,0xc1,0x08,0xe1,0x10,0xa1,0x00,0xe1,0x41,0x62,0xed,
0x42,0xed,0x42,0xed,0x42,0xed,0x42,0xed,0x42,0xed,0x42,0xed,0x42,0xed,0x42,0xe5,
0x82,0xf5,0x62,0xbc,0x61,0x29,0x81,0x00,0xc1,0x08,0xe1,0x10,0xe1,0x10,0xc1,0x08,
0xc1,0x08,0xc1,0x08,0xc1,0x08,0xc1,0x08,0xc1,0x08,0xe1,0x08,0xe1,0x10,0xe1,0x10,
0xa1,0x00,0xc1,0x08,0x21,0x83,0x82,0xf5,0x42,0xed,0x42,0xed,0x42,0xed,0x42,0xed,
0x42,0xed,0x42,0xed,0x42,0xed,0x42,0xe5,0xa2,0xfd,0xc1,0x9b,0xa1,0x00,0xe1,0x10,
0xc1,0x08,0xc1,0x08,0xc1,0x08,0xc1,0x08,0xc1,0x08,0xc1,0x08,0xc1,0x08,0xc1,0x08,
0xc1,0x08,0xc1,0x08,0xc1,0x08,0xc1,0x08,0xc1,0x08,0xc1,0x08,0xc1,0x08,0xc1,0x08,
0xc1,0x08,0xc1,0x08,0xc1,0x08,0xc1,0x08,0xc1,0x08,0xc1,0x08,0xc1,0x08,0xc1,0x08,
0xc1,0x08,0xc1,0x08,0xc1,0x08,0xc1,0x08,0xc1,0x08,0xc1,0x08,0xc1,0x08,0xc1,0x08,
0xc1,0x08,0xc1,0x08,0xc1,0x08,0xc1,0x08,0xc1,0x08,0xc1,0x08,0xc1,0x08,0xc1,0x08,
0xc1,0x08,0xc1,0x08,0xc1,0x08,0xc1,0x08,0xc1,0x08,0xe1,0x08,0xc1,0x08,0x41,0x11,
0xe1,0x2b,0x01,0x2c,0x01,0x2c,0x01,0x2c,0x01,0x2c,0x01,0x2c,0x01,0x2c,0x01,0x2c,
0x01,0x2c,0x01,0x2c,0x01,0x2c,0x01,0x2c,0x01,0x2c,0x01,0x2c,0xe1,0x2b,0x21,0x2c,
0x61,0x23,0xe1,0x08,0xc1,0x08,0xe1,0x08,0xc1,0x08,0xc1,0x08,0x21,0x23,0x21,0x2c,
0xe1,0x2b,0x01,0x2c,0x01,0x2c,0x01,0x2c,0x01,0x2c,0x01,0x2c,0x01,0x2c,0x01,0x2c,
0x01,0x2c,0x01,0x2c,0x01,0x2c,0x01,0x2c,0x01,0x2c,0x01,0x2c,0x01,0x2c,0x81,0x11,
0xa1,0x08,0xe1,0x08,0xc1,0x08,0xc1,0x08,0xc1,0x08,0xc1,0x08,0xc1,0x08,0xc1,0x08,
0xc1,0x08,0xc1,0x08,0xc1,0x08,0xc1,0x08,0xc1,0x08,0xc1,0x08,0xc1,0x08,0xc1,0x08,
0xc1,0x08,0xc1,0x08,0xc1,0x08,0xc1,0x08,0xc1,0x08,0xc1,0x08,0xc1,0x08,0xc1,0x08,
0xc1,0x08,0xc1,0x08,0xc1,0x08,0xc1,0x08,0xc1,0x08,0xe1,0x08,0xc1,0x08,0x21,0x23,
0x21,0x2c,0xe1,0x2b,0x01,0x2c,0x01,0x2c,0x01,0x2c,0x01,0x2c,0x01,0x2c,0x01,0x2c,
0x01,0x2c,0x01,0x2c,0x01,0x2c,0x01,0x2c,0x01,0x2c,0x01,0x2c,0xe1,0x2b,0x01,0x2c,
0xa1,0x11,0xa1,0x08,0xe1,0x08,0xc1,0x08,0xc1,0x08,0xc1,0x08,0xc1,0x08,0xc1,0x08,
0xc1,0x08,0xc1,0x08,0xc1,0x08,0xc1,0x08,0xc1,0x08,0xc1,0x08,0xc1,0x08,0xe1,0x08,
0xa1,0x08,0xe1,0x11,0x21,0x2c,0xe1,0x2b,0x01,0x2c,0x01,0x2c,0x01,0x2c,0x01,0x2c,
0xe1,0x2b,0x21,0x2c,0x81,0x1a,0xa1,0x08,0xe1,0x08,0xc1,0x08,0xc1,0x08,0xc1,0x08,
0xc1,0x08,0xc1,0x08,0xc1,0x08,0xc1,0x08,0xc1,0x08,0xc1,0x08,0xc1,0x08,0xc1,0x08,
0xc1,0x08,0xe1,0x08,0xc1,0x08,0x41,0x11,0xe1,0x2b,0x01,0x2c,0x01,0x2c,0x01,0x2c,
0x01,0x2c,0x01,0x2c,0x01,0x2c,0x01,0x2c,0x01,0x2c,0x01,0x2c,0x01,0x2c,0xe1,0x2b,
0x21,0x2c,0x61,0x1a,0xa1,0x08,0xe1,0x08,0xc1,0x08,0xc1,0x08,0xc1,0x08,0xc1,0x08,
0xc1,0x08,0xc1,0x08,0xc1,0x08,0xc1,0x08,0xc1,0x08,0xc1,0x08,0xc1,0x08,0xc1,0x08,
0xe1,0x08,0xc1,0x08,0x21,0x11,0xe1,0x2b,0x01,0x2c,0x01,0x2c,0x01,0x2c,0x01,0x2c,
0x01,0x2c,0xe1,0x2b,0x21,0x2c,0x61,0x23,0xe1,0x08,0xc1,0x08,0xc1,0x08,0xc1,0x08,
0xc1,0x08,0xc1,0x08,0xc1,0x08,0xc1,0x08,0xc1,0x08,0xe1,0x08,0xa1,0x08,0x01,0x1a,
0x21,0x2c,0xe1,0x2b,0x01,0x2c,0x01,0x2c,0x01,0x2c,0x01,0x2c,0x01,0x2c,0x01,0x2c,
0x01,0x2c,0x21,0x2c,0x81,0x1a,0xc1,0x08,0xa1,0x08,0xc1,0x08,0xe1,0x08,0xe1,0x08,
0xe1,0x08,0xe1,0x08,0xe1,0x08,0xe1,0x08,0xe1,0x08,0xe1,0x08,0xc1,0x08,0xa1,0x08,
0xa1,0x08,0x21,0x11,0xa1,0x1a,0x01,0x2c,0x01,0x2c,0xe1,0x2b,0x01,0x2c,0x01,0x2c,
0x01,0x2c,0xe1,0x2b,0x01,0x2c,0x01,0x2c,0x01,0x2c,0x01,0x2c,0x01,0x2c,0x01,0x2c,
0xe1,0x2b,0x21,0x2c,0x21,0x1a,0xa1,0x08,0xe1,0x08,0xc1,0x08,0xc1,0x08,0xc1,0x08,
0xc1,0x08,0xc1,0x08,0xc1,0x08,0xc1,0x08,0xc1,0x08,0xc1,0x08,0xc1,0x08,0x41,0x23,
0x21,0x2c,0xe1,0x2b,0x01,0x2c,0x01,0x2c,0x01,0x2c,0xe1,0x2b,0x21,0x2c,0x41,0x23,
0xc1,0x08,0xc1,0x08,0xc1,0x08,0xc1,0x08,0xc1,0x08,0xc1,0x08,0xc1,0x08,0xc1,0x08,
0xc1,0x08,0xc1,0x08,0xc1,0x08,0xc1,0x08,0xc1,0x08,0xc1,0x08,0xc1,0x08,0xc1,0x08,
0xc1,0x08,0xc1,0x08,0xc1,0x08,0xc1,0x08,0xc1,0x08,0xe1,0x08,0xa1,0x08,0x61,0x1a,
0x21,0x2c,0xe1,0x2b,0x01,0x2c,0x01,0x2c,0x01,0x2c,0x01,0x2c,0x01,0x2c,0xc1,0x2b,
0x41,0x11,0xc1,0x08,0xe1,0x08,0xc1,0x08,0xc1,0x08,0xc1,0x08,0xc1,0x08,0xc1,0x08,
0xc1,0x08,0xc1,0x08,0xc1,0x08,0xc1,0x08,0xc1,0x08,0xe1,0x10,0x82,0xc4,0x82,0xf5,
0x42,0xe5,0x42,0xed,0x42,0xed,0x42,0xed,0x42,0xed,0x42,0xe5,0xa2,0xfd,0x61,0x5a,
0x81,0x00,0xe1,0x10,0xc1,0x08,0xc1,0x08,0xc1,0x08,0xc1,0x08,0xc1,0x08,0xc1,0x08,
0xc1,0x08,0xc1,0x08,0xc1,0x08,0xc1,0x08,0xc1,0x08,0xc1,0x08,0xc1,0x08,0xc1,0x08,
0xc1,0x08,0xc1,0x08,0xc1,0x08,0xc1,0x08,0xc1,0x08,0xc1,0x08,0xc1,0x08,0xc1,0x08,
0xc1,0x08,0xc1,0x08,0xc1,0x08,0xc1,0x08,0xc1,0x08,0xc1,0x08,0xc1,0x08,0xc1,0x08,
0xc1,0x08,0xc1,0x08,0xc1,0x08,0xc1,0x08,0xc1,0x08,0xc1,0x08,0xc1,0x08,0xc1,0x08,
0xc1,0x08,0xc1,0x08,0xc1,0x08,0xc1,0x08,0xc1,0x08,0xc1,0x08,0xc1,0x08,0xc1,0x08,
0xc1,0x08,0xc1,0x08,0xc1,0x08,0xe1,0x10,0x81,0x00,0x01,0x7b,0xa2,0xfd,0x42,0xe5,
0x42,0xed,0x42,0xed,0x42,0xed,0x42,0xed,0x62,0xed,0x22,0xdd,0x61,0x29,0xa1,0x08,
0xe1,0x08,0xc1,0x08,0xc1,0x08,0xc1,0x08,0xc1,0x08,0xc1,0x08,0xc1,0x08,0xc1,0x08,
0xc1,0x08,0xc1,0x08,0xc1,0x08,0xc1,0x08,0xc1,0x08,0xc1,0x08,0xc1,0x08,0xc1,0x08,
0xc1,0x08,0xc1,0x08,0xc1,0x08,0xc1,0x08,0xc1,0x08,0xe1,0x10,0x81,0x00,0x21,0x83,
0xa2,0xfd,0x42,0xe5,0x42,0xed,0x42,0xed,0x42,0xed,0x42,0xed,0x42,0xed,0x42,0xed,
0x42,0xe5,0x82,0xf5,0x02,0xdd,0xa1,0x6a,0xe1,0x10,0x81,0x00,0xa1,0x00,0xc1,0x08,
0xe1,0x08,0xe1,0x10,0xe1,0x10,0xe1,0x10,0xc1,0x08,0xc1,0x08,0x81,0x00,0x81,0x00,
0xc1,0x39,0x42,0xb4,0x82,0xf5,0x42,0xed,0x42,0xed,0x42,0xed,0x42,0xed,0x42,0xed,
0x42,0xed,0x42,0xed,0x42,0xe5,0x62,0xf5,0xe2,0xd4,0x21,0x19,0xc1,0x08,0xe1,0x10,
0xc1,0x08,0xc1,0x08,0xc1,0x08,0xc1,0x08,0xc1,0x08,0xc1,0x08,0xc1,0x08,0xc1,0x08,
0xc1,0x08,0xc1,0x08,0xc1,0x08,0xc1,0x08,0xc1,0x08,0xc1,0x08,0xc1,0x08,0xc1,0x08,
0xc1,0x08,0xc1,0x08,0xc1,0x08,0xc1,0x08,0xc1,0x08,0xc1,0x08,0xc1,0x08,0xc1,0x08,
0xc1,0x08,0xc1,0x08,0xc1,0x08,0xc1,0x08,0xc1,0x08,0xc1,0x08,0xc1,0x08,0xc1,0x08,
0xc1,0x08,0xc1,0x08,0xc1,0x08,0xc1,0x08,0xc1,0x08,0xc1,0x08,0xc1,0x08,0xc1,0x08,
0xc1,0x08,0xc1,0x08,0xc1,0x08,0xc1,0x08,0xc1,0x08,0xe1,0x08,0xa1,0x08,0xc1,0x1a,
0x21,0x2c,0xe1,0x2b,0x01,0x2c,0x01,0x2c,0x01,0x2c,0x01,0x2c,0x01,0x2c,0x01,0x2c,
0x01,0x2c,0x01,0x2c,0x01,0x2c,0x01,0x2c,0x01,0x2c,0x01,0x2c,0xe1,0x2b,0x21,0x2c,
0x21,0x1a,0xa1,0x08,0xe1,0x08,0xe1,0x08,0xa1,0x08,0xa1,0x11,0x01,0x2c,0xe1,0x2b,
0x01,0x2c,0x01,0x2c,0x01,0x2c,0x01,0x2c,0x01,0x2c,0x01,0x2c,0x01,0x2c,0x01,0x2c,
0x01,0x2c,0x01,0x2c,0x01,0x2c,0x01,0x2c,0xe1,0x2b,0x21,0x2c,0x21,0x23,0xc1,0x08,
0xe1,0x08,0xc1,0x08,0xc1,0x08,0xc1,0x08,0xc1,0x08,0xc1,0x08,0xc1,0x08,0xc1,0x08,
0xc1,0x08,0xc1,0x08,0xc1,0x08,0xc1,0x08,0xc1,0x08,0xc1,0x08,0xc1,0x08,0xc1,0x08,
0xc1,0x08,0xc1,0x08,0xc1,0x08,0xc1,0x08,0xc1,0x08,0xc1,0x08,0xc1,0x08,0xc1,0x08,
0xc1,0x08,0xc1,0x08,0xc1,0x08,0xc1,0x08,0xc1,0x08,0xe1,0x08,0xa1,0x08,0xc1,0x11,
0x21,0x2c,0x01,0x2c,0x01,0x2c,0x01,0x2c,0x01,0x2c,0x01,0x2c,0x01,0x2c,0x01,0x2c,
0x01,0x2c,0x01,0x2c,0x01,0x2c,0x01,0x2c,0x01,0x2c,0x01,0x2c,0xe1,0x2b,0x21,0x2c,
0x01,0x23,0xc1,0x08,0xe1,0x08,0xc1,0x08,0xc1,0x08,0xc1,0x08,0xc1,0x08,0xc1,0x08,
0xc1,0x08,0xc1,0x08,0xc1,0x08,0xc1,0x08,0xc1,0x08,0xc1,0x08,0xc1,0x08,0xe1,0x08,
0xa1,0x08,0xe1,0x11,0x21,0x2c,0xe1,0x2b,0x01,0x2c,0x01,0x2c,0x01,0x2c,0x01,0x2c,
0xe1,0x2b,0x21,0x2c,0x81,0x1a,0xa1,0x08,0xe1,0x08,0xc1,0x08,0xc1,0x08,0xc1,0x08,
0xc1,0x08,0xc1,0x08,0xc1,0x08,0xc1,0x08,0xc1,0x08,0xc1,0x08,0xc1,0x08,0xc1,0x08,
0xc1,0x08,0xc1,0x08,0xc1,0x08,0xc1,0x08,0x41,0x23,0x21,0x2c,0xe1,0x2b,0x01,0x2c,
0x01,0x2c,0x01,0x2c,0x01,0x2c,0x01,0x2c,0x01,0x2c,0x01,0x2c,0x01,0x2c,0x01,0x2c,
0x01,0x2c,0x61,0x11,0xa1,0x08,0xe1,0x08,0xc1,0x08,0xc1,0x08,0xc1,0x08,0xc1,0x08,
0xc1,0x08,0xc1,0x08,0xc1,0x08,0xc1,0x08,0xc1,0x08,0xc1,0x08,0xc1,0x08,0xc1,0x08,
0xe1,0x08,0xc1,0x08,0x21,0x11,0xe1,0x2b,0x01,0x2c,0x01,0x2c,0x01,0x2c,0x01,0x2c,
0x01,0x2c,0xe1,0x2b,0x21,0x2c,0x61,0x23,0xe1,0x08,0xc1,0x08,0xc1,0x08,0xc1,0x08,
0xc1,0x08,0xc1,0x08,0xc1,0x08,0xc1,0x08,0xc1,0x08,0xc1,0x08,0xc1,0x08,0xe1,0x08,
0xa1,0x23,0x01,0x2c,0xe1,0x2b,0x01,0x2c,0x01,0x2c,0x01,0x2c,0x01,0x2c,0x01,0x2c,
0x01,0x2c,0x01,0x2c,0x21,0x2c,0x41,0x23,0xa1,0x11,0xe1,0x08,0xa1,0x08,0xa1,0x08,
0xa1,0x08,0xa1,0x08,0xa1,0x08,0xa1,0x08,0xa1,0x08,0xa1,0x08,0xe1,0x08,0x81,0x11,
0xa1,0x1a,0xc1,0x2b,0x21,0x2c,0x01,0x2c,0xe1,0x2b,0x01,0x2c,0x01,0x2c,0x01,0x2c,
0xe1,0x2b,0x21,0x2c,0x01,0x2c,0x01,0x2c,0x01,0x2c,0x01,0x2c,0x01,0x2c,0x01,0x2c,
0xe1,0x2b,0x21,0x2c,0x81,0x1a,0xa1,0x08,0xe1,0x08,0xc1,0x08,0xc1,0x08,0xc1,0x08,
0xc1,0x08,0xc1,0x08,0xc1,0x08,0xc1,0x08,0xc1,0x08,0xc1,0x08,0xc1,0x08,0x41,0x23,
0x21,0x2c,0xe1,0x2b,0x01,0x2c,0x01,0x2c,0x01,0x2c,0xe1,0x2b,0x21,0x2c,0x41,0x23,
0xc1,0x08,0xc1,0x08,0xc1,0x08,0xc1,0x08,0xc1,0x08,0xc1,0x08,0xc1,0x08,0xc1,0x08,
0xc1,0x08,0xc1,0x08,0xc1,0x08,0xc1,0x08,0xc1,0x08,0xc1,0x08,0xc1,0x08,0xc1,0x08,
0xc1,0x08,0xc1,0x08,0xc1,0x08,0xc1,0x08,0xc1,0x08,0xe1,0x08,0xa1,0x08,0x61,0x1a,
0x21,0x2c,0xe1,0x2b,0x01,0x2c,0x01,0x2c,0x01,0x2c,0x01,0x2c,0x01,0x2c,0xc1,0x2b,
0x41,0x11,0xc1,0x08,0xe1,0x08,0xc1,0x08,0xc1,0x08,0xc1,0x08,0xc1,0x08,0xc1,0x08,
0xc1,0x08,0xc1,0x08,0xc1,0x08,0xc1,0x08,0xc1,0x08,0xe1,0x10,0x82,0xc4,0x82,0xf5,
0x42,0xe5,0x42,0xed,0x42,0xed,0x42,0xed,0x42,0xed,0x42,0xe5,0xa2,0xfd,0x61,0x5a,
0x81,0x00,0xe1,0x10,0xc1,0x08,0xc1,0x08,0xc1,0x08,0xc1,0x08,0xc1,0x08,0xc1,0x08,
0xc1,0x08,0xc1,0x08,0xc1,0x08,0xc1,0x08,0xc1,0x08,0xc1,0x08,0xc1,0x08,0xc1,0x08,
0xc1,0x08,0xc1,0x08,0xc1,0x08,0xc1,0x08,0xc1,0x08,0xc1,0x08,0xc1,0x08,0xc1,0x08,
0xc1,0x08,0xc1,0x08,0xc1,0x08,0xc1,0x08,0xc1,0x08,0xc1,0x08,0xc1,0x08,0xc1,0x08,
0xc1,0x08,0xc1,0x08,0xc1,0x08,0xc1,0x08,0xc1,0x08,0xc1,0x08,0xc1,0x08,0xc1,0x08,
0xc1,0x08,0xc1,0x08,0xc1,0x08,0xc1,0x08,0xc1,0x08,0xc1,0x08,0xc1,0x08,0xc1,0x08,
0xc1,0x08,0xc1,0x08,0xc1,0x08,0xe1,0x10,0x81,0x00,0x01,0x7b,0xa2,0xfd,0x42,0xe5,
0x42,0xed,0x42,0xed,0x42,0xed,0x42,0xed,0x62,0xed,0x22,0xdd,0x61,0x29,0xa1,0x08,
0xe1,0x08,0xc1,0x08,0xc1,0x08,0xc1,0x08,0xc1,0x08,0xc1,0x08,0xc1,0x08,0xc1,0x08,
0xc1,0x08,0xc1,0x08,0xc1,0x08,0xc1,0x08,0xc1,0x08,0xc1,0x08,0xc1,0x08,0xc1,0x08,
0xc1,0x08,0xc1,0x08,0xc1,0x08,0xc1,0x08,0xc1,0x08,0xc1,0x08,0xc1,0x08,0xc1,0x08,
0x22,0xb4,0xa2,0xf5,0x42,0xe5,0x42,0xed,0x42,0xed,0x42,0xed,0x42,0xed,0x42,0xed,
0x42,0xed,0x42,0xe5,0x62,0xed,0xa2,0xf5,0x82,0xc4,0xc1,0x72,0x81,0x31,0xe1,0x10,
0xa1,0x08,0xa1,0x00,0xa1,0x00,0xa1,0x00,0xc1,0x08,0x41,0x21,0x41,0x52,0xe2,0xa3,
0x62,0xed,0x82,0xf5,0x42,0xe5,0x42,0xed,0x42,0xed,0x42,0xed,0x42,0xed,0x42,0xed,
0x42,0xed,0x42,0xe5,0x62,0xed,0x62,0xed,0x01,0x42,0xa1,0x00,0xe1,0x10,0xc1,0x08,
0xc1,0x08,0xc1,0x08,0xc1,0x08,0xc1,0x08,0xc1,0x08,0xc1,0x08,0xc1,0x08,0xc1,0x08,
0xc1,0x08,0xc1,0x08,0xc1,0x08,0xc1,0x08,0xc1,0x08,0xc1,0x08,0xc1,0x08,0xc1,0x08,
0xc1,0x08,0xc1,0x08,0xc1,0x08,0xc1,0x08,0xc1,0x08,0xc1,0x08,0xc1,0x08,0xc1,0x08,
0xc1,0x08,0xc1,0x08,0xc1,0x08,0xc1,0x08,0xc1,0x08,0xc1,0x08,0xc1,0x08,0xc1,0x08,
0xc1,0x08,0xc1,0x08,0xc1,0x08,0xc1,0x08,0xc1,0x08,0xc1,0x08,0xc1,0x08,0xc1,0x08,
0xc1,0x08,0xc1,0x08,0xc1,0x08,0xc1,0x08,0xe1,0x08,0xc1,0x08,0x41,0x11,0xe1,0x2b,
0x01,0x2c,0x01,0x2c,0x01,0x2c,0x01,0x2c,0x01,0x2c,0x01,0x2c,0x01,0x2c,0x01,0x2c,
0x01,0x2c,0x01,0x2c,0x01,0x2c,0x01,0x2c,0x01,0x2c,0xe1,0x2b,0x01,0x2c,0xa1,0x23,
0x01,0x09,0xc1,0x08,0xc1,0x08,0xe1,0x08,0xa1,0x08,0x21,0x23,0x21,0x2c,0xe1,0x2b,
0x01,0x2c,0x01,0x2c,0x01,0x2c,0x01,0x2c,0x01,0x2c,0x01,0x2c,0x01,0x2c,0x01,0x2c,
0x01,0x2c,0x01,0x2c,0x01,0x2c,0x01,0x2c,0x01,0x2c,0x01,0x2c,0xc1,0x11,0xa1,0x08,
0xe1,0x08,0xc1,0x08,0xc1,0x08,0xc1,0x08,0xc1,0x08,0xc1,0x08,0xc1,0x08,0xc1,0x08,
0xc1,0x08,0xc1,0x08,0xc1,0x08,0xc1,0x08,0xc1,0x08,0xc1,0x08,0xc1,0x08,0xc1,0x08,
0xc1,0x08,0xc1,0x08,0xc1,0x08,0xc1,0x08,0xc1,0x08,0xc1,0x08,0xc1,0x08,0xc1,0x08,
0xc1,0x08,0xc1,0x08,0xc1,0x08,0xc1,0x08,0xc1,0x08,0xc1,0x08,0xc1,0x08,0xc1,0x08,
0x41,0x23,0x21,0x2c,0xe1,0x2b,0x01,0x2c,0x01,0x2c,0x01,0x2c,0x01,0x2c,0x01,0x2c,
0x01,0x2c,0x01,0x2c,0x01,0x2c,0x01,0x2c,0x01,0x2c,0x01,0x2c,0x01,0x2c,0x01,0x2c,
0x01,0x2c,0x81,0x11,0xa1,0x08,0xe1,0x08,0xc1,0x08,0xc1,0x08,0xc1,0x08,0xc1,0x08,
0xc1,0x08,0xc1,0x08,0xc1,0x08,0xc1,0x08,0xc1,0x08,0xc1,0x08,0xc1,0x08,0xe1,0x08,
0xa1,0x08,0xe1,0x11,0x21,0x2c,0xe1,0x2b,0x01,0x2c,0x01,0x2c,0x01,0x2c,0x01,0x2c,
0xe1,0x2b,0x21,0x2c,0x81,0x1a,0xa1,0x08,0xe1,0x08,0xc1,0x08,0xc1,0x08,0xc1,0x08,
0xc1,0x08,0xc1,0x08,0xc1,0x08,0xc1,0x08,0xc1,0x08,0xc1,0x08,0xc1,0x08,0xc1,0x08,
0xc1,0x08,0xc1,0x08,0xe1,0x08,0xa1,0x08,0x61,0x1a,0x21,0x2c,0xe1,0x2b,0x01,0x2c,
0x01,0x2c,0x01,0x2c,0x01,0x2c,0x01,0x2c,0x01,0x2c,0x01,0x2c,0xe1,0x2b,0x21,0x2c,
0x41,0x23,0xc1,0x08,0xc1,0x08,0xc1,0x08,0xc1,0x08,0xc1,0x08,0xc1,0x08,0xc1,0x08,
0xc1,0x08,0xc1,0x08,0xc1,0x08,0xc1,0x08,0xc1,0x08,0xc1,0x08,0xc1,0x08,0xc1,0x08,
0xe1,0x08,0xc1,0x08,0x21,0x11,0xe1,0x2b,0x01,0x2c,0x01,0x2c,0x01,0x2c,0x01,0x2c,
0x01,0x2c,0xe1,0x2b,0x21,0x2c,0x61,0x23,0xe1,0x08,0xc1,0x08,0xc1,0x08,0xc1,0x08,
0xc1,0x08,0xc1,0x08,0xc1,0x08,0xc1,0x08,0xc1,0x08,0xc1,0x08,0xe1,0x08,0xa1,0x08,
0x21,0x1a,0x21,0x2c,0xe1,0x2b,0x01,0x2c,0x01,0x2c,0x01,0x2c,0x01,0x2c,0x01,0x2c,
0x01,0x2c,0x01,0x2c,0xe1,0x2b,0x21,0x2c,0x01,0x2c,0x61,0x23,0xc1,0x22,0x41,0x1a,
0xe1,0x19,0xc1,0x11,0xe1,0x11,0x01,0x1a,0x61,0x1a,0xe1,0x22,0x81,0x23,0x01,0x2c,
0x21,0x2c,0x01,0x2c,0xe1,0x2b,0x01,0x2c,0x01,0x2c,0x01,0x2c,0xe1,0x2b,0xe1,0x2b,
0x21,0x2c,0xe1,0x22,0x41,0x23,0x21,0x2c,0xe1,0x2b,0x01,0x2c,0x01,0x2c,0x01,0x2c,
0xe1,0x2b,0x21,0x2c,0xe1,0x22,0xa1,0x08,0xe1,0x08,0xc1,0x08,0xc1,0x08,0xc1,0x08,
0xc1,0x08,0xc1,0x08,0xc1,0x08,0xc1,0x08,0xc1,0x08,0xc1,0x08,0xc1,0x08,0x41,0x23,
0x21,0x2c,0xe1,0x2b,0x01,0x2c,0x01,0x2c,0x01,0x2c,0xe1,0x2b,0x21,0x2c,0x41,0x23,
0xc1,0x08,0xc1,0x08,0xc1,0x08,0xc1,0x08,0xc1,0x08,0xc1,0x08,0xc1,0x08,0xc1,0x08,
0xc1,0x08,0xc1,0x08,0xc1,0x08,0xc1,0x08,0xc1,0x08,0xc1,0x08,0xc1,0x08,0xc1,0x08,
0xc1,0x08,0xc1,0x08,0xc1,0x08,0xc1,0x08,0xc1,0x08,0xe1,0x08,0xa1,0x08,0x61,0x1a,
0x21,0x2c,0xe1,0x2b,0x01,0x2c,0x01,0x2c,0x01,0x2c,0x01,0x2c,0x01,0x2c,0xc1,0x2b,
0x41,0x11,0xc1,0x08,0xe1,0x08,0xc1,0x08,0xc1,0x08,0xc1,0x08,0xc1,0x08,0xc1,0x08,
0xc1,0x08,0xc1,0x08,0xc1,0x08,0xc1,0x08,0xc1,0x08,0xe1,0x10,0x82,0xc4,0x82,0xf5,
0x42,0xe5,0x42,0xed,0x42,0xed,0x42,0xed,0x42,0xed,0x42,0xe5,0xa2,0xfd,0x61,0x5a,
0x81,0x00,0xe1,0x10,0xc1,0x08,0xc1,0x08,0xc1,0x08,0xc1,0x08,0xc1,0x08,0xc1,0x08,
0xc1,0x08,0xc1,0x08,0xc1,0x08,0xc1,0x08,0xc1,0x08,0xc1,0x08,0xc1,0x08,0xc1,0x08,
0xc1,0x08,0xc1,0x08,0xc1,0x08,0xc1,0x08,0xc1,0x08,0xc1,0x08,0xc1,0x08,0xc1,0x08,
0xc1,0x08,0xc1,0x08,0xc1,0x08,0xc1,0x08,0xc1,0x08,0xc1,0x08,0xc1,0x08,0xc1,0x08,
0xc1,0x08,0xc1,0x08,0xc1,0x08,0xc1,0x08,0xc1,0x08,0xc1,0x08,0xc1,0x08,0xc1,0x08,
0xc1,0x08,0xc1,0x08,0xc1,0x08,0xc1,0x08,0xc1,0x08,0xc1,0x08,0xc1,0x08,0xc1,0x08,
0xc1,0x08,0xc1,0x08,0xc1,0x08,0xe1,0x10,0x81,0x00,0x01,0x7b,0xa2,0xfd,0x42,0xe5,
0x42,0xed,0x42,0xed,0x42,0xed,0x42,0xed,0x62,0xed,0x22,0xdd,0x61,0x29,0xa1,0x08,
0xe1,0x08,0xc1,0x08,0xc1,0x08,0xc1,0x08,0xc1,0x08,0xc1,0x08,0xc1,0x08,0xc1,0x08,
0xc1,0x08,0xc1,0x08,0xc1,0x08,0xc1,0x08,0xc1,0x08,0xc1,0x08,0xc1,0x08,0xc1,0x08,
0xc1,0x08,0xc1,0x08,0xc1,0x08,0xc1,0x08,0xc1,0x08,0xc1,0x08,0xe1,0x10,0xc1,0x08,
0x21,0x21,0xc2,0xcc,0x82,0xf5,0x42,0xe5,0x42,0xed,0x42,0xed,0x42,0xed,0x42,0xed,
0x42,0xed,0x42,0xed,0x42,0xed,0x42,0xe5,0x82,0xf5,0xa2,0xf5,0x42,0xe5,0xa2,0xc4,
0x22,0xac,0xc2,0x9b,0xa2,0x93,0xe2,0xa3,0x62,0xbc,0x02,0xdd,0x82,0xf5,0xa2,0xf5,
0x42,0xed,0x42,0xe5,0x42,0xed,0x42,0xed,0x42,0xed,0x42,0xed,0x42,0xed,0x42,0xed,
0x42,0xe5,0x62,0xed,0x82,0xf5,0x81,0x62,0x81,0x00,0xe1,0x10,0xc1,0x08,0xc1,0x08,
0xc1,0x08,0xc1,0x08,0xc1,0x08,0xc1,0x08,0xc1,0x08,0xc1,0x08,0xc1,0x08,0xc1,0x08,
0xc1,0x08,0xc1,0x08,0xc1,0x08,0xc1,0x08,0xc1,0x08,0xc1,0x08,0xc1,0x08,0xc1,0x08,
0xc1,0x08,0xc1,0x08,0xc1,0x08,0xc1,0x08,0xc1,0x08,0xc1,0x08,0xc1,0x08,0xc1,0x08,
0xc1,0x08,0xc1,0x08,0xc1,0x08,0xc1,0x08,0xc1,0x08,0xc1,0x08,0xc1,0x08,0xc1,0x08,
0xc1,0x08,0xc1,0x08,0xc1,0x08,0xc1,0x08,0xc1,0x08,0xc1,0x08,0xc1,0x08,0xc1,0x08,
0xc1,0x08,0xc1,0x08,0xc1,0x08,0xc1,0x08,0xe1,0x08,0xa1,0x08,0x81,0x1a,0x21,0x2c,
0xe1,0x2b,0x01,0x2c,0x01,0x2c,0x01,0x2c,0x01,0x2c,0x01,0x2c,0x01,0x2c,0x01,0x2c,
0x01,0x2c,0x01,0x2c,0x01,0x2c,0x01,0x2c,0x01,0x2c,0xe1,0x2b,0x21,0x2c,0x41,0x1a,
0xa1,0x08,0xe1,0x08,0xe1,0x08,0xa1,0x08,0x81,0x11,0x01,0x2c,0x01,0x2c,0x01,0x2c,
0x01,0x2c,0x01,0x2c,0x01,0x2c,0x01,0x2c,0x01,0x2c,0x01,0x2c,0x01,0x2c,0x01,0x2c,
0x01,0x2c,0x01,0x2c,0x01,0x2c,0xe1,0x2b,0x21,0x2c,0x41,0x23,0xc1,0x08,0xc1,0x08,
0xc1,0x08,0xc1,0x08,0xc1,0x08,0xc1,0x08,0xc1,0x08,0xc1,0x08,0xc1,0x08,0xc1,0x08,
0xc1,0x08,0xc1,0x08,0xc1,0x08,0xc1,0x08,0xc1,0x08,0xc1,0x08,0xc1,0x08,0xc1,0x08,
0xc1,0x08,0xc1,0x08,0xc1,0x08,0xc1,0x08,0xc1,0x08,0xc1,0x08,0xc1,0x08,0xc1,0x08,
0xc1,0x08,0xc1,0x08,0xc1,0x08,0xc1,0x08,0xc1,0x08,0xc1,0x08,0xe1,0x08,0xa1,0x08,
0xe1,0x11,0x21,0x2c,0xe1,0x2b,0x01,0x2c,0x01,0x2c,0x01,0x2c,0x01,0x2c,0x01,0x2c,
0x01,0x2c,0x01,0x2c,0x01,0x2c,0x01,0x2c,0x01,0x2c,0x01,0x2c,0x01,0x2c,0xe1,0x2b,
0x21,0x2c,0xe1,0x22,0xa1,0x08,0xe1,0x08,0xc1,0x08,0xc1,0x08,0xc1,0x08,0xc1,0x08,
0xc1,0x08,0xc1,0x08,0xc1,0x08,0xc1,0x08,0xc1,0x08,0xc1,0x08,0xc1,0x08,0xe1,0x08,
0xa1,0x08,0xe1,0x11,0x21,0x2c,0xe1,0x2b,0x01,0x2c,0x01,0x2c,0x01,0x2c,0x01,0x2c,
0xe1,0x2b,0x21,0x2c,0x81,0x1a,0xa1,0x08,0xe1,0x08,0xc1,0x08,0xc1,0x08,0xc1,0x08,
0xc1,0x08,0xc1,0x08,0xc1,0x08,0xc1,0x08,0xc1,0x08,0xc1,0x08,0xc1,0x08,0xc1,0x08,
0xc1,0x08,0xc1,0x08,0xe1,0x08,0xa1,0x08,0x61,0x11,0x01,0x2c,0x01,0x2c,0x01,0x2c,
0x01,0x2c,0x01,0x2c,0x01,0x2c,0x01,0x2c,0x01,0x2c,0x01,0x2c,0xe1,0x2b,0x21,0x2c,
0x61,0x1a,0xa1,0x08,0xe1,0x08,0xc1,0x08,0xc1,0x08,0xc1,0x08,0xc1,0x08,0xc1,0x08,
0xc1,0x08,0xc1,0x08,0xc1,0x08,0xc1,0x08,0xc1,0x08,0xc1,0x08,0xc1,0x08,0xc1,0x08,
0xe1,0x08,0xc1,0x08,0x21,0x11,0xe1,0x2b,0x01,0x2c,0x01,0x2c,0x01,0x2c,0x01,0x2c,
0x01,0x2c,0xe1,0x2b,0x21,0x2c,0x61,0x23,0xe1,0x08,0xc1,0x08,0xc1,0x08,0xc1,0x08,
0xc1,0x08,0xc1,0x08,0xc1,0x08,0xc1,0x08,0xc1,0x08,0xc1,0x08,0xc1,0x08,0xc1,0x08,
0xc1,0x08,0x01,0x23,0x21,0x2c,0xe1,0x2b,0x01,0x2c,0x01,0x2c,0x01,0x2c,0x01,0x2c,
0x01,0x2c,0x01,0x2c,0x01,0x2c,0xe1,0x2b,0x01,0x2c,0x21,0x2c,0x21,0x2c,0x21,0x2c,
0x21,0x2c,0x21,0x2c,0x21,0x2c,0x21,0x2c,0x21,0x2c,0x21,0x2c,0x01,0x2c,0x01,0x2c,
0xe1,0x2b,0x01,0x2c,0x01,0x2c,0x01,0x2c,0x01,0x2c,0xe1,0x2b,0x01,0x2c,0x21,0x2c,
0x81,0x1a,0x81,0x08,0xe1,0x1a,0x21,0x2c,0xe1,0x2b,0x01,0x2c,0x01,0x2c,0x01,0x2c,
0xe1,0x2b,0x01,0x2c,0x81,0x23,0xe1,0x08,0xc1,0x08,0xc1,0x08,0xc1,0x08,0xc1,0x08,
0xc1,0x08,0xc1,0x08,0xc1,0x08,0xc1,0x08,0xc1,0x08,0xc1,0x08,0xc1,0x08,0x41,0x23,
0x21,0x2c,0xe1,0x2b,0x01,0x2c,0x01,0x2c,0x01,0x2c,0xe1,0x2b,0x21,0x2c,0x41,0x23,
0xc1,0x08,0xc1,0x08,0xc1,0x08,0xc1,0x08,0xc1,0x08,0xc1,0x08,0xc1,0x08,0xc1,0x08,
0xc1,0x08,0xc1,0x08,0xc1,0x08,0xc1,0x08,0xc1,0x08,0xc1,0x08,0xc1,0x08,0xc1,0x08,
0xc1,0x08,0xc1,0x08,0xc1,0x08,0xc1,0x08,0xc1,0x08,0xe1,0x08,0xa1,0x08,0x61,0x1a,
0x21,0x2c,0xe1,0x2b,0x01,0x2c,0x01,0x2c,0x01,0x2c,0x01,0x2c,0x01,0x2c,0xc1,0x2b,
0x41,0x11,0xc1,0x08,0xe1,0x08,0xc1,0x08,0xc1,0x08,0xc1,0x08,0xc1,0x08,0xc1,0x08,
0xc1,0x08,0xc1,0x08,0xc1,0x08,0xc1,0x08,0xc1,0x08,0xe1,0x10,0x82,0xc4,0x82,0xf5,
0x42,0xe5,0x42,0xed,0x42,0xed,0x42,0xed,0x42,0xed,0x42,0xe5,0xa2,0xfd,0x61,0x5a,
0x81,0x00,0xe1,0x10,0xc1,0x08,0xc1,0x08,0xc1,0x08,0xc1,0x08,0xc1,0x08,0xc1,0x08,
0xc1,0x08,0xc1,0x08,0xc1,0x08,0xc1,0x08,0xc1,0x08,0xc1,0x08,0xc1,0x08,0xc1,0x08,
0xc1,0x08,0xc1,0x08,0xc1,0x08,0xc1,0x08,0xc1,0x08,0xc1,0x08,0xc1,0x08,0xc1,0x08,
0xc1,0x08,0xc1,0x08,0xc1,0x08,0xc1,0x08,0xc1,0x08,0xc1,0x08,0xc1,0x08,0xc1,0x08,
0xc1,0x08,0xc1,0x08,0xc1,0x08,0xc1,0x08,0xc1,0x08,0xc1,0x08,0xc1,0x08,0xc1,0x08,
0xc1,0x08,0xc1,0x08,0xc1,0x08,0xc1,0x08,0xc1,0x08,0xc1,0x08,0xc1,0x08,0xc1,0x08,
0xc1,0x08,0xc1,0x08,0xc1,0x08,0xe1,0x10,0x81,0x00,0x01,0x7b,0xa2,0xfd,0x42,0xe5,
0x42,0xed,0x42,0xed,0x42,0xed,0x42,0xed,0x62,0xed,0x22,0xdd,0x61,0x29,0xa1,0x08,
0xe1,0x08,0xc1,0x08,0xc1,0x08,0xc1,0x08,0xc1,0x08,0xc1,0x08,0xc1,0x08,0xc1,0x08,
0xc1,0x08,0xc1,0x08,0xc1,0x08,0xc1,0x08,0xc1,0x08,0xc1,0x08,0xc1,0x08,0xc1,0x08,
0xc1,0x08,0xc1,0x08,0xc1,0x08,0xc1,0x08,0xc1,0x08,0xc1,0x08,0xc1,0x08,0xe1,0x10,
0xa1,0x00,0x61,0x21,0xc2,0xcc,0x82,0xf5,0x42,0xe5,0x42,0xed,0x42,0xed,0x42,0xed,
0x42,0xed,0x42,0xed,0x42,0xed,0x42,0xed,0x42,0xe5,0x42,0xe5,0x62,0xed,0x82,0xf5,
0x82,0xf5,0x82,0xf5,0x82,0xf5,0x82,0xf5,0x82,0xf5,0x62,0xed,0x42,0xe5,0x42,0xe5,
0x42,0xed,0x42,0xed,0x42,0xed,0x42,0xed,0x42,0xed,0x42,0xed,0x42,0xed,0x42,0xe5,
0x62,0xed,0x62,0xf5,0xa1,0x6a,0x81,0x00,0xe1,0x10,0xc1,0x08,0xc1,0x08,0xc1,0x08,
0xc1,0x08,0xc1,0x08,0xc1,0x08,0xc1,0x08,0xc1,0x08,0xc1,0x08,0xc1,0x08,0xc1,0x08,
0xc1,0x08,0xc1,0x08,0xc1,0x08,0xc1,0x08,0xc1,0x08,0xc1,0x08,0xc1,0x08,0xc1,0x08,
0xc1,0x08,0xc1,0x08,0xc1,0x08,0xc1,0x08,0xc1,0x08,0xc1,0x08,0xc1,0x08,0xc1,0x08,
0xc1,0x08,0xc1,0x08,0xc1,0x08,0xc1,0x08,0xc1,0x08,0xc1,0x08,0xc1,0x08,0xc1,0x08,
0xc1,0x08,0xc1,0x08,0xc1,0x08,0xc1,0x08,0xc1,0x08,0xc1,0x08,0xc1,0x08,0xc1,0x08,
0xc1,0x08,0xc1,0x08,0xc1,0x08,0xe1,0x08,0xc1,0x08,0x01,0x11,0xc1,0x23,0x01,0x2c,
0xe1,0x2b,0x01,0x2c,0x01,0x2c,0x01,0x2c,0x01,0x2c,0x01,0x2c,0x01,0x2c,0x01,0x2c,
0x01,0x2c,0x01,0x2c,0x01,0x2c,0x01,0x2c,0xe1,0x2b,0x01,0x2c,0xa1,0x23,0x01,0x11,
0xc1,0x08,0xc1,0x08,0xe1,0x08,0xa1,0x08,0xe1,0x22,0x21,0x2c,0xe1,0x2b,0x01,0x2c,
0x01,0x2c,0x01,0x2c,0x01,0x2c,0x01,0x2c,0x01,0x2c,0x01,0x2c,0x01,0x2c,0x01,0x2c,
0x01,0x2c,0x01,0x2c,0x01,0x2c,0xe1,0x2b,0x21,0x2c,0xe1,0x11,0xa1,0x08,0xe1,0x08,
0xc1,0x08,0xc1,0x08,0xc1,0x08,0xc1,0x08,0xc1,0x08,0xc1,0x08,0xc1,0x08,0xc1,0x08,
0xc1,0x08,0xc1,0x08,0xc1,0x08,0xc1,0x08,0xc1,0x08,0xc1,0x08,0xc1,0x08,0xc1,0x08,
0xc1,0x08,0xc1,0x08,0xc1,0x08,0xc1,0x08,0xc1,0x08,0xc1,0x08,0xc1,0x08,0xc1,0x08,
0xc1,0x08,0xc1,0x08,0xc1,0x08,0xc1,0x08,0xc1,0x08,0xc1,0x08,0xc1,0x08,0xc1,0x08,
0xe1,0x08,0x81,0x23,0x01,0x2c,0xe1,0x2b,0x01,0x2c,0x01,0x2c,0x01,0x2c,0x01,0x2c,
0x01,0x2c,0x01,0x2c,0x01,0x2c,0x01,0x2c,0x01,0x2c,0x01,0x2c,0x01,0x2c,0x01,0x2c,
0x01,0x2c,0xe1,0x2b,0x61,0x11,0xa1,0x08,0xe1,0x08,0xc1,0x08,0xc1,0x08,0xc1,0x08,
0xc1,0x08,0xc1,0x08,0xc1,0x08,0xc1,0x08,0xc1,0x08,0xc1,0x08,0xc1,0x08,0xe1,0x08,
0xa1,0x08,0xe1,0x11,0x21,0x2c,0xe1,0x2b,0x01,0x2c,0x01,0x2c,0x01,0x2c,0x01,0x2c,
0xe1,0x2b,0x21,0x2c,0x81,0x1a,0xa1,0x08,0xe1,0x08,0xc1,0x08,0xc1,0x08,0xc1,0x08,
0xc1,0x08,0xc1,0x08,0xc1,0x08,0xc1,0x08,0xc1,0x08,0xc1,0x08,0xc1,0x08,0xc1,0x08,
0xc1,0x08,0xc1,0x08,0xc1,0x08,0xc1,0x08,0xc1,0x08,0x61,0x23,0x21,0x2c,0xe1,0x2b,
0x01,0x2c,0x01,0x2c,0x01,0x2c,0x01,0x2c,0x01,0x2c,0x01,0x2c,0x01,0x2c,0x01,0x2c,
0x61,0x11,0xa1,0x08,0xe1,0x08,0xc1,0x08,0xc1,0x08,0xc1,0x08,0xc1,0x08,0xc1,0x08,
0xc1,0x08,0xc1,0x08,0xc1,0x08,0xc1,0x08,0xc1,0x08,0xc1,0x08,0xc1,0x08,0xc1,0x08,
0xe1,0x08,0xc1,0x08,0x21,0x11,0xe1,0x2b,0x01,0x2c,0x01,0x2c,0x01,0x2c,0x01,0x2c,
0x01,0x2c,0xe1,0x2b,0x21,0x2c,0x61,0x23,0xe1,0x08,0xc1,0x08,0xc1,0x08,0xc1,0x08,
0xc1,0x08,0xc1,0x08,0xc1,0x08,0xc1,0x08,0xc1,0x08,0xc1,0x08,0xc1,0x08,0xe1,0x08,
0xc1,0x08,0x01,0x11,0x81,0x23,0x21,0x2c,0xe1,0x2b,0x01,0x2c,0x01,0x2c,0x01,0x2c,
0x01,0x2c,0x01,0x2c,0x01,0x2c,0x01,0x2c,0x01,0x2c,0xe1,0x2b,0xe1,0x2b,0xe1,0x2b,
0xe1,0x2b,0xe1,0x2b,0xe1,0x2b,0xe1,0x2b,0xe1,0x2b,0xe1,0x2b,0xe1,0x2b,0x01,0x2c,
0x01,0x2c,0x01,0x2c,0x01,0x2c,0xe1,0x2b,0xe1,0x2b,0x21,0x2c,0xc1,0x2b,0xe1,0x11,
0xa1,0x08,0xa1,0x08,0x61,0x1a,0x21,0x2c,0xe1,0x2b,0x01,0x2c,0x01,0x2c,0x01,0x2c,
0x01,0x2c,0x01,0x2c,0xe1,0x2b,0x61,0x11,0xa1,0x08,0xe1,0x08,0xc1,0x08,0xc1,0x08,
0xc1,0x08,0xc1,0x08,0xc1,0x08,0xc1,0x08,0xc1,0x08,0xc1,0x08,0xc1,0x08,0x41,0x23,
0x21,0x2c,0xe1,0x2b,0x01,0x2c,0x01,0x2c,0x01,0x2c,0xe1,0x2b,0x21,0x2c,0x41,0x23,
0xc1,0x08,0xc1,0x08,0xc1,0x08,0xc1,0x08,0xc1,0x08,0xc1,0x08,0xc1,0x08,0xc1,0x08,
0xc1,0x08,0xc1,0x08,0xc1,0x08,0xc1,0x08,0xc1,0x08,0xc1,0x08,0xc1,0x08,0xc1,0x08,
0xc1,0x08,0xc1,0x08,0xc1,0x08,0xc1,0x08,0xc1,0x08,0xe1,0x08,0xa1,0x08,0x61,0x1a,
0x21,0x2c,0xe1,0x2b,0x01,0x2c,0x01,0x2c,0x01,0x2c,0x01,0x2c,0x01,0x2c,0xc1,0x2b,
0x41,0x11,0xc1,0x08,0xe1,0x08,0xc1,0x08,0xc1,0x08,0xc1,0x08,0xc1,0x08,0xc1,0x08,
0xc1,0x08,0xc1,0x08,0xc1,0x08,0xc1,0x08,0xc1,0x08,0xe1,0x10,0x82,0xc4,0x82,0xf5,
0x42,0xe5,0x42,0xed,0x42,0xed,0x42,0xed,0x42,0xed,0x42,0xe5,0xa2,0xfd,0x61,0x5a,
0x81,0x00,0xe1,0x10,0xc1,0x08,0xc1,0x08,0xc1,0x08,0xc1,0x08,0xc1,0x08,0xc1,0x08,
0xc1,0x08,0xc1,0x08,0xc1,0x08,0xc1,0x08,0xc1,0x08,0xc1,0x08,0xc1,0x08,0xc1,0x08,
0xc1,0x08,0xc1,0x08,0xc1,0x08,0xc1,0x08,0xc1,0x08,0xc1,0x08,0xc1,0x08,0xc1,0x08,
0xc1,0x08,0xc1,0x08,0xc1,0x08,0xc1,0x08,0xc1,0x08,0xc1,0x08,0xc1,0x08,0xc1,0x08,
0xc1,0x08,0xc1,0x08,0xc1,0x08,0xc1,0x08,0xc1,0x08,0xc1,0x08,0xc1,0x08,0xc1,0x08,
0xc1,0x08,0xc1,0x08,0xc1,0x08,0xc1,0x08,0xc1,0x08,0xc1,0x08,0xc1,0x08,0xc1,0x08,
0xc1,0x08,0xc1,0x08,0xc1,0x08,0xe1,0x10,0x81,0x00,0x01,0x7b,0xa2,0xfd,0x42,0xe5,
0x42,0xed,0x42,0xed,0x42,0xed,0x42,0xed,0x62,0xed,0x22,0xdd,0x61,0x29,0xa1,0x08,
0xe1,0x08,0xc1,0x08,0xc1,0x08,0xc1,0x08,0xc1,0x08,0xc1,0x08,0xc1,0x08,0xc1,0x08,
0xc1,0x08,0xc1,0x08,0xc1,0x08,0xc1,0x08,0xc1,0x08,0xc1,0x08,0xc1,0x08,0xc1,0x08,
0xc1,0x08,0xc1,0x08,0xc1,0x08,0xc1,0x08,0xc1,0x08,0xc1,0x08,0xc1,0x08,0xc1,0x08,
0xe1,0x10,0xa1,0x00,0x41,0x21,0x62,0xbc,0xa2,0xfd,0x42,0xe5,0x42,0xe5,0x42,0xed,
0x42,0xed,0x42,0xed,0x42,0xed,0x42,0xed,0x42,0xed,0x42,0xed,0x42,0xed,0x42,0xe5,
0x42,0xe5,0x42,0xe5,0x42,0xe5,0x42,0xe5,0x42,0xe5,0x42,0xed,0x42,0xed,0x42,0xed,
0x42,0xed,0x42,0xed,0x42,0xed,0x42,0xed,0x42,0xed,0x42,0xed,0x42,0xe5,0x82,0xf5,
0x22,0xdd,0x21,0x52,0x81,0x00,0xe1,0x10,0xc1,0x08,0xc1,0x08,0xc1,0x08,0xc1,0x08,
0xc1,0x08,0xc1,0x08,0xc1,0x08,0xc1,0x08,0xc1,0x08,0xc1,0x08,0xc1,0x08,0xc1,0x08,
0xc1,0x08,0xc1,0x08,0xc1,0x08,0xc1,0x08,0xc1,0x08,0xc1,0x08,0xc1,0x08,0xc1,0x08,
0xc1,0x08,0xc1,0x08,0xc1,0x08,0xc1,0x08,0xc1,0x08,0xc1,0x08,0xc1,0x08,0xc1,0x08,
0xc1,0x08,0xc1,0x08,0xc1,0x08,0xc1,0x08,0xc1,0x08,0xc1,0x08,0xc1,0x08,0xc1,0x08,
0xc1,0x08,0xc1,0x08,0xc1,0x08,0xc1,0x08,0xc1,0x08,0xc1,0x08,0xc1,0x08,0xc1,0x08,
0xc1,0x08,0xc1,0x08,0xc1,0x08,0xe1,0x08,0xa1,0x08,0x61,0x1a,0x21,0x2c,0xe1,0x2b,
0x01,0x2c,0x01,0x2c,0x01,0x2c,0x01,0x2c,0x01,0x2c,0x01,0x2c,0x01,0x2c,0x01,0x2c,
0x01,0x2c,0x01,0x2c,0x01,0x2c,0x01,0x2c,0xe1,0x2b,0x21,0x2c,0x61,0x1a,0xa1,0x08,
0xe1,0x08,0xe1,0x08,0xa1,0x08,0x61,0x11,0xe1,0x2b,0x01,0x2c,0x01,0x2c,0x01,0x2c,
0x01,0x2c,0x01,0x2c,0x01,0x2c,0x01,0x2c,0x01,0x2c,0x01,0x2c,0x01,0x2c,0x01,0x2c,
0x01,0x2c,0x01,0x2c,0xe1,0x2b,0x21,0x2c,0x61,0x23,0xc1,0x08,0xc1,0x08,0xc1,0x08,
0xc1,0x08,0xc1,0x08,0xc1,0x08,0xc1,0x08,0xc1,0x08,0xc1,0x08,0xc1,0x08,0xc1,0x08,
0xc1,0x08,0xc1,0x08,0xc1,0x08,0xc1,0x08,0xc1,0x08,0xc1,0x08,0xc1,0x08,0xc1,0x08,
0xc1,0x08,0xc1,0x08,0xc1,0x08,0xc1,0x08,0xc1,0x08,0xc1,0x08,0xc1,0x08,0xc1,0x08,
0xc1,0x08,0xc1,0x08,0xc1,0x08,0xc1,0x08,0xc1,0x08,0xc1,0x08,0xc1,0x08,0xe1,0x08,
0xa1,0x08,0x01,0x1a,0x21,0x2c,0xe1,0x2b,0x01,0x2c,0x01,0x2c,0x01,0x2c,0x01,0x2c,
0x01,0x2c,0x01,0x2c,0x01,0x2c,0x01,0x2c,0x01,0x2c,0x01,0x2c,0x01,0x2c,0x01,0x2c,
0xe1,0x2b,0x21,0x2c,0xa1,0x1a,0xa1,0x08,0xe1,0x08,0xc1,0x08,0xc1,0x08,0xc1,0x08,
0xc1,0x08,0xc1,0x08,0xc1,0x08,0xc1,0x08,0xc1,0x08,0xc1,0x08,0xc1,0x08,0xe1,0x08,
0xa1,0x08,0xe1,0x11,0x21,0x2c,0xe1,0x2b,0x01,0x2c,0x01,0x2c,0x01,0x2c,0x01,0x2c,
0xe1,0x2b,0x21,0x2c,0x81,0x1a,0xa1,0x08,0xe1,0x08,0xc1,0x08,0xc1,0x08,0xc1,0x08,
0xc1,0x08,0xc1,0x08,0xc1,0x08,0xc1,0x08,0xc1,0x08,0xc1,0x08,0xc1,0x08,0xc1,0x08,
0xc1,0x08,0xc1,0x08,0xc1,0x08,0xe1,0x08,0xa1,0x08,0x61,0x1a,0x21,0x2c,0xe1,0x2b,
0x01,0x2c,0x01,0x2c,0x01,0x2c,0x01,0x2c,0x01,0x2c,0xe1,0x2b,0x21,0x2c,0x61,0x23,
0xc1,0x08,0xc1,0x08,0xc1,0x08,0xc1,0x08,0xc1,0x08,0xc1,0x08,0xc1,0x08,0xc1,0x08,
0xc1,0x08,0xc1,0x08,0xc1,0x08,0xc1,0x08,0xc1,0x08,0xc1,0x08,0xc1,0x08,0xc1,0x08,
0xe1,0x08,0xc1,0x08,0x21,0x11,0xe1,0x2b,0x01,0x2c,0x01,0x2c,0x01,0x2c,0x01,0x2c,
0x01,0x2c,0xe1,0x2b,0x21,0x2c,0x61,0x23,0xe1,0x08,0xc1,0x08,0xc1,0x08,0xc1,0x08,
0xc1,0x08,0xc1,0x08,0xc1,0x08,0xc1,0x08,0xc1,0x08,0xc1,0x08,0xc1,0x08,0xc1,0x08,
0xe1,0x08,0xa1,0x08,0x21,0x11,0x81,0x23,0x21,0x2c,0xe1,0x2b,0xe1,0x2b,0x01,0x2c,
0x01,0x2c,0x01,0x2c,0x01,0x2c,0x01,0x2c,0x01,0x2c,0x01,0x2c,0x01,0x2c,0x01,0x2c,
0x01,0x2c,0x01,0x2c,0x01,0x2c,0x01,0x2c,0x01,0x2c,0x01,0x2c,0x01,0x2c,0x01,0x2c,
0x01,0x2c,0xe1,0x2b,0xe1,0x2b,0x01,0x2c,0x21,0x2c,0x01,0x23,0x21,0x11,0xa1,0x08,
0xe1,0x08,0xa1,0x08,0xa1,0x11,0x01,0x2c,0xe1,0x2b,0x01,0x2c,0x01,0x2c,0x01,0x2c,
0x01,0x2c,0xe1,0x2b,0x21,0x2c,0x41,0x1a,0xa1,0x08,0xe1,0x08,0xc1,0x08,0xc1,0x08,
0xc1,0x08,0xc1,0x08,0xc1,0x08,0xc1,0x08,0xc1,0x08,0xc1,0x08,0xc1,0x08,0x41,0x23,
0x21,0x2c,0xe1,0x2b,0x01,0x2c,0x01,0x2c,0x01,0x2c,0xe1,0x2b,0x21,0x2c,0x41,0x23,
0xc1,0x08,0xc1,0x08,0xc1,0x08,0xc1,0x08,0xc1,0x08,0xc1,0x08,0xc1,0x08,0xc1,0x08,
0xc1,0x08,0xc1,0x08,0xc1,0x08,0xc1,0x08,0xc1,0x08,0xc1,0x08,0xc1,0x08,0xc1,0x08,
0xc1,0x08,0xc1,0x08,0xc1,0x08,0xc1,0x08,0xc1,0x08,0xe1,0x08,0xa1,0x08,0x61,0x1a,
0x21,0x2c,0xe1,0x2b,0x01,0x2c,0x01,0x2c,0x01,0x2c,0x01,0x2c,0x01,0x2c,0xc1,0x2b,
0x41,0x11,0xc1,0x08,0xe1,0x08,0xc1,0x08,0xc1,0x08,0xc1,0x08,0xc1,0x08,0xc1,0x08,
0xc1,0x08,0xc1,0x08,0xc1,0x08,0xc1,0x08,0xc1,0x08,0xe1,0x10,0x82,0xc4,0x82,0xf5,
0x42,0xe5,0x42,0xed,0x42,0xed,0x42,0xed,0x42,0xed,0x42,0xe5,0xa2,0xfd,0x61,0x5a,
0x81,0x00,0xe1,0x10,0xc1,0x08,0xc1,0x08,0xc1,0x08,0xc1,0x08,0xc1,0x08,0xc1,0x08,
0xc1,0x08,0xc1,0x08,0xc1,0x08,0xc1,0x08,0xc1,0x08,0xc1,0x08,0xc1,0x08,0xc1,0x08,
0xc1,0x08,0xc1,0x08,0xc1,0x08,0xc1,0x08,0xc1,0x08,0xc1,0x08,0xc1,0x08,0xc1,0x08,
0xc1,0x08,0xc1,0x08,0xc1,0x08,0xc1,0x08,0xc1,0x08,0xc1,0x08,0xc1,0x08,0xc1,0x08,
0xc1,0x08,0xc1,0x08,0xc1,0x08,0xc1,0x08,0xc1,0x08,0xc1,0x08,0xc1,0x08,0xc1,0x08,
0xc1,0x08,0xc1,0x08,0xc1,0x08,0xc1,0x08,0xc1,0x08,0xc1,0x08,0xc1,0x08,0xc1,0x08,
0xc1,0x08,0xc1,0x08,0xc1,0x08,0xe1,0x10,0x81,0x00,0x01,0x7b,0xa2,0xfd,0x42,0xe5,
0x42,0xed,0x42,0xed,0x42,0xed,0x42,0xed,0x62,0xed,0x22,0xdd,0x61,0x29,0xa1,0x08,
0xe1,0x08,0xc1,0x08,0xc1,0x08,0xc1,0x08,0xc1,0x08,0xc1,0x08,0xc1,0x08,0xc1,0x08,
0xc1,0x08,0xc1,0x08,0xc1,0x08,0xc1,0x08,0xc1,0x08,0xc1,0x08,0xc1,0x08,0xc1,0x08,
0xc1,0x08,0xc1,0x08,0xc1,0x08,0xc1,0x08,0xc1,0x08,0xc1,0x08,0xc1,0x08,0xc1,0x08,
0xc1,0x08,0xe1,0x10,0xa1,0x00,0xe1,0x10,0x81,0x93,0x82,0xf5,0x82,0xf5,0x42,0xe5,
0x42,0xe5,0x42,0xed,0x42,0xed,0x42,0xed,0x42,0xed,0x42,0xed,0x42,0xed,0x42,0xed,
0x42,0xed,0x42,0xed,0x42,0xed,0x42,0xed,0x42,0xed,0x42,0xed,0x42,0xed,0x42,0xed,
0x42,0xed,0x42,0xed,0x42,0xed,0x42,0xe5,0x42,0xe5,0x62,0xed,0xa2,0xf5,0x42,0xb4,
0x81,0x29,0x81,0x00,0xe1,0x10,0xc1,0x08,0xc1,0x08,0xc1,0x08,0xc1,0x08,0xc1,0x08,
0xc1,0x08,0xc1,0x08,0xc1,0x08,0xc1,0x08,0xc1,0x08,0xc1,0x08,0xc1,0x08,0xc1,0x08,
0xc1,0x08,0xc1,0x08,0xc1,0x08,0xc1,0x08,0xc1,0x08,0xc1,0x08,0xc1,0x08,0xc1,0x08,
0xc1,0x08,0xc1,0x08,0xc1,0x08,0xc1,0x08,0xc1,0x08,0xc1,0x08,0xc1,0x08,0xc1,0x08,
0xc1,0x08,0xc1,0x08,0xc1,0x08,0xc1,0x08,0xc1,0x08,0xc1,0x08,0xc1,0x08,0xc1,0x08,
0xc1,0x08,0xc1,0x08,0xc1,0x08,0xc1,0x08,0xc1,0x08,0xc1,0x08,0xc1,0x08,0xc1,0x08,
0xc1,0x08,0xc1,0x08,0xc1,0x08,0xc1,0x08,0x01,0x09,0xa1,0x23,0x01,0x2c,0xe1,0x2b,
0xe1,0x2b,0xe1,0x2b,0xe1,0x2b,0xe1,0x2b,0xe1,0x2b,0xe1,0x2b,0xe1,0x2b,0xe1,0x2b,
0xe1,0x2b,0xe1,0x2b,0xe1,0x2b,0xe1,0x2b,0x01,0x2c,0xc1,0x2b,0x21,0x11,0xc1,0x08,
0xc1,0x08,0xe1,0x08,0xa1,0x08,0xc1,0x1a,0x21,0x2c,0xe1,0x2b,0xe1,0x2b,0xe1,0x2b,
0xe1,0x2b,0xe1,0x2b,0xe1,0x2b,0xe1,0x2b,0xe1,0x2b,0xe1,0x2b,0xe1,0x2b,0xe1,0x2b,
0xe1,0x2b,0xe1,0x2b,0xe1,0x2b,0x21,0x2c,0x01,0x1a,0xa1,0x08,0xe1,0x08,0xc1,0x08,
0xc1,0x08,0xc1,0x08,0xc1,0x08,0xc1,0x08,0xc1,0x08,0xc1,0x08,0xc1,0x08,0xc1,0x08,
0xc1,0x08,0xc1,0x08,0xc1,0x08,0xc1,0x08,0xc1,0x08,0xc1,0x08,0xc1,0x08,0xc1,0x08,
0xc1,0x08,0xc1,0x08,0xc1,0x08,0xc1,0x08,0xc1,0x08,0xc1,0x08,0xc1,0x08,0xc1,0x08,
0xc1,0x08,0xc1,0x08,0xc1,0x08,0xc1,0x08,0xc1,0x08,0xc1,0x08,0xc1,0x08,0xc1,0x08,
0xc1,0x08,0xe1,0x08,0x81,0x23,0x01,0x2c,0xe1,0x2b,0xe1,0x2b,0xe1,0x2b,0xe1,0x2b,
0xe1,0x2b,0xe1,0x2b,0xe1,0x2b,0xe1,0x2b,0xe1,0x2b,0xe1,0x2b,0xe1,0x2b,0xe1,0x2b,
0xe1,0x2b,0x01,0x2c,0xc1,0x2b,0x21,0x11,0xc1,0x08,0xe1,0x08,0xc1,0x08,0xc1,0x08,
0xc1,0x08,0xc1,0x08,0xc1,0x08,0xc1,0x08,0xc1,0x08,0xc1,0x08,0xc1,0x08,0xe1,0x08,
0xa1,0x08,0xe1,0x11,0x01,0x2c,0xe1,0x2b,0xe1,0x2b,0xe1,0x2b,0xe1,0x2b,0xe1,0x2b,
0xe1,0x2b,0x21,0x2c,0x81,0x1a,0xa1,0x08,0xe1,0x08,0xc1,0x08,0xc1,0x08,0xc1,0x08,
0xc1,0x08,0xc1,0x08,0xc1,0x08,0xc1,0x08,0xc1,0x08,0xc1,0x08,0xc1,0x08,0xc1,0x08,
0xc1,0x08,0xc1,0x08,0xc1,0x08,0xe1,0x08,0xa1,0x08,0x61,0x11,0x01,0x2c,0xe1,0x2b,
0xe1,0x2b,0xe1,0x2b,0xe1,0x2b,0xe1,0x2b,0xe1,0x2b,0xe1,0x2b,0x21,0x2c,0x61,0x1a,
0xa1,0x08,0xe1,0x08,0xc1,0x08,0xc1,0x08,0xc1,0x08,0xc1,0x08,0xc1,0x08,0xc1,0x08,
0xc1,0x08,0xc1,0x08,0xc1,0x08,0xc1,0x08,0xc1,0x08,0xc1,0x08,0xc1,0x08,0xc1,0x08,
0xe1,0x08,0xc1,0x08,0x21,0x11,0xc1,0x2b,0xe1,0x2b,0xe1,0x2b,0xe1,0x2b,0xe1,0x2b,
0xe1,0x2b,0xe1,0x2b,0x01,0x2c,0x61,0x23,0xe1,0x08,0xc1,0x08,0xc1,0x08,0xc1,0x08,
0xc1,0x08,0xc1,0x08,0xc1,0x08,0xc1,0x08,0xc1,0x08,0xc1,0x08,0xc1,0x08,0xc1,0x08,
0xc1,0x08,0xe1,0x08,0xc1,0x08,0x01,0x11,0x01,0x23,0x21,0x2c,0x01,0x2c,0xe1,0x2b,
0xe1,0x2b,0xe1,0x2b,0x01,0x2c,0x01,0x2c,0x01,0x2c,0x01,0x2c,0x01,0x2c,0x01,0x2c,
0x01,0x2c,0x01,0x2c,0x01,0x2c,0x01,0x2c,0x01,0x2c,0x01,0x2c,0xe1,0x2b,0xe1,0x2b,
0x01,0x2c,0x21,0x2c,0x21,0x2c,0x81,0x23,0xe1,0x11,0xc1,0x08,0xc1,0x08,0xe1,0x08,
0xe1,0x08,0xc1,0x08,0x01,0x11,0xc1,0x23,0x01,0x2c,0xe1,0x2b,0xe1,0x2b,0xe1,0x2b,
0xe1,0x2b,0xe1,0x2b,0x01,0x2c,0x61,0x23,0xc1,0x08,0xc1,0x08,0xc1,0x08,0xc1,0x08,
0xc1,0x08,0xc1,0x08,0xc1,0x08,0xc1,0x08,0xc1,0x08,0xc1,0x08,0xc1,0x08,0x21,0x23,
0x01,0x2c,0xe1,0x2b,0xe1,0x2b,0xe1,0x2b,0xe1,0x2b,0xe1,0x2b,0x01,0x2c,0x41,0x23,
0xc1,0x08,0xc1,0x08,0xc1,0x08,0xc1,0x08,0xc1,0x08,0xc1,0x08,0xc1,0x08,0xc1,0x08,
0xc1,0x08,0xc1,0x08,0xc1,0x08,0xc1,0x08,0xc1,0x08,0xc1,0x08,0xc1,0x08,0xc1,0x08,
0xc1,0x08,0xc1,0x08,0xc1,0x08,0xc1,0x08,0xc1,0x08,0xe1,0x08,0xa1,0x08,0x41,0x1a,
0x21,0x2c,0xe1,0x2b,0xe1,0x2b,0xe1,0x2b,0xe1,0x2b,0xe1,0x2b,0xe1,0x2b,0xc1,0x2b,
0x41,0x11,0xc1,0x08,0xe1,0x08,0xc1,0x08,0xc1,0x08,0xc1,0x08,0xc1,0x08,0xc1,0x08,
0xc1,0x08,0xc1,0x08,0xc1,0x08,0xc1,0x08,0xc1,0x08,0xe1,0x10,0x62,0xbc,0x62,0xed,
0x42,0xe5,0x42,0xe5,0x42,0xe5,0x42,0xe5,0x42,0xe5,0x22,0xe5,0x82,0xf5,0x61,0x5a,
0x81,0x00,0xe1,0x10,0xc1,0x08,0xc1,0x08,0xc1,0x08,0xc1,0x08,0xc1,0x08,0xc1,0x08,
0xc1,0x08,0xc1,0x08,0xc1,0x08,0xc1,0x08,0xc1,0x08,0xc1,0x08,0xc1,0x08,0xc1,0x08,
0xc1,0x08,0xc1,0x08,0xc1,0x08,0xc1,0x08,0xc1,0x08,0xc1,0x08,0xc1,0x08,0xc1,0x08,
0xc1,0x08,0xc1,0x08,0xc1,0x08,0xc1,0x08,0xc1,0x08,0xc1,0x08,0xc1,0x08,0xc1,0x08,
0xc1,0x08,0xc1,0x08,0xc1,0x08,0xc1,0x08,0xc1,0x08,0xc1,0x08,0xc1,0x08,0xc1,0x08,
0xc1,0x08,0xc1,0x08,0xc1,0x08,0xc1,0x08,0xc1,0x08,0xc1,0x08,0xc1,0x08,0xc1,0x08,
0xc1,0x08,0xc1,0x08,0xc1,0x08,0xe1,0x10,0x81,0x00,0x01,0x73,0x82,0xf5,0x22,0xe5,
0x42,0xe5,0x42,0xe5,0x42,0xe5,0x42,0xe5,0x42,0xed,0x02,0xdd,0x61,0x29,0xa1,0x08,
0xe1,0x08,0xc1,0x08,0xc1,0x08,0xc1,0x08,0xc1,0x08,0xc1,0x08,0xc1,0x08,0xc1,0x08,
0xc1,0x08,0xc1,0x08,0xc1,0x08,0xc1,0x08,0xc1,0x08,0xc1,0x08,0xc1,0x08,0xc1,0x08,
0xc1,0x08,0xc1,0x08,0xc1,0x08,0xc1,0x08,0xc1,0x08,0xc1,0x08,0xc1,0x08,0xc1,0x08,
0xc1,0x08,0xc1,0x08,0xe1,0x10,0xc1,0x08,0xa1,0x00,0x21,0x52,0xa2,0xcc,0xa2,0xfd,
0x82,0xf5,0x42,0xe5,0x42,0xe5,0x42,0xe5,0x42,0xed,0x42,0xed,0x42,0xed,0x42,0xed,
0x42,0xed,0x42,0xed,0x42,0xed,0x42,0xed,0x42,0xed,0x42,0xed,0x42,0xed,0x42,0xed,
0x42,0xed,0x42,0xe5,0x42,0xe5,0x62,0xed,0xa2,0xfd,0xe2,0xd4,0xa1,0x6a,0xc1,0x08,
0xa1,0x00,0xe1,0x10,0xc1,0x08,0xc1,0x08,0xc1,0x08,0xc1,0x08,0xc1,0x08,0xc1,0x08,
0xc1,0x08,0xc1,0x08,0xc1,0x08,0xc1,0x08,0xc1,0x08,0xc1,0x08,0xc1,0x08,0xc1,0x08,
0xc1,0x08,0xc1,0x08,0xc1,0x08,0xc1,0x08,0xc1,0x08,0xc1,0x08,0xc1,0x08,0xc1,0x08,
0xc1,0x08,0xc1,0x08,0xc1,0x08,0xc1,0x08,0xc1,0x08,0xc1,0x08,0xc1,0x08,0xc1,0x08,
0xc1,0x08,0xc1,0x08,0xc1,0x08,0xc1,0x08,0xc1,0x08,0xc1,0x08,0xc1,0x08,0xc1,0x08,
0xc1,0x08,0xc1,0x08,0xc1,0x08,0xc1,0x08,0xc1,0x08,0xc1,0x08,0xc1,0x08,0xc1,0x08,
0xc1,0x08,0xc1,0x08,0xe1,0x08,0xa1,0x08,0x61,0x1a,0x61,0x2c,0x21,0x2c,0x21,0x2c,
0x21,0x2c,0x21,0x2c,0x21,0x2c,0x21,0x2c,0x21,0x2c,0x21,0x2c,0x21,0x2c,0x21,0x2c,
0x21,0x2c,0x21,0x2c,0x21,0x2c,0x21,0x2c,0x61,0x2c,0xa1,0x1a,0xa1,0x08,0xe1,0x08,
0xe1,0x08,0xa1,0x08,0x61,0x11,0x21,0x2c,0x21,0x2c,0x21,0x2c,0x21,0x2c,0x21,0x2c,
0x21,0x2c,0x21,0x2c,0x21,0x2c,0x21,0x2c,0x21,0x2c,0x21,0x2c,0x21,0x2c,0x21,0x2c,
0x21,0x2c,0x21,0x2c,0x41,0x2c,0xa1,0x23,0xe1,0x08,0xc1,0x08,0xc1,0x08,0xc1,0x08,
0xc1,0x08,0xc1,0x08,0xc1,0x08,0xc1,0x08,0xc1,0x08,0xc1,0x08,0xc1,0x08,0xc1,0x08,
0xc1,0x08,0xc1,0x08,0xc1,0x08,0xc1,0x08,0xc1,0x08,0xc1,0x08,0xc1,0x08,0xc1,0x08,
0xc1,0x08,0xc1,0x08,0xc1,0x08,0xc1,0x08,0xc1,0x08,0xc1,0x08,0xc1,0x08,0xc1,0x08,
0xc1,0x08,0xc1,0x08,0xc1,0x08,0xc1,0x08,0xc1,0x08,0xc1,0x08,0xc1,0x08,0xc1,0x08,
0xe1,0x08,0xa1,0x08,0x41,0x1a,0x61,0x2c,0x21,0x2c,0x21,0x2c,0x21,0x2c,0x21,0x2c,
0x21,0x2c,0x21,0x2c,0x21,0x2c,0x21,0x2c,0x21,0x2c,0x21,0x2c,0x21,0x2c,0x21,0x2c,
0x21,0x2c,0x21,0x2c,0x61,0x2c,0xc1,0x1a,0xa1,0x08,0xe1,0x08,0xc1,0x08,0xc1,0x08,
0xc1,0x08,0xc1,0x08,0xc1,0x08,0xc1,0x08,0xc1,0x08,0xc1,0x08,0xc1,0x08,0xe1,0x08,
0xa1,0x08,0xe1,0x19,0x61,0x2c,0x21,0x2c,0x21,0x2c,0x21,0x2c,0x21,0x2c,0x21,0x2c,
0x21,0x2c,0x61,0x2c,0xa1,0x1a,0xa1,0x08,0xe1,0x08,0xc1,0x08,0xc1,0x08,0xc1,0x08,
0xc1,0x08,0xc1,0x08,0xc1,0x08,0xc1,0x08,0xc1,0x08,0xc1,0x08,0xc1,0x08,0xc1,0x08,
0xc1,0x08,0xc1,0x08,0xc1,0x08,0xc1,0x08,0xc1,0x08,0xe1,0x08,0x81,0x23,0x41,0x2c,
0x21,0x2c,0x21,0x2c,0x21,0x2c,0x21,0x2c,0x21,0x2c,0x41,0x2c,0x21,0x2c,0x61,0x11,
0xa1,0x08,0xe1,0x08,0xc1,0x08,0xc1,0x08,0xc1,0x08,0xc1,0x08,0xc1,0x08,0xc1,0x08,
0xc1,0x08,0xc1,0x08,0xc1,0x08,0xc1,0x08,0xc1,0x08,0xc1,0x08,0xc1,0x08,0xc1,0x08,
0xe1,0x08,0xc1,0x08,0x21,0x11,0x01,0x2c,0x41,0x2c,0x21,0x2c,0x21,0x2c,0x21,0x2c,
0x21,0x2c,0x21,0x2c,0x41,0x2c,0xa1,0x23,0xe1,0x08,0xc1,0x08,0xc1,0x08,0xc1,0x08,
0xc1,0x08,0xc1,0x08,0xc1,0x08,0xc1,0x08,0xc1,0x08,0xc1,0x08,0xc1,0x08,0xc1,0x08,
0xc1,0x08,0xc1,0x08,0xe1,0x08,0xc1,0x08,0xc1,0x08,0x01,0x1a,0x81,0x23,0x21,0x2c,
0x21,0x2c,0x01,0x2c,0xe1,0x2b,0xe1,0x2b,0xe1,0x2b,0xe1,0x2b,0xe1,0x2b,0xe1,0x2b,
0xe1,0x2b,0xe1,0x2b,0xe1,0x2b,0xe1,0x2b,0xe1,0x2b,0x01,0x2c,0x21,0x2c,0x21,0x2c,
0x01,0x2c,0x61,0x23,0x21,0x1a,0xe1,0x08,0xa1,0x08,0xe1,0x08,0xe1,0x08,0xc1,0x08,
0xc1,0x08,0xe1,0x08,0xa1,0x08,0xc1,0x22,0x61,0x2c,0x21,0x2c,0x21,0x2c,0x21,0x2c,
0x21,0x2c,0x21,0x2c,0x21,0x2c,0x41,0x2c,0x01,0x1a,0xa1,0x08,0xe1,0x08,0xc1,0x08,
0xc1,0x08,0xc1,0x08,0xc1,0x08,0xc1,0x08,0xc1,0x08,0xc1,0x08,0xc1,0x08,0x61,0x23,
0x61,0x2c,0x21,0x2c,0x21,0x2c,0x21,0x2c,0x21,0x2c,0x21,0x2c,0x61,0x2c,0x61,0x23,
0xc1,0x08,0xc1,0x08,0xc1,0x08,0xc1,0x08,0xc1,0x08,0xc1,0x08,0xc1,0x08,0xc1,0x08,
0xc1,0x08,0xc1,0x08,0xc1,0x08,0xc1,0x08,0xc1,0x08,0xc1,0x08,0xc1,0x08,0xc1,0x08,
0xc1,0x08,0xc1,0x08,0xc1,0x08,0xc1,0x08,0xc1,0x08,0xe1,0x08,0xa1,0x08,0x61,0x1a,
0x61,0x2c,0x21,0x2c,0x21,0x2c,0x21,0x2c,0x21,0x2c,0x21,0x2c,0x41,0x2c,0x01,0x2c,
0x41,0x11,0xc1,0x08,0xe1,0x08,0xc1,0x08,0xc1,0x08,0xc1,0x08,0xc1,0x08,0xc1,0x08,
0xc1,0x08,0xc1,0x08,0xc1,0x08,0xc1,0x08,0xc1,0x08,0xe1,0x10,0xc2,0xcc,0xc2,0xfd,
0xa2,0xf5,0xa2,0xfd,0xa2,0xfd,0xa2,0xfd,0xa2,0xfd,0x82,0xf5,0x02,0xfe,0x81,0x62,
0x81,0x00,0xe1,0x10,0xc1,0x08,0xc1,0x08,0xc1,0x08,0xc1,0x08,0xc1,0x08,0xc1,0x08,
0xc1,0x08,0xc1,0x08,0xc1,0x08,0xc1,0x08,0xc1,0x08,0xc1,0x08,0xc1,0x08,0xc1,0x08,
0xc1,0x08,0xc1,0x08,0xc1,0x08,0xc1,0x08,0xc1,0x08,0xc1,0x08,0xc1,0x08,0xc1,0x08,
0xc1,0x08,0xc1,0x08,0xc1,0x08,0xc1,0x08,0xc1,0x08,0xc1,0x08,0xc1,0x08,0xc1,0x08,
0xc1,0x08,0xc1,0x08,0xc1,0x08,0xc1,0x08,0xc1,0x08,0xc1,0x08,0xc1,0x08,0xc1,0x08,
0xc1,0x08,0xc1,0x08,0xc1,0x08,0xc1,0x08,0xc1,0x08,0xc1,0x08,0xc1,0x08,0xc1,0x08,
0xc1,0x08,0xc1,0x08,0xc1,0x08,0xe1,0x10,0x81,0x00,0x21,0x7b,0x02,0xfe,0x82,0xf5,
0xa2,0xfd,0xa2,0xfd,0xa2,0xfd,0xa2,0xf5,0xa2,0xfd,0x62,0xed,0x61,0x29,0xa1,0x08,
0xe1,0x08,0xc1,0x08,0xc1,0x08,0xc1,0x08,0xc1,0x08,0xc1,0x08,0xc1,0x08,0xc1,0x08,
0xc1,0x08,0xc1,0x08,0xc1,0x08,0xc1,0x08,0xc1,0x08,0xc1,0x08,0xc1,0x08,0xc1,0x08,
0xc1,0x08,0xc1,0x08,0xc1,0x08,0xc1,0x08,0xc1,0x08,0xc1,0x08,0xc1,0x08,0xc1,0x08,
0xc1,0x08,0xc1,0x08,0xc1,0x08,0xe1,0x08,0xe1,0x10,0x81,0x00,0xe1,0x10,0xc1,0x6a,
0xa2,0xc4,0x82,0xf5,0xa2,0xf5,0x82,0xf5,0x42,0xed,0x42,0xe5,0x42,0xe5,0x42,0xe5,
0x42,0xe5,0x42,0xe5,0x42,0xe5,0x42,0xe5,0x42,0xe5,0x42,0xe5,0x42,0xe5,0x42,0xed,
0x62,0xed,0xa2,0xf5,0x82,0xf5,0xc2,0xcc,0x01,0x7b,0x21,0x19,0x81,0x00,0xc1,0x08,
0xe1,0x10,0xc1,0x08,0xc1,0x08,0xc1,0x08,0xc1,0x08,0xc1,0x08,0xc1,0x08,0xc1,0x08,
0xc1,0x08,0xc1,0x08,0xc1,0x08,0xc1,0x08,0xc1,0x08,0xc1,0x08,0xc1,0x08,0xc1,0x08,
0xc1,0x08,0xc1,0x08,0xc1,0x08,0xc1,0x08,0xc1,0x08,0xc1,0x08,0xc1,0x08,0xc1,0x08,
0xc1,0x08,0xc1,0x08,0xc1,0x08,0xc1,0x08,0xc1,0x08,0xc1,0x08,0xc1,0x08,0xc1,0x08,
0xc1,0x08,0xc1,0x08,0xc1,0x08,0xc1,0x08,0xc1,0x08,0xc1,0x08,0xc1,0x08,0xc1,0x08,
0xc1,0x08,0xc1,0x08,0xc1,0x08,0xc1,0x08,0xc1,0x08,0xc1,0x08,0xc1,0x08,0xc1,0x08,
0xc1,0x08,0xc1,0x08,0xc1,0x08,0xc1,0x08,0x21,0x1a,0xa1,0x1a,0x81,0x1a,0x81,0x1a,
0x81,0x1a,0x81,0x1a,0x81,0x1a,0x81,0x1a,0x81,0x1a,0x81,0x1a,0x81,0x1a,0x81,0x1a,
0x81,0x1a,0x81,0x1a,0x81,0x1a,0x81,0x1a,0xa1,0x1a,0x21,0x11,0xc1,0x08,0xe1,0x08,
0xe1,0x08,0xc1,0x08,0xa1,0x11,0xa1,0x1a,0x81,0x1a,0x81,0x1a,0x81,0x1a,0x81,0x1a,
0x81,0x1a,0x81,0x1a,0x81,0x1a,0x81,0x1a,0x81,0x1a,0x81,0x1a,0x81,0x1a,0x81,0x1a,
0x81,0x1a,0x81,0x1a,0xa1,0x1a,0xc1,0x11,0xa1,0x08,0xe1,0x08,0xc1,0x08,0xc1,0x08,
0xc1,0x08,0xc1,0x08,0xc1,0x08,0xc1,0x08,0xc1,0x08,0xc1,0x08,0xc1,0x08,0xc1,0x08,
0xc1,0x08,0xc1,0x08,0xc1,0x08,0xc1,0x08,0xc1,0x08,0xc1,0x08,0xc1,0x08,0xc1,0x08,
0xc1,0x08,0xc1,0x08,0xc1,0x08,0xc1,0x08,0xc1,0x08,0xc1,0x08,0xc1,0x08,0xc1,0x08,
0xc1,0x08,0xc1,0x08,0xc1,0x08,0xc1,0x08,0xc1,0x08,0xc1,0x08,0xc1,0x08,0xc1,0x08,
0xc1,0x08,0xc1,0x08,0x01,0x11,0x81,0x1a,0xa1,0x1a,0x81,0x1a,0x81,0x1a,0x81,0x1a,
0x81,0x1a,0x81,0x1a,0x81,0x1a,0x81,0x1a,0x81,0x1a,0x81,0x1a,0x81,0x1a,0x81,0x1a,
0x81,0x1a,0x81,0x1a,0xa1,0x1a,0x61,0x1a,0xe1,0x08,0xc1,0x08,0xc1,0x08,0xc1,0x08,
0xc1,0x08,0xc1,0x08,0xc1,0x08,0xc1,0x08,0xc1,0x08,0xc1,0x08,0xc1,0x08,0xc1,0x08,
0xc1,0x08,0x61,0x11,0xa1,0x1a,0x81,0x1a,0x81,0x1a,0x81,0x1a,0x81,0x1a,0x81,0x1a,
0x81,0x1a,0xa1,0x1a,0xc1,0x11,0xc1,0x08,0xc1,0x08,0xc1,0x08,0xc1,0x08,0xc1,0x08,
0xc1,0x08,0xc1,0x08,0xc1,0x08,0xc1,0x08,0xc1,0x08,0xc1,0x08,0xc1,0x08,0xc1,0x08,
0xc1,0x08,0xc1,0x08,0xc1,0x08,0xc1,0x08,0xe1,0x08,0xc1,0x08,0xe1,0x11,0xa1,0x1a,
0x81,0x1a,0x81,0x1a,0x81,0x1a,0x81,0x1a,0x81,0x1a,0xa1,0x1a,0x41,0x1a,0xe1,0x08,
0xc1,0x08,0xc1,0x08,0xc1,0x08,0xc1,0x08,0xc1,0x08,0xc1,0x08,0xc1,0x08,0xc1,0x08,
0xc1,0x08,0xc1,0x08,0xc1,0x08,0xc1,0x08,0xc1,0x08,0xc1,0x08,0xc1,0x08,0xc1,0x08,
0xc1,0x08,0xc1,0x08,0x01,0x11,0x81,0x1a,0xa1,0x1a,0x81,0x1a,0x81,0x1a,0x81,0x1a,
0x81,0x1a,0x81,0x1a,0xa1,0x1a,0x41,0x1a,0xc1,0x08,0xc1,0x08,0xc1,0x08,0xc1,0x08,
0xc1,0x08,0xc1,0x08,0xc1,0x08,0xc1,0x08,0xc1,0x08,0xc1,0x08,0xc1,0x08,0xc1,0x08,
0xc1,0x08,0xc1,0x08,0xc1,0x08,0xe1,0x08,0xc1,0x08,0xa1,0x08,0xe1,0x08,0xe1,0x11,
0x01,0x23,0xc1,0x2b,0x21,0x2c,0x21,0x2c,0x21,0x2c,0x21,0x2c,0x21,0x2c,0x21,0x2c,
0x21,0x2c,0x21,0x2c,0x21,0x2c,0x21,0x2c,0x21,0x2c,0xe1,0x2b,0x61,0x23,0xa1,0x1a,
0xa1,0x11,0xe1,0x08,0xa1,0x08,0xc1,0x08,0xe1,0x08,0xc1,0x08,0xc1,0x08,0xc1,0x08,
0xc1,0x08,0xe1,0x08,0xc1,0x08,0x61,0x11,0xa1,0x1a,0x81,0x1a,0x81,0x1a,0x81,0x1a,
0x81,0x1a,0x81,0x1a,0x81,0x1a,0xa1,0x1a,0x01,0x1a,0xc1,0x08,0xc1,0x08,0xc1,0x08,
0xc1,0x08,0xc1,0x08,0xc1,0x08,0xc1,0x08,0xc1,0x08,0xc1,0x08,0xc1,0x08,0x21,0x1a,
0xa1,0x1a,0x81,0x1a,0x81,0x1a,0x81,0x1a,0x81,0x1a,0x81,0x1a,0xa1,0x1a,0x21,0x1a,
0xc1,0x08,0xc1,0x08,0xc1,0x08,0xc1,0x08,0xc1,0x08,0xc1,0x08,0xc1,0x08,0xc1,0x08,
0xc1,0x08,0xc1,0x08,0xc1,0x08,0xc1,0x08,0xc1,0x08,0xc1,0x08,0xc1,0x08,0xc1,0x08,
0xc1,0x08,0xc1,0x08,0xc1,0x08,0xc1,0x08,0xc1,0x08,0xc1,0x08,0xa1,0x08,0xa1,0x11,
0xa1,0x1a,0x81,0x1a,0x81,0x1a,0x81,0x1a,0x81,0x1a,0x81,0x1a,0xa1,0x1a,0x81,0x1a,
0x01,0x11,0xc1,0x08,0xc1,0x08,0xc1,0x08,0xc1,0x08,0xc1,0x08,0xc1,0x08,0xc1,0x08,
0xc1,0x08,0xc1,0x08,0xc1,0x08,0xc1,0x08,0xc1,0x08,0xe1,0x10,0xe1,0x72,0x61,0x8b,
0x41,0x83,0x41,0x8b,0x41,0x8b,0x41,0x8b,0x41,0x8b,0x41,0x83,0x81,0x93,0xc1,0x39,
0xa1,0x00,0xe1,0x10,0xc1,0x08,0xc1,0x08,0xc1,0x08,0xc1,0x08,0xc1,0x08,0xc1,0x08,
0xc1,0x08,0xc1,0x08,0xc1,0x08,0xc1,0x08,0xc1,0x08,0xc1,0x08,0xc1,0x08,0xc1,0x08,
0xc1,0x08,0xc1,0x08,0xc1,0x08,0xc1,0x08,0xc1,0x08,0xc1,0x08,0xc1,0x08,0xc1,0x08,
0xc1,0x08,0xc1,0x08,0xc1,0x08,0xc1,0x08,0xc1,0x08,0xc1,0x08,0xc1,0x08,0xc1,0x08,
0xc1,0x08,0xc1,0x08,0xc1,0x08,0xc1,0x08,0xc1,0x08,0xc1,0x08,0xc1,0x08,0xc1,0x08,
0xc1,0x08,0xc1,0x08,0xc1,0x08,0xc1,0x08,0xc1,0x08,0xc1,0x08,0xc1,0x08,0xc1,0x08,
0xc1,0x08,0xc1,0x08,0xc1,0x08,0xe1,0x10,0xa1,0x00,0x01,0x4a,0x81,0x93,0x41,0x83,
0x41,0x8b,0x41,0x8b,0x41,0x8b,0x41,0x8b,0x61,0x8b,0x21,0x83,0x21,0x19,0xc1,0x08,
0xc1,0x08,0xc1,0x08,0xc1,0x08,0xc1,0x08,0xc1,0x08,0xc1,0x08,0xc1,0x08,0xc1,0x08,
0xc1,0x08,0xc1,0x08,0xc1,0x08,0xc1,0x08,0xc1,0x08,0xc1,0x08,0xc1,0x08,0xc1,0x08,
0xc1,0x08,0xc1,0x08,0xc1,0x08,0xc1,0x08,0xc1,0x08,0xc1,0x08,0xc1,0x08,0xc1,0x08,
0xc1,0x08,0xc1,0x08,0xc1,0x08,0xc1,0x08,0xc1,0x08,0xe1,0x10,0xc1,0x08,0x81,0x00,
0xe1,0x10,0x21,0x4a,0x81,0x93,0xa2,0xcc,0x62,0xed,0xa2,0xf5,0xa2,0xfd,0xa2,0xf5,
0x82,0xf5,0x82,0xf5,0x82,0xf5,0x82,0xf5,0xa2,0xf5,0xa2,0xfd,0xa2,0xf5,0x62,0xed,
0xc2,0xcc,0xa2,0x9b,0x41,0x52,0x01,0x19,0x81,0x00,0xc1,0x08,0xe1,0x10,0xc1,0x08,
0xc1,0x08,0xc1,0x08,0xc1,0x08,0xc1,0x08,0xc1,0x08,0xc1,0x08,0xc1,0x08,0xc1,0x08,
0xc1,0x08,0xc1,0x08,0xc1,0x08,0xc1,0x08,0xc1,0x08,0xc1,0x08,0xc1,0x08,0xc1,0x08,
0xc1,0x08,0xc1,0x08,0xc1,0x08,0xc1,0x08,0xc1,0x08,0xc1,0x08,0xc1,0x08,0xc1,0x08,
0xc1,0x08,0xc1,0x08,0xc1,0x08,0xc1,0x08,0xc1,0x08,0xc1,0x08,0xc1,0x08,0xc1,0x08,
0xc1,0x08,0xc1,0x08,0xc1,0x08,0xc1,0x08,0xc1,0x08,0xc1,0x08,0xc1,0x08,0xc1,0x08,
0xc1,0x08,0xc1,0x08,0xc1,0x08,0xc1,0x08,0xc1,0x08,0xc1,0x08,0xc1,0x08,0xc1,0x08,
0xc1,0x08,0xc1,0x08,0xc1,0x08,0xc1,0x08,0xa1,0x08,0xa1,0x08,0xa1,0x08,0xa1,0x08,
0xa1,0x08,0xa1,0x08,0xa1,0x08,0xa1,0x08,0xa1,0x08,0xa1,0x08,0xa1,0x08,0xa1,0x08,
0xa1,0x08,0xa1,0x08,0xa1,0x08,0xa1,0x08,0xa1,0x08,0xc1,0x08,0xc1,0x08,0xc1,0x08,
0xc1,0x08,0xc1,0x08,0xc1,0x08,0xa1,0x08,0xa1,0x08,0xa1,0x08,0xa1,0x08,0xa1,0x08,
0xa1,0x08,0xa1,0x08,0xa1,0x08,0xa1,0x08,0xa1,0x08,0xa1,0x08,0xa1,0x08,0xa1,0x08,
0xa1,0x08,0xa1,0x08,0xa1,0x08,0xa1,0x08,0xe1,0x08,0xc1,0x08,0xc1,0x08,0xc1,0x08,
0xc1,0x08,0xc1,0x08,0xc1,0x08,0xc1,0x08,0xc1,0x08,0xc1,0x08,0xc1,0x08,0xc1,0x08,
0xc1,0x08,0xc1,0x08,0xc1,0x08,0xc1,0x08,0xc1,0x08,0xc1,0x08,0xc1,0x08,0xc1,0x08,
0xc1,0x08,0xc1,0x08,0xc1,0x08,0xc1,0x08,0xc1,0x08,0xc1,0x08,0xc1,0x08,0xc1,0x08,
0xc1,0x08,0xc1,0x08,0xc1,0x08,0xc1,0x08,0xc1,0x08,0xc1,0x08,0xc1,0x08,0xc1,0x08,
0xc1,0x08,0xc1,0x08,0xc1,0x08,0xa1,0x08,0xa1,0x08,0xa1,0x08,0xa1,0x08,0xa1,0x08,
0xa1,0x08,0xa1,0x08,0xa1,0x08,0xa1,0x08,0xa1,0x08,0xa1,0x08,0xa1,0x08,0xa1,0x08,
0xa1,0x08,0xa1,0x08,0xa1,0x08,0xa1,0x08,0xc1,0x08,0xc1,0x08,0xc1,0x08,0xc1,0x08,
0xc1,0x08,0xc1,0x08,0xc1,0x08,0xc1,0x08,0xc1,0x08,0xc1,0x08,0xc1,0x08,0xc1,0x08,
0xc1,0x08,0xc1,0x08,0xa1,0x08,0xa1,0x08,0xa1,0x08,0xa1,0x08,0xa1,0x08,0xa1,0x08,
0xa1,0x08,0xa1,0x08,0xc1,0x08,0xc1,0x08,0xc1,0x08,0xc1,0x08,0xc1,0x08,0xc1,0x08,
0xc1,0x08,0xc1,0x08,0xc1,0x08,0xc1,0x08,0xc1,0x08,0xc1,0x08,0xc1,0x08,0xc1,0x08,
0xc1,0x08,0xc1,0x08,0xc1,0x08,0xc1,0x08,0xc1,0x08,0xc1,0x08,0xa1,0x08,0xa1,0x08,
0xa1,0x08,0xa1,0x08,0xa1,0x08,0xa1,0x08,0xa1,0x08,0xa1,0x08,0xa1,0x08,0xc1,0x08,
0xc1,0x08,0xc1,0x08,0xc1,0x08,0xc1,0x08,0xc1,0x08,0xc1,0x08,0xc1,0x08,0xc1,0x08,
0xc1,0x08,0xc1,0x08,0xc1,0x08,0xc1,0x08,0xc1,0x08,0xc1,0x08,0xc1,0x08,0xc1,0x08,
0xc1,0x08,0xc1,0x08,0xc1,0x08,0xa1,0x08,0xa1,0x08,0xa1,0x08,0xa1,0x08,0xa1,0x08,
0xa1,0x08,0xa1,0x08,0xa1,0x08,0xa1,0x08,0xc1,0x08,0xc1,0x08,0xc1,0x08,0xc1,0x08,
0xc1,0x08,0xc1,0x08,0xc1,0x08,0xc1,0x08,0xc1,0x08,0xc1,0x08,0xc1,0x08,0xc1,0x08,
0xc1,0x08,0xc1,0x08,0xc1,0x08,0xc1,0x08,0xc1,0x08,0xe1,0x08,0xc1,0x08,0xa1,0x08,
0xa1,0x08,0x01,0x11,0xa1,0x11,0x41,0x1a,0xa1,0x1a,0xe1,0x22,0x01,0x23,0x21,0x23,
0x21,0x23,0x01,0x23,0xc1,0x1a,0x61,0x1a,0xe1,0x19,0x41,0x11,0xc1,0x08,0xa1,0x08,
0xa1,0x08,0xc1,0x08,0xe1,0x08,0xc1,0x08,0xc1,0x08,0xc1,0x08,0xc1,0x08,0xc1,0x08,
0xc1,0x08,0xc1,0x08,0xc1,0x08,0xc1,0x08,0xa1,0x08,0xa1,0x08,0xa1,0x08,0xa1,0x08,
0xa1,0x08,0xa1,0x08,0xa1,0x08,0xa1,0x08,0xa1,0x08,0xc1,0x08,0xc1,0x08,0xc1,0x08,
0xc1,0x08,0xc1,0x08,0xc1,0x08,0xc1,0x08,0xc1,0x08,0xc1,0x08,0xc1,0x08,0xa1,0x08,
0xa1,0x08,0xa1,0x08,0xa1,0x08,0xa1,0x08,0xa1,0x08,0xa1,0x08,0xa1,0x08,0xa1,0x08,
0xc1,0x08,0xc1,0x08,0xc1,0x08,0xc1,0x08,0xc1,0x08,0xc1,0x08,0xc1,0x08,0xc1,0x08,
0xc1,0x08,0xc1,0x08,0xc1,0x08,0xc1,0x08,0xc1,0x08,0xc1,0x08,0xc1,0x08,0xc1,0x08,
0xc1,0x08,0xc1,0x08,0xc1,0x08,0xc1,0x08,0xc1,0x08,0xc1,0x08,0xc1,0x08,0xc1,0x08,
0xa1,0x08,0xa1,0x08,0xa1,0x08,0xa1,0x08,0xa1,0x08,0xa1,0x08,0xa1,0x08,0xa1,0x08,
0xc1,0x08,0xc1,0x08,0xc1,0x08,0xc1,0x08,0xc1,0x08,0xc1,0x08,0xc1,0x08,0xc1,0x08,
0xc1,0x08,0xc1,0x08,0xc1,0x08,0xc1,0x08,0xc1,0x08,0xc1,0x08,0x81,0x00,0x81,0x00,
0x81,0x00,0x81,0x00,0x81,0x00,0x81,0x00,0x81,0x00,0x81,0x00,0x81,0x00,0xc1,0x08,
0xe1,0x08,0xc1,0x08,0xc1,0x08,0xc1,0x08,0xc1,0x08,0xc1,0x08,0xc1,0x08,0xc1,0x08,
0xc1,0x08,0xc1,0x08,0xc1,0x08,0xc1,0x08,0xc1,0x08,0xc1,0x08,0xc1,0x08,0xc1,0x08,
0xc1,0x08,0xc1,0x08,0xc1,0x08,0xc1,0x08,0xc1,0x08,0xc1,0x08,0xc1,0x08,0xc1,0x08,
0xc1,0x08,0xc1,0x08,0xc1,0x08,0xc1,0x08,0xc1,0x08,0xc1,0x08,0xc1,0x08,0xc1,0x08,
0xc1,0x08,0xc1,0x08,0xc1,0x08,0xc1,0x08,0xc1,0x08,0xc1,0x08,0xc1,0x08,0xc1,0x08,
0xc1,0x08,0xc1,0x08,0xc1,0x08,0xc1,0x08,0xc1,0x08,0xc1,0x08,0xc1,0x08,0xc1,0x08,
0xc1,0x08,0xc1,0x08,0xc1,0x08,0xc1,0x08,0xe1,0x08,0xa1,0x00,0x81,0x00,0x81,0x00,
0x81,0x00,0x81,0x00,0x81,0x00,0x81,0x00,0x81,0x00,0x81,0x00,0xc1,0x08,0xc1,0x08,
0xc1,0x08,0xc1,0x08,0xc1,0x08,0xc1,0x08,0xc1,0x08,0xc1,0x08,0xc1,0x08,0xc1,0x08,
0xc1,0x08,0xc1,0x08,0xc1,0x08,0xc1,0x08,0xc1,0x08,0xc1,0x08,0xc1,0x08,0xc1,0x08,
0xc1,0x08,0xc1,0x08,0xc1,0x08,0xc1,0x08,0xc1,0x08,0xc1,0x08,0xc1,0x08,0xc1,0x08,
0xc1,0x08,0xc1,0x08,0xc1,0x08,0xc1,0x08,0xc1,0x08,0xc1,0x08,0xe1,0x08,0xe1,0x10,
0xc1,0x08,0xa1,0x00,0x81,0x00,0xe1,0x10,0xa1,0x31,0x81,0x62,0x21,0x7b,0xa1,0x93,
0xe2,0xa3,0x02,0xac,0x22,0xac,0x02,0xa4,0xa2,0x9b,0x41,0x83,0xa1,0x62,0xc1,0x39,
0x01,0x11,0x81,0x00,0x81,0x00,0xc1,0x08,0xe1,0x10,0xe1,0x08,0xc1,0x08,0xc1,0x08,
0xc1,0x08,0xc1,0x08,0xc1,0x08,0xc1,0x08,0xc1,0x08,0xc1,0x08,0xc1,0x08,0xc1,0x08,
0xc1,0x08,0xc1,0x08,0xc1,0x08,0xc1,0x08,0xc1,0x08,0xc1,0x08,0xc1,0x08,0xc1,0x08,
0xc1,0x08,0xc1,0x08,0xc1,0x08,0xc1,0x08,0xc1,0x08,0xc1,0x08,0xc1,0x08,0xc1,0x08,
0xc1,0x08,0xc1,0x08,0xc1,0x08,0xc1,0x08,0xc1,0x08,0xc1,0x08,0xc1,0x08,0xc1,0x08,
0xc1,0x08,0xc1,0x08,0xc1,0x08,0xc1,0x08,0xc1,0x08,0xc1,0x08,0xc1,0x08,0xc1,0x08,
0xc1,0x08,0xc1,0x08,0xc1,0x08,0xc1,0x08,0xc1,0x08,0xc1,0x08,0xc1,0x08,0xc1,0x08,
0xc1,0x08,0xc1,0x08,0xc1,0x08,0xc1,0x08,0xe1,0x08,0xe1,0x08,0xe1,0x08,0xe1,0x08,
0xe1,0x08,0xe1,0x08,0xe1,0x08,0xe1,0x08,0xe1,0x08,0xe1,0x08,0xe1,0x08,0xe1,0x08,
0xe1,0x08,0xe1,0x08,0xe1,0x08,0xe1,0x08,0xe1,0x08,0xc1,0x08,0xc1,0x08,0xc1,0x08,
0xc1,0x08,0xc1,0x08,0xe1,0x08,0xe1,0x08,0xe1,0x08,0xe1,0x08,0xe1,0x08,0xe1,0x08,
0xe1,0x08,0xe1,0x08,0xe1,0x08,0xe1,0x08,0xe1,0x08,0xe1,0x08,0xe1,0x08,0xe1,0x08,
0xe1,0x08,0xe1,0x08,0xe1,0x08,0xe1,0x08,0xc1,0x08,0xc1,0x08,0xc1,0x08,0xc1,0x08,
0xc1,0x08,0xc1,0x08,0xc1,0x08,0xc1,0x08,0xc1,0x08,0xc1,0x08,0xc1,0x08,0xc1,0x08,
0xc1,0x08,0xc1,0x08,0xc1,0x08,0xc1,0x08,0xc1,0x08,0xc1,0x08,0xc1,0x08,0xc1,0x08,
0xc1,0x08,0xc1,0x08,0xc1,0x08,0xc1,0x08,0xc1,0x08,0xc1,0x08,0xc1,0x08,0xc1,0x08,
0xc1,0x08,0xc1,0x08,0xc1,0x08,0xc1,0x08,0xc1,0x08,0xc1,0x08,0xc1,0x08,0xc1,0x08,
0xc1,0x08,0xc1,0x08,0xc1,0x08,0xe1,0x08,0xe1,0x08,0xe1,0x08,0xe1,0x08,0xe1,0x08,
0xe1,0x08,0xe1,0x08,0xe1,0x08,0xe1,0x08,0xe1,0x08,0xe1,0x08,0xe1,0x08,0xe1,0x08,
0xe1,0x08,0xe1,0x08,0xe1,0x08,0xe1,0x08,0xc1,0x08,0xc1,0x08,0xc1,0x08,0xc1,0x08,
0xc1,0x08,0xc1,0x08,0xc1,0x08,0xc1,0x08,0xc1,0x08,0xc1,0x08,0xc1,0x08,0xc1,0x08,
0xc1,0x08,0xc1,0x08,0xe1,0x08,0xe1,0x08,0xe1,0x08,0xe1,0x08,0xe1,0x08,0xe1,0x08,
0xe1,0x08,0xe1,0x08,0xe1,0x08,0xc1,0x08,0xc1,0x08,0xc1,0x08,0xc1,0x08,0xc1,0x08,
0xc1,0x08,0xc1,0x08,0xc1,0x08,0xc1,0x08,0xc1,0x08,0xc1,0x08,0xc1,0x08,0xc1,0x08,
0xc1,0x08,0xc1,0x08,0xc1,0x08,0xc1,0x08,0xc1,0x08,0xc1,0x08,0xe1,0x08,0xe1,0x08,
0xe1,0x08,0xe1,0x08,0xe1,0x08,0xe1,0x08,0xe1,0x08,0xe1,0x08,0xe1,0x08,0xc1,0x08,
0xc1,0x08,0xc1,0x08,0xc1,0x08,0xc1,0x08,0xc1,0x08,0xc1,0x08,0xc1,0x08,0xc1,0x08,
0xc1,0x08,0xc1,0x08,0xc1,0x08,0xc1,0x08,0xc1,0x08,0xc1,0x08,0xc1,0x08,0xc1,0x08,
0xc1,0x08,0xc1,0x08,0xc1,0x08,0xe1,0x08,0xe1,0x08,0xe1,0x08,0xe1,0x08,0xe1,0x08,
0xe1,0x08,0xe1,0x08,0xe1,0x08,0xe1,0x08,0xc1,0x08,0xc1,0x08,0xc1,0x08,0xc1,0x08,
0xc1,0x08,0xc1,0x08,0xc1,0x08,0xc1,0x08,0xc1,0x08,0xc1,0x08,0xc1,0x08,0xc1,0x08,
0xc1,0x08,0xc1,0x08,0xc1,0x08,0xc1,0x08,0xc1,0x08,0xc1,0x08,0xc1,0x08,0xe1,0x08,
0xe1,0x08,0xc1,0x08,0xa1,0x08,0xa1,0x08,0xa1,0x08,0xa1,0x08,0xa1,0x08,0xc1,0x08,
0xc1,0x08,0xa1,0x08,0xa1,0x08,0xa1,0x08,0xa1,0x08,0xc1,0x08,0xc1,0x08,0xe1,0x08,
0xe1,0x08,0xc1,0x08,0xc1,0x08,0xc1,0x08,0xc1,0x08,0xc1,0x08,0xc1,0x08,0xc1,0x08,
0xc1,0x08,0xc1,0x08,0xc1,0x08,0xe1,0x08,0xe1,0x08,0xe1,0x08,0xe1,0x08,0xe1,0x08,
0xe1,0x08,0xe1,0x08,0xe1,0x08,0xe1,0x08,0xe1,0x08,0xc1,0x08,0xc1,0x08,0xc1,0x08,
0xc1,0x08,0xc1,0x08,0xc1,0x08,0xc1,0x08,0xc1,0x08,0xc1,0x08,0xc1,0x08,0xe1,0x08,
0xe1,0x08,0xe1,0x08,0xe1,0x08,0xe1,0x08,0xe1,0x08,0xe1,0x08,0xe1,0x08,0xe1,0x08,
0xc1,0x08,0xc1,0x08,0xc1,0x08,0xc1,0x08,0xc1,0x08,0xc1,0x08,0xc1,0x08,0xc1,0x08,
0xc1,0x08,0xc1,0x08,0xc1,0x08,0xc1,0x08,0xc1,0x08,0xc1,0x08,0xc1,0x08,0xc1,0x08,
0xc1,0x08,0xc1,0x08,0xc1,0x08,0xc1,0x08,0xc1,0x08,0xc1,0x08,0xc1,0x08,0xe1,0x08,
0xe1,0x08,0xe1,0x08,0xe1,0x08,0xe1,0x08,0xe1,0x08,0xe1,0x08,0xe1,0x08,0xe1,0x08,
0xc1,0x08,0xc1,0x08,0xc1,0x08,0xc1,0x08,0xc1,0x08,0xc1,0x08,0xc1,0x08,0xc1,0x08,
0xc1,0x08,0xc1,0x08,0xc1,0x08,0xc1,0x08,0xc1,0x08,0xc1,0x08,0xe1,0x10,0xe1,0x10,
0xe1,0x10,0xe1,0x10,0xe1,0x10,0xe1,0x10,0xe1,0x10,0xe1,0x10,0xe1,0x10,0xe1,0x08,
0xc1,0x08,0xc1,0x08,0xc1,0x08,0xc1,0x08,0xc1,0x08,0xc1,0x08,0xc1,0x08,0xc1,0x08,
0xc1,0x08,0xc1,0x08,0xc1,0x08,0xc1,0x08,0xc1,0x08,0xc1,0x08,0xc1,0x08,0xc1,0x08,
0xc1,0x08,0xc1,0x08,0xc1,0x08,0xc1,0x08,0xc1,0x08,0xc1,0x08,0xc1,0x08,0xc1,0x08,
0xc1,0x08,0xc1,0x08,0xc1,0x08,0xc1,0x08,0xc1,0x08,0xc1,0x08,0xc1,0x08,0xc1,0x08,
0xc1,0x08,0xc1,0x08,0xc1,0x08,0xc1,0x08,0xc1,0x08,0xc1,0x08,0xc1,0x08,0xc1,0x08,
0xc1,0x08,0xc1,0x08,0xc1,0x08,0xc1,0x08,0xc1,0x08,0xc1,0x08,0xc1,0x08,0xc1,0x08,
0xc1,0x08,0xc1,0x08,0xc1,0x08,0xc1,0x08,0xc1,0x08,0xe1,0x10,0xe1,0x10,0xe1,0x10,
0xe1,0x10,0xe1,0x10,0xe1,0x10,0xe1,0x10,0xe1,0x10,0xe1,0x10,0xc1,0x08,0xc1,0x08,
0xc1,0x08,0xc1,0x08,0xc1,0x08,0xc1,0x08,0xc1,0x08,0xc1,0x08,0xc1,0x08,0xc1,0x08,
0xc1,0x08,0xc1,0x08,0xc1,0x08,0xc1,0x08,0xc1,0x08,0xc1,0x08,0xc1,0x08,0xc1,0x08,
0xc1,0x08,0xc1,0x08,0xc1,0x08,0xc1,0x08,0xc1,0x08,0xc1,0x08,0xc1,0x08,0xc1,0x08,
0xc1,0x08,0xc1,0x08,0xc1,0x08,0xc1,0x08,0xc1,0x08,0xc1,0x08,0xc1,0x08,0xc1,0x08,
0xc1,0x08,0xe1,0x10,0xe1,0x10,0xc1,0x08,0xa1,0x00,0x81,0x00,0x81,0x00,0x81,0x00,
0xa1,0x00,0xa1,0x08,0xa1,0x08,0xa1,0x00,0x81,0x00,0x81,0x00,0x81,0x00,0xa1,0x00,
0xc1,0x08,0xe1,0x10,0xe1,0x10,0xe1,0x08,0xc1,0x08,0xc1,0x08,0xc1,0x08,0xc1,0x08,
0xc1,0x08,0xc1,0x08,0xc1,0x08,0xc1,0x08,0xc1,0x08,0xc1,0x08,0xc1,0x08,0xc1,0x08,
0xc1,0x08,0xc1,0x08,0xc1,0x08,0xc1,0x08,0xc1,0x08,0xc1,0x08,0xc1,0x08,0xc1,0x08,
0xc1,0x08,0xc1,0x08,0xc1,0x08,0xc1,0x08,0xc1,0x08,0xc1,0x08,0xc1,0x08,0xc1,0x08,
0xc1,0x08,0xc1,0x08,0xc1,0x08,0xc1,0x08,0xc1,0x08,0xc1,0x08,0xc1,0x08,0xc1,0x08,
0xc1,0x08,0xc1,0x08,0xc1,0x08,0xc1,0x08,0xc1,0x08,0xc1,0x08,0xc1,0x08,0xc1,0x08,
0xc1,0x08,0xc1,0x08,0xc1,0x08,0xc1,0x08,0xc1,0x08,0xc1,0x08,0xc1,0x08,0xc1,0x08,
0xc1,0x08,0xc1,0x08,0xc1,0x08,0xc1,0x08,0xc1,0x08,0xc1,0x08,0xc1,0x08,0xc1,0x08,
0xc1,0x08,0xc1,0x08,0xc1,0x08,0xc1,0x08,0xc1,0x08,0xc1,0x08,0xc1,0x08,0xc1,0x08,
0xc1,0x08,0xc1,0x08,0xc1,0x08,0xc1,0x08,0xc1,0x08,0xc1,0x08,0xc1,0x08,0xc1,0x08,
0xc1,0x08,0xc1,0x08,0xc1,0x08,0xc1,0x08,0xc1,0x08,0xc1,0x08,0xc1,0x08,0xc1,0x08,
0xc1,0x08,0xc1,0x08,0xc1,0x08,0xc1,0x08,0xc1,0x08,0xc1,0x08,0xc1,0x08,0xc1,0x08,
0xc1,0x08,0xc1,0x08,0xc1,0x08,0xc1,0x08,0xc1,0x08,0xc1,0x08,0xc1,0x08,0xc1,0x08,
0xc1,0x08,0xc1,0x08,0xc1,0x08,0xc1,0x08,0xc1,0x08,0xc1,0x08,0xc1,0x08,0xc1,0x08,
0xc1,0x08,0xc1,0x08,0xc1,0x08,0xc1,0x08,0xc1,0x08,0xc1,0x08,0xc1,0x08,0xc1,0x08,
0xc1,0x08,0xc1,0x08,0xc1,0x08,0xc1,0x08,0xc1,0x08,0xc1,0x08,0xc1,0x08,0xc1,0x08,
0xc1,0x08,0xc1,0x08,0xc1,0x08,0xc1,0x08,0xc1,0x08,0xc1,0x08,0xc1,0x08,0xc1,0x08,
0xc1,0x08,0xc1,0x08,0xc1,0x08,0xc1,0x08,0xc1,0x08,0xc1,0x08,0xc1,0x08,0xc1,0x08,
0xc1,0x08,0xc1,0x08,0xc1,0x08,0xc1,0x08,0xc1,0x08,0xc1,0x08,0xc1,0x08,0xc1,0x08,
0xc1,0x08,0xc1,0x08,0xc1,0x08,0xc1,0x08,0xc1,0x08,0xc1,0x08,0xc1,0x08,0xc1,0x08,
0xc1,0x08,0xc1,0x08,0xc1,0x08,0xc1,0x08,0xc1,0x08,0xc1,0x08,0xc1,0x08,0xc1,0x08,
0xc1,0x08,0xc1,0x08,0xc1,0x08,0xc1,0x08,0xc1,0x08,0xc1,0x08,0xc1,0x08,0xc1,0x08,
0xc1,0x08,0xc1,0x08,0xc1,0x08,0xc1,0x08,0xc1,0x08,0xc1,0x08,0xc1,0x08,0xc1,0x08,
0xc1,0x08,0xc1,0x08,0xc1,0x08,0xc1,0x08,0xc1,0x08,0xc1,0x08,0xc1,0x08,0xc1,0x08,
0xc1,0x08,0xc1,0x08,0xc1,0x08,0xc1,0x08,0xc1,0x08,0xc1,0x08,0xc1,0x08,0xc1,0x08,
0xc1,0x08,0xc1,0x08,0xc1,0x08,0xc1,0x08,0xc1,0x08,0xc1,0x08,0xc1,0x08,0xc1,0x08,
0xc1,0x08,0xc1,0x08,0xc1,0x08,0xc1,0x08,0xc1,0x08,0xc1,0x08,0xc1,0x08,0xc1,0x08,
0xc1,0x08,0xc1,0x08,0xc1,0x08,0xc1,0x08,0xc1,0x08,0xc1,0x08,0xc1,0x08,0xc1,0x08,
0xc1,0x08,0xc1,0x08,0xc1,0x08,0xc1,0x08,0xc1,0x08,0xc1,0x08,0xc1,0x08,0xc1,0x08,
0xc1,0x08,0xc1,0x08,0xc1,0x08,0xc1,0x08,0xc1,0x08,0xc1,0x08,0xc1,0x08,0xc1,0x08,
0xc1,0x08,0xc1,0x08,0xc1,0x08,0xc1,0x08,0xc1,0x08,0xc1,0x08,0xc1,0x08,0xc1,0x08,
0xc1,0x08,0xc1,0x08,0xc1,0x08,0xc1,0x08,0xc1,0x08,0xc1,0x08,0xc1,0x08,0xc1,0x08,
0xc1,0x08,0xc1,0x08,0xe1,0x08,0xe1,0x08,0xe1,0x08,0xe1,0x08,0xe1,0x08,0xe1,0x08,
0xe1,0x08,0xe1,0x08,0xe1,0x08,0xe1,0x08,0xe1,0x08,0xe1,0x08,0xc1,0x08,0xc1,0x08,
0xc1,0x08,0xc1,0x08,0xc1,0x08,0xc1,0x08,0xc1,0x08,0xc1,0x08,0xc1,0x08,0xc1,0x08,
0xc1,0x08,0xc1,0x08,0xc1,0x08,0xc1,0x08,0xc1,0x08,0xc1,0x08,0xc1,0x08,0xc1,0x08,
0xc1,0x08,0xc1,0x08,0xc1,0x08,0xc1,0x08,0xc1,0x08,0xc1,0x08,0xc1,0x08,0xc1,0x08,
0xc1,0x08,0xc1,0x08,0xc1,0x08,0xc1,0x08,0xc1,0x08,0xc1,0x08,0xc1,0x08,0xc1,0x08,
0xc1,0x08,0xc1,0x08,0xc1,0x08,0xc1,0x08,0xc1,0x08,0xc1,0x08,0xc1,0x08,0xc1,0x08,
0xc1,0x08,0xc1,0x08,0xc1,0x08,0xc1,0x08,0xc1,0x08,0xc1,0x08,0xc1,0x08,0xc1,0x08,
0xc1,0x08,0xc1,0x08,0xc1,0x08,0xc1,0x08,0xc1,0x08,0xc1,0x08,0xc1,0x08,0xc1,0x08,
0xc1,0x08,0xc1,0x08,0xc1,0x08,0xc1,0x08,0xc1,0x08,0xc1,0x08,0xc1,0x08,0xc1,0x08,
0xc1,0x08,0xc1,0x08,0xc1,0x08,0xc1,0x08,0xc1,0x08,0xc1,0x08,0xc1,0x08,0xc1,0x08,
0xc1,0x08,0xc1,0x08,0xc1,0x08,0xc1,0x08,0xc1,0x08,0xc1,0x08,0xc1,0x08,0xc1,0x08,
0xc1,0x08,0xc1,0x08,0xc1,0x08,0xc1,0x08,0xc1,0x08,0xc1,0x08,0xc1,0x08,0xc1,0x08,
0xc1,0x08,0xc1,0x08,0xc1,0x08,0xc1,0x08,0xc1,0x08,0xc1,0x08,0xc1,0x08,0xc1,0x08,
0xc1,0x08,0xc1,0x08,0xc1,0x08,0xc1,0x08,0xc1,0x08,0xc1,0x08,0xc1,0x08,0xc1,0x08,
0xc1,0x08,0xc1,0x08,0xc1,0x08,0xc1,0x08,0xc1,0x08,0xc1,0x08,0xc1,0x08,0xc1,0x08,
0xc1,0x08,0xc1,0x08,0xc1,0x08,0xc1,0x08,0xc1,0x08,0xc1,0x08,0xc1,0x08,0xc1,0x08,
0xc1,0x08,0xc1,0x08,0xc1,0x08,0xc1,0x08,0xc1,0x08,0xc1,0x08,0xc1,0x08,0xc1,0x08,
0xc1,0x08,0xc1,0x08,0xc1,0x08,0xc1,0x08,0xc1,0x08,0xc1,0x08,0xc1,0x08,0xc1,0x08,
0xc1,0x08,0xc1,0x08,0xc1,0x08,0xc1,0x08,0xc1,0x08,0xc1,0x08,0xc1,0x08,0xc1,0x08,
0xc1,0x08,0xc1,0x08,0xc1,0x08,0xc1,0x08,0xc1,0x08,0xc1,0x08,0xc1,0x08,0xc1,0x08,
0xc1,0x08,0xc1,0x08,0xc1,0x08,0xc1,0x08,0xc1,0x08,0xc1,0x08,0xc1,0x08,0xc1,0x08,
0xc1,0x08,0xc1,0x08,0xc1,0x08,0xc1,0x08,0xc1,0x08,0xc1,0x08,0xc1,0x08,0xc1,0x08,
0xc1,0x08,0xc1,0x08,0xc1,0x08,0xc1,0x08,0xc1,0x08,0xc1,0x08,0xc1,0x08,0xc1,0x08,
0xc1,0x08,0xc1,0x08,0xc1,0x08,0xc1,0x08,0xc1,0x08,0xc1,0x08,0xc1,0x08,0xc1,0x08,
0xc1,0x08,0xc1,0x08,0xc1,0x08,0xc1,0x08,0xc1,0x08,0xc1,0x08,0xc1,0x08,0xc1,0x08,
0xc1,0x08,0xc1,0x08,0xc1,0x08,0xc1,0x08,0xe1,0x10,0xe1,0x10,0xe1,0x10,0xe1,0x10,
0xe1,0x10,0xe1,0x08,0xe1,0x08,0xe1,0x10,0xe1,0x10,0xe1,0x10,0xe1,0x10,0xe1,0x10,
0xc1,0x08,0xc1,0x08,0xc1,0x08,0xc1,0x08,0xc1,0x08,0xc1,0x08,0xc1,0x08,0xc1,0x08,
0xc1,0x08,0xc1,0x08,0xc1,0x08,0xc1,0x08,0xc1,0x08,0xc1,0x08,0xc1,0x08,0xc1,0x08,
0xc1,0x08,0xc1,0x08,0xc1,0x08,0xc1,0x08,0xc1,0x08,0xc1,0x08,0xc1,0x08,0xc1,0x08,
0xc1,0x08,0xc1,0x08,0xc1,0x08,0xc1,0x08,0xc1,0x08,0xc1,0x08,0xc1,0x08,0xc1,0x08,
0xc1,0x08,0xc1,0x08,0xc1,0x08,0xc1,0x08,0xc1,0x08,0xc1,0x08,0xc1,0x08,0xc1,0x08,
0xc1,0x08,0xc1,0x08,0xc1,0x08,0xc1,0x08,0xc1,0x08,0xc1,0x08,0xc1,0x08,0xc1,0x08,
0xc1,0x08,0xc1,0x08,0xc1,0x08,0xc1,0x08,0xc1,0x08,0xc1,0x08,0xc1,0x08,0xc1,0x08,
0xc1,0x08,0xc1,0x08,0xc1,0x08,0xc1,0x08,0xc1,0x08,0xc1,0x08,0xc1,0x08,0xc1,0x08,
0xc1,0x08,0xc1,0x08,0xc1,0x08,0xc1,0x08,0xc1,0x08,0xc1,0x08,0xc1,0x08,0xc1,0x08,
0xc1,0x08,0xc1,0x08,0xc1,0x08,0xc1,0x08,0xc1,0x08,0xc1,0x08,0xc1,0x08,0xc1,0x08,
0xc1,0x08,0xc1,0x08,0xc1,0x08,0xc1,0x08,0xc1,0x08,0xc1,0x08,0xc1,0x08,0xc1,0x08,
0xc1,0x08,0xc1,0x08,0xc1,0x08,0xc1,0x08,0xc1,0x08,0xc1,0x08,0xc1,0x08,0xc1,0x08,
0xc1,0x08,0xc1,0x08,0xc1,0x08,0xc1,0x08,0xc1,0x08,0xc1,0x08,0xc1,0x08,0xc1,0x08,
0xc1,0x08,0xc1,0x08,0xc1,0x08,0xc1,0x08,0xc1,0x08,0xc1,0x08,0xc1,0x08,0xc1,0x08,
0xc1,0x08,0xc1,0x08,0xc1,0x08,0xc1,0x08,0xc1,0x08,0xc1,0x08,0xc1,0x08,0xc1,0x08,
0xc1,0x08,0xc1,0x08,0xc1,0x08,0xc1,0x08,0xc1,0x08,0xc1,0x08,0xc1,0x08,0xc1,0x08,
0xc1,0x08,0xc1,0x08,0xc1,0x08,0xc1,0x08,0xc1,0x08,0xc1,0x08,0xc1,0x08,0xc1,0x08,
0xc1,0x08,0xc1,0x08,0xc1,0x08,0xc1,0x08,0xc1,0x08,0xc1,0x08,0xc1,0x08,0xc1,0x08,
0xc1,0x08,0xc1,0x08,0xc1,0x08,0xc1,0x08,0xc1,0x08,0xc1,0x08,0xc1,0x08,0xc1,0x08,
0xc1,0x08,0xc1,0x08,0xc1,0x08,0xc1,0x08,0xc1,0x08,0xc1,0x08,0xc1,0x08,0xc1,0x08,
0xc1,0x08,0xc1,0x08,0xc1,0x08,0xc1,0x08,0xc1,0x08,0xc1,0x08,0xc1,0x08,0xc1,0x08,
0xc1,0x08,0xc1,0x08,0xc1,0x08,0xc1,0x08,0xc1,0x08,0xc1,0x08,0xc1,0x08,0xc1,0x08,
0xc1,0x08,0xc1,0x08,0xc1,0x08,0xc1,0x08,0xc1,0x08,0xc1,0x08,0xc1,0x08,0xc1,0x08,
0xc1,0x08,0xc1,0x08,0xc1,0x08,0xc1,0x08,0xc1,0x08,0xc1,0x08,0xc1,0x08,0xc1,0x08,
0xc1,0x08,0xc1,0x08,0xc1,0x08,0xc1,0x08,0xc1,0x08,0xc1,0x08,0xc1,0x08,0xc1,0x08,
0xc1,0x08,0xc1,0x08,0xc1,0x08,0xc1,0x08,0xc1,0x08,0xc1,0x08,0xc1,0x08,0xc1,0x08,
0xc1,0x08,0xc1,0x08,0xc1,0x08,0xc1,0x08,0xc1,0x08,0xc1,0x08,0xc1,0x08,0xc1,0x08,
0xc1,0x08,0xc1,0x08,0xc1,0x08,0xc1,0x08,0xc1,0x08,0xc1,0x08,0xc1,0x08,0xc1,0x08,
0xc1,0x08,0xc1,0x08,0xc1,0x08,0xc1,0x08,0xc1,0x08,0xc1,0x08,0xc1,0x08,0xc1,0x08,
0xc1,0x08,0xc1,0x08,0xc1,0x08,0xc1,0x08,0xc1,0x08,0xc1,0x08,0xc1,0x08,0xc1,0x08,
0xc1,0x08,0xc1,0x08,0xc1,0x08,0xc1,0x08,0xc1,0x08,0xc1,0x08,0xc1,0x08,0xc1,0x08,
0xc1,0x08,0xc1,0x08,0xc1,0x08,0xc1,0x08,0xc1,0x08,0xc1,0x08,0xc1,0x08,0xc1,0x08,
0xc1,0x08,0xc1,0x08,0xc1,0x08,0xc1,0x08,0xc1,0x08,0xc1,0x08,0xc1,0x08,0xc1,0x08,
0xc1,0x08,0xc1,0x08,0xc1,0x08,0xc1,0x08,0xc1,0x08,0xc1,0x08,0xc1,0x08,0xc1,0x08,
0xc1,0x08,0xc1,0x08,0xc1,0x08,0xc1,0x08,0xc1,0x08,0xc1,0x08,0xc1,0x08,0xc1,0x08,
0xc1,0x08,0xc1,0x08,0xc1,0x08,0xc1,0x08,0xc1,0x08,0xc1,0x08,0xc1,0x08,0xc1,0x08,
0xc1,0x08,0xc1,0x08,0xc1,0x08,0xc1,0x08,0xc1,0x08,0xc1,0x08,0xc1,0x08,0xc1,0x08,
0xc1,0x08,0xc1,0x08,0xc1,0x08,0xc1,0x08,0xc1,0x08,0xc1,0x08,0xc1,0x08,0xc1,0x08,
0xc1,0x08,0xc1,0x08,0xc1,0x08,0xc1,0x08,0xc1,0x08,0xc1,0x08,0xc1,0x08,0xc1,0x08,
0xc1,0x08,0xc1,0x08,0xc1,0x08,0xc1,0x08,0xc1,0x08,0xc1,0x08,0xc1,0x08,0xc1,0x08,
0xc1,0x08,0xc1,0x08,0xc1,0x08,0xc1,0x08,0xc1,0x08,0xc1,0x08,0xc1,0x08,0xc1,0x08,
0xc1,0x08,0xc1,0x08,0xc1,0x08,0xc1,0x08,0xc1,0x08,0xc1,0x08,0xc1,0x08,0xc1,0x08,
0xc1,0x08,0xc1,0x08,0xc1,0x08,0xc1,0x08,0xc1,0x08,0xc1,0x08,0xc1,0x08,0xc1,0x08,
0xc1,0x08,0xc1,0x08,0xc1,0x08,0xc1,0x08,0xc1,0x08,0xc1,0x08,0xc1,0x08,0xc1,0x08,
0xc1,0x08,0xc1,0x08,0xc1,0x08,0xc1,0x08,0xc1,0x08,0xc1,0x08,0xc1,0x08,0xc1,0x08,
0xc1,0x08,0xc1,0x08,0xc1,0x08,0xc1,0x08,0xc1,0x08,0xc1,0x08,0xc1,0x08,0xc1,0x08,
0xc1,0x08,0xc1,0x08,0xc1,0x08,0xc1,0x08,0xc1,0x08,0xc1,0x08,0xc1,0x08,0xc1,0x08,
0xc1,0x08,0xc1,0x08,0xc1,0x08,0xc1,0x08,0xc1,0x08,0xc1,0x08,0xc1,0x08,0xc1,0x08,
0xc1,0x08,0xc1,0x08,0xc1,0x08,0xc1,0x08,0xc1,0x08,0xc1,0x08,0xc1,0x08,0xc1,0x08,
0xc1,0x08,0xc1,0x08,0xc1,0x08,0xc1,0x08,0xc1,0x08,0xc1,0x08,0xc1,0x08,0xc1,0x08,
0xc1,0x08,0xc1,0x08,0xc1,0x08,0xc1,0x08,0xc1,0x08,0xc1,0x08,0xc1,0x08,0xc1,0x08,
0xc1,0x08,0xc1,0x08,0xc1,0x08,0xc1,0x08,0xc1,0x08,0xc1,0x08,0xc1,0x08,0xc1,0x08,
0xc1,0x08,0xc1,0x08,0xc1,0x08,0xc1,0x08,0xc1,0x08,0xc1,0x08,0xc1,0x08,0xc1,0x08,
0xc1,0x08,0xc1,0x08,0xc1,0x08,0xc1,0x08,0xc1,0x08,0xc1,0x08,0xc1,0x08,0xc1,0x08,
0xc1,0x08,0xc1,0x08,0xc1,0x08,0xc1,0x08,0xc1,0x08,0xc1,0x08,0xc1,0x08,0xc1,0x08,
0xc1,0x08,0xc1,0x08,0xc1,0x08,0xc1,0x08,0xc1,0x08,0xc1,0x08,0xc1,0x08,0xc1,0x08,
0xc1,0x08,0xc1,0x08,0xc1,0x08,0xc1,0x08,0xc1,0x08,0xc1,0x08,0xc1,0x08,0xc1,0x08,
0xc1,0x08,0xc1,0x08,0xc1,0x08,0xc1,0x08,0xc1,0x08,0xc1,0x08,0xc1,0x08,0xc1,0x08,
0xc1,0x08,0xc1,0x08,0xc1,0x08,0xc1,0x08,0xc1,0x08,0xc1,0x08,0xc1,0x08,0xc1,0x08,
0xc1,0x08,0xc1,0x08,0xc1,0x08,0xc1,0x08,0xc1,0x08,0xc1,0x08,0xc1,0x08,0xc1,0x08,
0xc1,0x08,0xc1,0x08,0xc1,0x08,0xc1,0x08,0xc1,0x08,0xc1,0x08,0xc1,0x08,0xc1,0x08,
0xc1,0x08,0xc1,0x08,0xc1,0x08,0xc1,0x08,0xc1,0x08,0xc1,0x08,0xc1,0x08,0xc1,0x08,
0xc1,0x08,0xc1,0x08,0xc1,0x08,0xc1,0x08,0xc1,0x08,0xc1,0x08,0xc1,0x08,0xc1,0x08,
0xc1,0x08,0xc1,0x08,0xc1,0x08,0xc1,0x08,0xc1,0x08,0xc1,0x08,0xc1,0x08,0xc1,0x08,
0xc1,0x08,0xc1,0x08,0xc1,0x08,0xc1,0x08,0xc1,0x08,0xc1,0x08,0xc1,0x08,0xc1,0x08,
0xc1,0x08,0xc1,0x08,0xc1,0x08,0xc1,0x08,0xc1,0x08,0xc1,0x08,0xc1,0x08,0xc1,0x08,
0xc1,0x08,0xc1,0x08,0xc1,0x08,0xc1,0x08,0xc1,0x08,0xc1,0x08,0xc1,0x08,0xc1,0x08,
0xc1,0x08,0xc1,0x08,0xc1,0x08,0xc1,0x08,0xc1,0x08,0xc1,0x08,0xc1,0x08,0xc1,0x08,
0xc1,0x08,0xc1,0x08,0xc1,0x08,0xc1,0x08,0xc1,0x08,0xc1,0x08,0xc1,0x08,0xc1,0x08,
0xc1,0x08,0xc1,0x08,0xc1,0x08,0xc1,0x08,0xc1,0x08,0xc1,0x08,0xc1,0x08,0xc1,0x08,
0xc1,0x08,0xc1,0x08,0xc1,0x08,0xc1,0x08,0xc1,0x08,0xc1,0x08,0xc1,0x08,0xc1,0x08,
0xc1,0x08,0xc1,0x08,0xc1,0x08,0xc1,0x08,0xc1,0x08,0xc1,0x08,0xc1,0x08,0xc1,0x08,
0xc1,0x08,0xc1,0x08,0xc1,0x08,0xc1,0x08,0xc1,0x08,0xc1,0x08,0xc1,0x08,0xc1,0x08,
0xc1,0x08,0xc1,0x08,0xc1,0x08,0xc1,0x08,0xc1,0x08,0xc1,0x08,0xc1,0x08,0xc1,0x08,
0xc1,0x08,0xc1,0x08,0xc1,0x08,0xc1,0x08,0xc1,0x08,0xc1,0x08,0xc1,0x08,0xc1,0x08,
0xc1,0x08,0xc1,0x08,0xc1,0x08,0xc1,0x08,0xc1,0x08,0xc1,0x08,0xc1,0x08,0xc1,0x08,
0xc1,0x08,0xc1,0x08,0xc1,0x08,0xc1,0x08,0xc1,0x08,0xc1,0x08,0xc1,0x08,0xc1,0x08,
0xc1,0x08,0xc1,0x08,0xc1,0x08,0xc1,0x08,0xc1,0x08,0xc1,0x08,0xc1,0x08,0xc1,0x08,
0xc1,0x08,0xc1,0x08,0xc1,0x08,0xc1,0x08,0xc1,0x08,0xc1,0x08,0xc1,0x08,0xc1,0x08,
0xc1,0x08,0xc1,0x08,0xc1,0x08,0xc1,0x08,0xc1,0x08,0xc1,0x08,0xc1,0x08,0xc1,0x08,
0xc1,0x08,0xc1,0x08,0xc1,0x08,0xc1,0x08,0xc1,0x08,0xc1,0x08,0xc1,0x08,0xc1,0x08,
0xc1,0x08,0xc1,0x08,0xc1,0x08,0xc1,0x08,0xc1,0x08,0xc1,0x08,0xc1,0x08,0xc1,0x08,
0xc1,0x08,0xc1,0x08,0xc1,0x08,0xc1,0x08,0xc1,0x08,0xc1,0x08,0xc1,0x08,0xc1,0x08,
0xc1,0x08,0xc1,0x08,0xc1,0x08,0xc1,0x08,0xc1,0x08,0xc1,0x08,0xc1,0x08,0xc1,0x08,
0xc1,0x08,0xc1,0x08,0xc1,0x08,0xc1,0x08,0xc1,0x08,0xc1,0x08,0xc1,0x08,0xc1,0x08,
0xc1,0x08,0xc1,0x08,0xc1,0x08,0xc1,0x08,0xc1,0x08,0xc1,0x08,0xc1,0x08,0xc1,0x08,
0xc1,0x08,0xc1,0x08,0xc1,0x08,0xc1,0x08,0xc1,0x08,0xc1,0x08,0xc1,0x08,0xc1,0x08,
0xc1,0x08,0xc1,0x08,0xc1,0x08,0xc1,0x08,0xc1,0x08,0xc1,0x08,0xc1,0x08,0xc1,0x08,
0xc1,0x08,0xc1,0x08,0xc1,0x08,0xc1,0x08,0xc1,0x08,0xc1,0x08,0xc1,0x08,0xc1,0x08,
0xc1,0x08,0xc1,0x08,0xc1,0x08,0xc1,0x08,0xc1,0x08,0xc1,0x08,0xc1,0x08,0xc1,0x08,
0xc1,0x08,0xc1,0x08,0xc1,0x08,0xc1,0x08,0xc1,0x08,0xc1,0x08,0xc1,0x08,0xc1,0x08,
0xc1,0x08,0xc1,0x08,0xc1,0x08,0xc1,0x08,0xc1,0x08,0xc1,0x08,0xc1,0x08,0xc1,0x08,
0xc1,0x08,0xc1,0x08,0xc1,0x08,0xc1,0x08,0xc1,0x08,0xc1,0x08,0xc1,0x08,0xc1,0x08,
0xc1,0x08,0xc1,0x08,0xc1,0x08,0xc1,0x08,0xc1,0x08,0xc1,0x08,0xc1,0x08,0xc1,0x08,
0xc1,0x08,0xc1,0x08,0xc1,0x08,0xc1,0x08,0xc1,0x08,0xc1,0x08,0xc1,0x08,0xc1,0x08,
0xc1,0x08,0xc1,0x08,0xc1,0x08,0xc1,0x08,0xc1,0x08,0xc1,0x08,0xc1,0x08,0xc1,0x08,
0xc1,0x08,0xc1,0x08,0xc1,0x08,0xc1,0x08,0xc1,0x08,0xc1,0x08,0xc1,0x08,0xc1,0x08,
0xc1,0x08,0xc1,0x08,0xc1,0x08,0xc1,0x08,0xc1,0x08,0xc1,0x08,0xc1,0x08,0xc1,0x08,
0xc1,0x08,0xc1,0x08,0xc1,0x08,0xc1,0x08,0xc1,0x08,0xc1,0x08,0xc1,0x08,0xc1,0x08,
0xc1,0x08,0xc1,0x08,0xc1,0x08,0xc1,0x08,0xc1,0x08,0xc1,0x08,0xc1,0x08,0xc1,0x08,
0xc1,0x08,0xc1,0x08,0xc1,0x08,0xc1,0x08,0xc1,0x08,0xc1,0x08,0xc1,0x08,0xc1,0x08,
0xc1,0x08,0xc1,0x08,0xc1,0x08,0xc1,0x08,0xc1,0x08,0xc1,0x08,0xc1,0x08,0xc1,0x08,
0xc1,0x08,0xc1,0x08,0xc1,0x08,0xc1,0x08,0xc1,0x08,0xc1,0x08,0xc1,0x08,0xc1,0x08,
0xc1,0x08,0xc1,0x08,0xc1,0x08,0xc1,0x08,0xc1,0x08,0xc1,0x08,0xc1,0x08,0xc1,0x08,
0xc1,0x08,0xc1,0x08,0xc1,0x08,0xc1,0x08,0xc1,0x08,0xc1,0x08,0xc1,0x08,0xc1,0x08,
0xc1,0x08,0xc1,0x08,0xc1,0x08,0xc1,0x08,0xc1,0x08,0xc1,0x08,0xc1,0x08,0xc1,0x08,
0xc1,0x08,0xc1,0x08,0xc1,0x08,0xc1,0x08,0xc1,0x08,0xc1,0x08,0xc1,0x08,0xc1,0x08,
0xc1,0x08,0xc1,0x08,0xc1,0x08,0xc1,0x08,0xc1,0x08,0xc1,0x08,0xc1,0x08,0xc1,0x08,
0xc1,0x08,0xc1,0x08,0xc1,0x08,0xc1,0x08,0xc1,0x08,0xc1,0x08,0xc1,0x08,0xc1,0x08,
0xc1,0x08,0xc1,0x08,0xc1,0x08,0xc1,0x08,0xc1,0x08,0xc1,0x08,0xc1,0x08,0xc1,0x08,
0xc1,0x08,0xc1,0x08,0xc1,0x08,0xc1,0x08,0xc1,0x08,0xc1,0x08,0xc1,0x08,0xc1,0x08,
0xc1,0x08,0xc1,0x08,0xc1,0x08,0xc1,0x08,0xc1,0x08,0xc1,0x08,0xc1,0x08,0xc1,0x08,
0xc1,0x08,0xc1,0x08,0xc1,0x08,0xc1,0x08,0xc1,0x08,0xc1,0x08,0xc1,0x08,0xc1,0x08,
0xc1,0x08,0xc1,0x08,0xc1,0x08,0xc1,0x08,0xc1,0x08,0xc1,0x08,0xc1,0x08,0xc1,0x08,
0xc1,0x08,0xc1,0x08,0xc1,0x08,0xc1,0x08,0xc1,0x08,0xc1,0x08,0xc1,0x08,0xc1,0x08,
0xc1,0x08,0xc1,0x08,0xc1,0x08,0xc1,0x08,0xc1,0x08,0xc1,0x08,0xc1,0x08,0xc1,0x08,
0xc1,0x08,0xc1,0x08,0xc1,0x08,0xc1,0x08,0xc1,0x08,0xc1,0x08,0xc1,0x08,0xc1,0x08,
0xc1,0x08,0xc1,0x08,0xc1,0x08,0xc1,0x08,0xc1,0x08,0xc1,0x08,0xc1,0x08,0xc1,0x08,
0xc1,0x08,0xc1,0x08,0xc1,0x08,0xc1,0x08,0xc1,0x08,0xc1,0x08,0xc1,0x08,0xc1,0x08,
0xc1,0x08,0xc1,0x08,0xc1,0x08,0xc1,0x08,0xc1,0x08,0xc1,0x08,0xc1,0x08,0xc1,0x08,
0xc1,0x08,0xc1,0x08,0xc1,0x08,0xc1,0x08,0xc1,0x08,0xc1,0x08,0xc1,0x08,0xc1,0x08,
0xc1,0x08,0xc1,0x08,0xc1,0x08,0xc1,0x08,0xc1,0x08,0xc1,0x08,0xc1,0x08,0xc1,0x08,
0xc1,0x08,0xc1,0x08,0xc1,0x08,0xc1,0x08,0xc1,0x08,0xc1,0x08,0xc1,0x08,0xc1,0x08,
0xc1,0x08,0xc1,0x08,0xc1,0x08,0xc1,0x08,0xc1,0x08,0xc1,0x08,0xc1,0x08,0xc1,0x08,
0xc1,0x08,0xc1,0x08,0xc1,0x08,0xc1,0x08,0xc1,0x08,0xc1,0x08,0xc1,0x08,0xc1,0x08,
0xc1,0x08,0xc1,0x08,0xc1,0x08,0xc1,0x08,0xc1,0x08,0xc1,0x08,0xc1,0x08,0xc1,0x08,
0xc1,0x08,0xc1,0x08,0xc1,0x08,0xc1,0x08,0xc1,0x08,0xc1,0x08,0xc1,0x08,0xc1,0x08,
0xc1,0x08,0xc1,0x08,0xc1,0x08,0xc1,0x08,0xc1,0x08,0xc1,0x08,0xc1,0x08,0xc1,0x08,
0xc1,0x08,0xc1,0x08,0xc1,0x08,0xc1,0x08,0xc1,0x08,0xc1,0x08,0xc1,0x08,0xc1,0x08,
0xc1,0x08,0xc1,0x08,0xc1,0x08,0xc1,0x08,0xc1,0x08,0xc1,0x08,0xc1,0x08,0xc1,0x08,
0xc1,0x08,0xc1,0x08,0xc1,0x08,0xc1,0x08,0xc1,0x08,0xc1,0x08,0xc1,0x08,0xc1,0x08,
0xc1,0x08,0xc1,0x08,0xc1,0x08,0xc1,0x08,0xc1,0x08,0xc1,0x08,0xc1,0x08,0xc1,0x08,
0xc1,0x08,0xc1,0x08,0xc1,0x08,0xc1,0x08,0xc1,0x08,0xc1,0x08,0xc1,0x08,0xc1,0x08,
0xc1,0x08,0xc1,0x08,0xc1,0x08,0xc1,0x08,0xc1,0x08,0xc1,0x08,0xc1,0x08,0xc1,0x08,
0xc1,0x08,0xc1,0x08,0xc1,0x08,0xc1,0x08,0xc1,0x08,0xc1,0x08,0xc1,0x08,0xc1,0x08,
0xc1,0x08,0xc1,0x08,0xc1,0x08,0xc1,0x08,0xc1,0x08,0xc1,0x08,0xc1,0x08,0xc1,0x08,
0xc1,0x08,0xc1,0x08,0xc1,0x08,0xc1,0x08,0xc1,0x08,0xc1,0x08,0xc1,0x08,0xc1,0x08,
0xc1,0x08,0xc1,0x08,0xc1,0x08,0xc1,0x08,0xc1,0x08,0xc1,0x08,0xc1,0x08,0xc1,0x08,
0xc1,0x08,0xc1,0x08,0xc1,0x08,0xc1,0x08,0xc1,0x08,0xc1,0x08,0xc1,0x08,0xc1,0x08,
0xc1,0x08,0xc1,0x08,0xc1,0x08,0xc1,0x08,0xc1,0x08,0xc1,0x08,0xc1,0x08,0xc1,0x08,
0xc1,0x08,0xc1,0x08,0xc1,0x08,0xc1,0x08,0xc1,0x08,0xc1,0x08,0xc1,0x08,0xc1,0x08,
0xc1,0x08,0xc1,0x08,0xc1,0x08,0xc1,0x08,0xc1,0x08,0xc1,0x08,0xc1,0x08,0xc1,0x08,
0xc1,0x08,0xc1,0x08,0xc1,0x08,0xc1,0x08,0xc1,0x08,0xc1,0x08,0xc1,0x08,0xc1,0x08,
0xc1,0x08,0xc1,0x08,0xc1,0x08,0xc1,0x08,0xc1,0x08,0xc1,0x08,0xc1,0x08,0xc1,0x08,
0xc1,0x08,0xc1,0x08,0xc1,0x08,0xc1,0x08,0xc1,0x08,0xc1,0x08,0xc1,0x08,0xc1,0x08,
0xc1,0x08,0xc1,0x08,0xc1,0x08,0xc1,0x08,0xc1,0x08,0xc1,0x08,0xc1,0x08,0xc1,0x08,
0xc1,0x08,0xc1,0x08,0xc1,0x08,0xc1,0x08,0xc1,0x08,0xc1,0x08,0xc1,0x08,0xc1,0x08,
0xc1,0x08,0xc1,0x08,0xc1,0x08,0xc1,0x08,0xc1,0x08,0xc1,0x08,0xc1,0x08,0xc1,0x08,
0xc1,0x08,0xc1,0x08,0xc1,0x08,0xc1,0x08,0xc1,0x08,0xc1,0x08,0xc1,0x08,0xc1,0x08,
0xc1,0x08,0xc1,0x08,0xc1,0x08,0xc1,0x08,0xc1,0x08,0xc1,0x08,0xc1,0x08,0xc1,0x08,
0xc1,0x08,0xc1,0x08,0xc1,0x08,0xc1,0x08,0xc1,0x08,0xc1,0x08,0xc1,0x08,0xc1,0x08,
0xc1,0x08,0xc1,0x08,0xc1,0x08,0xc1,0x08,0xc1,0x08,0xc1,0x08,0xc1,0x08,0xc1,0x08,
0xc1,0x08,0xc1,0x08,0xc1,0x08,0xc1,0x08,0xc1,0x08,0xc1,0x08,0xc1,0x08,0xc1,0x08,
0xc1,0x08,0xc1,0x08,0xc1,0x08,0xc1,0x08,0xc1,0x08,0xc1,0x08,0xc1,0x08,0xc1,0x08,
0xc1,0x08,0xc1,0x08,0xc1,0x08,0xc1,0x08,0xc1,0x08,0xc1,0x08,0xc1,0x08,0xc1,0x08,
0xc1,0x08,0xc1,0x08,0xc1,0x08,0xc1,0x08,0xc1,0x08,0xc1,0x08,0xc1,0x08,0xc1,0x08,
0xc1,0x08,0xc1,0x08,0xc1,0x08,0xc1,0x08,0xc1,0x08,0xc1,0x08,0xc1,0x08,0xc1,0x08,
0xc1,0x08,0xc1,0x08,0xc1,0x08,0xc1,0x08,0xc1,0x08,0xc1,0x08,0xc1,0x08,0xc1,0x08,
0xc1,0x08,0xc1,0x08,0xc1,0x08,0xc1,0x08,0xc1,0x08,0xc1,0x08,0xc1,0x08,0xc1,0x08,
0xc1,0x08,0xc1,0x08,0xc1,0x08,0xc1,0x08,0xc1,0x08,0xc1,0x08,0xc1,0x08,0xc1,0x08,
0xc1,0x08,0xc1,0x08,0xc1,0x08,0xc1,0x08,0xc1,0x08,0xc1,0x08,0xc1,0x08,0xc1,0x08,
0xc1,0x08,0xc1,0x08,0xc1,0x08,0xc1,0x08,0xc1,0x08,0xc1,0x08,0xc1,0x08,0xc1,0x08,
0xc1,0x08,0xc1,0x08,0xc1,0x08,0xc1,0x08,0xc1,0x08,0xc1,0x08,0xc1,0x08,0xc1,0x08,
0xc1,0x08,0xc1,0x08,0xc1,0x08,0xc1,0x08,0xc1,0x08,0xc1,0x08,0xc1,0x08,0xc1,0x08,
0xc1,0x08,0xc1,0x08,0xc1,0x08,0xc1,0x08,0xc1,0x08,0xc1,0x08,0xc1,0x08,0xc1,0x08,
0xc1,0x08,0xc1,0x08,0xc1,0x08,0xc1,0x08,0xc1,0x08,0xc1,0x08,0xc1,0x08,0xc1,0x08,
0xc1,0x08,0xc1,0x08,0xc1,0x08,0xc1,0x08,0xc1,0x08,0xc1,0x08,0xc1,0x08,0xc1,0x08,
0xc1,0x08,0xc1,0x08,0xc1,0x08,0xc1,0x08,0xc1,0x08,0xc1,0x08,0xc1,0x08,0xc1,0x08,
0xc1,0x08,0xc1,0x08,0xc1,0x08,0xc1,0x08,0xc1,0x08,0xc1,0x08,0xc1,0x08,0xc1,0x08,
0xc1,0x08,0xc1,0x08,0xc1,0x08,0xc1,0x08,0xc1,0x08,0xc1,0x08,0xc1,0x08,0xc1,0x08,
0xc1,0x08,0xc1,0x08,0xc1,0x08,0xc1,0x08,0xc1,0x08,0xc1,0x08,0xc1,0x08,0xc1,0x08,
0xc1,0x08,0xc1,0x08,0xc1,0x08,0xc1,0x08,0xc1,0x08,0xc1,0x08,0xc1,0x08,0xc1,0x08,
0xc1,0x08,0xc1,0x08,0xc1,0x08,0xc1,0x08,0xc1,0x08,0xc1,0x08,0xc1,0x08,0xc1,0x08,
0xc1,0x08,0xc1,0x08,0xc1,0x08,0xc1,0x08,0xc1,0x08,0xc1,0x08,0xc1,0x08,0xc1,0x08,
0xc1,0x08,0xc1,0x08,0xc1,0x08,0xc1,0x08,0xc1,0x08,0xc1,0x08,0xc1,0x08,0xc1,0x08,
0xc1,0x08,0xc1,0x08,0xc1,0x08,0xc1,0x08,0xc1,0x08,0xc1,0x08,0xc1,0x08,0xc1,0x08,
0xc1,0x08,0xc1,0x08,0xc1,0x08,0xc1,0x08,0xc1,0x08,0xc1,0x08,0xc1,0x08,0xc1,0x08,
0xc1,0x08,0xc1,0x08,0xc1,0x08,0xc1,0x08,0xc1,0x08,0xc1,0x08,0xc1,0x08,0xc1,0x08,
0xc1,0x08,0xc1,0x08,0xc1,0x08,0xc1,0x08,0xc1,0x08,0xc1,0x08,0xc1,0x08,0xc1,0x08,
0xc1,0x08,0xc1,0x08,0xc1,0x08,0xc1,0x08,0xc1,0x08,0xc1,0x08,0xc1,0x08,0xc1,0x08,
0xc1,0x08,0xc1,0x08,0xc1,0x08,0xc1,0x08,0xc1,0x08,0xc1,0x08,0xc1,0x08,0xc1,0x08,
0xc1,0x08,0xc1,0x08,0xc1,0x08,0xc1,0x08,0xc1,0x08,0xc1,0x08,0xc1,0x08,0xc1,0x08,
0xc1,0x08,0xc1,0x08,0xc1,0x08,0xc1,0x08,0xc1,0x08,0xc1,0x08,0xc1,0x08,0xc1,0x08,
0xc1,0x08,0xc1,0x08,0xc1,0x08,0xc1,0x08,0xc1,0x08,0xc1,0x08,0xc1,0x08,0xc1,0x08,
0xc1,0x08,0xc1,0x08,0xc1,0x08,0xc1,0x08,0xc1,0x08,0xc1,0x08,0xc1,0x08,0xc1,0x08,
0xc1,0x08,0xc1,0x08,0xc1,0x08,0xc1,0x08,0xc1,0x08,0xc1,0x08,0xc1,0x08,0xc1,0x08,
0xc1,0x08,0xc1,0x08,0xc1,0x08,0xc1,0x08,0xc1,0x08,0xc1,0x08,0xc1,0x08,0xc1,0x08,
0xc1,0x08,0xc1,0x08,0xc1,0x08,0xc1,0x08,0xc1,0x08,0xc1,0x08,0xc1,0x08,0xc1,0x08,
0xc1,0x08,0xc1,0x08,0xc1,0x08,0xc1,0x08,0xc1,0x08,0xc1,0x08,0xc1,0x08,0xc1,0x08,
0xc1,0x08,0xc1,0x08,0xc1,0x08,0xc1,0x08,0xc1,0x08,0xc1,0x08,0xc1,0x08,0xc1,0x08,
0xc1,0x08,0xc1,0x08,0xc1,0x08,0xc1,0x08,0xc1,0x08,0xc1,0x08,0xc1,0x08,0xc1,0x08,
0xc1,0x08,0xc1,0x08,0xc1,0x08,0xc1,0x08,0xc1,0x08,0xc1,0x08,0xc1,0x08,0xc1,0x08,
0xc1,0x08,0xc1,0x08,0xc1,0x08,0xc1,0x08,0xc1,0x08,0xc1,0x08,0xc1,0x08,0xc1,0x08,
0xc1,0x08,0xc1,0x08,0xc1,0x08,0xc1,0x08,0xc1,0x08,0xc1,0x08,0xc1,0x08,0xc1,0x08,
0xc1,0x08,0xc1,0x08,0xc1,0x08,0xc1,0x08,0xc1,0x08,0xc1,0x08,0xc1,0x08,0xc1,0x08,
0xc1,0x08,0xc1,0x08,0xc1,0x08,0xc1,0x08,0xc1,0x08,0xc1,0x08,0xc1,0x08,0xc1,0x08,
0xc1,0x08,0xc1,0x08,0xc1,0x08,0xc1,0x08,0xc1,0x08,0xc1,0x08,0xc1,0x08,0xc1,0x08,
0xc1,0x08,0xc1,0x08,0xc1,0x08,0xc1,0x08,0xc1,0x08,0xc1,0x08,0xc1,0x08,0xc1,0x08,
0xc1,0x08,0xc1,0x08,0xc1,0x08,0xc1,0x08,0xc1,0x08,0xc1,0x08,0xc1,0x08,0xc1,0x08,
0xc1,0x08,0xc1,0x08,0xc1,0x08,0xc1,0x08,0xc1,0x08,0xc1,0x08,0xc1,0x08,0xc1,0x08,
0xc1,0x08,0xc1,0x08,0xc1,0x08,0xc1,0x08,0xc1,0x08,0xc1,0x08,0xc1,0x08,0xc1,0x08,
0xc1,0x08,0xc1,0x08,0xc1,0x08,0xc1,0x08,0xe1,0x08,0xe1,0x08,0xe1,0x08,0xe1,0x08,
0xe1,0x08,0xe1,0x08,0xe1,0x08,0xe1,0x08,0xe1,0x08,0xc1,0x08,0xc1,0x08,0xc1,0x08,
0xc1,0x08,0xc1,0x08,0xc1,0x08,0xc1,0x08,0xc1,0x08,0xc1,0x08,0xc1,0x08,0xc1,0x08,
0xc1,0x08,0xc1,0x08,0xc1,0x08,0xc1,0x08,0xc1,0x08,0xc1,0x08,0xc1,0x08,0xc1,0x08,
0xc1,0x08,0xc1,0x08,0xc1,0x08,0xc1,0x08,0xc1,0x08,0xc1,0x08,0xc1,0x08,0xc1,0x08,
0xc1,0x08,0xc1,0x08,0xc1,0x08,0xc1,0x08,0xc1,0x08,0xc1,0x08,0xc1,0x08,0xc1,0x08,
0xc1,0x08,0xc1,0x08,0xc1,0x08,0xc1,0x08,0xc1,0x08,0xc1,0x08,0xc1,0x08,0xc1,0x08,
0xc1,0x08,0xc1,0x08,0xc1,0x08,0xc1,0x08,0xc1,0x08,0xc1,0x08,0xc1,0x08,0xc1,0x08,
0xc1,0x08,0xc1,0x08,0xc1,0x08,0xc1,0x08,0xc1,0x08,0xc1,0x08,0xc1,0x08,0xc1,0x08,
0xc1,0x08,0xc1,0x08,0xc1,0x08,0xc1,0x08,0xc1,0x08,0xc1,0x08,0xc1,0x08,0xc1,0x08,
0xc1,0x08,0xc1,0x08,0xc1,0x08,0xc1,0x08,0xc1,0x08,0xc1,0x08,0xe1,0x08,0xe1,0x08,
0xe1,0x08,0xe1,0x08,0xe1,0x08,0xe1,0x08,0xe1,0x08,0xe1,0x08,0xc1,0x08,0xc1,0x08,
0xc1,0x08,0xc1,0x08,0xc1,0x08,0xc1,0x08,0xc1,0x08,0xc1,0x08,0xc1,0x08,0xc1,0x08,
0xc1,0x08,0xc1,0x08,0xc1,0x08,0xc1,0x08,0xc1,0x08,0xc1,0x08,0xc1,0x08,0xc1,0x08,
0xc1,0x08,0xc1,0x08,0xc1,0x08,0xc1,0x08,0xc1,0x08,0xc1,0x08,0xc1,0x08,0xc1,0x08,
0xc1,0x08,0xe1,0x08,0xe1,0x08,0xc1,0x08,0xc1,0x08,0xc1,0x08,0xc1,0x08,0xc1,0x08,
0xc1,0x08,0xc1,0x08,0xc1,0x08,0xc1,0x08,0xc1,0x08,0xc1,0x08,0xc1,0x08,0xc1,0x08,
0xc1,0x08,0xc1,0x08,0xc1,0x08,0xc1,0x08,0xc1,0x08,0xc1,0x08,0xc1,0x08,0xc1,0x08,
0xc1,0x08,0xc1,0x08,0xc1,0x08,0xe1,0x08,0xc1,0x08,0xc1,0x08,0xc1,0x08,0xe1,0x08,
0xe1,0x08,0xc1,0x08,0xc1,0x08,0xc1,0x08,0xc1,0x08,0xc1,0x08,0xc1,0x08,0xc1,0x08,
0xc1,0x08,0xc1,0x08,0xc1,0x08,0xc1,0x08,0xc1,0x08,0xe1,0x08,0xe1,0x08,0xc1,0x08,
0xc1,0x08,0xc1,0x08,0xc1,0x08,0xe1,0x08,0xe1,0x08,0xc1,0x08,0xc1,0x08,0xc1,0x08,
0xc1,0x08,0xc1,0x08,0xc1,0x08,0xc1,0x08,0xc1,0x08,0xc1,0x08,0xc1,0x08,0xc1,0x08,
0xc1,0x08,0xc1,0x08,0xc1,0x08,0xc1,0x08,0xc1,0x08,0xc1,0x08,0xc1,0x08,0xe1,0x08,
0xc1,0x08,0xc1,0x08,0xc1,0x08,0xc1,0x08,0xc1,0x08,0xc1,0x08,0xc1,0x08,0xc1,0x08,
0xe1,0x10,0xe1,0x10,0xe1,0x10,0xe1,0x10,0xe1,0x10,0xe1,0x10,0xe1,0x10,0xe1,0x10,
0xe1,0x08,0xc1,0x08,0xc1,0x08,0xc1,0x08,0xc1,0x08,0xc1,0x08,0xc1,0x08,0xc1,0x08,
0xc1,0x08,0xc1,0x08,0xc1,0x08,0xc1,0x08,0xc1,0x08,0xc1,0x08,0xc1,0x08,0xc1,0x08,
0xc1,0x08,0xc1,0x08,0xc1,0x08,0xc1,0x08,0xc1,0x08,0xc1,0x08,0xc1,0x08,0xc1,0x08,
0xc1,0x08,0xc1,0x08,0xc1,0x08,0xc1,0x08,0xc1,0x08,0xc1,0x08,0xc1,0x08,0xc1,0x08,
0xc1,0x08,0xc1,0x08,0xc1,0x08,0xc1,0x08,0xc1,0x08,0xc1,0x08,0xc1,0x08,0xc1,0x08,
0xc1,0x08,0xc1,0x08,0xc1,0x08,0xc1,0x08,0xc1,0x08,0xc1,0x08,0xc1,0x08,0xc1,0x08,
0xc1,0x08,0xc1,0x08,0xc1,0x08,0xc1,0x08,0xc1,0x08,0xc1,0x08,0xc1,0x08,0xc1,0x08,
0xc1,0x08,0xc1,0x08,0xc1,0x08,0xe1,0x10,0xe1,0x10,0xe1,0x10,0xe1,0x10,0xe1,0x10,
0xe1,0x10,0xe1,0x10,0xe1,0x10,0xc1,0x08,0xc1,0x08,0xc1,0x08,0xc1,0x08,0xc1,0x08,
0xc1,0x08,0xc1,0x08,0xc1,0x08,0xc1,0x08,0xc1,0x08,0xc1,0x08,0xc1,0x08,0xc1,0x08,
0xc1,0x08,0xc1,0x08,0xc1,0x08,0xc1,0x08,0xc1,0x08,0xc1,0x08,0xc1,0x08,0xc1,0x08,
0xc1,0x08,0xc1,0x08,0xc1,0x08,0xc1,0x08,0xc1,0x08,0xc1,0x08,0xc1,0x08,0xc1,0x08,
0xc1,0x08,0xc1,0x08,0xc1,0x08,0xc1,0x08,0xc1,0x08,0xe1,0x08,0xe1,0x08,0xc1,0x08,
0xc1,0x08,0xc1,0x08,0xc1,0x08,0xc1,0x08,0xc1,0x08,0xc1,0x08,0xc1,0x08,0xc1,0x08,
0xc1,0x08,0xc1,0x08,0xc1,0x08,0xc1,0x08,0xc1,0x08,0xc1,0x08,0xc1,0x08,0xc1,0x08,
0xc1,0x08,0xc1,0x08,0xc1,0x08,0xc1,0x08,0xc1,0x08,0xc1,0x08,0xc1,0x08,0xc1,0x08,
0xc1,0x08,0xc1,0x08,0xc1,0x08,0xc1,0x08,0xc1,0x08,0xc1,0x08,0xc1,0x08,0xc1,0x08,
0xc1,0x08,0xc1,0x08,0xc1,0x08,0xc1,0x08,0xc1,0x08,0xc1,0x08,0xc1,0x08,0xc1,0x08,
0xc1,0x08,0xc1,0x08,0xc1,0x08,0xc1,0x08,0xc1,0x08,0xc1,0x08,0xc1,0x08,0xc1,0x08,
0xc1,0x08,0xc1,0x08,0xc1,0x08,0xc1,0x08,0xc1,0x08,0xc1,0x08,0xc1,0x08,0xc1,0x08,
0xc1,0x08,0xc1,0x08,0xc1,0x08,0xc1,0x08,0xc1,0x08,0xc1,0x08,0xc1,0x08,0xc1,0x08,
0xc1,0x08,0xc1,0x08,0xc1,0x08,0xc1,0x08,0xc1,0x08,0xc1,0x08,0xc1,0x08,0xc1,0x08,
0xc1,0x08,0xc1,0x08,0xc1,0x08,0xc1,0x08,0xc1,0x08,0xc1,0x08,0xc1,0x08,0xc1,0x08,
0xc1,0x08,0xc1,0x08,0xc1,0x08,0xc1,0x08,0xc1,0x08,0xc1,0x08,0xc1,0x08,0xc1,0x08,
0xc1,0x08,0xc1,0x08,0xc1,0x08,0xc1,0x08,0xc1,0x08,0xc1,0x08,0xc1,0x08,0xc1,0x08,
0xc1,0x08,0xc1,0x08,0xc1,0x08,0xc1,0x08,0xc1,0x08,0xc1,0x08,0xc1,0x08,0xc1,0x08,
0xc1,0x08,0xc1,0x08,0xc1,0x08,0xc1,0x08,0xc1,0x08,0xc1,0x08,0xc1,0x08,0xc1,0x08,
0xc1,0x08,0xc1,0x08,0xc1,0x08,0xc1,0x08,0xc1,0x08,0xc1,0x08,0xc1,0x08,0xc1,0x08,
0xc1,0x08,0xc1,0x08,0xc1,0x08,0xc1,0x08,0xc1,0x08,0xc1,0x08,0xc1,0x08,0xc1,0x08,
0xc1,0x08,0xc1,0x08,0xc1,0x08,0xc1,0x08,0xc1,0x08,0xc1,0x08,0xc1,0x08,0xc1,0x08,
0xc1,0x08,0xc1,0x08,0xc1,0x08,0xc1,0x08,0xc1,0x08,0xc1,0x08,0xc1,0x08,0xc1,0x08,
0xc1,0x08,0xc1,0x08,0xc1,0x08,0xc1,0x08,0xc1,0x08,0xc1,0x08,0xc1,0x08,0xc1,0x08,
0xc1,0x08,0xc1,0x08,0xc1,0x08,0xc1,0x08,0xc1,0x08,0xc1,0x08,0xc1,0x08,0xc1,0x08,
0xc1,0x08,0xc1,0x08,0xc1,0x08,0xc1,0x08,0xc1,0x08,0xc1,0x08,0xc1,0x08,0xc1,0x08,
0xc1,0x08,0xc1,0x08,0xc1,0x08,0xc1,0x08,0xa1,0x08,0xa1,0x08,0xa1,0x08,0xa1,0x08,
0xa1,0x08,0xa1,0x08,0xa1,0x08,0xa1,0x08,0xa1,0x08,0xc1,0x08,0xc1,0x08,0xc1,0x08,
0xc1,0x08,0xc1,0x08,0xc1,0x08,0xc1,0x08,0xc1,0x08,0xc1,0x08,0xc1,0x08,0xc1,0x08,
0xc1,0x08,0xc1,0x08,0xc1,0x08,0xc1,0x08,0xc1,0x08,0xc1,0x08,0xc1,0x08,0xc1,0x08,
0xc1,0x08,0xc1,0x08,0xc1,0x08,0xc1,0x08,0xc1,0x08,0xc1,0x08,0xc1,0x08,0xc1,0x08,
0xc1,0x08,0xc1,0x08,0xc1,0x08,0xc1,0x08,0xc1,0x08,0xc1,0x08,0xc1,0x08,0xc1,0x08,
0xc1,0x08,0xc1,0x08,0xc1,0x08,0xc1,0x08,0xc1,0x08,0xc1,0x08,0xc1,0x08,0xc1,0x08,
0xc1,0x08,0xc1,0x08,0xc1,0x08,0xc1,0x08,0xc1,0x08,0xc1,0x08,0xc1,0x08,0xc1,0x08,
0xc1,0x08,0xc1,0x08,0xc1,0x08,0xc1,0x08,0xc1,0x08,0xc1,0x08,0xc1,0x08,0xc1,0x08,
0xc1,0x08,0xc1,0x08,0xc1,0x08,0xc1,0x08,0xc1,0x08,0xc1,0x08,0xc1,0x08,0xc1,0x08,
0xc1,0x08,0xc1,0x08,0xc1,0x08,0xc1,0x08,0xc1,0x08,0xc1,0x08,0xc1,0x08,0xa1,0x08,
0xa1,0x08,0xa1,0x08,0xa1,0x08,0xa1,0x08,0xa1,0x08,0xa1,0x08,0xc1,0x08,0xc1,0x08,
0xc1,0x08,0xc1,0x08,0xc1,0x08,0xc1,0x08,0xc1,0x08,0xc1,0x08,0xc1,0x08,0xc1,0x08,
0xc1,0x08,0xc1,0x08,0xc1,0x08,0xc1,0x08,0xc1,0x08,0xc1,0x08,0xc1,0x08,0xc1,0x08,
0xc1,0x08,0xc1,0x08,0xc1,0x08,0xc1,0x08,0xc1,0x08,0xc1,0x08,0xc1,0x08,0xc1,0x08,
0xc1,0x08,0xa1,0x08,0xc1,0x08,0xc1,0x08,0xc1,0x08,0xc1,0x08,0xc1,0x08,0xc1,0x08,
0xc1,0x08,0xc1,0x08,0xc1,0x08,0xc1,0x08,0xc1,0x08,0xc1,0x08,0xc1,0x08,0xc1,0x08,
0xc1,0x08,0xc1,0x08,0xc1,0x08,0xc1,0x08,0xc1,0x08,0xc1,0x08,0xc1,0x08,0xc1,0x08,
0xc1,0x08,0xe1,0x08,0xc1,0x08,0xa1,0x08,0xc1,0x08,0xc1,0x08,0xc1,0x08,0xc1,0x08,
0xa1,0x08,0xc1,0x08,0xc1,0x08,0xc1,0x08,0xc1,0x08,0xc1,0x08,0xc1,0x08,0xc1,0x08,
0xc1,0x08,0xc1,0x08,0xc1,0x08,0xc1,0x08,0xc1,0x08,0xc1,0x08,0xa1,0x08,0xc1,0x08,
0xc1,0x08,0xc1,0x08,0xe1,0x08,0xc1,0x08,0xc1,0x08,0xc1,0x08,0xc1,0x08,0xc1,0x08,
0xc1,0x08,0xc1,0x08,0xc1,0x08,0xc1,0x08,0xc1,0x08,0xc1,0x08,0xc1,0x08,0xc1,0x08,
0xc1,0x08,0xc1,0x08,0xc1,0x08,0xc1,0x08,0xc1,0x08,0xc1,0x08,0xc1,0x08,0xa1,0x08,
0xc1,0x08,0xc1,0x08,0xc1,0x08,0xc1,0x08,0xc1,0x08,0xc1,0x08,0xc1,0x08,0xc1,0x08,
0xa1,0x00,0xa1,0x00,0xa1,0x00,0xa1,0x00,0xa1,0x00,0xa1,0x00,0xa1,0x00,0xa1,0x00,
0xa1,0x00,0xc1,0x08,0xc1,0x08,0xc1,0x08,0xc1,0x08,0xc1,0x08,0xc1,0x08,0xc1,0x08,
0xc1,0x08,0xc1,0x08,0xc1,0x08,0xc1,0x08,0xc1,0x08,0xc1,0x08,0xc1,0x08,0xc1,0x08,
0xc1,0x08,0xc1,0x08,0xc1,0x08,0xc1,0x08,0xc1,0x08,0xc1,0x08,0xc1,0x08,0xc1,0x08,
0xc1,0x08,0xc1,0x08,0xc1,0x08,0xc1,0x08,0xc1,0x08,0xc1,0x08,0xc1,0x08,0xc1,0x08,
0xc1,0x08,0xc1,0x08,0xc1,0x08,0xc1,0x08,0xc1,0x08,0xc1,0x08,0xc1,0x08,0xc1,0x08,
0xc1,0x08,0xc1,0x08,0xc1,0x08,0xc1,0x08,0xc1,0x08,0xc1,0x08,0xc1,0x08,0xc1,0x08,
0xc1,0x08,0xc1,0x08,0xc1,0x08,0xc1,0x08,0xc1,0x08,0xc1,0x08,0xc1,0x08,0xc1,0x08,
0xc1,0x08,0xc1,0x08,0xc1,0x08,0xa1,0x00,0xa1,0x00,0xa1,0x00,0xa1,0x00,0xa1,0x00,
0xa1,0x00,0x81,0x00,0xa1,0x00,0xe1,0x10,0xc1,0x08,0xc1,0x08,0xc1,0x08,0xc1,0x08,
0xc1,0x08,0xc1,0x08,0xc1,0x08,0xc1,0x08,0xc1,0x08,0xc1,0x08,0xc1,0x08,0xc1,0x08,
0xc1,0x08,0xc1,0x08,0xc1,0x08,0xc1,0x08,0xc1,0x08,0xc1,0x08,0xc1,0x08,0xc1,0x08,
0xc1,0x08,0xc1,0x08,0xc1,0x08,0xc1,0x08,0xc1,0x08,0xc1,0x08,0xc1,0x08,0xc1,0x08,
0xc1,0x08,0xc1,0x08,0xc1,0x08,0xc1,0x08,0xc1,0x08,0xa1,0x00,0xa1,0x08,0xc1,0x08,
0xc1,0x08,0xc1,0x08,0xc1,0x08,0xc1,0x08,0xc1,0x08,0xc1,0x08,0xc1,0x08,0xc1,0x08,
0xc1,0x08,0xc1,0x08,0xc1,0x08,0xc1,0x08,0xc1,0x08,0xc1,0x08,0xc1,0x08,0xc1,0x08,
0xc1,0x08,0xc1,0x08,0xc1,0x08,0xc1,0x08,0xc1,0x08,0xc1,0x08,0xc1,0x08,0xc1,0x08,
0xc1,0x08,0xc1,0x08,0xc1,0x08,0xc1,0x08,0xc1,0x08,0xc1,0x08,0xc1,0x08,0xc1,0x08,
0xc1,0x08,0xc1,0x08,0xc1,0x08,0xc1,0x08,0xc1,0x08,0xc1,0x08,0xc1,0x08,0xc1,0x08,
0xc1,0x08,0xc1,0x08,0xc1,0x08,0xc1,0x08,0xc1,0x08,0xc1,0x08,0xc1,0x08,0xc1,0x08,
0xc1,0x08,0xc1,0x08,0xc1,0x08,0xc1,0x08,0xc1,0x08,0xc1,0x08,0xc1,0x08,0xc1,0x08,
0xc1,0x08,0xc1,0x08,0xc1,0x08,0xc1,0x08,0xc1,0x08,0xc1,0x08,0xc1,0x08,0xc1,0x08,
0xc1,0x08,0xc1,0x08,0xc1,0x08,0xc1,0x08,0xc1,0x08,0xc1,0x08,0xc1,0x08,0xc1,0x08,
0xc1,0x08,0xc1,0x08,0xc1,0x08,0xc1,0x08,0xc1,0x08,0xc1,0x08,0xc1,0x08,0xc1,0x08,
0xc1,0x08,0xc1,0x08,0xc1,0x08,0xc1,0x08,0xc1,0x08,0xc1,0x08,0xc1,0x08,0xc1,0x08,
0xc1,0x08,0xc1,0x08,0xc1,0x08,0xc1,0x08,0xc1,0x08,0xc1,0x08,0xc1,0x08,0xc1,0x08,
0xc1,0x08,0xc1,0x08,0xc1,0x08,0xc1,0x08,0xc1,0x08,0xc1,0x08,0xc1,0x08,0xc1,0x08,
0xc1,0x08,0xc1,0x08,0xc1,0x08,0xc1,0x08,0xc1,0x08,0xc1,0x08,0xc1,0x08,0xc1,0x08,
0xc1,0x08,0xc1,0x08,0xc1,0x08,0xc1,0x08,0xc1,0x08,0xc1,0x08,0xc1,0x08,0xc1,0x08,
0xc1,0x08,0xc1,0x08,0xc1,0x08,0xc1,0x08,0xc1,0x08,0xc1,0x08,0xc1,0x08,0xc1,0x08,
0xc1,0x08,0xc1,0x08,0xc1,0x08,0xc1,0x08,0xc1,0x08,0xc1,0x08,0xc1,0x08,0xc1,0x08,
0xc1,0x08,0xc1,0x08,0xc1,0x08,0xc1,0x08,0xc1,0x08,0xc1,0x08,0xc1,0x08,0xc1,0x08,
0xc1,0x08,0xc1,0x08,0xc1,0x08,0xc1,0x08,0xc1,0x08,0xc1,0x08,0xc1,0x08,0xc1,0x08,
0xc1,0x08,0xc1,0x08,0xc1,0x08,0xc1,0x08,0xc1,0x08,0xc1,0x08,0xc1,0x08,0xc1,0x08,
0xc1,0x08,0xc1,0x08,0xc1,0x08,0xc1,0x08,0xc1,0x08,0xc1,0x08,0xc1,0x08,0xc1,0x08,
0xc1,0x08,0xe1,0x08,0xc1,0x08,0x01,0x11,0xe1,0x22,0x21,0x23,0x01,0x23,0x01,0x23,
0x01,0x23,0x01,0x23,0x01,0x23,0x01,0x23,0x01,0x23,0x21,0x11,0xc1,0x08,0xe1,0x08,
0xc1,0x08,0xc1,0x08,0xc1,0x08,0xc1,0x08,0xc1,0x08,0xc1,0x08,0xc1,0x08,0xc1,0x08,
0xc1,0x08,0xc1,0x08,0xc1,0x08,0xc1,0x08,0xc1,0x08,0xc1,0x08,0xc1,0x08,0xc1,0x08,
0xc1,0x08,0xc1,0x08,0xc1,0x08,0xc1,0x08,0xc1,0x08,0xc1,0x08,0xc1,0x08,0xc1,0x08,
0xc1,0x08,0xc1,0x08,0xc1,0x08,0xc1,0x08,0xc1,0x08,0xc1,0x08,0xc1,0x08,0xc1,0x08,
0xc1,0x08,0xc1,0x08,0xc1,0x08,0xc1,0x08,0xc1,0x08,0xc1,0x08,0xc1,0x08,0xc1,0x08,
0xc1,0x08,0xc1,0x08,0xc1,0x08,0xc1,0x08,0xc1,0x08,0xc1,0x08,0xc1,0x08,0xc1,0x08,
0xc1,0x08,0xc1,0x08,0xc1,0x08,0xc1,0x08,0xc1,0x08,0xc1,0x08,0xc1,0x08,0xc1,0x08,
0xc1,0x08,0xc1,0x08,0xc1,0x08,0xc1,0x08,0xc1,0x08,0xc1,0x08,0xc1,0x08,0xc1,0x08,
0xc1,0x08,0xc1,0x08,0xc1,0x08,0xc1,0x08,0xc1,0x08,0xe1,0x08,0xe1,0x22,0x21,0x23,
0x01,0x23,0x01,0x23,0x01,0x23,0xe1,0x22,0xc1,0x1a,0x01,0x1a,0xc1,0x08,0xc1,0x08,
0xc1,0x08,0xc1,0x08,0xc1,0x08,0xc1,0x08,0xc1,0x08,0xc1,0x08,0xc1,0x08,0xc1,0x08,
0xc1,0x08,0xc1,0x08,0xc1,0x08,0xc1,0x08,0xc1,0x08,0xc1,0x08,0xc1,0x08,0xc1,0x08,
0xc1,0x08,0xc1,0x08,0xc1,0x08,0xc1,0x08,0xc1,0x08,0xc1,0x08,0xe1,0x08,0xa1,0x08,
0x21,0x1a,0x61,0x23,0x81,0x1a,0xc1,0x08,0xc1,0x08,0xc1,0x08,0xc1,0x08,0xc1,0x08,
0xc1,0x08,0xc1,0x08,0xc1,0x08,0xc1,0x08,0xc1,0x08,0xc1,0x08,0xc1,0x08,0xc1,0x08,
0xc1,0x08,0xc1,0x08,0xc1,0x08,0xc1,0x08,0xc1,0x08,0xc1,0x08,0xc1,0x08,0xc1,0x08,
0xe1,0x08,0xa1,0x08,0xc1,0x08,0x81,0x11,0xc1,0x08,0xc1,0x08,0x01,0x09,0xe1,0x22,
0x41,0x23,0xa1,0x11,0xa1,0x08,0xe1,0x08,0xc1,0x08,0xc1,0x08,0xc1,0x08,0xc1,0x08,
0xc1,0x08,0xc1,0x08,0xc1,0x08,0xc1,0x08,0xc1,0x08,0xa1,0x1a,0x41,0x23,0x01,0x1a,
0xa1,0x08,0xe1,0x08,0xa1,0x08,0x21,0x11,0x61,0x11,0xc1,0x08,0xc1,0x08,0xc1,0x08,
0xc1,0x08,0xc1,0x08,0xc1,0x08,0xc1,0x08,0xc1,0x08,0xc1,0x08,0xc1,0x08,0xc1,0x08,
0xc1,0x08,0xc1,0x08,0xc1,0x08,0xc1,0x08,0xe1,0x08,0xa1,0x08,0x41,0x1a,0x61,0x23,
0x61,0x11,0xa1,0x08,0xe1,0x08,0xc1,0x08,0xc1,0x08,0xe1,0x10,0xa1,0x00,0xc1,0x39,
0x22,0xb4,0x02,0xac,0x02,0xac,0x02,0xa4,0x02,0xac,0x02,0xa4,0xe2,0xa3,0x02,0xac,
0x82,0x93,0xe1,0x10,0xc1,0x08,0xc1,0x08,0xc1,0x08,0xc1,0x08,0xc1,0x08,0xc1,0x08,
0xc1,0x08,0xc1,0x08,0xc1,0x08,0xc1,0x08,0xc1,0x08,0xc1,0x08,0xc1,0x08,0xc1,0x08,
0xc1,0x08,0xc1,0x08,0xc1,0x08,0xc1,0x08,0xc1,0x08,0xc1,0x08,0xc1,0x08,0xc1,0x08,
0xc1,0x08,0xc1,0x08,0xc1,0x08,0xc1,0x08,0xc1,0x08,0xc1,0x08,0xc1,0x08,0xc1,0x08,
0xc1,0x08,0xc1,0x08,0xc1,0x08,0xc1,0x08,0xc1,0x08,0xc1,0x08,0xc1,0x08,0xc1,0x08,
0xc1,0x08,0xc1,0x08,0xc1,0x08,0xc1,0x08,0xc1,0x08,0xc1,0x08,0xc1,0x08,0xc1,0x08,
0xc1,0x08,0xc1,0x08,0xc1,0x08,0xc1,0x08,0xc1,0x08,0xc1,0x08,0xc1,0x08,0xc1,0x08,
0xe1,0x08,0xa1,0x00,0xa1,0x31,0x22,0xac,0x02,0xac,0x02,0xac,0x02,0xac,0xe2,0xa3,
0xc1,0x9b,0x81,0x8b,0x01,0x42,0xa1,0x00,0xe1,0x08,0xc1,0x08,0xc1,0x08,0xc1,0x08,
0xc1,0x08,0xc1,0x08,0xc1,0x08,0xc1,0x08,0xc1,0x08,0xc1,0x08,0xc1,0x08,0xc1,0x08,
0xc1,0x08,0xc1,0x08,0xc1,0x08,0xc1,0x08,0xc1,0x08,0xc1,0x08,0xc1,0x08,0xc1,0x08,
0xc1,0x08,0xc1,0x08,0xc1,0x08,0xc1,0x08,0xc1,0x08,0xc1,0x08,0xc1,0x08,0xc1,0x08,
0xc1,0x08,0xc1,0x08,0xe1,0x10,0xa1,0x00,0xa1,0x62,0x82,0xc4,0x61,0x8b,0xc1,0x08,
0xc1,0x08,0xc1,0x08,0xc1,0x08,0xc1,0x08,0xc1,0x08,0xc1,0x08,0xc1,0x08,0xc1,0x08,
0xc1,0x08,0xc1,0x08,0xc1,0x08,0xc1,0x08,0xc1,0x08,0xc1,0x08,0xc1,0x08,0xc1,0x08,
0xc1,0x08,0xc1,0x08,0xc1,0x08,0xc1,0x08,0xc1,0x08,0xc1,0x08,0xc1,0x08,0xc1,0x08,
0xc1,0x08,0xc1,0x08,0xc1,0x08,0xc1,0x08,0xc1,0x08,0xc1,0x08,0xc1,0x08,0xc1,0x08,
0xc1,0x08,0xc1,0x08,0xc1,0x08,0xc1,0x08,0xc1,0x08,0xc1,0x08,0xc1,0x08,0xc1,0x08,
0xc1,0x08,0xc1,0x08,0xc1,0x08,0xc1,0x08,0xc1,0x08,0xc1,0x08,0xc1,0x08,0xc1,0x08,
0xc1,0x08,0xc1,0x08,0xc1,0x08,0xc1,0x08,0xc1,0x08,0xc1,0x08,0xc1,0x08,0xc1,0x08,
0xc1,0x08,0xc1,0x08,0xc1,0x08,0xc1,0x08,0xc1,0x08,0xc1,0x08,0xc1,0x08,0xc1,0x08,
0xc1,0x08,0xc1,0x08,0xc1,0x08,0xc1,0x08,0xc1,0x08,0xc1,0x08,0xc1,0x08,0xc1,0x08,
0xc1,0x08,0xc1,0x08,0xc1,0x08,0xc1,0x08,0xc1,0x08,0xc1,0x08,0xc1,0x08,0xc1,0x08,
0xc1,0x08,0xc1,0x08,0xc1,0x08,0xc1,0x08,0xc1,0x08,0xc1,0x08,0xc1,0x08,0xc1,0x08,
0xc1,0x08,0xc1,0x08,0xc1,0x08,0xc1,0x08,0xc1,0x08,0xc1,0x08,0xc1,0x08,0xc1,0x08,
0xc1,0x08,0xc1,0x08,0xc1,0x08,0xc1,0x08,0xc1,0x08,0xc1,0x08,0xc1,0x08,0xc1,0x08,
0xc1,0x08,0xc1,0x08,0xc1,0x08,0xc1,0x08,0xc1,0x08,0xc1,0x08,0xc1,0x08,0xc1,0x08,
0xc1,0x08,0xc1,0x08,0xc1,0x08,0xc1,0x08,0xc1,0x08,0xc1,0x08,0xc1,0x08,0xc1,0x08,
0xc1,0x08,0xc1,0x08,0xc1,0x08,0xc1,0x08,0xc1,0x08,0xc1,0x08,0xc1,0x08,0xc1,0x08,
0xc1,0x08,0xc1,0x08,0xc1,0x08,0xc1,0x08,0xc1,0x08,0xc1,0x08,0xc1,0x08,0xc1,0x08,
0xc1,0x08,0xc1,0x08,0xc1,0x08,0xc1,0x08,0xc1,0x08,0xc1,0x08,0xc1,0x08,0xc1,0x08,
0xc1,0x08,0xc1,0x08,0xc1,0x08,0xc1,0x08,0xc1,0x08,0xc1,0x08,0xc1,0x08,0xc1,0x08,
0xc1,0x08,0xc1,0x08,0xc1,0x08,0xc1,0x08,0xc1,0x08,0xc1,0x08,0xc1,0x08,0xc1,0x08,
0xc1,0x08,0xc1,0x08,0xc1,0x08,0xc1,0x08,0xc1,0x08,0xc1,0x08,0xc1,0x08,0xc1,0x08,
0xc1,0x08,0xe1,0x08,0xc1,0x08,0x21,0x11,0xe1,0x2b,0x41,0x2c,0x41,0x2c,0x62,0x2c,
0x62,0x2c,0x62,0x2c,0x62,0x2c,0x62,0x2c,0x62,0x2c,0x61,0x11,0xa1,0x08,0xe1,0x08,
0xe1,0x08,0xe1,0x08,0xe1,0x08,0xe1,0x08,0xe1,0x08,0xe1,0x08,0xc1,0x08,0xc1,0x08,
0xe1,0x08,0xe1,0x08,0xe1,0x08,0xc1,0x08,0xc1,0x08,0xc1,0x08,0xc1,0x08,0xe1,0x08,
0xe1,0x08,0xc1,0x08,0xe1,0x08,0xe1,0x08,0xe1,0x08,0xe1,0x08,0xc1,0x08,0xc1,0x08,
0xc1,0x08,0xc1,0x08,0xc1,0x08,0xe1,0x08,0xe1,0x08,0xe1,0x08,0xe1,0x08,0xe1,0x08,
0xc1,0x08,0xc1,0x08,0xc1,0x08,0xe1,0x08,0xe1,0x08,0xc1,0x08,0xc1,0x08,0xc1,0x08,
0xe1,0x08,0xe1,0x08,0xe1,0x08,0xc1,0x08,0xc1,0x08,0xe1,0x08,0xe1,0x08,0xe1,0x08,
0xc1,0x08,0xc1,0x08,0xe1,0x08,0xe1,0x08,0xe1,0x08,0xe1,0x08,0xe1,0x08,0xc1,0x08,
0xc1,0x08,0xc1,0x08,0xe1,0x08,0xe1,0x08,0xe1,0x08,0xe1,0x08,0xe1,0x08,0xe1,0x08,
0xc1,0x08,0xc1,0x08,0xc1,0x08,0xc1,0x08,0xc1,0x08,0xe1,0x08,0xc1,0x2b,0x41,0x2c,
0x41,0x2c,0x62,0x2c,0x62,0x2c,0x62,0x2c,0x42,0x2c,0x41,0x2c,0xc1,0x1a,0xa1,0x08,
0xe1,0x08,0xe1,0x08,0xe1,0x08,0xe1,0x08,0xe1,0x08,0xe1,0x08,0xe1,0x08,0xc1,0x08,
0xc1,0x08,0xc1,0x08,0xe1,0x08,0xe1,0x08,0xe1,0x08,0xe1,0x08,0xc1,0x08,0xc1,0x08,
0xc1,0x08,0xc1,0x08,0xc1,0x08,0xc1,0x08,0xe1,0x08,0xe1,0x08,0xe1,0x08,0xa1,0x08,
0xc1,0x1a,0x82,0x2c,0x61,0x23,0xc1,0x08,0xc1,0x08,0xe1,0x08,0xe1,0x08,0xe1,0x08,
0xc1,0x08,0xc1,0x08,0xc1,0x08,0xe1,0x08,0xe1,0x08,0xc1,0x08,0xc1,0x08,0xc1,0x08,
0xc1,0x08,0xe1,0x08,0xe1,0x08,0xe1,0x08,0xe1,0x08,0xe1,0x08,0xc1,0x08,0xe1,0x08,
0xc1,0x08,0x61,0x11,0x61,0x23,0x41,0x23,0xc1,0x08,0xc1,0x08,0x01,0x11,0x22,0x2c,
0xc2,0x34,0x21,0x1a,0xa1,0x08,0xe1,0x08,0xe1,0x08,0xc1,0x08,0xc1,0x08,0xc1,0x08,
0xc1,0x08,0xe1,0x08,0xe1,0x08,0xe1,0x08,0xc1,0x08,0xc1,0x2b,0xc2,0x34,0xa1,0x1a,
0xa1,0x08,0xe1,0x08,0xe1,0x11,0xe1,0x2b,0x61,0x1a,0xa1,0x08,0xe1,0x08,0xe1,0x08,
0xe1,0x08,0xc1,0x08,0xc1,0x08,0xc1,0x08,0xc1,0x08,0xe1,0x08,0xe1,0x08,0xe1,0x08,
0xc1,0x08,0xc1,0x08,0xc1,0x08,0xc1,0x08,0xe1,0x08,0xa1,0x08,0xe1,0x22,0x81,0x2c,
0xa1,0x11,0xa1,0x08,0xe1,0x08,0xc1,0x08,0xc1,0x08,0xe1,0x10,0x81,0x00,0x21,0x4a,
0xc2,0xfd,0x82,0xf5,0xc2,0xfd,0xe2,0xfd,0xe2,0xfd,0xe2,0xfd,0xc2,0xfd,0x02,0xfe,
0x22,0xe5,0xe1,0x10,0xc1,0x08,0xe1,0x10,0xe1,0x10,0xe1,0x08,0xe1,0x08,0xe1,0x10,
0xe1,0x10,0xe1,0x10,0xc1,0x08,0xc1,0x08,0xc1,0x08,0xc1,0x08,0xc1,0x08,0xe1,0x10,
0xe1,0x10,0xe1,0x10,0xe1,0x10,0xe1,0x08,0xe1,0x10,0xe1,0x10,0xc1,0x08,0xc1,0x08,
0xc1,0x08,0xe1,0x10,0xe1,0x10,0xe1,0x10,0xe1,0x10,0xe1,0x10,0xc1,0x08,0xc1,0x08,
0xc1,0x08,0xc1,0x08,0xc1,0x08,0xe1,0x10,0xe1,0x10,0xe1,0x10,0xe1,0x10,0xc1,0x08,
0xe1,0x10,0xe1,0x10,0xc1,0x08,0xc1,0x08,0xc1,0x08,0xc1,0x08,0xe1,0x10,0xe1,0x10,
0xe1,0x10,0xe1,0x10,0xc1,0x08,0xc1,0x08,0xc1,0x08,0xc1,0x08,0xc1,0x08,0xc1,0x08,
0xe1,0x10,0xa1,0x00,0x01,0x42,0xa2,0xfd,0x82,0xf5,0xc2,0xfd,0xe2,0xfd,0xe2,0xfd,
0xe2,0xfd,0xa2,0xfd,0x82,0xf5,0x61,0x5a,0x81,0x00,0xe1,0x10,0xc1,0x08,0xe1,0x10,
0xe1,0x10,0xe1,0x10,0xe1,0x10,0xe1,0x08,0xc1,0x08,0xc1,0x08,0xc1,0x08,0xc1,0x08,
0xc1,0x08,0xe1,0x10,0xe1,0x10,0xe1,0x10,0xe1,0x10,0xe1,0x10,0xc1,0x08,0xc1,0x08,
0xc1,0x08,0xc1,0x08,0xe1,0x10,0xe1,0x10,0xc1,0x08,0xe1,0x10,0xe1,0x10,0xe1,0x10,
0xe1,0x08,0xc1,0x08,0xe1,0x10,0x81,0x00,0x61,0x8b,0x22,0xfe,0x82,0xbc,0xc1,0x08,
0xc1,0x08,0xc1,0x08,0xe1,0x08,0xe1,0x10,0xe1,0x10,0xe1,0x10,0xe1,0x10,0xc1,0x08,
0xc1,0x08,0xc1,0x08,0xc1,0x08,0xc1,0x08,0xc1,0x08,0xc1,0x08,0xc1,0x08,0xc1,0x08,
0xc1,0x08,0xc1,0x08,0xc1,0x08,0xc1,0x08,0xc1,0x08,0xc1,0x08,0xc1,0x08,0xc1,0x08,
0xc1,0x08,0xc1,0x08,0xc1,0x08,0xc1,0x08,0xc1,0x08,0xc1,0x08,0xc1,0x08,0xc1,0x08,
0xc1,0x08,0xc1,0x08,0xc1,0x08,0xc1,0x08,0xc1,0x08,0xc1,0x08,0xc1,0x08,0xc1,0x08,
0xc1,0x08,0xc1,0x08,0xc1,0x08,0xc1,0x08,0xc1,0x08,0xc1,0x08,0xc1,0x08,0xc1,0x08,
0xc1,0x08,0xc1,0x08,0xc1,0x08,0xc1,0x08,0xc1,0x08,0xc1,0x08,0xc1,0x08,0xc1,0x08,
0xc1,0x08,0xc1,0x08,0xc1,0x08,0xc1,0x08,0xc1,0x08,0xc1,0x08,0xc1,0x08,0xc1,0x08,
0xc1,0x08,0xc1,0x08,0xc1,0x08,0xc1,0x08,0xc1,0x08,0xc1,0x08,0xc1,0x08,0xc1,0x08,
0xc1,0x08,0xc1,0x08,0xc1,0x08,0xc1,0x08,0xc1,0x08,0xc1,0x08,0xc1,0x08,0xc1,0x08,
0xc1,0x08,0xc1,0x08,0xc1,0x08,0xc1,0x08,0xc1,0x08,0xc1,0x08,0xc1,0x08,0xc1,0x08,
0xc1,0x08,0xc1,0x08,0xc1,0x08,0xc1,0x08,0xc1,0x08,0xc1,0x08,0xc1,0x08,0xc1,0x08,
0xc1,0x08,0xc1,0x08,0xc1,0x08,0xc1,0x08,0xc1,0x08,0xc1,0x08,0xc1,0x08,0xc1,0x08,
0xc1,0x08,0xc1,0x08,0xc1,0x08,0xc1,0x08,0xc1,0x08,0xc1,0x08,0xc1,0x08,0xc1,0x08,
0xc1,0x08,0xc1,0x08,0xc1,0x08,0xc1,0x08,0xc1,0x08,0xc1,0x08,0xc1,0x08,0xc1,0x08,
0xc1,0x08,0xc1,0x08,0xc1,0x08,0xc1,0x08,0xc1,0x08,0xc1,0x08,0xc1,0x08,0xc1,0x08,
0xc1,0x08,0xc1,0x08,0xc1,0x08,0xc1,0x08,0xc1,0x08,0xc1,0x08,0xc1,0x08,0xc1,0x08,
0xc1,0x08,0xc1,0x08,0xc1,0x08,0xc1,0x08,0xc1,0x08,0xc1,0x08,0xc1,0x08,0xc1,0x08,
0xc1,0x08,0xc1,0x08,0xc1,0x08,0xc1,0x08,0xc1,0x08,0xc1,0x08,0xc1,0x08,0xc1,0x08,
0xc1,0x08,0xc1,0x08,0xc1,0x08,0xc1,0x08,0xc1,0x08,0xc1,0x08,0xc1,0x08,0xc1,0x08,
0xc1,0x08,0xc1,0x08,0xc1,0x08,0xc1,0x08,0xc1,0x08,0xc1,0x08,0xc1,0x08,0xc1,0x08,
0xc1,0x08,0xe1,0x08,0xc1,0x08,0x21,0x11,0xc1,0x2b,0x21,0x2c,0xe1,0x22,0xc1,0x11,
0x01,0x1a,0xe1,0x19,0xe1,0x19,0xe1,0x19,0xe1,0x19,0x01,0x09,0xc1,0x08,0xa1,0x08,
0x81,0x08,0xc1,0x08,0xc1,0x08,0xa1,0x08,0xa1,0x08,0xa1,0x08,0xe1,0x08,0xc1,0x08,
0xa1,0x08,0xa1,0x08,0xa1,0x08,0xc1,0x08,0xc1,0x08,0xc1,0x08,0xc1,0x08,0xa1,0x08,
0xa1,0x08,0xc1,0x08,0xa1,0x08,0xa1,0x08,0xa1,0x08,0xc1,0x08,0xe1,0x08,0xc1,0x08,
0xc1,0x08,0xc1,0x08,0xe1,0x08,0xa1,0x08,0xa1,0x08,0xa1,0x08,0xa1,0x08,0xc1,0x08,
0xe1,0x08,0xc1,0x08,0xc1,0x08,0xa1,0x08,0xa1,0x08,0xc1,0x08,0xc1,0x08,0xc1,0x08,
0xa1,0x08,0x81,0x08,0xa1,0x08,0xc1,0x08,0xc1,0x08,0xc1,0x08,0x81,0x08,0xa1,0x08,
0xc1,0x08,0xe1,0x08,0xc1,0x08,0xa1,0x08,0xa1,0x08,0xa1,0x08,0xc1,0x08,0xe1,0x08,
0xc1,0x08,0xc1,0x08,0xa1,0x08,0x81,0x08,0xc1,0x08,0xc1,0x08,0xa1,0x08,0xa1,0x08,
0xc1,0x08,0xc1,0x08,0xc1,0x08,0xc1,0x08,0xc1,0x08,0xe1,0x08,0xa1,0x23,0x21,0x2c,
0x01,0x23,0xc1,0x11,0x01,0x1a,0x41,0x1a,0x81,0x23,0x01,0x2c,0x21,0x2c,0x81,0x11,
0xa1,0x08,0xc1,0x08,0x81,0x08,0xa1,0x08,0xc1,0x08,0xa1,0x08,0xa1,0x08,0xc1,0x08,
0xe1,0x08,0xc1,0x08,0xa1,0x08,0xa1,0x08,0xa1,0x08,0xa1,0x08,0xc1,0x08,0xe1,0x08,
0xc1,0x08,0xc1,0x08,0xc1,0x08,0xc1,0x08,0xa1,0x08,0xa1,0x08,0xa1,0x08,0x81,0x08,
0xa1,0x1a,0x42,0x2c,0x41,0x23,0xc1,0x08,0xc1,0x08,0xa1,0x08,0x81,0x08,0xc1,0x08,
0xc1,0x08,0xc1,0x08,0xc1,0x08,0xa1,0x08,0xa1,0x08,0xc1,0x08,0xc1,0x08,0xc1,0x08,
0xe1,0x08,0xa1,0x08,0xa1,0x08,0xa1,0x08,0xa1,0x08,0xc1,0x08,0xe1,0x08,0xe1,0x08,
0x61,0x08,0xe1,0x22,0x82,0x2c,0x01,0x23,0x81,0x08,0xc1,0x08,0xe1,0x08,0xe1,0x11,
0x01,0x1a,0x41,0x11,0xa1,0x08,0xa1,0x08,0xa1,0x08,0xc1,0x08,0xc1,0x08,0xc1,0x08,
0xc1,0x08,0xa1,0x08,0x81,0x08,0xa1,0x08,0xc1,0x08,0xc1,0x11,0x21,0x1a,0x61,0x11,
0xa1,0x08,0xc1,0x08,0xa1,0x23,0x61,0x2c,0x01,0x1a,0x61,0x08,0xc1,0x08,0xa1,0x08,
0xa1,0x08,0xc1,0x08,0xc1,0x08,0xc1,0x08,0xc1,0x08,0xa1,0x08,0x81,0x08,0xa1,0x08,
0xc1,0x08,0xc1,0x08,0xc1,0x08,0xc1,0x08,0xe1,0x08,0xa1,0x08,0xc1,0x22,0x41,0x2c,
0xa1,0x11,0xa1,0x08,0xe1,0x08,0xc1,0x08,0xc1,0x08,0xe1,0x10,0x81,0x00,0x01,0x4a,
0x62,0xed,0x42,0xed,0x01,0x7b,0x41,0x52,0x61,0x5a,0x61,0x5a,0x61,0x5a,0x61,0x5a,
0x21,0x52,0xe1,0x08,0xc1,0x08,0xa1,0x00,0x81,0x00,0xc1,0x08,0xc1,0x08,0x81,0x00,
0x81,0x00,0x81,0x00,0xc1,0x08,0xe1,0x08,0xc1,0x08,0xc1,0x08,0xe1,0x08,0xa1,0x00,
0x81,0x00,0x81,0x00,0xa1,0x08,0xc1,0x08,0x81,0x00,0x81,0x00,0xc1,0x08,0xc1,0x08,
0xe1,0x10,0xa1,0x00,0x81,0x00,0x81,0x00,0x81,0x00,0x81,0x00,0xc1,0x08,0xe1,0x08,
0xc1,0x08,0xc1,0x08,0xe1,0x10,0xa1,0x00,0x81,0x00,0x81,0x00,0xa1,0x00,0xc1,0x08,
0x81,0x00,0x81,0x00,0xc1,0x08,0xc1,0x08,0xe1,0x10,0xc1,0x08,0x81,0x00,0x81,0x00,
0x81,0x00,0xa1,0x00,0xe1,0x10,0xc1,0x08,0xc1,0x08,0xc1,0x08,0xc1,0x08,0xc1,0x08,
0xe1,0x10,0xa1,0x00,0xe1,0x41,0x62,0xed,0x42,0xed,0x21,0x83,0x41,0x52,0xa1,0x62,
0x41,0x83,0x02,0xdd,0x82,0xf5,0xe2,0xd4,0x01,0x11,0xc1,0x08,0xe1,0x10,0xa1,0x00,
0x81,0x00,0x81,0x00,0x81,0x00,0xc1,0x08,0xe1,0x10,0xc1,0x08,0xc1,0x08,0xc1,0x08,
0xe1,0x10,0xa1,0x00,0x81,0x00,0x81,0x00,0x81,0x00,0xa1,0x08,0xe1,0x10,0xc1,0x08,
0xc1,0x08,0xc1,0x08,0x81,0x00,0x81,0x00,0xc1,0x08,0xa1,0x00,0x81,0x00,0x81,0x00,
0xc1,0x08,0xe1,0x10,0xe1,0x10,0x81,0x00,0x41,0x83,0xc2,0xfd,0x42,0xb4,0xc1,0x08,
0xc1,0x08,0xe1,0x10,0xc1,0x08,0x81,0x00,0x81,0x00,0x81,0x00,0xa1,0x00,0xe1,0x10,
0xc1,0x08,0xc1,0x08,0xc1,0x08,0xc1,0x08,0xc1,0x08,0xc1,0x08,0xc1,0x08,0xc1,0x08,
0xc1,0x08,0xc1,0x08,0xc1,0x08,0xc1,0x08,0xc1,0x08,0xc1,0x08,0xc1,0x08,0xc1,0x08,
0xc1,0x08,0xc1,0x08,0xc1,0x08,0xc1,0x08,0xc1,0x08,0xc1,0x08,0xc1,0x08,0xc1,0x08,
0xc1,0x08,0xc1,0x08,0xc1,0x08,0xc1,0x08,0xc1,0x08,0xc1,0x08,0xc1,0x08,0xc1,0x08,
0xc1,0x08,0xc1,0x08,0xc1,0x08,0xc1,0x08,0xc1,0x08,0xc1,0x08,0xc1,0x08,0xc1,0x08,
0xc1,0x08,0xc1,0x08,0xc1,0x08,0xc1,0x08,0xc1,0x08,0xc1,0x08,0xc1,0x08,0xc1,0x08,
0xc1,0x08,0xc1,0x08,0xc1,0x08,0xc1,0x08,0xc1,0x08,0xc1,0x08,0xc1,0x08,0xc1,0x08,
0xc1,0x08,0xc1,0x08,0xc1,0x08,0xc1,0x08,0xc1,0x08,0xc1,0x08,0xc1,0x08,0xc1,0x08,
0xc1,0x08,0xc1,0x08,0xc1,0x08,0xc1,0x08,0xc1,0x08,0xc1,0x08,0xc1,0x08,0xc1,0x08,
0xc1,0x08,0xc1,0x08,0xc1,0x08,0xc1,0x08,0xc1,0x08,0xc1,0x08,0xc1,0x08,0xc1,0x08,
0xc1,0x08,0xc1,0x08,0xc1,0x08,0xc1,0x08,0xc1,0x08,0xc1,0x08,0xc1,0x08,0xc1,0x08,
0xc1,0x08,0xc1,0x08,0xc1,0x08,0xc1,0x08,0xc1,0x08,0xc1,0x08,0xc1,0x08,0xc1,0x08,
0xc1,0x08,0xc1,0x08,0xc1,0x08,0xc1,0x08,0xc1,0x08,0xc1,0x08,0xc1,0x08,0xc1,0x08,
0xc1,0x08,0xc1,0x08,0xc1,0x08,0xc1,0x08,0xc1,0x08,0xc1,0x08,0xc1,0x08,0xc1,0x08,
0xc1,0x08,0xc1,0x08,0xc1,0x08,0xc1,0x08,0xc1,0x08,0xc1,0x08,0xc1,0x08,0xc1,0x08,
0xc1,0x08,0xc1,0x08,0xc1,0x08,0xc1,0x08,0xc1,0x08,0xc1,0x08,0xc1,0x08,0xc1,0x08,
0xc1,0x08,0xc1,0x08,0xc1,0x08,0xc1,0x08,0xc1,0x08,0xc1,0x08,0xc1,0x08,0xc1,0x08,
0xc1,0x08,0xc1,0x08,0xc1,0x08,0xc1,0x08,0xc1,0x08,0xc1,0x08,0xc1,0x08,0xc1,0x08,
0xc1,0x08,0xc1,0x08,0xc1,0x08,0xc1,0x08,0xc1,0x08,0xc1,0x08,0xc1,0x08,0xc1,0x08,
0xc1,0x08,0xc1,0x08,0xc1,0x08,0xc1,0x08,0xc1,0x08,0xc1,0x08,0xc1,0x08,0xc1,0x08,
0xc1,0x08,0xe1,0x08,0xc1,0x08,0x21,0x11,0xc1,0x2b,0x41,0x2c,0x21,0x1a,0x41,0x08,
0xa1,0x08,0x81,0x08,0x81,0x08,0x81,0x08,0x81,0x08,0xc1,0x08,0xc1,0x08,0x81,0x11,
0x21,0x1a,0x41,0x11,0x01,0x11,0x41,0x1a,0x61,0x1a,0xc1,0x11,0xa1,0x08,0xc1,0x08,
0xe1,0x19,0x61,0x1a,0xe1,0x19,0xe1,0x08,0xc1,0x08,0xc1,0x08,0x21,0x11,0x01,0x1a,
0xe1,0x11,0xc1,0x08,0xa1,0x11,0x61,0x1a,0x01,0x1a,0x01,0x11,0xa1,0x08,0xe1,0x08,
0xc1,0x08,0xc1,0x08,0xa1,0x08,0x61,0x11,0x21,0x1a,0x61,0x1a,0x01,0x1a,0x21,0x11,
0xa1,0x08,0xc1,0x08,0x21,0x11,0x01,0x1a,0xe1,0x19,0xe1,0x08,0xc1,0x08,0xc1,0x08,
0xa1,0x11,0x21,0x1a,0x61,0x11,0xc1,0x08,0xc1,0x08,0x21,0x11,0x01,0x1a,0xe1,0x11,
0xe1,0x08,0xa1,0x08,0x21,0x11,0x21,0x1a,0x61,0x1a,0x21,0x1a,0x21,0x11,0xa1,0x08,
0xe1,0x08,0xc1,0x08,0x81,0x11,0x21,0x1a,0x61,0x11,0x41,0x11,0x61,0x1a,0x21,0x1a,
0xe1,0x08,0xc1,0x08,0xc1,0x08,0xc1,0x08,0xc1,0x08,0xe1,0x08,0xa1,0x23,0x41,0x2c,
0x61,0x1a,0x61,0x08,0xc1,0x08,0x81,0x08,0x81,0x11,0x01,0x2c,0x21,0x2c,0x41,0x1a,
0x81,0x08,0x81,0x11,0x21,0x1a,0x61,0x11,0x41,0x11,0x61,0x1a,0x21,0x1a,0x01,0x11,
0xc1,0x08,0xc1,0x08,0xa1,0x11,0x41,0x1a,0x61,0x1a,0xe1,0x11,0xe1,0x08,0xa1,0x08,
0xe1,0x08,0xc1,0x08,0xc1,0x08,0xc1,0x08,0xa1,0x11,0x41,0x1a,0x41,0x1a,0xe1,0x08,
0x81,0x1a,0x62,0x2c,0x41,0x23,0xc1,0x08,0xc1,0x08,0xc1,0x11,0x01,0x1a,0x61,0x11,
0xc1,0x08,0xc1,0x08,0x01,0x09,0x01,0x1a,0x01,0x1a,0x21,0x11,0xc1,0x08,0xe1,0x08,
0xa1,0x08,0x61,0x11,0x21,0x1a,0x61,0x1a,0x21,0x1a,0x41,0x11,0xa1,0x08,0xc1,0x08,
0x81,0x11,0x41,0x23,0x22,0x2c,0x61,0x23,0xe1,0x11,0x21,0x11,0xc1,0x08,0xa1,0x11,
0xe1,0x11,0x01,0x11,0x41,0x11,0x01,0x1a,0xe1,0x11,0xe1,0x08,0xc1,0x08,0xe1,0x08,
0xc1,0x08,0xa1,0x11,0x21,0x1a,0xa1,0x11,0xc1,0x08,0x81,0x11,0xe1,0x11,0x41,0x11,
0xc1,0x08,0x01,0x1a,0xa1,0x23,0x21,0x2c,0xe1,0x22,0xa1,0x11,0x61,0x11,0x01,0x1a,
0x01,0x1a,0x01,0x11,0xc1,0x08,0xe1,0x08,0xc1,0x08,0xa1,0x11,0x21,0x1a,0xa1,0x11,
0xc1,0x08,0xc1,0x08,0xc1,0x08,0xc1,0x08,0xe1,0x08,0xa1,0x08,0xc1,0x22,0x41,0x2c,
0xa1,0x11,0xa1,0x08,0xe1,0x08,0xc1,0x08,0xc1,0x08,0xe1,0x10,0x81,0x00,0x01,0x4a,
0x82,0xf5,0x62,0xf5,0xa1,0x31,0x41,0x00,0x81,0x00,0x81,0x00,0x81,0x00,0x61,0x00,
0x81,0x00,0xc1,0x08,0xc1,0x08,0x01,0x4a,0xa1,0x62,0x61,0x29,0xe1,0x10,0xc1,0x6a,
0x21,0x7b,0x61,0x5a,0xe1,0x08,0xc1,0x08,0xe1,0x10,0xc1,0x08,0xa1,0x00,0xe1,0x41,
0x01,0x7b,0x01,0x73,0x61,0x29,0x01,0x19,0xa1,0x62,0x21,0x52,0xe1,0x10,0xc1,0x08,
0xa1,0x00,0x81,0x29,0xa1,0x62,0x01,0x7b,0x01,0x73,0x41,0x52,0xe1,0x10,0xc1,0x08,
0xe1,0x08,0xe1,0x08,0xa1,0x00,0xa1,0x31,0xe1,0x72,0x01,0x7b,0xa1,0x39,0xe1,0x10,
0x61,0x5a,0x61,0x5a,0x01,0x19,0xc1,0x08,0xa1,0x08,0xe1,0x10,0x41,0x52,0x01,0x7b,
0xe1,0x72,0xe1,0x41,0xa1,0x00,0xc1,0x08,0xc1,0x08,0xc1,0x08,0xc1,0x08,0xc1,0x08,
0xe1,0x10,0xa1,0x00,0xe1,0x41,0x62,0xed,0x62,0xf5,0xe1,0x41,0x41,0x00,0xa1,0x00,
0x41,0x00,0x01,0x7b,0xa2,0xf5,0x42,0xed,0xa1,0x31,0xa1,0x00,0xa1,0x00,0xa1,0x31,
0xc1,0x6a,0x01,0x7b,0x81,0x5a,0x01,0x19,0xa1,0x00,0xe1,0x10,0xc1,0x08,0xc1,0x08,
0xa1,0x00,0x81,0x31,0xa1,0x6a,0x01,0x7b,0x81,0x62,0x61,0x29,0x81,0x00,0xe1,0x10,
0xc1,0x08,0x21,0x19,0x81,0x5a,0x41,0x52,0xc1,0x08,0xe1,0x41,0x21,0x7b,0xa1,0x62,
0x21,0x19,0xa1,0x00,0xe1,0x10,0x81,0x00,0x41,0x83,0xe2,0xfd,0x42,0xb4,0xc1,0x08,
0xe1,0x10,0xa1,0x00,0x01,0x19,0x61,0x5a,0x01,0x7b,0xe1,0x72,0xa1,0x39,0xa1,0x00,
0xc1,0x08,0xc1,0x08,0xc1,0x08,0xc1,0x08,0xc1,0x08,0xc1,0x08,0xc1,0x08,0xc1,0x08,
0xc1,0x08,0xc1,0x08,0xc1,0x08,0xc1,0x08,0xc1,0x08,0xc1,0x08,0xc1,0x08,0xc1,0x08,
0xc1,0x08,0xc1,0x08,0xc1,0x08,0xc1,0x08,0xc1,0x08,0xc1,0x08,0xc1,0x08,0xc1,0x08,
0xc1,0x08,0xc1,0x08,0xc1,0x08,0xc1,0x08,0xc1,0x08,0xc1,0x08,0xc1,0x08,0xc1,0x08,
0xc1,0x08,0xc1,0x08,0xc1,0x08,0xc1,0x08,0xc1,0x08,0xc1,0x08,0xc1,0x08,0xc1,0x08,
0xc1,0x08,0xc1,0x08,0xc1,0x08,0xc1,0x08,0xc1,0x08,0xc1,0x08,0xc1,0x08,0xc1,0x08,
0xc1,0x08,0xc1,0x08,0xc1,0x08,0xc1,0x08,0xc1,0x08,0xc1,0x08,0xc1,0x08,0xc1,0x08,
0xc1,0x08,0xc1,0x08,0xc1,0x08,0xc1,0x08,0xc1,0x08,0xc1,0x08,0xc1,0x08,0xc1,0x08,
0xc1,0x08,0xc1,0x08,0xc1,0x08,0xc1,0x08,0xc1,0x08,0xc1,0x08,0xc1,0x08,0xc1,0x08,
0xc1,0x08,0xc1,0x08,0xc1,0x08,0xc1,0x08,0xc1,0x08,0xc1,0x08,0xc1,0x08,0xc1,0x08,
0xc1,0x08,0xc1,0x08,0xc1,0x08,0xc1,0x08,0xc1,0x08,0xc1,0x08,0xc1,0x08,0xc1,0x08,
0xc1,0x08,0xc1,0x08,0xc1,0x08,0xc1,0x08,0xc1,0x08,0xc1,0x08,0xc1,0x08,0xc1,0x08,
0xc1,0x08,0xc1,0x08,0xc1,0x08,0xc1,0x08,0xc1,0x08,0xc1,0x08,0xc1,0x08,0xc1,0x08,
0xc1,0x08,0xc1,0x08,0xc1,0x08,0xc1,0x08,0xc1,0x08,0xc1,0x08,0xc1,0x08,0xc1,0x08,
0xc1,0x08,0xc1,0x08,0xc1,0x08,0xc1,0x08,0xc1,0x08,0xc1,0x08,0xc1,0x08,0xc1,0x08,
0xc1,0x08,0xc1,0x08,0xc1,0x08,0xc1,0x08,0xc1,0x08,0xc1,0x08,0xc1,0x08,0xc1,0x08,
0xc1,0x08,0xc1,0x08,0xc1,0x08,0xc1,0x08,0xc1,0x08,0xc1,0x08,0xc1,0x08,0xc1,0x08,
0xc1,0x08,0xc1,0x08,0xc1,0x08,0xc1,0x08,0xc1,0x08,0xc1,0x08,0xc1,0x08,0xc1,0x08,
0xc1,0x08,0xc1,0x08,0xc1,0x08,0xc1,0x08,0xc1,0x08,0xc1,0x08,0xc1,0x08,0xc1,0x08,
0xc1,0x08,0xc1,0x08,0xc1,0x08,0xc1,0x08,0xc1,0x08,0xc1,0x08,0xc1,0x08,0xc1,0x08,
0xc1,0x08,0xe1,0x08,0xc1,0x08,0x21,0x11,0xc1,0x2b,0x41,0x2c,0x61,0x1a,0xc1,0x08,
0x01,0x09,0x01,0x09,0x01,0x09,0x01,0x09,0xe1,0x08,0xe1,0x08,0xa1,0x08,0x21,0x23,
0x82,0x2c,0x21,0x23,0xa1,0x23,0x82,0x2c,0x41,0x2c,0x41,0x2c,0x61,0x1a,0x01,0x23,
0x81,0x2c,0x62,0x2c,0x41,0x2c,0x41,0x23,0xe1,0x08,0xa1,0x08,0xa1,0x11,0x61,0x2c,
0xe1,0x2b,0xc1,0x1a,0x61,0x2c,0x62,0x2c,0x41,0x2c,0xa1,0x23,0x61,0x11,0xa1,0x08,
0xe1,0x08,0xc1,0x08,0xa1,0x1a,0x01,0x2c,0x62,0x2c,0x62,0x2c,0x62,0x2c,0xe1,0x2b,
0x01,0x1a,0xa1,0x08,0x41,0x11,0x01,0x2c,0x61,0x2c,0xa1,0x11,0xa1,0x08,0x01,0x11,
0xe1,0x2b,0x82,0x2c,0x21,0x23,0xc1,0x08,0xa1,0x08,0x81,0x1a,0xa2,0x2c,0x61,0x23,
0xa1,0x08,0xc1,0x11,0xe1,0x2b,0x62,0x2c,0x62,0x2c,0x62,0x2c,0xe1,0x2b,0xa1,0x11,
0xc1,0x08,0xa1,0x08,0xc1,0x1a,0xa2,0x2c,0x41,0x23,0xc1,0x2b,0xa2,0x2c,0x01,0x2c,
0x01,0x11,0xc1,0x08,0xc1,0x08,0xc1,0x08,0xc1,0x08,0xe1,0x08,0xa1,0x23,0x41,0x2c,
0x81,0x1a,0x81,0x08,0xc1,0x08,0x81,0x08,0x41,0x11,0x01,0x2c,0x41,0x2c,0x61,0x1a,
0x61,0x08,0xa1,0x1a,0xa2,0x2c,0x41,0x23,0xa1,0x23,0xa2,0x2c,0x21,0x2c,0x21,0x11,
0xe1,0x08,0x01,0x23,0x21,0x2c,0x62,0x2c,0x62,0x2c,0x41,0x2c,0xa1,0x23,0x81,0x11,
0xa1,0x08,0xe1,0x08,0xc1,0x08,0xe1,0x22,0x21,0x2c,0x62,0x2c,0x82,0x2c,0xc1,0x2b,
0x41,0x23,0x41,0x2c,0x41,0x23,0xc1,0x08,0xe1,0x08,0xa1,0x2b,0x82,0x2c,0x61,0x1a,
0xa1,0x08,0xc1,0x08,0x61,0x11,0x41,0x2c,0x41,0x2c,0xa1,0x11,0xa1,0x08,0xa1,0x08,
0x41,0x1a,0x01,0x2c,0x62,0x2c,0x62,0x2c,0x62,0x2c,0xe1,0x2b,0xe1,0x19,0x81,0x08,
0x81,0x23,0x61,0x2c,0xe1,0x2b,0x21,0x2c,0xa2,0x2c,0x01,0x1a,0xe1,0x08,0x01,0x2c,
0x81,0x2c,0xe1,0x19,0x61,0x11,0x41,0x2c,0x41,0x2c,0xc1,0x11,0xa1,0x08,0xc1,0x08,
0x01,0x09,0xc1,0x2b,0x82,0x2c,0x61,0x1a,0x81,0x08,0xa1,0x23,0xa2,0x34,0x81,0x1a,
0xe1,0x08,0x42,0x2c,0x21,0x2c,0xe1,0x2b,0x41,0x2c,0x41,0x2c,0xa1,0x11,0x01,0x2c,
0x62,0x2c,0x21,0x1a,0xa1,0x08,0xe1,0x08,0xe1,0x08,0xc1,0x23,0x82,0x2c,0x81,0x1a,
0xa1,0x08,0xe1,0x08,0xc1,0x08,0xc1,0x08,0xe1,0x08,0xa1,0x08,0xc1,0x22,0x41,0x2c,
0xa1,0x11,0xa1,0x08,0xe1,0x08,0xc1,0x08,0xc1,0x08,0xe1,0x10,0x81,0x00,0x01,0x4a,
0x82,0xf5,0x62,0xed,0x01,0x4a,0xe1,0x10,0x21,0x19,0x01,0x19,0x01,0x19,0x01,0x19,
0xe1,0x10,0xe1,0x10,0xa1,0x00,0x82,0xc4,0x02,0xfe,0xc2,0x9b,0xa2,0xcc,0x02,0xfe,
0xc2,0xfd,0xa2,0xfd,0x02,0xac,0xc1,0x08,0xe1,0x08,0xa1,0x00,0x41,0x83,0x82,0xf5,
0xc2,0xfd,0x02,0xfe,0x42,0xe5,0xa1,0x9b,0xc2,0xfd,0x02,0xdd,0x01,0x19,0x81,0x00,
0x81,0x62,0x42,0xed,0xe2,0xfd,0xe2,0xfd,0xe2,0xfd,0xa2,0xfd,0x42,0xb4,0xe1,0x10,
0xe1,0x08,0xa1,0x00,0xa1,0x6a,0x62,0xed,0xc2,0xfd,0xe2,0xfd,0x82,0xf5,0xa1,0x9b,
0x82,0xf5,0x82,0xf5,0x81,0x29,0x81,0x00,0x41,0x21,0x62,0xbc,0xc2,0xfd,0xe2,0xfd,
0xe2,0xfd,0xa2,0xf5,0x41,0x8b,0xa1,0x08,0xc1,0x08,0xc1,0x08,0xc1,0x08,0xc1,0x08,
0xe1,0x10,0xa1,0x00,0xe1,0x41,0x62,0xed,0x62,0xf5,0x01,0x4a,0x81,0x00,0xc1,0x08,
0x41,0x00,0xa1,0x6a,0xa2,0xf5,0x62,0xed,0xc1,0x39,0x61,0x00,0x01,0x73,0x82,0xf5,
0xe2,0xfd,0xe2,0xfd,0xc2,0xfd,0xa2,0xcc,0x81,0x29,0xa1,0x00,0xe1,0x10,0xa1,0x08,
0x21,0x7b,0x62,0xed,0xe2,0xfd,0xe2,0xfd,0xc2,0xfd,0x42,0xe5,0xc1,0x6a,0xa1,0x00,
0xa1,0x00,0xe1,0x41,0xc2,0xfd,0x22,0xe5,0xa1,0x93,0xc2,0xfd,0xe2,0xfd,0xc2,0xfd,
0xe2,0xd4,0xa1,0x39,0xa1,0x08,0x81,0x00,0x41,0x83,0xe2,0xfd,0x42,0xb4,0xc1,0x08,
0xa1,0x00,0x81,0x29,0xc2,0xcc,0xc2,0xfd,0xe2,0xfd,0xe2,0xfd,0x82,0xf5,0xe1,0x72,
0xa1,0x00,0xe1,0x10,0xc1,0x08,0xc1,0x08,0xc1,0x08,0xc1,0x08,0xc1,0x08,0xc1,0x08,
0xc1,0x08,0xc1,0x08,0xc1,0x08,0xc1,0x08,0xc1,0x08,0xc1,0x08,0xc1,0x08,0xc1,0x08,
0xc1,0x08,0xc1,0x08,0xc1,0x08,0xc1,0x08,0xc1,0x08,0xc1,0x08,0xc1,0x08,0xc1,0x08,
0xc1,0x08,0xc1,0x08,0xc1,0x08,0xc1,0x08,0xc1,0x08,0xc1,0x08,0xc1,0x08,0xc1,0x08,
0xc1,0x08,0xc1,0x08,0xc1,0x08,0xc1,0x08,0xc1,0x08,0xc1,0x08,0xc1,0x08,0xc1,0x08,
0xc1,0x08,0xc1,0x08,0xc1,0x08,0xc1,0x08,0xc1,0x08,0xc1,0x08,0xc1,0x08,0xc1,0x08,
0xc1,0x08,0xc1,0x08,0xc1,0x08,0xc1,0x08,0xc1,0x08,0xc1,0x08,0xc1,0x08,0xc1,0x08,
0xc1,0x08,0xc1,0x08,0xc1,0x08,0xc1,0x08,0xc1,0x08,0xc1,0x08,0xc1,0x08,0xc1,0x08,
0xc1,0x08,0xc1,0x08,0xc1,0x08,0xc1,0x08,0xc1,0x08,0xc1,0x08,0xc1,0x08,0xc1,0x08,
0xc1,0x08,0xc1,0x08,0xc1,0x08,0xc1,0x08,0xc1,0x08,0xc1,0x08,0xc1,0x08,0xc1,0x08,
0xc1,0x08,0xc1,0x08,0xc1,0x08,0xc1,0x08,0xc1,0x08,0xc1,0x08,0xc1,0x08,0xc1,0x08,
0xc1,0x08,0xc1,0x08,0xc1,0x08,0xc1,0x08,0xc1,0x08,0xc1,0x08,0xc1,0x08,0xc1,0x08,
0xc1,0x08,0xc1,0x08,0xc1,0x08,0xc1,0x08,0xc1,0x08,0xc1,0x08,0xc1,0x08,0xc1,0x08,
0xc1,0x08,0xc1,0x08,0xc1,0x08,0xc1,0x08,0xc1,0x08,0xc1,0x08,0xc1,0x08,0xc1,0x08,
0xc1,0x08,0xc1,0x08,0xc1,0x08,0xc1,0x08,0xc1,0x08,0xc1,0x08,0xc1,0x08,0xc1,0x08,
0xc1,0x08,0xc1,0x08,0xc1,0x08,0xc1,0x08,0xc1,0x08,0xc1,0x08,0xc1,0x08,0xc1,0x08,
0xc1,0x08,0xc1,0x08,0xc1,0x08,0xc1,0x08,0xc1,0x08,0xc1,0x08,0xc1,0x08,0xc1,0x08,
0xc1,0x08,0xc1,0x08,0xc1,0x08,0xc1,0x08,0xc1,0x08,0xc1,0x08,0xc1,0x08,0xc1,0x08,
0xc1,0x08,0xc1,0x08,0xc1,0x08,0xc1,0x08,0xc1,0x08,0xc1,0x08,0xc1,0x08,0xc1,0x08,
0xc1,0x08,0xc1,0x08,0xc1,0x08,0xc1,0x08,0xc1,0x08,0xc1,0x08,0xc1,0x08,0xc1,0x08,
0xc1,0x08,0xe1,0x08,0xc1,0x08,0x21,0x11,0xc1,0x2b,0x21,0x2c,0xc1,0x2b,0x81,0x23,
0xa1,0x23,0xa1,0x23,0x81,0x23,0xc1,0x2b,0xa1,0x1a,0xc1,0x08,0xa1,0x08,0x01,0x23,
0x21,0x2c,0x21,0x2c,0xc1,0x22,0x81,0x11,0x41,0x23,0x21,0x2c,0x21,0x2c,0xc1,0x2b,
0xc1,0x11,0x81,0x1a,0x01,0x2c,0x21,0x2c,0xc1,0x11,0x81,0x08,0xa1,0x11,0x01,0x2c,
0xe1,0x2b,0x01,0x2c,0x61,0x1a,0x01,0x1a,0xa1,0x23,0x41,0x2c,0x61,0x23,0xe1,0x08,
0xa1,0x08,0x61,0x1a,0x41,0x2c,0x01,0x2c,0xc1,0x22,0x21,0x1a,0x21,0x23,0x21,0x2c,
0x21,0x2c,0xa1,0x11,0x81,0x08,0xe1,0x22,0x62,0x2c,0x81,0x1a,0x61,0x08,0xc1,0x11,
0x21,0x2c,0x01,0x2c,0xc1,0x23,0x01,0x11,0xc1,0x08,0x61,0x23,0x42,0x2c,0x01,0x1a,
0xe1,0x08,0xe1,0x2b,0x41,0x2c,0xe1,0x22,0xa1,0x11,0xe1,0x22,0x41,0x2c,0xc1,0x2b,
0x01,0x11,0xa1,0x08,0xa1,0x1a,0x21,0x2c,0x01,0x2c,0x81,0x23,0xc1,0x1a,0x81,0x1a,
0xa1,0x08,0xe1,0x08,0xc1,0x08,0xc1,0x08,0xc1,0x08,0xe1,0x08,0xa1,0x23,0x41,0x2c,
0xc1,0x1a,0x01,0x11,0x61,0x11,0xe1,0x11,0x41,0x23,0x01,0x2c,0x21,0x2c,0xa1,0x11,
0x81,0x08,0x81,0x1a,0x21,0x2c,0x01,0x2c,0x81,0x23,0xc1,0x1a,0x81,0x1a,0x81,0x08,
0x01,0x23,0x61,0x2c,0xe1,0x2b,0x81,0x1a,0x21,0x1a,0x81,0x23,0x41,0x2c,0xc1,0x2b,
0x21,0x11,0x81,0x08,0x21,0x1a,0x41,0x2c,0x01,0x2c,0xa1,0x1a,0x81,0x11,0xe1,0x22,
0x21,0x2c,0x21,0x2c,0x41,0x23,0xc1,0x08,0xe1,0x08,0x81,0x23,0x42,0x2c,0x41,0x1a,
0xa1,0x08,0xc1,0x08,0x41,0x11,0xe1,0x2b,0x01,0x2c,0xa1,0x11,0x81,0x08,0xa1,0x11,
0x21,0x2c,0x21,0x2c,0xe1,0x22,0xc1,0x11,0xe1,0x22,0x61,0x2c,0x41,0x2c,0x61,0x11,
0xe1,0x11,0xa1,0x23,0x21,0x2c,0x81,0x23,0xa1,0x1a,0x61,0x11,0xe1,0x08,0xc1,0x2b,
0x21,0x2c,0x01,0x1a,0x81,0x08,0x21,0x23,0x42,0x2c,0xe1,0x22,0xa1,0x08,0xa1,0x08,
0x01,0x1a,0x41,0x2c,0xc1,0x2b,0x21,0x11,0xc1,0x08,0x61,0x23,0x42,0x2c,0x61,0x1a,
0xc1,0x08,0x81,0x1a,0xc1,0x2b,0x21,0x2c,0x41,0x23,0x61,0x1a,0xe1,0x08,0xe1,0x22,
0x42,0x2c,0x01,0x23,0xc1,0x08,0xa1,0x08,0xa1,0x11,0x21,0x2c,0xe1,0x2b,0x41,0x11,
0xa1,0x08,0xe1,0x08,0xc1,0x08,0xc1,0x08,0xe1,0x08,0xa1,0x08,0xc1,0x22,0x41,0x2c,
0xa1,0x11,0xa1,0x08,0xe1,0x08,0xc1,0x08,0xc1,0x08,0xe1,0x10,0x81,0x00,0x01,0x4a,
0x82,0xf5,0x42,0xed,0xe2,0xd4,0xc2,0xcc,0xc2,0xcc,0xc2,0xcc,0xa2,0xcc,0x02,0xdd,
0x81,0x62,0xa1,0x00,0xc1,0x08,0x42,0xb4,0x62,0xed,0x82,0xf5,0xe2,0xa3,0xc1,0x41,
0xc2,0x9b,0x62,0xed,0x82,0xf5,0x01,0x4a,0x61,0x00,0x21,0x4a,0x82,0xf5,0x62,0xf5,
0xc2,0x9b,0xe1,0x41,0x81,0x93,0x82,0xf5,0x62,0xed,0xa2,0xcc,0xe1,0x10,0x41,0x21,
0x42,0xe5,0xc2,0xfd,0x61,0x8b,0xc1,0x39,0x01,0x7b,0x42,0xe5,0xa2,0xf5,0x21,0x4a,
0x61,0x00,0x81,0x31,0x42,0xe5,0x82,0xf5,0x22,0xb4,0x01,0x4a,0x21,0x7b,0x62,0xf5,
0x42,0xed,0x22,0xdd,0x61,0x29,0x81,0x00,0xe2,0xa3,0xe2,0xfd,0xc2,0xcc,0x41,0x52,
0xc1,0x6a,0x22,0xe5,0xc2,0xfd,0x61,0x5a,0x81,0x00,0xe1,0x10,0xc1,0x08,0xc1,0x08,
0xe1,0x10,0xa1,0x00,0xe1,0x41,0x62,0xed,0x62,0xed,0x81,0x62,0x41,0x21,0xc1,0x39,
0xa1,0x6a,0xe2,0xd4,0x82,0xf5,0x02,0xdd,0xe1,0x10,0xe1,0x41,0x82,0xf5,0x62,0xf5,
0x41,0x83,0x01,0x4a,0x42,0xb4,0xe2,0xfd,0x42,0xb4,0xc1,0x08,0x81,0x00,0xc1,0x6a,
0xc2,0xfd,0x62,0xed,0xe2,0xa3,0xa1,0x6a,0x02,0xac,0x82,0xf5,0xa2,0xf5,0x41,0x52,
0x61,0x00,0xe1,0x41,0x42,0xed,0x42,0xe5,0x82,0xf5,0x21,0x83,0x61,0x5a,0xa2,0xcc,
0xc2,0xfd,0xa2,0xc4,0x01,0x11,0x81,0x00,0x41,0x8b,0xe2,0xfd,0x42,0xb4,0xc1,0x08,
0xc1,0x08,0x62,0xbc,0xc2,0xfd,0x82,0xc4,0x21,0x4a,0x01,0x7b,0x62,0xed,0x82,0xf5,
0xe1,0x41,0xa1,0x00,0xe1,0x10,0xc1,0x08,0xc1,0x08,0xc1,0x08,0xc1,0x08,0xc1,0x08,
0xc1,0x08,0xc1,0x08,0xc1,0x08,0xc1,0x08,0xc1,0x08,0xc1,0x08,0xc1,0x08,0xc1,0x08,
0xc1,0x08,0xc1,0x08,0xc1,0x08,0xc1,0x08,0xc1,0x08,0xc1,0x08,0xc1,0x08,0xc1,0x08,
0xc1,0x08,0xc1,0x08,0xc1,0x08,0xc1,0x08,0xc1,0x08,0xc1,0x08,0xc1,0x08,0xc1,0x08,
0xc1,0x08,0xc1,0x08,0xc1,0x08,0xc1,0x08,0xc1,0x08,0xc1,0x08,0xc1,0x08,0xc1,0x08,
0xc1,0x08,0xc1,0x08,0xc1,0x08,0xc1,0x08,0xc1,0x08,0xc1,0x08,0xc1,0x08,0xc1,0x08,
0xc1,0x08,0xc1,0x08,0xc1,0x08,0xc1,0x08,0xc1,0x08,0xc1,0x08,0xc1,0x08,0xc1,0x08,
0xc1,0x08,0xc1,0x08,0xc1,0x08,0xc1,0x08,0xc1,0x08,0xc1,0x08,0xc1,0x08,0xc1,0x08,
0xc1,0x08,0xc1,0x08,0xc1,0x08,0xc1,0x08,0xc1,0x08,0xc1,0x08,0xc1,0x08,0xc1,0x08,
0xc1,0x08,0xc1,0x08,0xc1,0x08,0xc1,0x08,0xc1,0x08,0xc1,0x08,0xc1,0x08,0xc1,0x08,
0xc1,0x08,0xc1,0x08,0xc1,0x08,0xc1,0x08,0xc1,0x08,0xc1,0x08,0xc1,0x08,0xc1,0x08,
0xc1,0x08,0xc1,0x08,0xc1,0x08,0xc1,0x08,0xc1,0x08,0xc1,0x08,0xc1,0x08,0xc1,0x08,
0xc1,0x08,0xc1,0x08,0xc1,0x08,0xc1,0x08,0xc1,0x08,0xc1,0x08,0xc1,0x08,0xc1,0x08,
0xc1,0x08,0xc1,0x08,0xc1,0x08,0xc1,0x08,0xc1,0x08,0xc1,0x08,0xc1,0x08,0xc1,0x08,
0xc1,0x08,0xc1,0x08,0xc1,0x08,0xc1,0x08,0xc1,0x08,0xc1,0x08,0xc1,0x08,0xc1,0x08,
0xc1,0x08,0xc1,0x08,0xc1,0x08,0xc1,0x08,0xc1,0x08,0xc1,0x08,0xc1,0x08,0xc1,0x08,
0xc1,0x08,0xc1,0x08,0xc1,0x08,0xc1,0x08,0xc1,0x08,0xc1,0x08,0xc1,0x08,0xc1,0x08,
0xc1,0x08,0xc1,0x08,0xc1,0x08,0xc1,0x08,0xc1,0x08,0xc1,0x08,0xc1,0x08,0xc1,0x08,
0xc1,0x08,0xc1,0x08,0xc1,0x08,0xc1,0x08,0xc1,0x08,0xc1,0x08,0xc1,0x08,0xc1,0x08,
0xc1,0x08,0xc1,0x08,0xc1,0x08,0xc1,0x08,0xc1,0x08,0xc1,0x08,0xc1,0x08,0xc1,0x08,
0xc1,0x08,0xe1,0x08,0xc1,0x08,0x21,0x11,0xc1,0x2b,0x01,0x2c,0x21,0x2c,0x21,0x2c,
0x21,0x2c,0x21,0x2c,0x21,0x2c,0x61,0x2c,0x01,0x23,0xa1,0x08,0xa1,0x08,0x01,0x23,
0x42,0x2c,0x61,0x23,0xc1,0x08,0x61,0x08,0x01,0x1a,0x21,0x2c,0x01,0x2c,0xc1,0x11,
0x61,0x08,0xe1,0x08,0xa1,0x23,0x41,0x2c,0x41,0x1a,0x61,0x08,0xa1,0x11,0x01,0x2c,
0x21,0x2c,0x61,0x1a,0x81,0x08,0x81,0x08,0xc1,0x11,0x01,0x2c,0x21,0x2c,0xa1,0x11,
0xc1,0x08,0xc1,0x2b,0x41,0x2c,0xe1,0x1a,0x81,0x08,0x81,0x08,0xc1,0x08,0x61,0x23,
0x42,0x2c,0x01,0x23,0x61,0x08,0x01,0x1a,0x62,0x2c,0x61,0x23,0x81,0x08,0x81,0x1a,
0x41,0x2c,0xe1,0x2b,0x21,0x2c,0x81,0x11,0x21,0x11,0x01,0x2c,0x01,0x2c,0x21,0x11,
0x21,0x1a,0x42,0x2c,0x81,0x23,0xa1,0x08,0x41,0x08,0x81,0x08,0x41,0x23,0x42,0x2c,
0x01,0x1a,0x61,0x08,0xc1,0x1a,0x41,0x2c,0xe1,0x2b,0x41,0x11,0x81,0x08,0xc1,0x08,
0xc1,0x08,0xc1,0x08,0xc1,0x08,0xc1,0x08,0xc1,0x08,0xe1,0x08,0xa1,0x23,0x21,0x2c,
0x01,0x2c,0x21,0x2c,0x21,0x2c,0x41,0x2c,0x41,0x2c,0x41,0x2c,0x01,0x23,0xc1,0x08,
0xa1,0x08,0x81,0x1a,0x41,0x2c,0x01,0x2c,0x61,0x11,0x81,0x08,0xa1,0x08,0x61,0x11,
0x01,0x2c,0x21,0x2c,0x41,0x1a,0x81,0x08,0x81,0x08,0x41,0x11,0xc1,0x2b,0x41,0x2c,
0x61,0x1a,0x61,0x08,0x41,0x23,0x42,0x2c,0x41,0x23,0xa1,0x08,0xa1,0x08,0xc1,0x08,
0x61,0x23,0x41,0x2c,0x41,0x23,0xc1,0x08,0xe1,0x08,0x81,0x23,0x42,0x2c,0x41,0x1a,
0xa1,0x08,0xc1,0x08,0x41,0x11,0x01,0x2c,0x21,0x2c,0xa1,0x11,0x81,0x08,0xe1,0x22,
0x62,0x2c,0x41,0x23,0xc1,0x08,0x81,0x08,0xe1,0x08,0xc1,0x1a,0x61,0x1a,0x41,0x11,
0x61,0x08,0xc1,0x1a,0x62,0x2c,0x01,0x23,0x81,0x08,0xa1,0x08,0x01,0x11,0xc1,0x2b,
0x41,0x2c,0x01,0x1a,0x61,0x08,0x01,0x1a,0x41,0x2c,0xc1,0x2b,0x21,0x11,0xa1,0x08,
0x01,0x23,0x62,0x2c,0xc1,0x1a,0xa1,0x08,0xe1,0x08,0x61,0x23,0x62,0x2c,0x81,0x1a,
0x81,0x08,0xc1,0x08,0x81,0x23,0x61,0x2c,0x21,0x1a,0x61,0x08,0xa1,0x08,0xe1,0x11,
0x21,0x2c,0xe1,0x2b,0x41,0x11,0x81,0x08,0xa1,0x1a,0x62,0x2c,0x21,0x23,0xa1,0x08,
0xe1,0x08,0xc1,0x08,0xc1,0x08,0xc1,0x08,0xe1,0x08,0xa1,0x08,0xc1,0x22,0x41,0x2c,
0xa1,0x11,0xa1,0x08,0xe1,0x08,0xc1,0x08,0xc1,0x08,0xe1,0x10,0x81,0x00,0x01,0x4a,
0x82,0xf5,0x42,0xe5,0x82,0xf5,0x82,0xf5,0x82,0xf5,0x82,0xf5,0x62,0xf5,0xc2,0xfd,
0xe1,0x72,0x81,0x00,0xc1,0x08,0x42,0xb4,0xa2,0xfd,0x82,0xc4,0xa1,0x08,0x61,0x00,
0x81,0x29,0x42,0xe5,0x82,0xf5,0x81,0x62,0x41,0x00,0xa2,0x9b,0xc2,0xfd,0xa2,0xcc,
0xe1,0x10,0x81,0x00,0x81,0x00,0x02,0xac,0xa2,0xfd,0xa2,0xcc,0xe1,0x10,0x01,0x11,
0xa1,0x39,0xc1,0x39,0x61,0x00,0x61,0x00,0x61,0x29,0xe2,0xd4,0xa2,0xfd,0x81,0x62,
0x21,0x00,0xe1,0x72,0xa2,0xfd,0x22,0xdd,0x61,0x29,0x61,0x00,0x61,0x00,0x61,0x8b,
0xa2,0xfd,0x22,0xe5,0x41,0x21,0x41,0x21,0x42,0xe5,0x82,0xf5,0x01,0x4a,0x01,0x00,
0x01,0x00,0xc1,0x6a,0xc2,0xfd,0x02,0xac,0xa1,0x00,0xe1,0x10,0xc1,0x08,0xc1,0x08,
0xe1,0x10,0xa1,0x00,0xe1,0x41,0x62,0xed,0x42,0xed,0x62,0xed,0x62,0xed,0x82,0xf5,
0xc2,0xfd,0xa2,0xfd,0xa2,0xfd,0xc1,0x6a,0x41,0x00,0xc2,0x9b,0xc2,0xfd,0x02,0xac,
0x21,0x00,0x21,0x00,0x01,0x11,0x02,0xdd,0x62,0xed,0xa1,0x31,0xa1,0x08,0xa2,0xcc,
0xa2,0xfd,0x02,0xac,0x81,0x00,0x81,0x00,0xa1,0x00,0x42,0xb4,0xc2,0xfd,0x42,0xb4,
0x81,0x00,0xe1,0x41,0x42,0xed,0x82,0xf5,0x21,0x83,0x61,0x00,0x61,0x00,0xe1,0x41,
0x62,0xed,0x82,0xf5,0x41,0x52,0x41,0x00,0x61,0x8b,0xe2,0xfd,0x42,0xbc,0x81,0x00,
0xc1,0x39,0x62,0xed,0x62,0xed,0x81,0x29,0x01,0x00,0x01,0x00,0x61,0x8b,0xe2,0xfd,
0x81,0x8b,0x81,0x00,0xe1,0x10,0xc1,0x08,0xc1,0x08,0xc1,0x08,0xc1,0x08,0xc1,0x08,
0xc1,0x08,0xc1,0x08,0xc1,0x08,0xc1,0x08,0xc1,0x08,0xc1,0x08,0xc1,0x08,0xc1,0x08,
0xc1,0x08,0xc1,0x08,0xc1,0x08,0xc1,0x08,0xc1,0x08,0xc1,0x08,0xc1,0x08,0xc1,0x08,
0xc1,0x08,0xc1,0x08,0xc1,0x08,0xc1,0x08,0xc1,0x08,0xc1,0x08,0xc1,0x08,0xc1,0x08,
0xc1,0x08,0xc1,0x08,0xc1,0x08,0xc1,0x08,0xc1,0x08,0xc1,0x08,0xc1,0x08,0xc1,0x08,
0xc1,0x08,0xc1,0x08,0xc1,0x08,0xc1,0x08,0xc1,0x08,0xc1,0x08,0xc1,0x08,0xc1,0x08,
0xc1,0x08,0xc1,0x08,0xc1,0x08,0xc1,0x08,0xc1,0x08,0xc1,0x08,0xc1,0x08,0xc1,0x08,
0xc1,0x08,0xc1,0x08,0xc1,0x08,0xc1,0x08,0xc1,0x08,0xc1,0x08,0xc1,0x08,0xc1,0x08,
0xc1,0x08,0xc1,0x08,0xc1,0x08,0xc1,0x08,0xc1,0x08,0xc1,0x08,0xc1,0x08,0xc1,0x08,
0xc1,0x08,0xc1,0x08,0xc1,0x08,0xc1,0x08,0xc1,0x08,0xc1,0x08,0xc1,0x08,0xc1,0x08,
0xc1,0x08,0xc1,0x08,0xc1,0x08,0xc1,0x08,0xc1,0x08,0xc1,0x08,0xc1,0x08,0xc1,0x08,
0xc1,0x08,0xc1,0x08,0xc1,0x08,0xc1,0x08,0xc1,0x08,0xc1,0x08,0xc1,0x08,0xc1,0x08,
0xc1,0x08,0xc1,0x08,0xc1,0x08,0xc1,0x08,0xc1,0x08,0xc1,0x08,0xc1,0x08,0xc1,0x08,
0xc1,0x08,0xc1,0x08,0xc1,0x08,0xc1,0x08,0xc1,0x08,0xc1,0x08,0xc1,0x08,0xc1,0x08,
0xc1,0x08,0xc1,0x08,0xc1,0x08,0xc1,0x08,0xc1,0x08,0xc1,0x08,0xc1,0x08,0xc1,0x08,
0xc1,0x08,0xc1,0x08,0xc1,0x08,0xc1,0x08,0xc1,0x08,0xc1,0x08,0xc1,0x08,0xc1,0x08,
0xc1,0x08,0xc1,0x08,0xc1,0x08,0xc1,0x08,0xc1,0x08,0xc1,0x08,0xc1,0x08,0xc1,0x08,
0xc1,0x08,0xc1,0x08,0xc1,0x08,0xc1,0x08,0xc1,0x08,0xc1,0x08,0xc1,0x08,0xc1,0x08,
0xc1,0x08,0xc1,0x08,0xc1,0x08,0xc1,0x08,0xc1,0x08,0xc1,0x08,0xc1,0x08,0xc1,0x08,
0xc1,0x08,0xc1,0x08,0xc1,0x08,0xc1,0x08,0xc1,0x08,0xc1,0x08,0xc1,0x08,0xc1,0x08,
0xc1,0x08,0xe1,0x08,0xc1,0x08,0x21,0x11,0xc1,0x2b,0x41,0x2c,0x81,0x1a,0x21,0x11,
0x61,0x11,0x61,0x11,0x61,0x11,0x61,0x11,0x21,0x11,0xc1,0x08,0xa1,0x08,0x01,0x23,
0x62,0x2c,0xe1,0x22,0xc1,0x08,0xc1,0x08,0xc1,0x11,0x21,0x2c,0xe1,0x2b,0x41,0x11,
0xc1,0x08,0x01,0x09,0x81,0x23,0x62,0x2c,0x41,0x1a,0x61,0x08,0xa1,0x11,0x21,0x2c,
0x01,0x2c,0x61,0x11,0xc1,0x08,0xc1,0x08,0x01,0x11,0xc1,0x2b,0x42,0x2c,0x01,0x1a,
0x41,0x11,0x01,0x2c,0x21,0x2c,0xc1,0x11,0xa1,0x08,0x01,0x11,0x81,0x08,0x81,0x1a,
0x42,0x2c,0x81,0x23,0xc1,0x08,0x21,0x11,0xe1,0x2b,0x01,0x2c,0x21,0x11,0x21,0x23,
0x01,0x2c,0xe1,0x22,0x61,0x2c,0x21,0x1a,0xe1,0x11,0x62,0x2c,0x41,0x23,0x81,0x08,
0xc1,0x1a,0x41,0x2c,0xc1,0x23,0xc1,0x22,0xe1,0x22,0xc1,0x1a,0xa1,0x2b,0x62,0x2c,
0xc1,0x1a,0x61,0x08,0xa1,0x1a,0x42,0x2c,0x61,0x23,0xc1,0x08,0xe1,0x08,0xc1,0x08,
0xc1,0x08,0xc1,0x08,0xc1,0x08,0xc1,0x08,0xc1,0x08,0xe1,0x08,0xa1,0x23,0x21,0x2c,
0xc1,0x2b,0xa1,0x23,0xa1,0x23,0xa1,0x23,0x61,0x23,0x61,0x1a,0xe1,0x08,0xc1,0x08,
0xa1,0x08,0x81,0x1a,0x42,0x2c,0x81,0x23,0xe1,0x08,0xe1,0x08,0xa1,0x08,0x01,0x1a,
0x41,0x2c,0xe1,0x2b,0x41,0x11,0xc1,0x08,0xe1,0x08,0xa1,0x08,0x21,0x23,0x62,0x2c,
0x01,0x23,0xc1,0x08,0x81,0x23,0x62,0x2c,0x81,0x1a,0xa1,0x08,0x01,0x09,0xa1,0x08,
0xa1,0x1a,0x62,0x2c,0x41,0x23,0xc1,0x08,0xe1,0x08,0x81,0x23,0x42,0x2c,0x41,0x1a,
0xa1,0x08,0xc1,0x08,0x41,0x11,0x01,0x2c,0x21,0x2c,0xa1,0x11,0xa1,0x08,0x61,0x23,
0x62,0x2c,0xa1,0x1a,0xa1,0x08,0xe1,0x08,0xc1,0x08,0xa1,0x08,0xa1,0x08,0xc1,0x08,
0xa1,0x08,0xe1,0x22,0x62,0x2c,0x21,0x23,0xc1,0x08,0xc1,0x08,0x01,0x11,0xc1,0x2b,
0x41,0x2c,0x01,0x1a,0x81,0x08,0x01,0x11,0xa1,0x23,0x41,0x2c,0xe1,0x19,0x01,0x11,
0x01,0x2c,0x21,0x2c,0xa1,0x11,0xa1,0x08,0xc1,0x08,0x61,0x23,0x62,0x2c,0x81,0x1a,
0x81,0x08,0x01,0x11,0x81,0x23,0x41,0x2c,0x41,0x1a,0xa1,0x08,0xe1,0x08,0xe1,0x08,
0xa1,0x23,0x42,0x2c,0x01,0x1a,0xa1,0x08,0x81,0x23,0x42,0x2c,0x01,0x1a,0xa1,0x08,
0xe1,0x08,0xc1,0x08,0xc1,0x08,0xc1,0x08,0xe1,0x08,0xa1,0x08,0xc1,0x22,0x41,0x2c,
0xa1,0x11,0xa1,0x08,0xe1,0x08,0xc1,0x08,0xc1,0x08,0xe1,0x10,0x81,0x00,0x01,0x4a,
0x82,0xf5,0x62,0xed,0x81,0x5a,0x61,0x29,0xa1,0x31,0xa1,0x31,0x81,0x31,0xa1,0x31,
0x21,0x19,0xc1,0x08,0xa1,0x00,0x22,0xb4,0xc2,0xfd,0x81,0x93,0xa1,0x00,0xe1,0x10,
0x21,0x21,0x02,0xdd,0xa2,0xfd,0x81,0x62,0x61,0x00,0x42,0xb4,0xc2,0xfd,0xc2,0x9b,
0x81,0x00,0x01,0x19,0x81,0x00,0xc1,0x6a,0xc2,0xfd,0xa2,0xcc,0x01,0x19,0xa1,0x00,
0xa1,0x00,0xe1,0x41,0x82,0x93,0xe2,0xd4,0x82,0xf5,0x42,0xed,0xa2,0xf5,0x81,0x62,
0x41,0x00,0xa1,0x93,0xc2,0xfd,0x62,0xbc,0xc1,0x08,0xe1,0x10,0xa1,0x00,0x01,0x4a,
0x82,0xf5,0x22,0xe5,0x21,0x19,0xe1,0x41,0x82,0xf5,0x42,0xe5,0x02,0xac,0xc2,0x9b,
0xa2,0x9b,0x42,0xbc,0xc2,0xfd,0xe2,0xd4,0x01,0x11,0xc1,0x08,0xe1,0x08,0xc1,0x08,
0xe1,0x10,0xa1,0x00,0xe1,0x41,0x62,0xed,0x42,0xed,0x02,0xdd,0xe2,0xd4,0xe2,0xd4,
0xa2,0xcc,0x22,0xb4,0x61,0x5a,0xa1,0x00,0xc1,0x08,0x62,0xbc,0xa2,0xf5,0xa2,0xc4,
0xa2,0x93,0xc2,0x9b,0xc2,0x9b,0x42,0xe5,0xe2,0xfd,0x61,0x5a,0x21,0x21,0x42,0xe5,
0xa2,0xfd,0x81,0x62,0x81,0x00,0x01,0x19,0x81,0x00,0xe1,0x72,0xa2,0xfd,0x02,0xdd,
0xe1,0x10,0xc1,0x39,0x62,0xed,0x62,0xed,0xc1,0x39,0xa1,0x00,0xe1,0x10,0x01,0x19,
0xe2,0xd4,0xc2,0xfd,0x01,0x7b,0x21,0x00,0x61,0x8b,0xe2,0xfd,0x62,0xbc,0x61,0x00,
0x81,0x62,0xa2,0xfd,0x22,0xe5,0xe2,0xa3,0xc2,0x9b,0xa2,0x93,0x82,0xc4,0xe2,0xfd,
0x82,0xc4,0xc1,0x08,0xc1,0x08,0xc1,0x08,0xc1,0x08,0xc1,0x08,0xc1,0x08,0xc1,0x08,
0xc1,0x08,0xc1,0x08,0xc1,0x08,0xc1,0x08,0xc1,0x08,0xc1,0x08,0xc1,0x08,0xc1,0x08,
0xc1,0x08,0xc1,0x08,0xc1,0x08,0xc1,0x08,0xc1,0x08,0xc1,0x08,0xc1,0x08,0xc1,0x08,
0xc1,0x08,0xc1,0x08,0xc1,0x08,0xc1,0x08,0xc1,0x08,0xc1,0x08,0xc1,0x08,0xc1,0x08,
0xc1,0x08,0xc1,0x08,0xc1,0x08,0xc1,0x08,0xc1,0x08,0xc1,0x08,0xc1,0x08,0xc1,0x08,
0xc1,0x08,0xc1,0x08,0xc1,0x08,0xc1,0x08,0xc1,0x08,0xc1,0x08,0xc1,0x08,0xc1,0x08,
0xc1,0x08,0xc1,0x08,0xc1,0x08,0xc1,0x08,0xc1,0x08,0xc1,0x08,0xc1,0x08,0xc1,0x08,
0xc1,0x08,0xc1,0x08,0xc1,0x08,0xc1,0x08,0xc1,0x08,0xc1,0x08,0xc1,0x08,0xc1,0x08,
0xc1,0x08,0xc1,0x08,0xc1,0x08,0xc1,0x08,0xc1,0x08,0xc1,0x08,0xc1,0x08,0xc1,0x08,
0xc1,0x08,0xc1,0x08,0xc1,0x08,0xc1,0x08,0xc1,0x08,0xc1,0x08,0xc1,0x08,0xc1,0x08,
0xc1,0x08,0xc1,0x08,0xc1,0x08,0xc1,0x08,0xc1,0x08,0xc1,0x08,0xc1,0x08,0xc1,0x08,
0xc1,0x08,0xc1,0x08,0xc1,0x08,0xc1,0x08,0xc1,0x08,0xc1,0x08,0xc1,0x08,0xc1,0x08,
0xc1,0x08,0xc1,0x08,0xc1,0x08,0xc1,0x08,0xc1,0x08,0xc1,0x08,0xc1,0x08,0xc1,0x08,
0xc1,0x08,0xc1,0x08,0xc1,0x08,0xc1,0x08,0xc1,0x08,0xc1,0x08,0xc1,0x08,0xc1,0x08,
0xc1,0x08,0xc1,0x08,0xc1,0x08,0xc1,0x08,0xc1,0x08,0xc1,0x08,0xc1,0x08,0xc1,0x08,
0xc1,0x08,0xc1,0x08,0xc1,0x08,0xc1,0x08,0xc1,0x08,0xc1,0x08,0xc1,0x08,0xc1,0x08,
0xc1,0x08,0xc1,0x08,0xc1,0x08,0xc1,0x08,0xc1,0x08,0xc1,0x08,0xc1,0x08,0xc1,0x08,
0xc1,0x08,0xc1,0x08,0xc1,0x08,0xc1,0x08,0xc1,0x08,0xc1,0x08,0xc1,0x08,0xc1,0x08,
0xc1,0x08,0xc1,0x08,0xc1,0x08,0xc1,0x08,0xc1,0x08,0xc1,0x08,0xc1,0x08,0xc1,0x08,
0xc1,0x08,0xc1,0x08,0xc1,0x08,0xc1,0x08,0xc1,0x08,0xc1,0x08,0xc1,0x08,0xc1,0x08,
0xc1,0x08,0xe1,0x08,0xc1,0x08,0x21,0x11,0xc1,0x2b,0x41,0x2c,0x41,0x1a,0x81,0x08,
0xc1,0x08,0xc1,0x08,0xc1,0x08,0xc1,0x08,0xc1,0x08,0xe1,0x08,0xa1,0x08,0x01,0x23,
0x62,0x2c,0xe1,0x22,0xa1,0x08,0xa1,0x08,0xc1,0x11,0x21,0x2c,0xe1,0x2b,0x21,0x11,
0xa1,0x08,0xe1,0x08,0x81,0x23,0x62,0x2c,0x41,0x1a,0x61,0x08,0xa1,0x11,0x21,0x2c,
0x01,0x2c,0x61,0x11,0xc1,0x08,0xc1,0x08,0x01,0x11,0xa1,0x23,0x42,0x2c,0x21,0x1a,
0x41,0x11,0x01,0x2c,0x21,0x2c,0xa1,0x11,0xa1,0x08,0xe1,0x08,0xa1,0x08,0x61,0x1a,
0x41,0x2c,0xa1,0x23,0x01,0x09,0xa1,0x08,0x21,0x23,0x41,0x2c,0x61,0x1a,0xc1,0x2b,
0x81,0x23,0x81,0x11,0x41,0x2c,0x01,0x23,0xe1,0x22,0x62,0x2c,0x61,0x1a,0x61,0x08,
0x01,0x23,0x41,0x2c,0xe1,0x2b,0xa1,0x23,0xa1,0x23,0xa1,0x23,0x41,0x23,0x81,0x23,
0x81,0x1a,0x61,0x08,0xa1,0x1a,0x62,0x2c,0x41,0x23,0xc1,0x08,0xe1,0x08,0xc1,0x08,
0xc1,0x08,0xc1,0x08,0xc1,0x08,0xc1,0x08,0xc1,0x08,0xe1,0x08,0xa1,0x23,0x41,0x2c,
0xa1,0x1a,0xc1,0x08,0x01,0x11,0x01,0x09,0xc1,0x08,0xa1,0x08,0xc1,0x08,0xe1,0x08,
0xa1,0x08,0x81,0x1a,0x62,0x2c,0x61,0x23,0xc1,0x08,0xe1,0x08,0xa1,0x08,0x01,0x1a,
0x41,0x2c,0xc1,0x2b,0x21,0x11,0xc1,0x08,0xe1,0x08,0xa1,0x08,0xe1,0x22,0x62,0x2c,
0x21,0x23,0xc1,0x08,0x81,0x23,0x62,0x2c,0x81,0x1a,0xa1,0x08,0xe1,0x08,0xa1,0x08,
0xa1,0x1a,0x62,0x2c,0x41,0x23,0xc1,0x08,0xe1,0x08,0x81,0x23,0x42,0x2c,0x41,0x1a,
0xa1,0x08,0xc1,0x08,0x61,0x11,0x01,0x2c,0x21,0x2c,0xa1,0x11,0xa1,0x08,0x61,0x23,
0x62,0x2c,0xa1,0x1a,0xa1,0x08,0xe1,0x08,0xe1,0x08,0xc1,0x08,0xa1,0x08,0xc1,0x08,
0xa1,0x08,0xe1,0x22,0x62,0x2c,0x01,0x23,0xc1,0x08,0xc1,0x08,0x01,0x11,0xc1,0x2b,
0x41,0x2c,0x01,0x1a,0xa1,0x08,0xa1,0x08,0x81,0x1a,0x62,0x2c,0xe1,0x1a,0x21,0x1a,
0x62,0x2c,0x61,0x23,0xc1,0x08,0xc1,0x08,0xc1,0x08,0x61,0x23,0x62,0x2c,0x81,0x1a,
0x81,0x08,0x01,0x11,0x81,0x23,0x41,0x2c,0x41,0x1a,0xa1,0x08,0xe1,0x08,0xa1,0x08,
0x81,0x1a,0x62,0x2c,0xe1,0x22,0x61,0x11,0x21,0x2c,0xc1,0x2b,0x21,0x11,0xc1,0x08,
0xc1,0x08,0xc1,0x08,0xc1,0x08,0xc1,0x08,0xe1,0x08,0xa1,0x08,0xc1,0x22,0x41,0x2c,
0xa1,0x11,0xa1,0x08,0xe1,0x08,0xc1,0x08,0xc1,0x08,0xe1,0x10,0x81,0x00,0x01,0x4a,
0x82,0xf5,0x62,0xed,0xc1,0x39,0x81,0x00,0xc1,0x08,0xa1,0x08,0xa1,0x08,0xa1,0x08,
0xc1,0x08,0xe1,0x10,0xa1,0x00,0x22,0xb4,0xc2,0xfd,0x61,0x8b,0x81,0x00,0xc1,0x08,
0x21,0x19,0x02,0xdd,0xa2,0xfd,0x81,0x62,0x61,0x00,0x42,0xbc,0xc2,0xfd,0xc2,0x9b,
0x81,0x00,0x01,0x19,0x81,0x00,0xc1,0x6a,0xc2,0xfd,0xa2,0xcc,0xe1,0x10,0x01,0x11,
0x42,0xb4,0xc2,0xfd,0x62,0xed,0x02,0xac,0xe1,0x72,0xe2,0xd4,0xc2,0xfd,0x81,0x62,
0x41,0x00,0xa2,0x9b,0xc2,0xfd,0x62,0xbc,0xc1,0x08,0x01,0x11,0xa1,0x00,0x21,0x4a,
0xa2,0xf5,0x22,0xe5,0x21,0x19,0x21,0x52,0x82,0xf5,0x42,0xe5,0xe2,0xd4,0xc2,0xd4,
0xe2,0xd4,0x82,0xc4,0x62,0xbc,0x22,0xb4,0x21,0x19,0xc1,0x08,0xe1,0x08,0xc1,0x08,
0xe1,0x10,0xa1,0x00,0xe1,0x41,0x62,0xed,0x62,0xed,0x41,0x52,0xe1,0x10,0x21,0x19,
0x01,0x11,0xa1,0x00,0x81,0x00,0xe1,0x08,0xc1,0x08,0xa2,0xc4,0x82,0xf5,0x02,0xdd,
0xc2,0xd4,0xe2,0xd4,0xc2,0xd4,0x42,0xb4,0xa2,0xcc,0x41,0x52,0x41,0x21,0x42,0xe5,
0xa2,0xf5,0x41,0x52,0xa1,0x00,0x01,0x11,0x81,0x00,0xa1,0x62,0xa2,0xfd,0x02,0xdd,
0x01,0x19,0xa1,0x39,0x62,0xed,0x62,0xed,0xa1,0x39,0xa1,0x08,0xe1,0x10,0x01,0x11,
0xc2,0xcc,0xc2,0xfd,0x21,0x83,0x21,0x00,0x61,0x8b,0xe2,0xfd,0x62,0xbc,0x61,0x00,
0xc1,0x6a,0xa2,0xfd,0x22,0xe5,0xe2,0xd4,0xc2,0xd4,0xe2,0xd4,0x82,0xc4,0x62,0xbc,
0xe2,0xa3,0xe1,0x10,0xc1,0x08,0xc1,0x08,0xc1,0x08,0xc1,0x08,0xc1,0x08,0xc1,0x08,
0xc1,0x08,0xc1,0x08,0xc1,0x08,0xc1,0x08,0xc1,0x08,0xc1,0x08,0xc1,0x08,0xc1,0x08,
0xc1,0x08,0xc1,0x08,0xc1,0x08,0xc1,0x08,0xc1,0x08,0xc1,0x08,0xc1,0x08,0xc1,0x08,
0xc1,0x08,0xc1,0x08,0xc1,0x08,0xc1,0x08,0xc1,0x08,0xc1,0x08,0xc1,0x08,0xc1,0x08,
0xc1,0x08,0xc1,0x08,0xc1,0x08,0xc1,0x08,0xc1,0x08,0xc1,0x08,0xc1,0x08,0xc1,0x08,
0xc1,0x08,0xc1,0x08,0xc1,0x08,0xc1,0x08,0xc1,0x08,0xc1,0x08,0xc1,0x08,0xc1,0x08,
0xc1,0x08,0xc1,0x08,0xc1,0x08,0xc1,0x08,0xc1,0x08,0xc1,0x08,0xc1,0x08,0xc1,0x08,
0xc1,0x08,0xc1,0x08,0xc1,0x08,0xc1,0x08,0xc1,0x08,0xc1,0x08,0xc1,0x08,0xc1,0x08,
0xc1,0x08,0xc1,0x08,0xc1,0x08,0xc1,0x08,0xc1,0x08,0xc1,0x08,0xc1,0x08,0xc1,0x08,
0xc1,0x08,0xc1,0x08,0xc1,0x08,0xc1,0x08,0xc1,0x08,0xc1,0x08,0xc1,0x08,0xc1,0x08,
0xc1,0x08,0xc1,0x08,0xc1,0x08,0xc1,0x08,0xc1,0x08,0xc1,0x08,0xc1,0x08,0xc1,0x08,
0xc1,0x08,0xc1,0x08,0xc1,0x08,0xc1,0x08,0xc1,0x08,0xc1,0x08,0xc1,0x08,0xc1,0x08,
0xc1,0x08,0xc1,0x08,0xc1,0x08,0xc1,0x08,0xc1,0x08,0xc1,0x08,0xc1,0x08,0xc1,0x08,
0xc1,0x08,0xc1,0x08,0xc1,0x08,0xc1,0x08,0xc1,0x08,0xc1,0x08,0xc1,0x08,0xc1,0x08,
0xc1,0x08,0xc1,0x08,0xc1,0x08,0xc1,0x08,0xc1,0x08,0xc1,0x08,0xc1,0x08,0xc1,0x08,
0xc1,0x08,0xc1,0x08,0xc1,0x08,0xc1,0x08,0xc1,0x08,0xc1,0x08,0xc1,0x08,0xc1,0x08,
0xc1,0x08,0xc1,0x08,0xc1,0x08,0xc1,0x08,0xc1,0x08,0xc1,0x08,0xc1,0x08,0xc1,0x08,
0xc1,0x08,0xc1,0x08,0xc1,0x08,0xc1,0x08,0xc1,0x08,0xc1,0x08,0xc1,0x08,0xc1,0x08,
0xc1,0x08,0xc1,0x08,0xc1,0x08,0xc1,0x08,0xc1,0x08,0xc1,0x08,0xc1,0x08,0xc1,0x08,
0xc1,0x08,0xc1,0x08,0xc1,0x08,0xc1,0x08,0xc1,0x08,0xc1,0x08,0xc1,0x08,0xc1,0x08,
0xc1,0x08,0xe1,0x08,0xc1,0x08,0x21,0x11,0xc1,0x2b,0x41,0x2c,0x21,0x1a,0x61,0x08,
0xa1,0x08,0xa1,0x08,0xa1,0x08,0xa1,0x08,0xa1,0x08,0xc1,0x08,0xa1,0x08,0x01,0x23,
0x62,0x2c,0xe1,0x22,0xa1,0x08,0xa1,0x08,0xc1,0x11,0x21,0x2c,0xe1,0x2b,0x21,0x11,
0xa1,0x08,0xe1,0x08,0x81,0x23,0x62,0x2c,0x41,0x1a,0x61,0x08,0xa1,0x11,0x01,0x2c,
0x21,0x2c,0xc1,0x11,0x81,0x08,0xa1,0x08,0x41,0x11,0xe1,0x2b,0x41,0x2c,0xe1,0x11,
0xe1,0x08,0xe1,0x2b,0x41,0x2c,0x41,0x1a,0x61,0x08,0xc1,0x08,0x81,0x08,0x01,0x23,
0x42,0x2c,0x41,0x23,0xc1,0x08,0xa1,0x08,0x21,0x1a,0x41,0x2c,0xa1,0x23,0x21,0x2c,
0xe1,0x22,0xc1,0x08,0xa1,0x23,0xe1,0x2b,0xe1,0x2b,0x01,0x2c,0x61,0x11,0x81,0x08,
0x81,0x1a,0x42,0x2c,0x61,0x23,0xa1,0x08,0xa1,0x08,0xa1,0x08,0x61,0x11,0x21,0x11,
0xe1,0x08,0xa1,0x08,0xa1,0x1a,0x62,0x2c,0x41,0x23,0xa1,0x08,0xe1,0x08,0xc1,0x08,
0xc1,0x08,0xc1,0x08,0xc1,0x08,0xc1,0x08,0xc1,0x08,0xe1,0x08,0xa1,0x23,0x41,0x2c,
0x81,0x1a,0x81,0x08,0xc1,0x08,0xc1,0x08,0xc1,0x08,0xe1,0x08,0xc1,0x08,0xe1,0x08,
0xa1,0x08,0x81,0x1a,0x62,0x2c,0x61,0x23,0xc1,0x08,0xe1,0x08,0xa1,0x08,0xa1,0x11,
0x21,0x2c,0x21,0x2c,0xa1,0x11,0x81,0x08,0xa1,0x08,0xc1,0x08,0x81,0x23,0x42,0x2c,
0xa1,0x1a,0x81,0x08,0x41,0x23,0x42,0x2c,0x01,0x23,0x81,0x08,0xc1,0x08,0xa1,0x08,
0x41,0x23,0x41,0x2c,0x41,0x23,0xc1,0x08,0xe1,0x08,0x81,0x23,0x42,0x2c,0x61,0x1a,
0x81,0x08,0x81,0x08,0x81,0x11,0x21,0x2c,0x01,0x2c,0xa1,0x11,0x81,0x08,0x21,0x23,
0x42,0x2c,0x41,0x23,0xa1,0x08,0xa1,0x08,0xc1,0x08,0xe1,0x22,0x01,0x23,0xa1,0x11,
0x81,0x08,0xe1,0x22,0x62,0x2c,0x01,0x23,0x81,0x08,0xc1,0x08,0x01,0x11,0xc1,0x2b,
0x41,0x2c,0x01,0x1a,0xa1,0x08,0xc1,0x08,0x61,0x11,0x01,0x2c,0xc1,0x2b,0x81,0x23,
0x41,0x2c,0x41,0x1a,0xa1,0x08,0xe1,0x08,0xc1,0x08,0x61,0x23,0x62,0x2c,0x81,0x1a,
0x81,0x08,0x01,0x11,0x81,0x23,0x41,0x2c,0x21,0x1a,0x61,0x08,0xe1,0x08,0xa1,0x08,
0x81,0x11,0x21,0x2c,0xa1,0x23,0x01,0x23,0x62,0x2c,0xe1,0x22,0xa1,0x08,0xe1,0x08,
0xc1,0x08,0xc1,0x08,0xc1,0x08,0xc1,0x08,0xe1,0x08,0xa1,0x08,0xc1,0x22,0x41,0x2c,
0xa1,0x11,0xa1,0x08,0xe1,0x08,0xc1,0x08,0xc1,0x08,0xe1,0x10,0x81,0x00,0x01,0x4a,
0x82,0xf5,0x62,0xed,0xa1,0x31,0x41,0x00,0xa1,0x00,0x81,0x00,0x81,0x00,0x81,0x00,
0x81,0x00,0xc1,0x08,0xa1,0x00,0x22,0xb4,0xc2,0xfd,0x61,0x8b,0x81,0x00,0xc1,0x08,
0x21,0x19,0x02,0xdd,0xa2,0xfd,0x81,0x62,0x41,0x00,0xc2,0x9b,0xc2,0xfd,0xa2,0xcc,
0xe1,0x10,0x81,0x00,0x81,0x00,0xe2,0xa3,0xa2,0xfd,0xc2,0xcc,0xa1,0x00,0xc1,0x6a,
0xe2,0xfd,0xe2,0xd4,0x21,0x21,0x41,0x00,0xc1,0x08,0xe2,0xd4,0xc2,0xfd,0x81,0x5a,
0x21,0x00,0x21,0x7b,0xa2,0xfd,0x22,0xdd,0x61,0x29,0x61,0x00,0x61,0x00,0x41,0x83,
0xa2,0xfd,0x22,0xe5,0x41,0x21,0xa1,0x31,0x62,0xed,0x62,0xed,0xc1,0x39,0x61,0x00,
0x81,0x00,0x61,0x21,0xa1,0x31,0x01,0x19,0xc1,0x08,0xc1,0x08,0xc1,0x08,0xc1,0x08,
0xe1,0x10,0xa1,0x00,0xe1,0x41,0x62,0xed,0x62,0xf5,0x01,0x4a,0x81,0x00,0xc1,0x08,
0xc1,0x08,0xe1,0x10,0xe1,0x10,0xe1,0x10,0xa1,0x00,0x02,0xac,0xc2,0xfd,0xa2,0x9b,
0x41,0x00,0xa1,0x00,0xc1,0x08,0xc1,0x39,0x41,0x21,0xe1,0x10,0x01,0x19,0xc2,0xd4,
0xa2,0xfd,0x41,0x83,0x41,0x00,0xa1,0x08,0x61,0x00,0xa2,0x93,0xc2,0xfd,0xa2,0xc4,
0xa1,0x00,0xc1,0x39,0x62,0xed,0x82,0xf5,0x61,0x5a,0x61,0x00,0xa1,0x00,0x41,0x21,
0x22,0xe5,0xa2,0xfd,0xc1,0x6a,0x21,0x00,0x61,0x8b,0xe2,0xfd,0x62,0xbc,0x81,0x00,
0x41,0x52,0xa2,0xf5,0x22,0xe5,0x41,0x21,0x61,0x00,0x81,0x00,0x81,0x29,0x81,0x31,
0x01,0x11,0xc1,0x08,0xc1,0x08,0xc1,0x08,0xc1,0x08,0xc1,0x08,0xc1,0x08,0xc1,0x08,
0xc1,0x08,0xc1,0x08,0xc1,0x08,0xc1,0x08,0xc1,0x08,0xc1,0x08,0xc1,0x08,0xc1,0x08,
0xc1,0x08,0xc1,0x08,0xc1,0x08,0xc1,0x08,0xc1,0x08,0xc1,0x08,0xc1,0x08,0xc1,0x08,
0xc1,0x08,0xc1,0x08,0xc1,0x08,0xc1,0x08,0xc1,0x08,0xc1,0x08,0xc1,0x08,0xc1,0x08,
0xc1,0x08,0xc1,0x08,0xc1,0x08,0xc1,0x08,0xc1,0x08,0xc1,0x08,0xc1,0x08,0xc1,0x08,
0xc1,0x08,0xc1,0x08,0xc1,0x08,0xc1,0x08,0xc1,0x08,0xc1,0x08,0xc1,0x08,0xc1,0x08,
0xc1,0x08,0xc1,0x08,0xc1,0x08,0xc1,0x08,0xc1,0x08,0xc1,0x08,0xc1,0x08,0xc1,0x08,
0xc1,0x08,0xc1,0x08,0xc1,0x08,0xc1,0x08,0xc1,0x08,0xc1,0x08,0xc1,0x08,0xc1,0x08,
0xc1,0x08,0xc1,0x08,0xc1,0x08,0xc1,0x08,0xc1,0x08,0xc1,0x08,0xc1,0x08,0xc1,0x08,
0xc1,0x08,0xc1,0x08,0xc1,0x08,0xc1,0x08,0xc1,0x08,0xc1,0x08,0xc1,0x08,0xc1,0x08,
0xc1,0x08,0xc1,0x08,0xc1,0x08,0xc1,0x08,0xc1,0x08,0xc1,0x08,0xc1,0x08,0xc1,0x08,
0xc1,0x08,0xc1,0x08,0xc1,0x08,0xc1,0x08,0xc1,0x08,0xc1,0x08,0xc1,0x08,0xc1,0x08,
0xc1,0x08,0xc1,0x08,0xc1,0x08,0xc1,0x08,0xc1,0x08,0xc1,0x08,0xc1,0x08,0xc1,0x08,
0xc1,0x08,0xc1,0x08,0xc1,0x08,0xc1,0x08,0xc1,0x08,0xc1,0x08,0xc1,0x08,0xc1,0x08,
0xc1,0x08,0xc1,0x08,0xc1,0x08,0xc1,0x08,0xc1,0x08,0xc1,0x08,0xc1,0x08,0xc1,0x08,
0xc1,0x08,0xc1,0x08,0xc1,0x08,0xc1,0x08,0xc1,0x08,0xc1,0x08,0xc1,0x08,0xc1,0x08,
0xc1,0x08,0xc1,0x08,0xc1,0x08,0xc1,0x08,0xc1,0x08,0xc1,0x08,0xc1,0x08,0xc1,0x08,
0xc1,0x08,0xc1,0x08,0xc1,0x08,0xc1,0x08,0xc1,0x08,0xc1,0x08,0xc1,0x08,0xc1,0x08,
0xc1,0x08,0xc1,0x08,0xc1,0x08,0xc1,0x08,0xc1,0x08,0xc1,0x08,0xc1,0x08,0xc1,0x08,
0xc1,0x08,0xc1,0x08,0xc1,0x08,0xc1,0x08,0xc1,0x08,0xc1,0x08,0xc1,0x08,0xc1,0x08,
0xc1,0x08,0xe1,0x08,0xc1,0x08,0x21,0x11,0xc1,0x2b,0x21,0x2c,0x01,0x23,0x41,0x1a,
0x61,0x1a,0x41,0x1a,0x41,0x1a,0x41,0x1a,0x61,0x1a,0x61,0x11,0x81,0x08,0xe1,0x22,
0x42,0x2c,0xe1,0x22,0xa1,0x08,0xa1,0x08,0xc1,0x11,0x21,0x2c,0xc1,0x2b,0x21,0x11,
0xa1,0x08,0xe1,0x08,0x81,0x23,0x42,0x2c,0x41,0x1a,0x61,0x08,0xa1,0x11,0x01,0x2c,
0x21,0x2c,0x81,0x23,0x41,0x11,0x01,0x11,0xe1,0x22,0x21,0x2c,0xe1,0x2b,0x41,0x11,
0x81,0x08,0xe1,0x22,0x61,0x2c,0xc1,0x2b,0xe1,0x19,0x61,0x11,0x81,0x1a,0x01,0x2c,
0x41,0x2c,0x01,0x1a,0xa1,0x08,0xc1,0x08,0x41,0x11,0xe1,0x2b,0xe1,0x2b,0x21,0x2c,
0x21,0x1a,0x61,0x08,0xe1,0x22,0x21,0x2c,0x01,0x2c,0x61,0x23,0xe1,0x08,0xa1,0x08,
0xa1,0x11,0x21,0x2c,0x01,0x2c,0x61,0x1a,0xe1,0x08,0xe1,0x19,0x01,0x2c,0x21,0x2c,
0xc1,0x11,0x81,0x08,0xa1,0x1a,0x42,0x2c,0x21,0x23,0xa1,0x08,0xe1,0x08,0xc1,0x08,
0xc1,0x08,0xc1,0x08,0xc1,0x08,0xc1,0x08,0xc1,0x08,0xe1,0x08,0xa1,0x23,0x41,0x2c,
0x81,0x1a,0xa1,0x08,0xe1,0x08,0xc1,0x08,0xc1,0x08,0xc1,0x08,0xc1,0x08,0xe1,0x08,
0xa1,0x08,0x81,0x1a,0x42,0x2c,0x41,0x23,0xc1,0x08,0xe1,0x08,0xc1,0x08,0xc1,0x08,
0x61,0x23,0x41,0x2c,0x81,0x23,0xa1,0x11,0x81,0x11,0xe1,0x22,0x21,0x2c,0x01,0x2c,
0x81,0x11,0x81,0x08,0x41,0x1a,0x41,0x2c,0xe1,0x2b,0x21,0x1a,0x21,0x11,0x81,0x1a,
0x21,0x2c,0x01,0x2c,0x41,0x23,0xc1,0x08,0xc1,0x08,0x61,0x23,0x41,0x2c,0x41,0x23,
0x21,0x11,0x21,0x11,0x41,0x23,0x21,0x2c,0x01,0x2c,0xa1,0x11,0x61,0x08,0x21,0x1a,
0x41,0x2c,0x01,0x2c,0x61,0x1a,0x41,0x11,0x61,0x1a,0x21,0x2c,0x61,0x2c,0xc1,0x11,
0x81,0x08,0xe1,0x22,0x42,0x2c,0x61,0x23,0x81,0x11,0x21,0x11,0x01,0x09,0xc1,0x2b,
0x21,0x2c,0xe1,0x19,0xa1,0x08,0xe1,0x08,0xc1,0x08,0x21,0x23,0x21,0x2c,0x01,0x2c,
0xe1,0x2b,0x21,0x11,0xc1,0x08,0xe1,0x08,0xc1,0x08,0x61,0x23,0x42,0x2c,0x61,0x1a,
0x81,0x08,0x01,0x09,0x81,0x23,0x41,0x2c,0xc1,0x1a,0x61,0x11,0x01,0x11,0xc1,0x08,
0xc1,0x08,0x41,0x23,0x21,0x2c,0x01,0x2c,0x21,0x2c,0xc1,0x11,0xa1,0x08,0xe1,0x08,
0xc1,0x08,0xc1,0x08,0xc1,0x08,0xc1,0x08,0xe1,0x08,0xa1,0x08,0xc1,0x22,0x41,0x2c,
0xa1,0x11,0xa1,0x08,0xe1,0x08,0xc1,0x08,0xc1,0x08,0xe1,0x10,0x81,0x00,0x01,0x4a,
0x62,0xed,0x42,0xed,0x81,0x93,0xe1,0x72,0x01,0x73,0xe1,0x72,0xe1,0x72,0x01,0x73,
0xe1,0x72,0x21,0x21,0xa1,0x00,0x22,0xb4,0xc2,0xfd,0x61,0x8b,0x81,0x00,0xc1,0x08,
0x21,0x19,0xe2,0xd4,0x82,0xf5,0x81,0x62,0x41,0x00,0x21,0x4a,0x82,0xf5,0x62,0xed,
0xe2,0xa3,0x21,0x52,0xe2,0xa3,0x82,0xf5,0x62,0xed,0xc2,0xcc,0xa1,0x00,0xe1,0x72,
0xc2,0xfd,0xe2,0xd4,0xa1,0x31,0xa1,0x08,0x01,0x7b,0x62,0xed,0x82,0xf5,0x61,0x5a,
0x61,0x00,0x81,0x31,0x42,0xe5,0x82,0xf5,0x42,0xb4,0x41,0x52,0x81,0x93,0x82,0xf5,
0x62,0xed,0x22,0xe5,0x61,0x29,0xc1,0x08,0xa2,0xcc,0xc2,0xfd,0x22,0xac,0x61,0x21,
0x61,0x29,0x82,0xc4,0xc2,0xfd,0xa2,0x93,0xa1,0x00,0xe1,0x10,0xc1,0x08,0xc1,0x08,
0xe1,0x10,0xa1,0x00,0xe1,0x41,0x62,0xed,0x62,0xed,0x01,0x4a,0xa1,0x00,0xe1,0x10,
0xe1,0x08,0xc1,0x08,0xc1,0x08,0xe1,0x10,0x81,0x00,0xc1,0x6a,0xc2,0xfd,0x22,0xe5,
0x61,0x5a,0xe1,0x10,0x01,0x7b,0x82,0xf5,0x02,0xdd,0x81,0x29,0x61,0x00,0x61,0x8b,
0xc2,0xfd,0x22,0xdd,0x81,0x62,0x81,0x31,0x01,0x7b,0x42,0xe5,0xc2,0xfd,0xe1,0x72,
0x41,0x00,0xe1,0x41,0x62,0xed,0x82,0xf5,0xa2,0xcc,0xa1,0x31,0x21,0x19,0xa1,0x9b,
0x82,0xf5,0x42,0xed,0x81,0x31,0x61,0x00,0x41,0x83,0xc2,0xfd,0x42,0xb4,0xa1,0x00,
0x21,0x19,0x02,0xdd,0xa2,0xfd,0xc2,0x9b,0x21,0x19,0xa1,0x31,0xc2,0xd4,0xa2,0xfd,
0x21,0x7b,0x81,0x00,0xe1,0x10,0xc1,0x08,0xc1,0x08,0xc1,0x08,0xc1,0x08,0xc1,0x08,
0xc1,0x08,0xc1,0x08,0xc1,0x08,0xc1,0x08,0xc1,0x08,0xc1,0x08,0xc1,0x08,0xc1,0x08,
0xc1,0x08,0xc1,0x08,0xc1,0x08,0xc1,0x08,0xc1,0x08,0xc1,0x08,0xc1,0x08,0xc1,0x08,
0xc1,0x08,0xc1,0x08,0xc1,0x08,0xc1,0x08,0xc1,0x08,0xc1,0x08,0xc1,0x08,0xc1,0x08,
0xc1,0x08,0xc1,0x08,0xc1,0x08,0xc1,0x08,0xc1,0x08,0xc1,0x08,0xc1,0x08,0xc1,0x08,
0xc1,0x08,0xc1,0x08,0xc1,0x08,0xc1,0x08,0xc1,0x08,0xc1,0x08,0xc1,0x08,0xc1,0x08,
0xc1,0x08,0xc1,0x08,0xc1,0x08,0xc1,0x08,0xc1,0x08,0xc1,0x08,0xc1,0x08,0xc1,0x08,
0xc1,0x08,0xc1,0x08,0xc1,0x08,0xc1,0x08,0xc1,0x08,0xc1,0x08,0xc1,0x08,0xc1,0x08,
0xc1,0x08,0xc1,0x08,0xc1,0x08,0xc1,0x08,0xc1,0x08,0xc1,0x08,0xc1,0x08,0xc1,0x08,
0xc1,0x08,0xc1,0x08,0xc1,0x08,0xc1,0x08,0xc1,0x08,0xc1,0x08,0xc1,0x08,0xc1,0x08,
0xc1,0x08,0xc1,0x08,0xc1,0x08,0xc1,0x08,0xc1,0x08,0xc1,0x08,0xc1,0x08,0xc1,0x08,
0xc1,0x08,0xc1,0x08,0xc1,0x08,0xc1,0x08,0xc1,0x08,0xc1,0x08,0xc1,0x08,0xc1,0x08,
0xc1,0x08,0xc1,0x08,0xc1,0x08,0xc1,0x08,0xc1,0x08,0xc1,0x08,0xc1,0x08,0xc1,0x08,
0xc1,0x08,0xc1,0x08,0xc1,0x08,0xc1,0x08,0xc1,0x08,0xc1,0x08,0xc1,0x08,0xc1,0x08,
0xc1,0x08,0xc1,0x08,0xc1,0x08,0xc1,0x08,0xc1,0x08,0xc1,0x08,0xc1,0x08,0xc1,0x08,
0xc1,0x08,0xc1,0x08,0xc1,0x08,0xc1,0x08,0xc1,0x08,0xc1,0x08,0xc1,0x08,0xc1,0x08,
0xc1,0x08,0xc1,0x08,0xc1,0x08,0xc1,0x08,0xc1,0x08,0xc1,0x08,0xc1,0x08,0xc1,0x08,
0xc1,0x08,0xc1,0x08,0xc1,0x08,0xc1,0x08,0xc1,0x08,0xc1,0x08,0xc1,0x08,0xc1,0x08,
0xc1,0x08,0xc1,0x08,0xc1,0x08,0xc1,0x08,0xc1,0x08,0xc1,0x08,0xc1,0x08,0xc1,0x08,
0xc1,0x08,0xc1,0x08,0xc1,0x08,0xc1,0x08,0xc1,0x08,0xc1,0x08,0xc1,0x08,0xc1,0x08,
0xc1,0x08,0xe1,0x08,0xc1,0x08,0x21,0x11,0x01,0x2c,0x41,0x2c,0x62,0x2c,0x62,0x2c,
0x62,0x2c,0x62,0x2c,0x62,0x2c,0x62,0x2c,0xa2,0x34,0x21,0x1a,0x61,0x08,0x21,0x23,
0xa2,0x2c,0x01,0x23,0xa1,0x08,0xa1,0x08,0xe1,0x11,0x61,0x2c,0x21,0x2c,0x41,0x11,
0xa1,0x08,0xe1,0x08,0xa1,0x23,0xa2,0x2c,0x61,0x1a,0x61,0x08,0xa1,0x11,0x21,0x2c,
0xe1,0x2b,0xc1,0x2b,0x41,0x2c,0x01,0x2c,0x41,0x2c,0x41,0x2c,0x41,0x1a,0xa1,0x08,
0xc1,0x08,0x21,0x11,0x61,0x23,0x41,0x2c,0x42,0x2c,0x21,0x2c,0x62,0x2c,0x21,0x2c,
0x81,0x1a,0xa1,0x08,0xc1,0x08,0xe1,0x08,0xc1,0x08,0x61,0x23,0x61,0x2c,0x21,0x2c,
0x61,0x11,0x81,0x08,0x21,0x1a,0x61,0x2c,0x61,0x2c,0x81,0x1a,0xa1,0x08,0xe1,0x08,
0xc1,0x08,0x81,0x1a,0x41,0x2c,0x42,0x2c,0x01,0x2c,0x41,0x2c,0x41,0x2c,0x01,0x23,
0xe1,0x08,0xa1,0x08,0xc1,0x1a,0xa2,0x2c,0x61,0x23,0xa1,0x08,0xe1,0x08,0xc1,0x08,
0xc1,0x08,0xc1,0x08,0xc1,0x08,0xc1,0x08,0xc1,0x08,0xe1,0x08,0xc1,0x2b,0x81,0x2c,
0xa1,0x1a,0x81,0x08,0xe1,0x08,0xc1,0x08,0xc1,0x08,0xc1,0x08,0xc1,0x08,0xe1,0x08,
0x81,0x08,0xa1,0x1a,0xa2,0x2c,0x81,0x23,0xc1,0x08,0xc1,0x08,0xe1,0x08,0xa1,0x08,
0x61,0x11,0xc1,0x2b,0x41,0x2c,0x41,0x2c,0x41,0x2c,0x62,0x2c,0x01,0x2c,0x01,0x1a,
0xa1,0x08,0xe1,0x08,0xe1,0x08,0x41,0x23,0x41,0x2c,0x41,0x2c,0x21,0x2c,0x21,0x2c,
0x61,0x23,0x82,0x2c,0x81,0x23,0xc1,0x08,0xa1,0x08,0x41,0x1a,0x41,0x2c,0x41,0x2c,
0x01,0x2c,0x41,0x2c,0x61,0x23,0xe1,0x2b,0x61,0x2c,0xa1,0x11,0xa1,0x08,0xe1,0x08,
0x01,0x23,0x41,0x2c,0x42,0x2c,0x21,0x2c,0x62,0x2c,0x41,0x2c,0x81,0x1a,0xc1,0x08,
0xa1,0x08,0x41,0x1a,0x61,0x2c,0x01,0x2c,0x81,0x2c,0x41,0x1a,0xc1,0x08,0x01,0x2c,
0x81,0x2c,0x01,0x1a,0xa1,0x08,0xe1,0x08,0xa1,0x08,0xe1,0x19,0x41,0x2c,0x61,0x2c,
0x01,0x23,0xa1,0x08,0xe1,0x08,0xc1,0x08,0xc1,0x08,0x81,0x23,0xa2,0x2c,0xa1,0x1a,
0xa1,0x08,0xc1,0x08,0x21,0x23,0x61,0x2c,0x21,0x2c,0x41,0x2c,0x81,0x11,0xc1,0x08,
0xa1,0x08,0x21,0x1a,0x21,0x2c,0x01,0x2c,0xa1,0x23,0xe1,0x08,0xc1,0x08,0xc1,0x08,
0xc1,0x08,0xc1,0x08,0xc1,0x08,0xc1,0x08,0xe1,0x08,0xa1,0x08,0xc1,0x22,0x41,0x2c,
0xa1,0x11,0xa1,0x08,0xe1,0x08,0xc1,0x08,0xc1,0x08,0xe1,0x10,0x81,0x00,0x21,0x4a,
0xe2,0xfd,0xa2,0xf5,0xe2,0xfd,0xe2,0xfd,0xe2,0xfd,0xe2,0xfd,0xe2,0xfd,0x02,0xfe,
0xe2,0xfd,0xa1,0x39,0x81,0x00,0x82,0xc4,0x22,0xfe,0xa1,0x93,0x81,0x00,0xc1,0x08,
0x21,0x19,0x42,0xed,0x02,0xfe,0xa1,0x62,0x81,0x00,0xa1,0x08,0x61,0x8b,0xc2,0xfd,
0xc2,0xfd,0x02,0xfe,0x02,0xdd,0xe2,0xa3,0xa2,0xf5,0xc2,0xcc,0xc1,0x08,0x81,0x29,
0x22,0xe5,0xc2,0xfd,0x62,0xed,0x02,0xdd,0x62,0xed,0x02,0xdd,0x02,0xfe,0x61,0x8b,
0x81,0x00,0xa1,0x00,0xc1,0x6a,0xa2,0xf5,0xc2,0xfd,0x02,0xfe,0x62,0xed,0xc1,0x9b,
0x62,0xed,0x22,0xe5,0x81,0x29,0x81,0x00,0x01,0x4a,0x42,0xe5,0xc2,0xfd,0x82,0xf5,
0x62,0xf5,0xc2,0xfd,0x02,0xdd,0x81,0x31,0xa1,0x00,0xe1,0x10,0xc1,0x08,0xc1,0x08,
0xe1,0x10,0x81,0x00,0x01,0x4a,0xc2,0xfd,0xc2,0xfd,0x21,0x52,0x81,0x00,0xe1,0x10,
0xc1,0x08,0xc1,0x08,0xc1,0x08,0xc1,0x08,0xc1,0x08,0xe1,0x10,0x02,0xac,0xc2,0xfd,
0xc2,0xfd,0x42,0xed,0xc2,0xfd,0xa2,0xfd,0x21,0x7b,0xa1,0x00,0xc1,0x08,0x01,0x19,
0x42,0xb4,0xc2,0xfd,0xc2,0xfd,0x82,0xf5,0xe2,0xfd,0xa2,0xfd,0x81,0x93,0xc1,0x08,
0xa1,0x00,0xc1,0x39,0x62,0xed,0x22,0xe5,0x02,0xdd,0xa2,0xfd,0x62,0xed,0xa2,0xfd,
0xa2,0xfd,0x01,0x7b,0xa1,0x00,0x81,0x00,0x81,0x93,0x42,0xfe,0x82,0xc4,0xc1,0x08,
0xa1,0x00,0x61,0x5a,0x62,0xed,0xc2,0xfd,0x62,0xed,0x82,0xf5,0xc2,0xfd,0xa2,0xcc,
0x41,0x21,0xc1,0x08,0xe1,0x08,0xc1,0x08,0xc1,0x08,0xc1,0x08,0xc1,0x08,0xc1,0x08,
0xc1,0x08,0xc1,0x08,0xc1,0x08,0xc1,0x08,0xc1,0x08,0xc1,0x08,0xc1,0x08,0xc1,0x08,
0xc1,0x08,0xc1,0x08,0xc1,0x08,0xc1,0x08,0xc1,0x08,0xc1,0x08,0xc1,0x08,0xc1,0x08,
0xc1,0x08,0xc1,0x08,0xc1,0x08,0xc1,0x08,0xc1,0x08,0xc1,0x08,0xc1,0x08,0xc1,0x08,
0xc1,0x08,0xc1,0x08,0xc1,0x08,0xc1,0x08,0xc1,0x08,0xc1,0x08,0xc1,0x08,0xc1,0x08,
0xc1,0x08,0xc1,0x08,0xc1,0x08,0xc1,0x08,0xc1,0x08,0xc1,0x08,0xc1,0x08,0xc1,0x08,
0xc1,0x08,0xc1,0x08,0xc1,0x08,0xc1,0x08,0xc1,0x08,0xc1,0x08,0xc1,0x08,0xc1,0x08,
0xc1,0x08,0xc1,0x08,0xc1,0x08,0xc1,0x08,0xc1,0x08,0xc1,0x08,0xc1,0x08,0xc1,0x08,
0xc1,0x08,0xc1,0x08,0xc1,0x08,0xc1,0x08,0xc1,0x08,0xc1,0x08,0xc1,0x08,0xc1,0x08,
0xc1,0x08,0xc1,0x08,0xc1,0x08,0xc1,0x08,0xc1,0x08,0xc1,0x08,0xc1,0x08,0xc1,0x08,
0xc1,0x08,0xc1,0x08,0xc1,0x08,0xc1,0x08,0xc1,0x08,0xc1,0x08,0xc1,0x08,0xc1,0x08,
0xc1,0x08,0xc1,0x08,0xc1,0x08,0xc1,0x08,0xc1,0x08,0xc1,0x08,0xc1,0x08,0xc1,0x08,
0xc1,0x08,0xc1,0x08,0xc1,0x08,0xc1,0x08,0xc1,0x08,0xc1,0x08,0xc1,0x08,0xc1,0x08,
0xc1,0x08,0xc1,0x08,0xc1,0x08,0xc1,0x08,0xc1,0x08,0xc1,0x08,0xc1,0x08,0xc1,0x08,
0xc1,0x08,0xc1,0x08,0xc1,0x08,0xc1,0x08,0xc1,0x08,0xc1,0x08,0xc1,0x08,0xc1,0x08,
0xc1,0x08,0xc1,0x08,0xc1,0x08,0xc1,0x08,0xc1,0x08,0xc1,0x08,0xc1,0x08,0xc1,0x08,
0xc1,0x08,0xc1,0x08,0xc1,0x08,0xc1,0x08,0xc1,0x08,0xc1,0x08,0xc1,0x08,0xc1,0x08,
0xc1,0x08,0xc1,0x08,0xc1,0x08,0xc1,0x08,0xc1,0x08,0xc1,0x08,0xc1,0x08,0xc1,0x08,
0xc1,0x08,0xc1,0x08,0xc1,0x08,0xc1,0x08,0xc1,0x08,0xc1,0x08,0xc1,0x08,0xc1,0x08,
0xc1,0x08,0xc1,0x08,0xc1,0x08,0xc1,0x08,0xc1,0x08,0xc1,0x08,0xc1,0x08,0xc1,0x08,
0xc1,0x08,0xe1,0x08,0xc1,0x08,0x01,0x11,0xa1,0x1a,0xc1,0x1a,0xc1,0x1a,0xa1,0x1a,
0xa1,0x1a,0xa1,0x1a,0xa1,0x1a,0xa1,0x1a,0xc1,0x22,0x81,0x11,0xa1,0x08,0x21,0x1a,
0x01,0x23,0x01,0x1a,0xc1,0x08,0xc1,0x08,0x61,0x11,0xe1,0x22,0xa1,0x1a,0x01,0x11,
0xc1,0x08,0xe1,0x08,0x61,0x1a,0xe1,0x22,0xc1,0x11,0x81,0x08,0xa1,0x11,0x21,0x2c,
0xe1,0x2b,0x81,0x11,0x81,0x1a,0x61,0x23,0x01,0x23,0xc1,0x11,0xa1,0x08,0xc1,0x08,
0xe1,0x08,0xc1,0x08,0xe1,0x08,0x21,0x1a,0x01,0x23,0x41,0x23,0xc1,0x1a,0xa1,0x11,
0xa1,0x08,0xc1,0x08,0xc1,0x08,0xe1,0x08,0xa1,0x08,0xc1,0x11,0xe1,0x22,0x81,0x1a,
0xe1,0x08,0xc1,0x08,0x21,0x11,0xc1,0x1a,0xc1,0x22,0x41,0x11,0xc1,0x08,0xe1,0x08,
0xc1,0x08,0xc1,0x08,0xc1,0x11,0xe1,0x22,0x61,0x23,0x01,0x23,0x01,0x1a,0xc1,0x08,
0xc1,0x08,0xc1,0x08,0xe1,0x19,0x01,0x23,0x41,0x1a,0xc1,0x08,0xe1,0x08,0xc1,0x08,
0xc1,0x08,0xc1,0x08,0xc1,0x08,0xc1,0x08,0xc1,0x08,0xe1,0x08,0x81,0x1a,0xe1,0x22,
0xe1,0x11,0xa1,0x08,0xe1,0x08,0xc1,0x08,0xc1,0x08,0xc1,0x08,0xc1,0x08,0xe1,0x08,
0xa1,0x08,0xe1,0x11,0xe1,0x22,0x41,0x1a,0xc1,0x08,0xc1,0x08,0xc1,0x08,0xe1,0x08,
0xa1,0x08,0x01,0x11,0x61,0x1a,0x21,0x23,0x41,0x23,0xa1,0x1a,0x61,0x11,0xa1,0x08,
0xe1,0x08,0xe1,0x08,0xc1,0x08,0xe1,0x08,0x81,0x1a,0x41,0x23,0x41,0x23,0xa1,0x11,
0x81,0x11,0x01,0x23,0x41,0x1a,0xc1,0x08,0xc1,0x08,0xc1,0x08,0x21,0x1a,0x41,0x23,
0x61,0x23,0x61,0x1a,0x01,0x09,0x81,0x1a,0xe1,0x22,0x41,0x11,0xc1,0x08,0xc1,0x08,
0xc1,0x08,0x41,0x1a,0x21,0x23,0x41,0x23,0xe1,0x22,0xe1,0x11,0xc1,0x08,0xc1,0x08,
0xc1,0x08,0xe1,0x08,0x81,0x1a,0x61,0x23,0x21,0x23,0xa1,0x11,0xc1,0x08,0xa1,0x1a,
0xe1,0x22,0x81,0x11,0xa1,0x08,0xe1,0x08,0xc1,0x08,0x01,0x09,0xa1,0x1a,0xe1,0x22,
0x81,0x11,0xa1,0x08,0xe1,0x08,0xc1,0x08,0xc1,0x08,0x61,0x1a,0xe1,0x22,0xc1,0x11,
0xc1,0x08,0xc1,0x08,0x41,0x11,0x01,0x23,0x61,0x23,0xe1,0x22,0x41,0x11,0xc1,0x08,
0xc1,0x08,0x21,0x11,0xe1,0x2b,0x41,0x2c,0x81,0x1a,0xa1,0x08,0xe1,0x08,0xc1,0x08,
0xc1,0x08,0xc1,0x08,0xc1,0x08,0xc1,0x08,0xe1,0x08,0xa1,0x08,0xc1,0x22,0x41,0x2c,
0xa1,0x11,0xa1,0x08,0xe1,0x08,0xc1,0x08,0xc1,0x08,0xe1,0x10,0xa1,0x00,0x81,0x31,
0xa1,0x93,0x81,0x93,0x81,0x8b,0x61,0x8b,0x81,0x8b,0x61,0x8b,0x61,0x8b,0x81,0x8b,
0x61,0x8b,0x41,0x21,0xa1,0x00,0xe1,0x72,0xc2,0x9b,0x61,0x5a,0xa1,0x00,0xc1,0x08,
0x01,0x19,0x41,0x8b,0xc2,0x9b,0xc1,0x39,0xa1,0x00,0xc1,0x08,0x81,0x00,0xe1,0x41,
0x41,0x83,0x41,0x8b,0x01,0x19,0xa1,0x62,0xe2,0xfd,0x82,0xc4,0xe1,0x10,0xa1,0x00,
0xa1,0x31,0xc2,0x9b,0x82,0xc4,0x02,0xac,0xa1,0x31,0x21,0x52,0xe2,0x9b,0xc1,0x72,
0xc1,0x08,0xe1,0x08,0x61,0x00,0xa1,0x31,0x21,0x7b,0x61,0x8b,0x81,0x29,0xe1,0x41,
0xa2,0xfd,0x02,0xdd,0x41,0x21,0xc1,0x08,0xa1,0x00,0x81,0x29,0x41,0x83,0x42,0xb4,
0x42,0xb4,0x21,0x83,0x41,0x21,0xa1,0x00,0xe1,0x10,0xc1,0x08,0xc1,0x08,0xc1,0x08,
0xe1,0x08,0xa1,0x00,0x81,0x29,0x81,0x93,0xa1,0x93,0x81,0x31,0xa1,0x00,0xe1,0x10,
0xc1,0x08,0xc1,0x08,0xc1,0x08,0xc1,0x08,0xe1,0x08,0xc1,0x08,0xe1,0x08,0xa1,0x62,
0xe2,0xa3,0x62,0xbc,0xc2,0x9b,0x21,0x4a,0xa1,0x00,0xc1,0x08,0xe1,0x10,0xc1,0x08,
0xc1,0x08,0x81,0x62,0xe2,0xa3,0x62,0xbc,0xc2,0x9b,0x21,0x52,0xa1,0x00,0xc1,0x08,
0xa1,0x00,0xc1,0x39,0x62,0xed,0x62,0xed,0xe1,0x41,0x21,0x83,0x82,0xc4,0x02,0xac,
0x61,0x5a,0xa1,0x00,0xe1,0x10,0xa1,0x00,0x41,0x52,0xe2,0x9b,0xe1,0x72,0xc1,0x08,
0xe1,0x10,0xa1,0x00,0xc1,0x39,0x61,0x8b,0x42,0xbc,0x22,0xb4,0x01,0x73,0x01,0x19,
0xa1,0x00,0xe1,0x10,0xc1,0x08,0xc1,0x08,0xc1,0x08,0xc1,0x08,0xc1,0x08,0xc1,0x08,
0xc1,0x08,0xc1,0x08,0xc1,0x08,0xc1,0x08,0xc1,0x08,0xc1,0x08,0xc1,0x08,0xc1,0x08,
0xc1,0x08,0xc1,0x08,0xc1,0x08,0xc1,0x08,0xc1,0x08,0xc1,0x08,0xc1,0x08,0xc1,0x08,
0xc1,0x08,0xc1,0x08,0xc1,0x08,0xc1,0x08,0xc1,0x08,0xc1,0x08,0xc1,0x08,0xc1,0x08,
0xc1,0x08,0xc1,0x08,0xc1,0x08,0xc1,0x08,0xc1,0x08,0xc1,0x08,0xc1,0x08,0xc1,0x08,
0xc1,0x08,0xc1,0x08,0xc1,0x08,0xc1,0x08,0xc1,0x08,0xc1,0x08,0xc1,0x08,0xc1,0x08,
0xc1,0x08,0xc1,0x08,0xc1,0x08,0xc1,0x08,0xc1,0x08,0xc1,0x08,0xc1,0x08,0xc1,0x08,
0xc1,0x08,0xc1,0x08,0xc1,0x08,0xc1,0x08,0xc1,0x08,0xc1,0x08,0xc1,0x08,0xc1,0x08,
0xc1,0x08,0xc1,0x08,0xc1,0x08,0xc1,0x08,0xc1,0x08,0xc1,0x08,0xc1,0x08,0xc1,0x08,
0xc1,0x08,0xc1,0x08,0xc1,0x08,0xc1,0x08,0xc1,0x08,0xc1,0x08,0xc1,0x08,0xc1,0x08,
0xc1,0x08,0xc1,0x08,0xc1,0x08,0xc1,0x08,0xc1,0x08,0xc1,0x08,0xc1,0x08,0xc1,0x08,
0xc1,0x08,0xc1,0x08,0xc1,0x08,0xc1,0x08,0xc1,0x08,0xc1,0x08,0xc1,0x08,0xc1,0x08,
0xc1,0x08,0xc1,0x08,0xc1,0x08,0xc1,0x08,0xc1,0x08,0xc1,0x08,0xc1,0x08,0xc1,0x08,
0xc1,0x08,0xc1,0x08,0xc1,0x08,0xc1,0x08,0xc1,0x08,0xc1,0x08,0xc1,0x08,0xc1,0x08,
0xc1,0x08,0xc1,0x08,0xc1,0x08,0xc1,0x08,0xc1,0x08,0xc1,0x08,0xc1,0x08,0xc1,0x08,
0xc1,0x08,0xc1,0x08,0xc1,0x08,0xc1,0x08,0xc1,0x08,0xc1,0x08,0xc1,0x08,0xc1,0x08,
0xc1,0x08,0xc1,0x08,0xc1,0x08,0xc1,0x08,0xc1,0x08,0xc1,0x08,0xc1,0x08,0xc1,0x08,
0xc1,0x08,0xc1,0x08,0xc1,0x08,0xc1,0x08,0xc1,0x08,0xc1,0x08,0xc1,0x08,0xc1,0x08,
0xc1,0x08,0xc1,0x08,0xc1,0x08,0xc1,0x08,0xc1,0x08,0xc1,0x08,0xc1,0x08,0xc1,0x08,
0xc1,0x08,0xc1,0x08,0xc1,0x08,0xc1,0x08,0xc1,0x08,0xc1,0x08,0xc1,0x08,0xc1,0x08,
0xc1,0x08,0xc1,0x08,0xc1,0x08,0xc1,0x08,0xa1,0x08,0x81,0x08,0xa1,0x08,0xa1,0x08,
0xa1,0x08,0xa1,0x08,0xa1,0x08,0xa1,0x08,0x81,0x08,0xc1,0x08,0xe1,0x08,0xa1,0x08,
0x81,0x08,0xa1,0x08,0xc1,0x08,0xc1,0x08,0xc1,0x08,0x81,0x08,0xa1,0x08,0xc1,0x08,
0xc1,0x08,0xc1,0x08,0xa1,0x08,0x81,0x08,0xc1,0x08,0xa1,0x08,0xa1,0x11,0x21,0x2c,
0xe1,0x2b,0x41,0x11,0x81,0x08,0xc1,0x08,0xa1,0x08,0xa1,0x08,0xe1,0x08,0xc1,0x08,
0xc1,0x08,0xe1,0x08,0xc1,0x08,0xa1,0x08,0xa1,0x08,0xc1,0x08,0xa1,0x08,0xa1,0x08,
0xe1,0x08,0xc1,0x08,0xc1,0x08,0xc1,0x08,0xe1,0x08,0xa1,0x08,0x81,0x08,0xa1,0x08,
0xc1,0x08,0xc1,0x08,0xc1,0x08,0x81,0x08,0x81,0x08,0xc1,0x08,0xc1,0x08,0xc1,0x08,
0xc1,0x08,0xe1,0x08,0xa1,0x08,0xa1,0x08,0xc1,0x08,0xa1,0x08,0xa1,0x08,0xc1,0x08,
0xc1,0x08,0xc1,0x08,0xa1,0x08,0x81,0x08,0xa1,0x08,0xc1,0x08,0xc1,0x08,0xc1,0x08,
0xc1,0x08,0xc1,0x08,0xc1,0x08,0xc1,0x08,0xc1,0x08,0xc1,0x08,0xa1,0x08,0x81,0x08,
0xa1,0x08,0xe1,0x08,0xc1,0x08,0xc1,0x08,0xc1,0x08,0xc1,0x08,0xc1,0x08,0xc1,0x08,
0xe1,0x08,0xa1,0x08,0x81,0x08,0xa1,0x08,0xc1,0x08,0xc1,0x08,0xc1,0x08,0xc1,0x08,
0xe1,0x08,0xc1,0x08,0xa1,0x08,0xc1,0x08,0xc1,0x08,0xa1,0x08,0xa1,0x08,0xe1,0x08,
0xc1,0x08,0xc1,0x08,0xe1,0x08,0xc1,0x08,0xa1,0x08,0xc1,0x08,0xa1,0x08,0xa1,0x08,
0xc1,0x08,0x81,0x08,0xa1,0x08,0xc1,0x08,0xc1,0x08,0xc1,0x08,0xa1,0x08,0xc1,0x08,
0xc1,0x08,0xa1,0x08,0xc1,0x08,0xa1,0x08,0x81,0x08,0xc1,0x08,0xc1,0x08,0xc1,0x08,
0xc1,0x08,0xa1,0x08,0xc1,0x08,0xc1,0x08,0xa1,0x08,0xa1,0x08,0xc1,0x08,0xc1,0x08,
0xc1,0x08,0xc1,0x08,0xa1,0x08,0xc1,0x08,0xa1,0x08,0xa1,0x08,0xc1,0x08,0xa1,0x08,
0x81,0x08,0xc1,0x08,0xc1,0x08,0xc1,0x08,0xc1,0x08,0xc1,0x08,0xa1,0x08,0x81,0x08,
0xc1,0x08,0xe1,0x08,0xc1,0x08,0xc1,0x08,0xc1,0x08,0xa1,0x08,0x81,0x08,0xa1,0x08,
0xc1,0x08,0xc1,0x08,0xc1,0x08,0xa1,0x08,0xc1,0x08,0xa1,0x08,0xc1,0x08,0xc1,0x08,
0x81,0x08,0x21,0x1a,0x21,0x2c,0x01,0x2c,0x61,0x11,0xa1,0x08,0xe1,0x08,0xc1,0x08,
0xc1,0x08,0xc1,0x08,0xc1,0x08,0xc1,0x08,0xe1,0x08,0xa1,0x08,0xc1,0x22,0x41,0x2c,
0xa1,0x11,0xa1,0x08,0xe1,0x08,0xc1,0x08,0xc1,0x08,0xc1,0x08,0xe1,0x08,0xc1,0x08,
0x81,0x00,0x81,0x00,0x81,0x00,0x81,0x00,0x81,0x00,0x81,0x00,0x81,0x00,0x81,0x00,
0x81,0x00,0xc1,0x08,0xe1,0x08,0x81,0x00,0x61,0x00,0xa1,0x00,0xe1,0x08,0xc1,0x08,
0xc1,0x08,0x81,0x00,0x81,0x00,0xc1,0x08,0x81,0x00,0x81,0x62,0x42,0xbc,0x41,0x8b,
0x21,0x19,0x21,0x00,0x41,0x00,0xa2,0x93,0xc2,0xfd,0x22,0xb4,0xa1,0x00,0xe1,0x10,
0xa1,0x00,0x81,0x00,0xc1,0x08,0x81,0x00,0xa1,0x00,0xa1,0x00,0x61,0x00,0xa1,0x00,
0xa1,0x00,0x01,0x4a,0x62,0xbc,0x81,0x93,0x81,0x31,0x21,0x00,0x21,0x00,0xe1,0x72,
0xa2,0xfd,0xc2,0xcc,0xe1,0x10,0xc1,0x08,0xe1,0x10,0xa1,0x00,0x81,0x00,0xa1,0x08,
0xa1,0x08,0x81,0x00,0xc1,0x08,0xe1,0x10,0xc1,0x08,0xc1,0x08,0xc1,0x08,0xc1,0x08,
0xc1,0x08,0xe1,0x08,0xc1,0x08,0x81,0x00,0x81,0x00,0xc1,0x08,0xe1,0x08,0xc1,0x08,
0xc1,0x08,0xc1,0x08,0xc1,0x08,0xc1,0x08,0xc1,0x08,0xe1,0x08,0xc1,0x08,0x81,0x00,
0xa1,0x00,0xc1,0x08,0x81,0x00,0x81,0x00,0xe1,0x08,0xc1,0x08,0xc1,0x08,0xe1,0x08,
0xc1,0x08,0x81,0x00,0xa1,0x00,0xc1,0x08,0x81,0x00,0x81,0x00,0xe1,0x08,0xe1,0x10,
0xa1,0x00,0xc1,0x39,0x62,0xed,0x62,0xed,0xa1,0x31,0x61,0x00,0xc1,0x08,0xa1,0x00,
0x81,0x00,0xe1,0x08,0xc1,0x08,0xe1,0x08,0xa1,0x00,0x61,0x00,0x81,0x00,0xc1,0x08,
0xc1,0x08,0xe1,0x10,0xa1,0x00,0x81,0x00,0xc1,0x08,0xa1,0x00,0x81,0x00,0xc1,0x08,
0xe1,0x10,0xc1,0x08,0xc1,0x08,0xc1,0x08,0xc1,0x08,0xc1,0x08,0xc1,0x08,0xc1,0x08,
0xc1,0x08,0xc1,0x08,0xc1,0x08,0xc1,0x08,0xc1,0x08,0xc1,0x08,0xc1,0x08,0xc1,0x08,
0xc1,0x08,0xc1,0x08,0xc1,0x08,0xc1,0x08,0xc1,0x08,0xc1,0x08,0xc1,0x08,0xc1,0x08,
0xc1,0x08,0xc1,0x08,0xc1,0x08,0xc1,0x08,0xc1,0x08,0xc1,0x08,0xc1,0x08,0xc1,0x08,
0xc1,0x08,0xc1,0x08,0xc1,0x08,0xc1,0x08,0xc1,0x08,0xc1,0x08,0xc1,0x08,0xc1,0x08,
0xc1,0x08,0xc1,0x08,0xc1,0x08,0xc1,0x08,0xc1,0x08,0xc1,0x08,0xc1,0x08,0xc1,0x08,
0xc1,0x08,0xc1,0x08,0xc1,0x08,0xc1,0x08,0xc1,0x08,0xc1,0x08,0xc1,0x08,0xc1,0x08,
0xc1,0x08,0xc1,0x08,0xc1,0x08,0xc1,0x08,0xc1,0x08,0xc1,0x08,0xc1,0x08,0xc1,0x08,
0xc1,0x08,0xc1,0x08,0xc1,0x08,0xc1,0x08,0xc1,0x08,0xc1,0x08,0xc1,0x08,0xc1,0x08,
0xc1,0x08,0xc1,0x08,0xc1,0x08,0xc1,0x08,0xc1,0x08,0xc1,0x08,0xc1,0x08,0xc1,0x08,
0xc1,0x08,0xc1,0x08,0xc1,0x08,0xc1,0x08,0xc1,0x08,0xc1,0x08,0xc1,0x08,0xc1,0x08,
0xc1,0x08,0xc1,0x08,0xc1,0x08,0xc1,0x08,0xc1,0x08,0xc1,0x08,0xc1,0x08,0xc1,0x08,
0xc1,0x08,0xc1,0x08,0xc1,0x08,0xc1,0x08,0xc1,0x08,0xc1,0x08,0xc1,0x08,0xc1,0x08,
0xc1,0x08,0xc1,0x08,0xc1,0x08,0xc1,0x08,0xc1,0x08,0xc1,0x08,0xc1,0x08,0xc1,0x08,
0xc1,0x08,0xc1,0x08,0xc1,0x08,0xc1,0x08,0xc1,0x08,0xc1,0x08,0xc1,0x08,0xc1,0x08,
0xc1,0x08,0xc1,0x08,0xc1,0x08,0xc1,0x08,0xc1,0x08,0xc1,0x08,0xc1,0x08,0xc1,0x08,
0xc1,0x08,0xc1,0x08,0xc1,0x08,0xc1,0x08,0xc1,0x08,0xc1,0x08,0xc1,0x08,0xc1,0x08,
0xc1,0x08,0xc1,0x08,0xc1,0x08,0xc1,0x08,0xc1,0x08,0xc1,0x08,0xc1,0x08,0xc1,0x08,
0xc1,0x08,0xc1,0x08,0xc1,0x08,0xc1,0x08,0xc1,0x08,0xc1,0x08,0xc1,0x08,0xc1,0x08,
0xc1,0x08,0xc1,0x08,0xc1,0x08,0xc1,0x08,0xc1,0x08,0xc1,0x08,0xc1,0x08,0xc1,0x08,
0xc1,0x08,0xc1,0x08,0xc1,0x08,0xc1,0x08,0xe1,0x08,0xe1,0x08,0xe1,0x08,0xe1,0x08,
0xe1,0x08,0xe1,0x08,0xe1,0x08,0xe1,0x08,0xe1,0x08,0xe1,0x08,0xc1,0x08,0xe1,0x08,
0xe1,0x08,0xe1,0x08,0xc1,0x08,0xc1,0x08,0xe1,0x08,0xe1,0x08,0xe1,0x08,0xc1,0x08,
0xc1,0x08,0xc1,0x08,0xe1,0x08,0xe1,0x08,0xe1,0x08,0xa1,0x08,0xa1,0x11,0x21,0x2c,
0x01,0x2c,0x61,0x11,0xc1,0x08,0xe1,0x08,0xe1,0x08,0xe1,0x08,0xc1,0x08,0xc1,0x08,
0xc1,0x08,0xc1,0x08,0xc1,0x08,0xe1,0x08,0xe1,0x08,0xc1,0x08,0xe1,0x08,0xe1,0x08,
0xc1,0x08,0xc1,0x08,0xc1,0x08,0xc1,0x08,0xc1,0x08,0xe1,0x08,0xe1,0x08,0xe1,0x08,
0xc1,0x08,0xc1,0x08,0xc1,0x08,0xe1,0x08,0xe1,0x08,0xe1,0x08,0xc1,0x08,0xc1,0x08,
0xc1,0x08,0xc1,0x08,0xe1,0x08,0xe1,0x08,0xc1,0x08,0xe1,0x08,0xe1,0x08,0xc1,0x08,
0xc1,0x08,0xc1,0x08,0xe1,0x08,0xe1,0x08,0xe1,0x08,0xc1,0x08,0xc1,0x08,0xc1,0x08,
0xc1,0x08,0xc1,0x08,0xc1,0x08,0xc1,0x08,0xc1,0x08,0xc1,0x08,0xe1,0x08,0xe1,0x08,
0xe1,0x08,0xc1,0x08,0xc1,0x08,0xc1,0x08,0xc1,0x08,0xc1,0x08,0xc1,0x08,0xc1,0x08,
0xc1,0x08,0xe1,0x08,0xe1,0x08,0xe1,0x08,0xc1,0x08,0xc1,0x08,0xc1,0x08,0xc1,0x08,
0xc1,0x08,0xe1,0x08,0xe1,0x08,0xe1,0x08,0xc1,0x08,0xe1,0x08,0xe1,0x08,0xc1,0x08,
0xc1,0x08,0xc1,0x08,0xc1,0x08,0xc1,0x08,0xe1,0x08,0xc1,0x08,0xe1,0x08,0xe1,0x08,
0xe1,0x08,0xe1,0x08,0xe1,0x08,0xc1,0x08,0xc1,0x08,0xc1,0x08,0xe1,0x08,0xc1,0x08,
0xc1,0x08,0xe1,0x08,0xe1,0x08,0xe1,0x08,0xe1,0x08,0xc1,0x08,0xc1,0x08,0xc1,0x08,
0xc1,0x08,0xe1,0x08,0xe1,0x08,0xc1,0x08,0xe1,0x08,0xe1,0x08,0xc1,0x08,0xc1,0x08,
0xc1,0x08,0xc1,0x08,0xe1,0x08,0xc1,0x08,0xe1,0x08,0xe1,0x08,0xc1,0x08,0xe1,0x08,
0xe1,0x08,0xe1,0x08,0xc1,0x08,0xc1,0x08,0xc1,0x08,0xc1,0x08,0xe1,0x08,0xe1,0x08,
0xe1,0x08,0xc1,0x08,0xc1,0x08,0xc1,0x08,0xc1,0x08,0xe1,0x08,0xe1,0x08,0xe1,0x08,
0xc1,0x08,0xc1,0x08,0xe1,0x08,0xe1,0x08,0xc1,0x08,0xe1,0x08,0xc1,0x08,0x81,0x1a,
0x21,0x23,0xe1,0x2b,0x61,0x2c,0x21,0x23,0xa1,0x08,0xe1,0x08,0xc1,0x08,0xc1,0x08,
0xc1,0x08,0xc1,0x08,0xc1,0x08,0xc1,0x08,0xe1,0x08,0xa1,0x08,0xe1,0x22,0x61,0x2c,
0xa1,0x11,0xa1,0x08,0xe1,0x08,0xc1,0x08,0xc1,0x08,0xc1,0x08,0xc1,0x08,0xe1,0x08,
0xe1,0x10,0xe1,0x10,0xe1,0x10,0xe1,0x10,0xe1,0x10,0xe1,0x10,0xe1,0x10,0xe1,0x10,
0xe1,0x10,0xc1,0x08,0xc1,0x08,0xe1,0x10,0xe1,0x10,0xe1,0x10,0xc1,0x08,0xc1,0x08,
0xc1,0x08,0xe1,0x10,0xe1,0x10,0xe1,0x10,0xa1,0x00,0xe1,0x41,0xc2,0xfd,0xe2,0xfd,
0xc2,0xd4,0x61,0x8b,0x02,0xa4,0x62,0xed,0xc2,0xfd,0xc1,0x6a,0x81,0x00,0xe1,0x10,
0xe1,0x10,0xe1,0x10,0xc1,0x08,0xe1,0x10,0xe1,0x10,0xe1,0x10,0xe1,0x10,0xe1,0x10,
0xa1,0x08,0x61,0x21,0x62,0xed,0x02,0xfe,0x02,0xdd,0x81,0x93,0xc2,0x9b,0x22,0xe5,
0xe2,0xfd,0x61,0x8b,0x81,0x00,0xe1,0x10,0xc1,0x08,0xe1,0x10,0xe1,0x10,0xe1,0x08,
0xe1,0x08,0xe1,0x10,0xe1,0x08,0xc1,0x08,0xc1,0x08,0xc1,0x08,0xc1,0x08,0xc1,0x08,
0xc1,0x08,0xc1,0x08,0xe1,0x08,0xe1,0x10,0xe1,0x10,0xe1,0x08,0xc1,0x08,0xc1,0x08,
0xc1,0x08,0xc1,0x08,0xc1,0x08,0xc1,0x08,0xc1,0x08,0xc1,0x08,0xc1,0x08,0xe1,0x10,
0xe1,0x10,0xc1,0x08,0xe1,0x10,0xe1,0x10,0xc1,0x08,0xc1,0x08,0xc1,0x08,0xc1,0x08,
0xc1,0x08,0xe1,0x10,0xe1,0x10,0xc1,0x08,0xe1,0x10,0xe1,0x10,0xc1,0x08,0xe1,0x10,
0xa1,0x00,0xe1,0x41,0x82,0xf5,0x82,0xf5,0xc1,0x39,0xa1,0x08,0xe1,0x10,0xe1,0x10,
0xe1,0x10,0xc1,0x08,0xc1,0x08,0xc1,0x08,0xe1,0x10,0xe1,0x10,0xe1,0x10,0xc1,0x08,
0xc1,0x08,0xc1,0x08,0xe1,0x10,0xe1,0x10,0xc1,0x08,0xe1,0x08,0xe1,0x10,0xe1,0x08,
0xc1,0x08,0xc1,0x08,0xc1,0x08,0xc1,0x08,0xc1,0x08,0xc1,0x08,0xc1,0x08,0xc1,0x08,
0xc1,0x08,0xc1,0x08,0xc1,0x08,0xc1,0x08,0xc1,0x08,0xc1,0x08,0xc1,0x08,0xc1,0x08,
0xc1,0x08,0xc1,0x08,0xc1,0x08,0xc1,0x08,0xc1,0x08,0xc1,0x08,0xc1,0x08,0xc1,0x08,
0xc1,0x08,0xc1,0x08,0xc1,0x08,0xc1,0x08,0xc1,0x08,0xc1,0x08,0xc1,0x08,0xc1,0x08,
0xc1,0x08,0xc1,0x08,0xc1,0x08,0xc1,0x08,0xc1,0x08,0xc1,0x08,0xc1,0x08,0xc1,0x08,
0xc1,0x08,0xc1,0x08,0xc1,0x08,0xc1,0x08,0xc1,0x08,0xc1,0x08,0xc1,0x08,0xc1,0x08,
0xc1,0x08,0xc1,0x08,0xc1,0x08,0xc1,0x08,0xc1,0x08,0xc1,0x08,0xc1,0x08,0xc1,0x08,
0xc1,0x08,0xc1,0x08,0xc1,0x08,0xc1,0x08,0xc1,0x08,0xc1,0x08,0xc1,0x08,0xc1,0x08,
0xc1,0x08,0xc1,0x08,0xc1,0x08,0xc1,0x08,0xc1,0x08,0xc1,0x08,0xc1,0x08,0xc1,0x08,
0xc1,0x08,0xc1,0x08,0xc1,0x08,0xc1,0x08,0xc1,0x08,0xc1,0x08,0xc1,0x08,0xc1,0x08,
0xc1,0x08,0xc1,0x08,0xc1,0x08,0xc1,0x08,0xc1,0x08,0xc1,0x08,0xc1,0x08,0xc1,0x08,
0xc1,0x08,0xc1,0x08,0xc1,0x08,0xc1,0x08,0xc1,0x08,0xc1,0x08,0xc1,0x08,0xc1,0x08,
0xc1,0x08,0xc1,0x08,0xc1,0x08,0xc1,0x08,0xc1,0x08,0xc1,0x08,0xc1,0x08,0xc1,0x08,
0xc1,0x08,0xc1,0x08,0xc1,0x08,0xc1,0x08,0xc1,0x08,0xc1,0x08,0xc1,0x08,0xc1,0x08,
0xc1,0x08,0xc1,0x08,0xc1,0x08,0xc1,0x08,0xc1,0x08,0xc1,0x08,0xc1,0x08,0xc1,0x08,
0xc1,0x08,0xc1,0x08,0xc1,0x08,0xc1,0x08,0xc1,0x08,0xc1,0x08,0xc1,0x08,0xc1,0x08,
0xc1,0x08,0xc1,0x08,0xc1,0x08,0xc1,0x08,0xc1,0x08,0xc1,0x08,0xc1,0x08,0xc1,0x08,
0xc1,0x08,0xc1,0x08,0xc1,0x08,0xc1,0x08,0xc1,0x08,0xc1,0x08,0xc1,0x08,0xc1,0x08,
0xc1,0x08,0xc1,0x08,0xc1,0x08,0xc1,0x08,0xc1,0x08,0xc1,0x08,0xc1,0x08,0xc1,0x08,
0xc1,0x08,0xc1,0x08,0xc1,0x08,0xc1,0x08,0xc1,0x08,0xc1,0x08,0xc1,0x08,0xc1,0x08,
0xc1,0x08,0xc1,0x08,0xc1,0x08,0xc1,0x08,0xc1,0x08,0xc1,0x08,0xc1,0x08,0xc1,0x08,
0xc1,0x08,0xc1,0x08,0xc1,0x08,0xc1,0x08,0xc1,0x08,0xc1,0x08,0xc1,0x08,0xc1,0x08,
0xc1,0x08,0xc1,0x08,0xc1,0x08,0xc1,0x08,0xc1,0x08,0xc1,0x08,0xc1,0x08,0xc1,0x08,
0xc1,0x08,0xc1,0x08,0xc1,0x08,0xc1,0x08,0xe1,0x08,0xa1,0x08,0x81,0x11,0xc1,0x2b,
0xa1,0x23,0x41,0x11,0xa1,0x08,0xe1,0x08,0xc1,0x08,0xc1,0x08,0xc1,0x08,0xc1,0x08,
0xc1,0x08,0xc1,0x08,0xc1,0x08,0xc1,0x08,0xc1,0x08,0xc1,0x08,0xc1,0x08,0xc1,0x08,
0xc1,0x08,0xc1,0x08,0xc1,0x08,0xc1,0x08,0xc1,0x08,0xc1,0x08,0xc1,0x08,0xc1,0x08,
0xc1,0x08,0xc1,0x08,0xc1,0x08,0xc1,0x08,0xc1,0x08,0xc1,0x08,0xc1,0x08,0xc1,0x08,
0xc1,0x08,0xc1,0x08,0xc1,0x08,0xc1,0x08,0xc1,0x08,0xc1,0x08,0xc1,0x08,0xc1,0x08,
0xc1,0x08,0xc1,0x08,0xc1,0x08,0xc1,0x08,0xc1,0x08,0xc1,0x08,0xc1,0x08,0xc1,0x08,
0xc1,0x08,0xc1,0x08,0xc1,0x08,0xc1,0x08,0xc1,0x08,0xc1,0x08,0xc1,0x08,0xc1,0x08,
0xc1,0x08,0xc1,0x08,0xc1,0x08,0xc1,0x08,0xc1,0x08,0xc1,0x08,0xc1,0x08,0xc1,0x08,
0xc1,0x08,0xc1,0x08,0xc1,0x08,0xc1,0x08,0xc1,0x08,0xc1,0x08,0xc1,0x08,0xc1,0x08,
0xc1,0x08,0xc1,0x08,0xc1,0x08,0xc1,0x08,0xc1,0x08,0xc1,0x08,0xc1,0x08,0xc1,0x08,
0xc1,0x08,0xc1,0x08,0xc1,0x08,0xc1,0x08,0xc1,0x08,0xc1,0x08,0xc1,0x08,0xc1,0x08,
0xc1,0x08,0xc1,0x08,0xc1,0x08,0xc1,0x08,0xc1,0x08,0xc1,0x08,0xc1,0x08,0xc1,0x08,
0xc1,0x08,0xc1,0x08,0xc1,0x08,0xc1,0x08,0xc1,0x08,0xc1,0x08,0xc1,0x08,0xc1,0x08,
0xc1,0x08,0xc1,0x08,0xc1,0x08,0xc1,0x08,0xc1,0x08,0xc1,0x08,0xc1,0x08,0xc1,0x08,
0xc1,0x08,0xc1,0x08,0xc1,0x08,0xc1,0x08,0xc1,0x08,0xc1,0x08,0xc1,0x08,0xc1,0x08,
0xc1,0x08,0xc1,0x08,0xc1,0x08,0xc1,0x08,0xc1,0x08,0xc1,0x08,0xc1,0x08,0xc1,0x08,
0xc1,0x08,0xc1,0x08,0xc1,0x08,0xc1,0x08,0xc1,0x08,0xc1,0x08,0xc1,0x08,0xc1,0x08,
0xc1,0x08,0xc1,0x08,0xc1,0x08,0xc1,0x08,0xc1,0x08,0xe1,0x08,0xa1,0x08,0x21,0x23,
0x61,0x2c,0x01,0x2c,0x41,0x23,0x21,0x11,0xc1,0x08,0xe1,0x08,0xc1,0x08,0xc1,0x08,
0xc1,0x08,0xc1,0x08,0xc1,0x08,0xc1,0x08,0xe1,0x08,0xa1,0x08,0xa1,0x1a,0x01,0x2c,
0x81,0x11,0xa1,0x08,0xe1,0x08,0xc1,0x08,0xc1,0x08,0xc1,0x08,0xc1,0x08,0xc1,0x08,
0xc1,0x08,0xc1,0x08,0xc1,0x08,0xc1,0x08,0xc1,0x08,0xc1,0x08,0xc1,0x08,0xc1,0x08,
0xc1,0x08,0xc1,0x08,0xc1,0x08,0xc1,0x08,0xc1,0x08,0xc1,0x08,0xc1,0x08,0xc1,0x08,
0xc1,0x08,0xc1,0x08,0xc1,0x08,0xc1,0x08,0xe1,0x10,0xa1,0x00,0xa1,0x62,0xe2,0xd4,
0x82,0xf5,0xc2,0xfd,0xa2,0xfd,0x22,0xdd,0x41,0x83,0xc1,0x08,0xc1,0x08,0xc1,0x08,
0xc1,0x08,0xc1,0x08,0xc1,0x08,0xc1,0x08,0xc1,0x08,0xc1,0x08,0xc1,0x08,0xc1,0x08,
0xe1,0x10,0xa1,0x00,0x21,0x4a,0xa2,0xcc,0x62,0xed,0xc2,0xfd,0xa2,0xfd,0x42,0xe5,
0xa2,0x9b,0x01,0x11,0xc1,0x08,0xe1,0x08,0xc1,0x08,0xc1,0x08,0xc1,0x08,0xc1,0x08,
0xc1,0x08,0xc1,0x08,0xc1,0x08,0xc1,0x08,0xc1,0x08,0xc1,0x08,0xc1,0x08,0xc1,0x08,
0xc1,0x08,0xc1,0x08,0xc1,0x08,0xc1,0x08,0xc1,0x08,0xc1,0x08,0xc1,0x08,0xc1,0x08,
0xc1,0x08,0xc1,0x08,0xc1,0x08,0xc1,0x08,0xc1,0x08,0xc1,0x08,0xc1,0x08,0xc1,0x08,
0xc1,0x08,0xc1,0x08,0xc1,0x08,0xc1,0x08,0xc1,0x08,0xc1,0x08,0xc1,0x08,0xc1,0x08,
0xc1,0x08,0xc1,0x08,0xc1,0x08,0xc1,0x08,0xc1,0x08,0xc1,0x08,0xc1,0x08,0xe1,0x10,
0xa1,0x00,0xc1,0x39,0xe2,0xd4,0x02,0xd5,0xa1,0x31,0xa1,0x00,0xe1,0x10,0xc1,0x08,
0xc1,0x08,0xc1,0x08,0xc1,0x08,0xc1,0x08,0xc1,0x08,0xc1,0x08,0xc1,0x08,0xc1,0x08,
0xc1,0x08,0xc1,0x08,0xc1,0x08,0xc1,0x08,0xc1,0x08,0xc1,0x08,0xc1,0x08,0xc1,0x08,
0xc1,0x08,0xc1,0x08,0xc1,0x08,0xc1,0x08,0xc1,0x08,0xc1,0x08,0xc1,0x08,0xc1,0x08,
0xc1,0x08,0xc1,0x08,0xc1,0x08,0xc1,0x08,0xc1,0x08,0xc1,0x08,0xc1,0x08,0xc1,0x08,
0xc1,0x08,0xc1,0x08,0xc1,0x08,0xc1,0x08,0xc1,0x08,0xc1,0x08,0xc1,0x08,0xc1,0x08,
0xc1,0x08,0xc1,0x08,0xc1,0x08,0xc1,0x08,0xc1,0x08,0xc1,0x08,0xc1,0x08,0xc1,0x08,
0xc1,0x08,0xc1,0x08,0xc1,0x08,0xc1,0x08,0xc1,0x08,0xc1,0x08,0xc1,0x08,0xc1,0x08,
0xc1,0x08,0xc1,0x08,0xc1,0x08,0xc1,0x08,0xc1,0x08,0xc1,0x08,0xc1,0x08,0xc1,0x08,
0xc1,0x08,0xc1,0x08,0xc1,0x08,0xc1,0x08,0xc1,0x08,0xc1,0x08,0xc1,0x08,0xc1,0x08,
0xc1,0x08,0xc1,0x08,0xc1,0x08,0xc1,0x08,0xc1,0x08,0xc1,0x08,0xc1,0x08,0xc1,0x08,
0xc1,0x08,0xc1,0x08,0xc1,0x08,0xc1,0x08,0xc1,0x08,0xc1,0x08,0xc1,0x08,0xc1,0x08,
0xc1,0x08,0xc1,0x08,0xc1,0x08,0xc1,0x08,0xc1,0x08,0xc1,0x08,0xc1,0x08,0xc1,0x08,
0xc1,0x08,0xc1,0x08,0xc1,0x08,0xc1,0x08,0xc1,0x08,0xc1,0x08,0xc1,0x08,0xc1,0x08,
0xc1,0x08,0xc1,0x08,0xc1,0x08,0xc1,0x08,0xc1,0x08,0xc1,0x08,0xc1,0x08,0xc1,0x08,
0xc1,0x08,0xc1,0x08,0xc1,0x08,0xc1,0x08,0xc1,0x08,0xc1,0x08,0xc1,0x08,0xc1,0x08,
0xc1,0x08,0xc1,0x08,0xc1,0x08,0xc1,0x08,0xc1,0x08,0xc1,0x08,0xc1,0x08,0xc1,0x08,
0xc1,0x08,0xc1,0x08,0xc1,0x08,0xc1,0x08,0xc1,0x08,0xc1,0x08,0xc1,0x08,0xc1,0x08,
0xc1,0x08,0xc1,0x08,0xc1,0x08,0xc1,0x08,0xc1,0x08,0xc1,0x08,0xc1,0x08,0xc1,0x08,
0xc1,0x08,0xc1,0x08,0xc1,0x08,0xc1,0x08,0xc1,0x08,0xc1,0x08,0xc1,0x08,0xc1,0x08,
0xc1,0x08,0xc1,0x08,0xc1,0x08,0xc1,0x08,0xc1,0x08,0xc1,0x08,0xc1,0x08,0xc1,0x08,
0xc1,0x08,0xc1,0x08,0xc1,0x08,0xc1,0x08,0xc1,0x08,0xc1,0x08,0xc1,0x08,0xc1,0x08,
0xc1,0x08,0xc1,0x08,0xc1,0x08,0xc1,0x08,0xc1,0x08,0xc1,0x08,0xc1,0x08,0xc1,0x08,
0xc1,0x08,0xc1,0x08,0xc1,0x08,0xc1,0x08,0xc1,0x08,0xc1,0x08,0xc1,0x08,0xc1,0x08,
0xc1,0x08,0xc1,0x08,0xc1,0x08,0xc1,0x08,0xc1,0x08,0xc1,0x08,0xc1,0x08,0xc1,0x08,
0xc1,0x08,0xc1,0x08,0xc1,0x08,0xc1,0x08,0xc1,0x08,0xc1,0x08,0xc1,0x08,0xc1,0x08,
0xc1,0x08,0xc1,0x08,0xc1,0x08,0xc1,0x08,0xc1,0x08,0xc1,0x08,0xe1,0x08,0x01,0x11,
0x01,0x11,0xe1,0x08,0xc1,0x08,0xc1,0x08,0xc1,0x08,0xc1,0x08,0xc1,0x08,0xc1,0x08,
0xc1,0x08,0xc1,0x08,0xc1,0x08,0xc1,0x08,0xc1,0x08,0xc1,0x08,0xc1,0x08,0xc1,0x08,
0xc1,0x08,0xc1,0x08,0xc1,0x08,0xc1,0x08,0xc1,0x08,0xc1,0x08,0xc1,0x08,0xc1,0x08,
0xc1,0x08,0xc1,0x08,0xc1,0x08,0xc1,0x08,0xc1,0x08,0xc1,0x08,0xc1,0x08,0xc1,0x08,
0xc1,0x08,0xc1,0x08,0xc1,0x08,0xc1,0x08,0xc1,0x08,0xc1,0x08,0xc1,0x08,0xc1,0x08,
0xc1,0x08,0xc1,0x08,0xc1,0x08,0xc1,0x08,0xc1,0x08,0xc1,0x08,0xc1,0x08,0xc1,0x08,
0xc1,0x08,0xc1,0x08,0xc1,0x08,0xc1,0x08,0xc1,0x08,0xc1,0x08,0xc1,0x08,0xc1,0x08,
0xc1,0x08,0xc1,0x08,0xc1,0x08,0xc1,0x08,0xc1,0x08,0xc1,0x08,0xc1,0x08,0xc1,0x08,
0xc1,0x08,0xc1,0x08,0xc1,0x08,0xc1,0x08,0xc1,0x08,0xc1,0x08,0xc1,0x08,0xc1,0x08,
0xc1,0x08,0xc1,0x08,0xc1,0x08,0xc1,0x08,0xc1,0x08,0xc1,0x08,0xc1,0x08,0xc1,0x08,
0xc1,0x08,0xc1,0x08,0xc1,0x08,0xc1,0x08,0xc1,0x08,0xc1,0x08,0xc1,0x08,0xc1,0x08,
0xc1,0x08,0xc1,0x08,0xc1,0x08,0xc1,0x08,0xc1,0x08,0xc1,0x08,0xc1,0x08,0xc1,0x08,
0xc1,0x08,0xc1,0x08,0xc1,0x08,0xc1,0x08,0xc1,0x08,0xc1,0x08,0xc1,0x08,0xc1,0x08,
0xc1,0x08,0xc1,0x08,0xc1,0x08,0xc1,0x08,0xc1,0x08,0xc1,0x08,0xc1,0x08,0xc1,0x08,
0xc1,0x08,0xc1,0x08,0xc1,0x08,0xc1,0x08,0xc1,0x08,0xc1,0x08,0xc1,0x08,0xc1,0x08,
0xc1,0x08,0xc1,0x08,0xc1,0x08,0xc1,0x08,0xc1,0x08,0xc1,0x08,0xc1,0x08,0xc1,0x08,
0xc1,0x08,0xc1,0x08,0xc1,0x08,0xc1,0x08,0xc1,0x08,0xc1,0x08,0xc1,0x08,0xc1,0x08,
0xc1,0x08,0xc1,0x08,0xc1,0x08,0xc1,0x08,0xc1,0x08,0xc1,0x08,0xc1,0x08,0x21,0x11,
0x81,0x11,0x61,0x11,0xc1,0x08,0xc1,0x08,0xe1,0x08,0xc1,0x08,0xc1,0x08,0xc1,0x08,
0xc1,0x08,0xc1,0x08,0xc1,0x08,0xc1,0x08,0xc1,0x08,0xc1,0x08,0x01,0x09,0x21,0x11,
0xe1,0x08,0xc1,0x08,0xc1,0x08,0xc1,0x08,0xc1,0x08,0xc1,0x08,0xc1,0x08,0xc1,0x08,
0xc1,0x08,0xc1,0x08,0xc1,0x08,0xc1,0x08,0xc1,0x08,0xc1,0x08,0xc1,0x08,0xc1,0x08,
0xc1,0x08,0xc1,0x08,0xc1,0x08,0xc1,0x08,0xc1,0x08,0xc1,0x08,0xc1,0x08,0xc1,0x08,
0xc1,0x08,0xc1,0x08,0xc1,0x08,0xc1,0x08,0xc1,0x08,0xc1,0x08,0xa1,0x00,0x01,0x11,
0xa1,0x31,0xc1,0x39,0xa1,0x31,0x21,0x19,0x81,0x00,0xc1,0x08,0xc1,0x08,0xc1,0x08,
0xc1,0x08,0xc1,0x08,0xc1,0x08,0xc1,0x08,0xc1,0x08,0xc1,0x08,0xc1,0x08,0xc1,0x08,
0xc1,0x08,0xe1,0x10,0xa1,0x00,0xe1,0x10,0xa1,0x31,0xc1,0x39,0xa1,0x31,0x41,0x21,
0xa1,0x00,0xc1,0x08,0xe1,0x08,0xc1,0x08,0xc1,0x08,0xc1,0x08,0xc1,0x08,0xc1,0x08,
0xc1,0x08,0xc1,0x08,0xc1,0x08,0xc1,0x08,0xc1,0x08,0xc1,0x08,0xc1,0x08,0xc1,0x08,
0xc1,0x08,0xc1,0x08,0xc1,0x08,0xc1,0x08,0xc1,0x08,0xc1,0x08,0xc1,0x08,0xc1,0x08,
0xc1,0x08,0xc1,0x08,0xc1,0x08,0xc1,0x08,0xc1,0x08,0xc1,0x08,0xc1,0x08,0xc1,0x08,
0xc1,0x08,0xc1,0x08,0xc1,0x08,0xc1,0x08,0xc1,0x08,0xc1,0x08,0xc1,0x08,0xc1,0x08,
0xc1,0x08,0xc1,0x08,0xc1,0x08,0xc1,0x08,0xc1,0x08,0xc1,0x08,0xc1,0x08,0xc1,0x08,
0xc1,0x08,0xe1,0x10,0x21,0x19,0x21,0x19,0xe1,0x10,0xc1,0x08,0xc1,0x08,0xc1,0x08,
0xc1,0x08,0xc1,0x08,0xc1,0x08,0xc1,0x08,0xc1,0x08,0xc1,0x08,0xc1,0x08,0xc1,0x08,
0xc1,0x08,0xc1,0x08,0xc1,0x08,0xc1,0x08,0xc1,0x08,0xc1,0x08,0xc1,0x08,0xc1,0x08,
0xc1,0x08,0xc1,0x08,0xc1,0x08,0xc1,0x08,0xc1,0x08,0xc1,0x08,0xc1,0x08,0xc1,0x08,
0xc1,0x08,0xc1,0x08,0xc1,0x08,0xc1,0x08,0xc1,0x08,0xc1,0x08,0xc1,0x08,0xc1,0x08,
0xc1,0x08,0xc1,0x08,0xc1,0x08,0xc1,0x08,0xc1,0x08,0xc1,0x08,0xc1,0x08,0xc1,0x08,
0xc1,0x08,0xc1,0x08,0xc1,0x08,0xc1,0x08,0xc1,0x08,0xc1,0x08,0xc1,0x08,0xc1,0x08,
0xc1,0x08,0xc1,0x08,0xc1,0x08,0xc1,0x08,0xc1,0x08,0xc1,0x08,0xc1,0x08,0xc1,0x08,
0xc1,0x08,0xc1,0x08,0xc1,0x08,0xc1,0x08,0xc1,0x08,0xc1,0x08,0xc1,0x08,0xc1,0x08,
0xc1,0x08,0xc1,0x08,0xc1,0x08,0xc1,0x08,0xc1,0x08,0xc1,0x08,0xc1,0x08,0xc1,0x08,
0xc1,0x08,0xc1,0x08,0xc1,0x08,0xc1,0x08,0xc1,0x08,0xc1,0x08,0xc1,0x08,0xc1,0x08,
0xc1,0x08,0xc1,0x08,0xc1,0x08,0xc1,0x08,0xc1,0x08,0xc1,0x08,0xc1,0x08,0xc1,0x08,
0xc1,0x08,0xc1,0x08,0xc1,0x08,0xc1,0x08,0xc1,0x08,0xc1,0x08,0xc1,0x08,0xc1,0x08,
0xc1,0x08,0xc1,0x08,0xc1,0x08,0xc1,0x08,0xc1,0x08,0xc1,0x08,0xc1,0x08,0xc1,0x08,
0xc1,0x08,0xc1,0x08,0xc1,0x08,0xc1,0x08,0xc1,0x08,0xc1,0x08,0xc1,0x08,0xc1,0x08,
0xc1,0x08,0xc1,0x08,0xc1,0x08,0xc1,0x08,0xc1,0x08,0xc1,0x08,0xc1,0x08,0xc1,0x08,
0xc1,0x08,0xc1,0x08,0xc1,0x08,0xc1,0x08,0xc1,0x08,0xc1,0x08,0xc1,0x08,0xc1,0x08,
0xc1,0x08,0xc1,0x08,0xc1,0x08,0xc1,0x08,0xc1,0x08,0xc1,0x08,0xc1,0x08,0xc1,0x08,
0xc1,0x08,0xc1,0x08,0xc1,0x08,0xc1,0x08,0xc1,0x08,0xc1,0x08,0xc1,0x08,0xc1,0x08,
0xc1,0x08,0xc1,0x08,0xc1,0x08,0xc1,0x08,0xc1,0x08,0xc1,0x08,0xc1,0x08,0xc1,0x08,
0xc1,0x08,0xc1,0x08,0xc1,0x08,0xc1,0x08,0xc1,0x08,0xc1,0x08,0xc1,0x08,0xc1,0x08,
0xc1,0x08,0xc1,0x08,0xc1,0x08,0xc1,0x08,0xc1,0x08,0xc1,0x08,0xc1,0x08,0xc1,0x08,
0xc1,0x08,0xc1,0x08,0xc1,0x08,0xc1,0x08,0xc1,0x08,0xc1,0x08,0xc1,0x08,0xc1,0x08,
0xc1,0x08,0xc1,0x08,0xc1,0x08,0xc1,0x08,0xc1,0x08,0xc1,0x08,0xc1,0x08,0xc1,0x08,
0xc1,0x08,0xc1,0x08,0xc1,0x08,0xc1,0x08,0xc1,0x08,0xc1,0x08,0xc1,0x08,0xc1,0x08,
0xc1,0x08,0xc1,0x08,0xc1,0x08,0xc1,0x08,0xc1,0x08,0xc1,0x08,0xc1,0x08,0xc1,0x08,
0xc1,0x08,0xc1,0x08,0xc1,0x08,0xc1,0x08,0xc1,0x08,0xc1,0x08,0xc1,0x08,0xc1,0x08,
0xc1,0x08,0xc1,0x08,0xc1,0x08,0xc1,0x08,0xc1,0x08,0xc1,0x08,0xc1,0x08,0xc1,0x08,
0xc1,0x08,0xc1,0x08,0xc1,0x08,0xc1,0x08,0xc1,0x08,0xc1,0x08,0xc1,0x08,0xc1,0x08,
0xc1,0x08,0xc1,0x08,0xc1,0x08,0xc1,0x08,0xc1,0x08,0xc1,0x08,0xc1,0x08,0xc1,0x08,
0xc1,0x08,0xc1,0x08,0xc1,0x08,0xc1,0x08,0xc1,0x08,0xc1,0x08,0xc1,0x08,0xc1,0x08,
0xc1,0x08,0xc1,0x08,0xc1,0x08,0xc1,0x08,0xc1,0x08,0xc1,0x08,0xc1,0x08,0xc1,0x08,
0xc1,0x08,0xc1,0x08,0xc1,0x08,0xc1,0x08,0xc1,0x08,0xc1,0x08,0xc1,0x08,0xc1,0x08,
0xc1,0x08,0xc1,0x08,0xc1,0x08,0xc1,0x08,0xc1,0x08,0xc1,0x08,0xc1,0x08,0xc1,0x08,
0xc1,0x08,0xc1,0x08,0xc1,0x08,0xc1,0x08,0xc1,0x08,0xc1,0x08,0xc1,0x08,0xc1,0x08,
0xc1,0x08,0xc1,0x08,0xc1,0x08,0xc1,0x08,0xc1,0x08,0xc1,0x08,0xc1,0x08,0xc1,0x08,
0xc1,0x08,0xc1,0x08,0xc1,0x08,0xc1,0x08,0xc1,0x08,0xc1,0x08,0xc1,0x08,0xc1,0x08,
0xc1,0x08,0xc1,0x08,0xc1,0x08,0xc1,0x08,0xc1,0x08,0xc1,0x08,0xc1,0x08,0xc1,0x08,
0xc1,0x08,0xc1,0x08,0xc1,0x08,0xc1,0x08,0xc1,0x08,0xc1,0x08,0xc1,0x08,0xc1,0x08,
0xc1,0x08,0xc1,0x08,0xc1,0x08,0xc1,0x08,0xc1,0x08,0xc1,0x08,0xc1,0x08,0xc1,0x08,
0xc1,0x08,0xc1,0x08,0xc1,0x08,0xc1,0x08,0xc1,0x08,0xc1,0x08,0xc1,0x08,0xc1,0x08,
0xc1,0x08,0xc1,0x08,0xc1,0x08,0xc1,0x08,0xc1,0x08,0xc1,0x08,0xc1,0x08,0xc1,0x08,
0xc1,0x08,0xc1,0x08,0xc1,0x08,0xc1,0x08,0xc1,0x08,0xc1,0x08,0xc1,0x08,0xc1,0x08,
0xc1,0x08,0xc1,0x08,0xc1,0x08,0xc1,0x08,0xc1,0x08,0xc1,0x08,0xc1,0x08,0xc1,0x08,
0xc1,0x08,0xc1,0x08,0xc1,0x08,0xc1,0x08,0xc1,0x08,0xc1,0x08,0xc1,0x08,0xc1,0x08,
0xa1,0x08,0xa1,0x08,0xc1,0x08,0xe1,0x08,0xc1,0x08,0xc1,0x08,0xc1,0x08,0xc1,0x08,
0xc1,0x08,0xc1,0x08,0xc1,0x08,0xc1,0x08,0xc1,0x08,0xc1,0x08,0xc1,0x08,0xc1,0x08,
0xc1,0x08,0xc1,0x08,0xc1,0x08,0xc1,0x08,0xc1,0x08,0xc1,0x08,0xc1,0x08,0xc1,0x08,
0xc1,0x08,0xc1,0x08,0xc1,0x08,0xc1,0x08,0xc1,0x08,0xc1,0x08,0xc1,0x08,0xc1,0x08,
0xc1,0x08,0xc1,0x08,0xc1,0x08,0xc1,0x08,0xc1,0x08,0xc1,0x08,0xc1,0x08,0xc1,0x08,
0xc1,0x08,0xc1,0x08,0xc1,0x08,0xc1,0x08,0xc1,0x08,0xc1,0x08,0xe1,0x10,0xc1,0x08,
0xa1,0x00,0xa1,0x00,0xa1,0x00,0xc1,0x08,0xe1,0x10,0xc1,0x08,0xc1,0x08,0xc1,0x08,
0xc1,0x08,0xc1,0x08,0xc1,0x08,0xc1,0x08,0xc1,0x08,0xc1,0x08,0xc1,0x08,0xc1,0x08,
0xc1,0x08,0xc1,0x08,0xe1,0x10,0xc1,0x08,0xa1,0x00,0xa1,0x00,0xa1,0x00,0xa1,0x08,
0xe1,0x10,0xe1,0x08,0xc1,0x08,0xc1,0x08,0xc1,0x08,0xc1,0x08,0xc1,0x08,0xc1,0x08,
0xc1,0x08,0xc1,0x08,0xc1,0x08,0xc1,0x08,0xc1,0x08,0xc1,0x08,0xc1,0x08,0xc1,0x08,
0xc1,0x08,0xc1,0x08,0xc1,0x08,0xc1,0x08,0xc1,0x08,0xc1,0x08,0xc1,0x08,0xc1,0x08,
0xc1,0x08,0xc1,0x08,0xc1,0x08,0xc1,0x08,0xc1,0x08,0xc1,0x08,0xc1,0x08,0xc1,0x08,
0xc1,0x08,0xc1,0x08,0xc1,0x08,0xc1,0x08,0xc1,0x08,0xc1,0x08,0xc1,0x08,0xc1,0x08,
0xc1,0x08,0xc1,0x08,0xc1,0x08,0xc1,0x08,0xc1,0x08,0xc1,0x08,0xc1,0x08,0xc1,0x08,
0xc1,0x08,0xc1,0x08,0xc1,0x08,0xc1,0x08,0xc1,0x08,0xc1,0x08,0xc1,0x08,0xc1,0x08,
0xc1,0x08,0xc1,0x08,0xc1,0x08,0xc1,0x08,0xc1,0x08,0xc1,0x08,0xc1,0x08,0xc1,0x08,
0xc1,0x08,0xc1,0x08,0xc1,0x08,0xc1,0x08,0xc1,0x08,0xc1,0x08,0xc1,0x08,0xc1,0x08,
0xc1,0x08,0xc1,0x08,0xc1,0x08,0xc1,0x08,0xc1,0x08,0xc1,0x08,0xc1,0x08,0xc1,0x08,
0xc1,0x08,0xc1,0x08,0xc1,0x08,0xc1,0x08,0xc1,0x08,0xc1,0x08,0xc1,0x08,0xc1,0x08,
0xc1,0x08,0xc1,0x08,0xc1,0x08,0xc1,0x08,0xc1,0x08,0xc1,0x08,0xc1,0x08,0xc1,0x08,
0xc1,0x08,0xc1,0x08,0xc1,0x08,0xc1,0x08,0xc1,0x08,0xc1,0x08,0xc1,0x08,0xc1,0x08,
0xc1,0x08,0xc1,0x08,0xc1,0x08,0xc1,0x08,0xc1,0x08,0xc1,0x08,0xc1,0x08,0xc1,0x08,
0xc1,0x08,0xc1,0x08,0xc1,0x08,0xc1,0x08,0xc1,0x08,0xc1,0x08,0xc1,0x08,0xc1,0x08,
0xc1,0x08,0xc1,0x08,0xc1,0x08,0xc1,0x08,0xc1,0x08,0xc1,0x08,0xc1,0x08,0xc1,0x08,
0xc1,0x08,0xc1,0x08,0xc1,0x08,0xc1,0x08,0xc1,0x08,0xc1,0x08,0xc1,0x08,0xc1,0x08,
0xc1,0x08,0xc1,0x08,0xc1,0x08,0xc1,0x08,0xc1,0x08,0xc1,0x08,0xc1,0x08,0xc1,0x08,
0xc1,0x08,0xc1,0x08,0xc1,0x08,0xc1,0x08,0xc1,0x08,0xc1,0x08,0xc1,0x08,0xc1,0x08,
0xc1,0x08,0xc1,0x08,0xc1,0x08,0xc1,0x08,0xc1,0x08,0xc1,0x08,0xc1,0x08,0xc1,0x08,
0xc1,0x08,0xc1,0x08,0xc1,0x08,0xc1,0x08,0xc1,0x08,0xc1,0x08,0xc1,0x08,0xc1,0x08,
0xc1,0x08,0xc1,0x08,0xc1,0x08,0xc1,0x08,0xc1,0x08,0xc1,0x08,0xc1,0x08,0xc1,0x08,
0xc1,0x08,0xc1,0x08,0xc1,0x08,0xc1,0x08,0xc1,0x08,0xc1,0x08,0xc1,0x08,0xc1,0x08,
0xc1,0x08,0xc1,0x08,0xc1,0x08,0xc1,0x08,0xc1,0x08,0xc1,0x08,0xc1,0x08,0xc1,0x08,
0xc1,0x08,0xc1,0x08,0xc1,0x08,0xc1,0x08,0xc1,0x08,0xc1,0x08,0xc1,0x08,0xc1,0x08,
0xc1,0x08,0xc1,0x08,0xc1,0x08,0xc1,0x08,0xc1,0x08,0xc1,0x08,0xc1,0x08,0xc1,0x08,
0xc1,0x08,0xc1,0x08,0xc1,0x08,0xc1,0x08,0xc1,0x08,0xc1,0x08,0xc1,0x08,0xc1,0x08,
0xc1,0x08,0xc1,0x08,0xc1,0x08,0xc1,0x08,0xc1,0x08,0xc1,0x08,0xc1,0x08,0xc1,0x08,
0xc1,0x08,0xc1,0x08,0xc1,0x08,0xc1,0x08,0xc1,0x08,0xc1,0x08,0xc1,0x08,0xc1,0x08,
0xc1,0x08,0xc1,0x08,0xc1,0x08,0xc1,0x08,0xc1,0x08,0xc1,0x08,0xc1,0x08,0xc1,0x08,
0xc1,0x08,0xc1,0x08,0xc1,0x08,0xc1,0x08,0xc1,0x08,0xc1,0x08,0xc1,0x08,0xc1,0x08,
0xc1,0x08,0xc1,0x08,0xc1,0x08,0xc1,0x08,0xc1,0x08,0xc1,0x08,0xc1,0x08,0xc1,0x08,
0xc1,0x08,0xc1,0x08,0xc1,0x08,0xc1,0x08,0xc1,0x08,0xc1,0x08,0xc1,0x08,0xc1,0x08,
0xc1,0x08,0xc1,0x08,0xc1,0x08,0xc1,0x08,0xc1,0x08,0xc1,0x08,0xc1,0x08,0xc1,0x08,
0xc1,0x08,0xc1,0x08,0xc1,0x08,0xc1,0x08,0xc1,0x08,0xc1,0x08,0xc1,0x08,0xc1,0x08,
0xc1,0x08,0xc1,0x08,0xc1,0x08,0xc1,0x08,0xc1,0x08,0xc1,0x08,0xc1,0x08,0xc1,0x08,
0xc1,0x08,0xc1,0x08,0xc1,0x08,0xc1,0x08,0xc1,0x08,0xc1,0x08,0xc1,0x08,0xc1,0x08,
0xc1,0x08,0xc1,0x08,0xc1,0x08,0xc1,0x08,0xc1,0x08,0xc1,0x08,0xc1,0x08,0xc1,0x08,
0xc1,0x08,0xc1,0x08,0xc1,0x08,0xc1,0x08,0xc1,0x08,0xc1,0x08,0xc1,0x08,0xc1,0x08,
0xc1,0x08,0xc1,0x08,0xc1,0x08,0xc1,0x08,0xc1,0x08,0xc1,0x08,0xc1,0x08,0xc1,0x08,
0xc1,0x08,0xc1,0x08,0xc1,0x08,0xc1,0x08,0xc1,0x08,0xc1,0x08,0xc1,0x08,0xc1,0x08,
0xc1,0x08,0xc1,0x08,0xc1,0x08,0xc1,0x08,0xc1,0x08,0xc1,0x08,0xc1,0x08,0xc1,0x08,
0xc1,0x08,0xc1,0x08,0xc1,0x08,0xc1,0x08,0xc1,0x08,0xc1,0x08,0xc1,0x08,0xc1,0x08,
0xc1,0x08,0xc1,0x08,0xc1,0x08,0xc1,0x08,0xc1,0x08,0xc1,0x08,0xc1,0x08,0xc1,0x08,
0xc1,0x08,0xc1,0x08,0xc1,0x08,0xc1,0x08,0xc1,0x08,0xc1,0x08,0xc1,0x08,0xc1,0x08,
0xc1,0x08,0xc1,0x08,0xc1,0x08,0xc1,0x08,0xc1,0x08,0xc1,0x08,0xc1,0x08,0xc1,0x08,
0xc1,0x08,0xc1,0x08,0xc1,0x08,0xc1,0x08,0xc1,0x08,0xc1,0x08,0xc1,0x08,0xc1,0x08,
0xc1,0x08,0xc1,0x08,0xc1,0x08,0xc1,0x08,0xc1,0x08,0xc1,0x08,0xc1,0x08,0xc1,0x08,
0xc1,0x08,0xc1,0x08,0xc1,0x08,0xc1,0x08,0xc1,0x08,0xc1,0x08,0xc1,0x08,0xc1,0x08,
0xc1,0x08,0xc1,0x08,0xc1,0x08,0xc1,0x08,0xc1,0x08,0xc1,0x08,0xc1,0x08,0xc1,0x08,
0xc1,0x08,0xc1,0x08,0xc1,0x08,0xc1,0x08,0xc1,0x08,0xc1,0x08,0xc1,0x08,0xe1,0x08,
0xe1,0x08,0xe1,0x08,0xc1,0x08,0xc1,0x08,0xc1,0x08,0xc1,0x08,0xc1,0x08,0xc1,0x08,
0xc1,0x08,0xc1,0x08,0xc1,0x08,0xc1,0x08,0xc1,0x08,0xc1,0x08,0xc1,0x08,0xe1,0x08,
0xc1,0x08,0xc1,0x08,0xc1,0x08,0xc1,0x08,0xc1,0x08,0xc1,0x08,0xc1,0x08,0xc1,0x08,
0xc1,0x08,0xc1,0x08,0xc1,0x08,0xc1,0x08,0xc1,0x08,0xc1,0x08,0xc1,0x08,0xc1,0x08,
0xc1,0x08,0xc1,0x08,0xc1,0x08,0xc1,0x08,0xc1,0x08,0xc1,0x08,0xc1,0x08,0xc1,0x08,
0xc1,0x08,0xc1,0x08,0xc1,0x08,0xc1,0x08,0xc1,0x08,0xc1,0x08,0xc1,0x08,0xe1,0x08,
0xe1,0x10,0xe1,0x10,0xe1,0x10,0xe1,0x08,0xc1,0x08,0xc1,0x08,0xc1,0x08,0xc1,0x08,
0xc1,0x08,0xc1,0x08,0xc1,0x08,0xc1,0x08,0xc1,0x08,0xc1,0x08,0xc1,0x08,0xc1,0x08,
0xc1,0x08,0xc1,0x08,0xc1,0x08,0xc1,0x08,0xe1,0x10,0xe1,0x10,0xe1,0x10,0xe1,0x08,
0xc1,0x08,0xc1,0x08,0xc1,0x08,0xc1,0x08,0xc1,0x08,0xc1,0x08,0xc1,0x08,0xc1,0x08,
0xc1,0x08,0xc1,0x08,0xc1,0x08,0xc1,0x08,0xc1,0x08,0xc1,0x08,0xc1,0x08,0xc1,0x08,
0xc1,0x08,0xc1,0x08,0xc1,0x08,0xc1,0x08,0xc1,0x08,0xc1,0x08,0xc1,0x08,0xc1,0x08,
0xc1,0x08,0xc1,0x08,0xc1,0x08,0xc1,0x08,0xc1,0x08,0xc1,0x08,0xc1,0x08,0xc1,0x08,
0xc1,0x08,0xc1,0x08,0xc1,0x08,0xc1,0x08,0xc1,0x08,0xc1,0x08,0xc1,0x08,0xc1,0x08,
0xc1,0x08,0xc1,0x08,0xc1,0x08,0xc1,0x08,0xc1,0x08,0xc1,0x08,0xc1,0x08,0xc1,0x08,
0xc1,0x08,0xc1,0x08,0xe1,0x08,0xe1,0x08,0xc1,0x08,0xc1,0x08,0xc1,0x08,0xc1,0x08,
0xc1,0x08,0xc1,0x08,0xc1,0x08,0xc1,0x08,0xc1,0x08,0xc1,0x08,0xc1,0x08,0xc1,0x08,
0xc1,0x08,0xc1,0x08,0xc1,0x08,0xc1,0x08,0xc1,0x08,0xc1,0x08,0xc1,0x08,0xc1,0x08,
0xc1,0x08,0xc1,0x08,0xc1,0x08,0xc1,0x08,0xc1,0x08,0xc1,0x08,0xc1,0x08,0xc1,0x08,
0xc1,0x08,0xc1,0x08,0xc1,0x08,0xc1,0x08,0xc1,0x08,0xc1,0x08,0xc1,0x08,0xc1,0x08,
0xc1,0x08,0xc1,0x08,0xc1,0x08,0xc1,0x08,0xc1,0x08,0xc1,0x08,0xc1,0x08,0xc1,0x08,
0xc1,0x08,0xc1,0x08,0xc1,0x08,0xc1,0x08,0xc1,0x08,0xc1,0x08,0xc1,0x08,0xc1,0x08,
0xc1,0x08,0xc1,0x08,0xc1,0x08,0xc1,0x08,0xc1,0x08,0xc1,0x08,0xc1,0x08,0xc1,0x08,
0xc1,0x08,0xc1,0x08,0xc1,0x08,0xc1,0x08,0xc1,0x08,0xc1,0x08,0xc1,0x08,0xc1,0x08,
0xc1,0x08,0xc1,0x08,0xc1,0x08,0xc1,0x08,0xc1,0x08,0xc1,0x08,0xc1,0x08,0xc1,0x08,
0xc1,0x08,0xc1,0x08,0xc1,0x08,0xc1,0x08,0xc1,0x08,0xc1,0x08,0xc1,0x08,0xc1,0x08,
0xc1,0x08,0xc1,0x08,0xc1,0x08,0xc1,0x08,0xc1,0x08,0xc1,0x08,0xc1,0x08,0xc1,0x08,
0xc1,0x08,0xc1,0x08,0xc1,0x08,0xc1,0x08,0xc1,0x08,0xc1,0x08,0xc1,0x08,0xc1,0x08,
0xc1,0x08,0xc1,0x08,0xc1,0x08,0xc1,0x08,0xc1,0x08,0xc1,0x08,0xc1,0x08,0xc1,0x08,
0xc1,0x08,0xc1,0x08,0xc1,0x08,0xc1,0x08,0xc1,0x08,0xc1,0x08,0xc1,0x08,0xc1,0x08,
0xc1,0x08,0xc1,0x08,0xc1,0x08,0xc1,0x08,0xc1,0x08,0xc1,0x08,0xc1,0x08,0xc1,0x08,
0xc1,0x08,0xc1,0x08,0xc1,0x08,0xc1,0x08,0xc1,0x08,0xc1,0x08,0xc1,0x08,0xc1,0x08,
0xc1,0x08,0xc1,0x08,0xc1,0x08,0xc1,0x08,0xc1,0x08,0xc1,0x08,0xc1,0x08,0xc1,0x08,
0xc1,0x08,0xc1,0x08,0xc1,0x08,0xc1,0x08,0xc1,0x08,0xc1,0x08,0xc1,0x08,0xc1,0x08,
0xc1,0x08,0xc1,0x08,0xc1,0x08,0xc1,0x08,0xc1,0x08,0xc1,0x08,0xc1,0x08,0xc1,0x08,
0xc1,0x08,0xc1,0x08,0xc1,0x08,0xc1,0x08,0xc1,0x08,0xc1,0x08,0xc1,0x08,0xc1,0x08,
0xc1,0x08,0xc1,0x08,0xc1,0x08,0xc1,0x08,0xc1,0x08,0xc1,0x08,0xc1,0x08,0xc1,0x08,
0xc1,0x08,0xc1,0x08,0xc1,0x08,0xc1,0x08,0xc1,0x08,0xc1,0x08,0xc1,0x08,0xc1,0x08,
0xc1,0x08,0xc1,0x08,0xc1,0x08,0xc1,0x08,0xc1,0x08,0xc1,0x08,0xc1,0x08,0xc1,0x08,
0xc1,0x08,0xc1,0x08,0xc1,0x08,0xc1,0x08,0xc1,0x08,0xc1,0x08,0xc1,0x08,0xc1,0x08,
0xc1,0x08,0xc1,0x08,0xc1,0x08,0xc1,0x08,0xc1,0x08,0xc1,0x08,0xc1,0x08,0xc1,0x08,
0xc1,0x08,0xc1,0x08,0xc1,0x08,0xc1,0x08,0xc1,0x08,0xc1,0x08,0xc1,0x08,0xc1,0x08,
0xc1,0x08,0xc1,0x08,0xc1,0x08,0xc1,0x08,0xc1,0x08,0xc1,0x08,0xc1,0x08,0xc1,0x08,
0xc1,0x08,0xc1,0x08,0xc1,0x08,0xc1,0x08,0xc1,0x08,0xc1,0x08,0xc1,0x08,0xc1,0x08,
0xc1,0x08,0xc1,0x08,0xc1,0x08,0xc1,0x08,0xc1,0x08,0xc1,0x08,0xc1,0x08,0xc1,0x08,
0xc1,0x08,0xc1,0x08,0xc1,0x08,0xc1,0x08,0xc1,0x08,0xc1,0x08,0xc1,0x08,0xc1,0x08,
0xc1,0x08,0xc1,0x08,0xc1,0x08,0xc1,0x08,0xc1,0x08,0xc1,0x08,0xc1,0x08,0xc1,0x08,
0xc1,0x08,0xc1,0x08,0xc1,0x08,0xc1,0x08,0xc1,0x08,0xc1,0x08,0xc1,0x08,0xc1,0x08,
0xc1,0x08,0xc1,0x08,0xc1,0x08,0xc1,0x08,0xc1,0x08,0xc1,0x08,0xc1,0x08,0xc1,0x08,
0xc1,0x08,0xc1,0x08,0xc1,0x08,0xc1,0x08,0xc1,0x08,0xc1,0x08,0xc1,0x08,0xc1,0x08,
0xc1,0x08,0xc1,0x08,0xc1,0x08,0xc1,0x08,0xc1,0x08,0xc1,0x08,0xc1,0x08,0xc1,0x08,
0xc1,0x08,0xc1,0x08,0xc1,0x08,0xc1,0x08,0xc1,0x08,0xc1,0x08,0xc1,0x08,0xc1,0x08,
0xc1,0x08,0xc1,0x08,0xc1,0x08,0xc1,0x08,0xc1,0x08,0xc1,0x08,0xc1,0x08,0xc1,0x08,
0xc1,0x08,0xc1,0x08,0xc1,0x08,0xc1,0x08,0xc1,0x08,0xc1,0x08,0xc1,0x08,0xc1,0x08,
0xc1,0x08,0xc1,0x08,0xc1,0x08,0xc1,0x08,0xc1,0x08,0xc1,0x08,0xc1,0x08,0xc1,0x08,
0xc1,0x08,0xc1,0x08,0xc1,0x08,0xc1,0x08,0xc1,0x08,0xc1,0x08,0xc1,0x08,0xc1,0x08,
0xc1,0x08,0xc1,0x08,0xc1,0x08,0xc1,0x08,0xc1,0x08,0xc1,0x08,0xc1,0x08,0xc1,0x08,
0xc1,0x08,0xc1,0x08,0xc1,0x08,0xc1,0x08,0xc1,0x08,0xc1,0x08,0xc1,0x08,0xc1,0x08,
0xc1,0x08,0xc1,0x08,0xc1,0x08,0xc1,0x08,0xc1,0x08,0xc1,0x08,0xc1,0x08,0xc1,0x08,
0xc1,0x08,0xc1,0x08,0xc1,0x08,0xc1,0x08,0xc1,0x08,0xc1,0x08,0xc1,0x08,0xc1,0x08,
0xc1,0x08,0xc1,0x08,0xc1,0x08,0xc1,0x08,0xc1,0x08,0xc1,0x08,0xc1,0x08,0xc1,0x08,
0xc1,0x08,0xc1,0x08,0xc1,0x08,0xc1,0x08,0xc1,0x08,0xc1,0x08,0xc1,0x08,0xc1,0x08,
0xc1,0x08,0xc1,0x08,0xc1,0x08,0xc1,0x08,0xc1,0x08,0xc1,0x08,0xc1,0x08,0xc1,0x08,
0xc1,0x08,0xc1,0x08,0xc1,0x08,0xc1,0x08,0xc1,0x08,0xc1,0x08,0xc1,0x08,0xc1,0x08,
0xc1,0x08,0xc1,0x08,0xc1,0x08,0xc1,0x08,0xc1,0x08,0xc1,0x08,0xc1,0x08,0xc1,0x08,
0xc1,0x08,0xc1,0x08,0xc1,0x08,0xc1,0x08,0xc1,0x08,0xc1,0x08,0xc1,0x08,0xc1,0x08,
0xc1,0x08,0xc1,0x08,0xc1,0x08,0xc1,0x08,0xc1,0x08,0xc1,0x08,0xc1,0x08,0xc1,0x08,
0xc1,0x08,0xc1,0x08,0xc1,0x08,0xc1,0x08,0xc1,0x08,0xc1,0x08,0xc1,0x08,0xc1,0x08,
0xc1,0x08,0xc1,0x08,0xc1,0x08,0xc1,0x08,0xc1,0x08,0xc1,0x08,0xc1,0x08,0xc1,0x08,
0xc1,0x08,0xc1,0x08,0xc1,0x08,0xc1,0x08,0xc1,0x08,0xc1,0x08,0xc1,0x08,0xc1,0x08,
0xc1,0x08,0xc1,0x08,0xc1,0x08,0xc1,0x08,0xc1,0x08,0xc1,0x08,0xc1,0x08,0xc1,0x08,
0xc1,0x08,0xc1,0x08,0xc1,0x08,0xc1,0x08,0xc1,0x08,0xc1,0x08,0xc1,0x08,0xc1,0x08,
0xc1,0x08,0xc1,0x08,0xc1,0x08,0xc1,0x08,0xc1,0x08,0xc1,0x08,0xc1,0x08,0xc1,0x08,
0xc1,0x08,0xc1,0x08,0xc1,0x08,0xc1,0x08,0xc1,0x08,0xc1,0x08,0xc1,0x08,0xc1,0x08,
0xc1,0x08,0xc1,0x08,0xc1,0x08,0xc1,0x08,0xc1,0x08,0xc1,0x08,0xc1,0x08,0xc1,0x08,
0xc1,0x08,0xc1,0x08,0xc1,0x08,0xc1,0x08,0xc1,0x08,0xc1,0x08,0xc1,0x08,0xc1,0x08,
0xc1,0x08,0xc1,0x08,0xc1,0x08,0xc1,0x08,0xc1,0x08,0xc1,0x08,0xc1,0x08,0xc1,0x08,
0xc1,0x08,0xc1,0x08,0xc1,0x08,0xc1,0x08,0xc1,0x08,0xc1,0x08,0xc1,0x08,0xc1,0x08,
0xc1,0x08,0xc1,0x08,0xc1,0x08,0xc1,0x08,0xc1,0x08,0xc1,0x08,0xc1,0x08,0xc1,0x08,
0xc1,0x08,0xc1,0x08,0xc1,0x08,0xc1,0x08,0xc1,0x08,0xc1,0x08,0xc1,0x08,0xc1,0x08,
0xc1,0x08,0xc1,0x08,0xc1,0x08,0xc1,0x08,0xc1,0x08,0xc1,0x08,0xc1,0x08,0xc1,0x08,
0xc1,0x08,0xc1,0x08,0xc1,0x08,0xc1,0x08,0xc1,0x08,0xc1,0x08,0xc1,0x08,0xc1,0x08,
0xc1,0x08,0xc1,0x08,0xc1,0x08,0xc1,0x08,0xc1,0x08,0xc1,0x08,0xc1,0x08,0xc1,0x08,
0xc1,0x08,0xc1,0x08,0xc1,0x08,0xc1,0x08,0xc1,0x08,0xc1,0x08,0xc1,0x08,0xc1,0x08,
0xc1,0x08,0xc1,0x08,0xc1,0x08,0xc1,0x08,0xc1,0x08,0xc1,0x08,0xc1,0x08,0xc1,0x08,
0xc1,0x08,0xc1,0x08,0xc1,0x08,0xc1,0x08,0xc1,0x08,0xc1,0x08,0xc1,0x08,0xc1,0x08,
0xc1,0x08,0xc1,0x08,0xc1,0x08,0xc1,0x08,0xc1,0x08,0xc1,0x08,0xc1,0x08,0xc1,0x08,
0xc1,0x08,0xc1,0x08,0xc1,0x08,0xc1,0x08,0xc1,0x08,0xc1,0x08,0xc1,0x08,0xc1,0x08,
0xc1,0x08,0xc1,0x08,0xc1,0x08,0xc1,0x08,0xc1,0x08,0xc1,0x08,0xc1,0x08,0xc1,0x08,
0xc1,0x08,0xc1,0x08,0xc1,0x08,0xc1,0x08,0xc1,0x08,0xc1,0x08,0xc1,0x08,0xc1,0x08,
0xc1,0x08,0xc1,0x08,0xc1,0x08,0xc1,0x08,0xc1,0x08,0xc1,0x08,0xc1,0x08,0xc1,0x08,
0xc1,0x08,0xc1,0x08,0xc1,0x08,0xc1,0x08,0xc1,0x08,0xc1,0x08,0xc1,0x08,0xc1,0x08,
0xc1,0x08,0xc1,0x08,0xc1,0x08,0xc1,0x08,0xc1,0x08,0xc1,0x08,0xc1,0x08,0xc1,0x08,
0xc1,0x08,0xc1,0x08,0xc1,0x08,0xc1,0x08,0xc1,0x08,0xc1,0x08,0xc1,0x08,0xc1,0x08,
0xc1,0x08,0xc1,0x08,0xc1,0x08,0xc1,0x08,0xc1,0x08,0xc1,0x08,0xc1,0x08,0xc1,0x08,
0xc1,0x08,0xc1,0x08,0xc1,0x08,0xc1,0x08,0xc1,0x08,0xc1,0x08,0xc1,0x08,0xc1,0x08,
0xc1,0x08,0xc1,0x08,0xc1,0x08,0xc1,0x08,0xc1,0x08,0xc1,0x08,0xc1,0x08,0xc1,0x08,
0xc1,0x08,0xc1,0x08,0xc1,0x08,0xc1,0x08,0xc1,0x08,0xc1,0x08,0xc1,0x08,0xc1,0x08,
0xc1,0x08,0xc1,0x08,0xc1,0x08,0xc1,0x08,0xc1,0x08,0xc1,0x08,0xc1,0x08,0xc1,0x08,
0xc1,0x08,0xc1,0x08,0xc1,0x08,0xc1,0x08,0xc1,0x08,0xc1,0x08,0xc1,0x08,0xc1,0x08,
0xc1,0x08,0xc1,0x08,0xc1,0x08,0xc1,0x08,0xc1,0x08,0xc1,0x08,0xc1,0x08,0xc1,0x08,
0xc1,0x08,0xc1,0x08,0xc1,0x08,0xc1,0x08,0xc1,0x08,0xc1,0x08,0xc1,0x08,0xc1,0x08,
0xc1,0x08,0xc1,0x08,0xc1,0x08,0xc1,0x08,0xc1,0x08,0xc1,0x08,0xc1,0x08,0xc1,0x08,
0xc1,0x08,0xc1,0x08,0xc1,0x08,0xc1,0x08,0xc1,0x08,0xc1,0x08,0xc1,0x08,0xc1,0x08,
0xc1,0x08,0xc1,0x08,0xc1,0x08,0xc1,0x08,0xc1,0x08,0xc1,0x08,0xc1,0x08,0xc1,0x08,
0xc1,0x08,0xc1,0x08,0xc1,0x08,0xc1,0x08,0xc1,0x08,0xc1,0x08,0xc1,0x08,0xc1,0x08,
0xc1,0x08,0xc1,0x08,0xc1,0x08,0xc1,0x08,0xc1,0x08,0xc1,0x08,0xc1,0x08,0xc1,0x08,
0xc1,0x08,0xc1,0x08,0xc1,0x08,0xc1,0x08,0xc1,0x08,0xc1,0x08,0xc1,0x08,0xc1,0x08,
0xc1,0x08,0xc1,0x08,0xc1,0x08,0xc1,0x08,0xc1,0x08,0xc1,0x08,0xc1,0x08,0xc1,0x08,
0xc1,0x08,0xc1,0x08,0xc1,0x08,0xc1,0x08,0xc1,0x08,0xc1,0x08,0xc1,0x08,0xc1,0x08,
0xc1,0x08,0xc1,0x08,0xc1,0x08,0xc1,0x08,0xc1,0x08,0xc1,0x08,0xc1,0x08,0xc1,0x08,
0xc1,0x08,0xc1,0x08,0xc1,0x08,0xc1,0x08,0xc1,0x08,0xc1,0x08,0xc1,0x08,0xc1,0x08,
0xc1,0x08,0xc1,0x08,0xc1,0x08,0xc1,0x08,0xc1,0x08,0xc1,0x08,0xc1,0x08,0xc1,0x08,
0xc1,0x08,0xc1,0x08,0xc1,0x08,0xc1,0x08,0xc1,0x08,0xc1,0x08,0xc1,0x08,0xc1,0x08,
0xc1,0x08,0xc1,0x08,0xc1,0x08,0xc1,0x08,0xc1,0x08,0xc1,0x08,0xc1,0x08,0xc1,0x08,
0xc1,0x08,0xc1,0x08,0xc1,0x08,0xc1,0x08,0xc1,0x08,0xc1,0x08,0xc1,0x08,0xc1,0x08,
0xc1,0x08,0xc1,0x08,0xc1,0x08,0xc1,0x08,0xc1,0x08,0xc1,0x08,0xc1,0x08,0xc1,0x08,
0xc1,0x08,0xc1,0x08,0xc1,0x08,0xc1,0x08,0xc1,0x08,0xc1,0x08,0xc1,0x08,0xc1,0x08,
0xc1,0x08,0xc1,0x08,0xc1,0x08,0xc1,0x08,0xc1,0x08,0xc1,0x08,0xc1,0x08,0xc1,0x08,
0xc1,0x08,0xc1,0x08,0xc1,0x08,0xc1,0x08,0xc1,0x08,0xc1,0x08,0xc1,0x08,0xc1,0x08,
0xc1,0x08,0xc1,0x08,0xc1,0x08,0xc1,0x08,0xc1,0x08,0xc1,0x08,0xc1,0x08,0xc1,0x08,
0xc1,0x08,0xc1,0x08,0xc1,0x08,0xc1,0x08,0xc1,0x08,0xc1,0x08,0xc1,0x08,0xc1,0x08,
0xc1,0x08,0xc1,0x08,0xc1,0x08,0xc1,0x08,0xc1,0x08,0xc1,0x08,0xc1,0x08,0xc1,0x08,
0xc1,0x08,0xc1,0x08,0xc1,0x08,0xc1,0x08,0xc1,0x08,0xc1,0x08,0xc1,0x08,0xc1,0x08,
0xc1,0x08,0xc1,0x08,0xc1,0x08,0xc1,0x08,0xc1,0x08,0xc1,0x08,0xc1,0x08,0xc1,0x08,
0xc1,0x08,0xc1,0x08,0xc1,0x08,0xc1,0x08,0xc1,0x08,0xc1,0x08,0xc1,0x08,0xc1,0x08,
0xc1,0x08,0xc1,0x08,0xc1,0x08,0xc1,0x08,0xc1,0x08,0xc1,0x08,0xc1,0x08,0xc1,0x08,
0xc1,0x08,0xc1,0x08,0xc1,0x08,0xc1,0x08,0xc1,0x08,0xc1,0x08,0xc1,0x08,0xc1,0x08,
0xc1,0x08,0xc1,0x08,0xc1,0x08,0xc1,0x08,0xc1,0x08,0xc1,0x08,0xc1,0x08,0xc1,0x08,
0xc1,0x08,0xc1,0x08,0xc1,0x08,0xc1,0x08,0xc1,0x08,0xc1,0x08,0xc1,0x08,0xc1,0x08,
0xc1,0x08,0xc1,0x08,0xc1,0x08,0xc1,0x08,0xc1,0x08,0xc1,0x08,0xc1,0x08,0xc1,0x08,
0xc1,0x08,0xc1,0x08,0xc1,0x08,0xc1,0x08,0xc1,0x08,0xc1,0x08,0xc1,0x08,0xc1,0x08,
0xc1,0x08,0xc1,0x08,0xc1,0x08,0xc1,0x08,0xc1,0x08,0xc1,0x08,0xc1,0x08,0xc1,0x08,
0xc1,0x08,0xc1,0x08,0xc1,0x08,0xc1,0x08,0xc1,0x08,0xc1,0x08,0xc1,0x08,0xc1,0x08,
0xc1,0x08,0xc1,0x08,0xc1,0x08,0xc1,0x08,0xc1,0x08,0xc1,0x08,0xc1,0x08,0xc1,0x08,
0xc1,0x08,0xc1,0x08,0xc1,0x08,0xc1,0x08,0xc1,0x08,0xc1,0x08,0xc1,0x08,0xc1,0x08,
0xc1,0x08,0xc1,0x08,0xc1,0x08,0xc1,0x08,0xc1,0x08,0xc1,0x08,0xc1,0x08,0xc1,0x08,
0xc1,0x08,0xc1,0x08,0xc1,0x08,0xc1,0x08,0xc1,0x08,0xc1,0x08,0xc1,0x08,0xc1,0x08,
0xc1,0x08,0xc1,0x08,0xc1,0x08,0xc1,0x08,0xc1,0x08,0xc1,0x08,0xc1,0x08,0xc1,0x08,
0xc1,0x08,0xc1,0x08,0xc1,0x08,0xc1,0x08,0xc1,0x08,0xc1,0x08,0xc1,0x08,0xc1,0x08,
0xc1,0x08,0xc1,0x08,0xc1,0x08,0xc1,0x08,0xc1,0x08,0xc1,0x08,0xc1,0x08,0xc1,0x08,
0xc1,0x08,0xc1,0x08,0xc1,0x08,0xc1,0x08,0xc1,0x08,0xc1,0x08,0xc1,0x08,0xc1,0x08,
0xc1,0x08,0xc1,0x08,0xc1,0x08,0xc1,0x08,0xc1,0x08,0xc1,0x08,0xc1,0x08,0xc1,0x08,
0xc1,0x08,0xc1,0x08,0xc1,0x08,0xc1,0x08,0xc1,0x08,0xc1,0x08,0xc1,0x08,0xc1,0x08,
0xc1,0x08,0xc1,0x08,0xc1,0x08,0xc1,0x08,0xc1,0x08,0xc1,0x08,0xc1,0x08,0xc1,0x08,
0xc1,0x08,0xc1,0x08,0xc1,0x08,0xc1,0x08,0xc1,0x08,0xc1,0x08,0xc1,0x08,0xc1,0x08,
0xc1,0x08,0xc1,0x08,0xc1,0x08,0xc1,0x08,0xc1,0x08,0xc1,0x08,0xc1,0x08,0xc1,0x08,
0xc1,0x08,0xc1,0x08,0xc1,0x08,0xc1,0x08,0xc1,0x08,0xc1,0x08,0xc1,0x08,0xc1,0x08,
0xc1,0x08,0xc1,0x08,0xc1,0x08,0xc1,0x08,0xc1,0x08,0xc1,0x08,0xc1,0x08,0xc1,0x08,
0xc1,0x08,0xc1,0x08,0xc1,0x08,0xc1,0x08,0xc1,0x08,0xc1,0x08,0xc1,0x08,0xc1,0x08,
0xc1,0x08,0xc1,0x08,0xc1,0x08,0xc1,0x08,0xc1,0x08,0xc1,0x08,0xc1,0x08,0xc1,0x08,
0xc1,0x08,0xc1,0x08,0xc1,0x08,0xc1,0x08,0xc1,0x08,0xc1,0x08,0xc1,0x08,0xc1,0x08,
0xc1,0x08,0xc1,0x08,0xc1,0x08,0xc1,0x08,0xc1,0x08,0xc1,0x08,0xc1,0x08,0xc1,0x08,
0xc1,0x08,0xc1,0x08,0xc1,0x08,0xc1,0x08,0xc1,0x08,0xc1,0x08,0xc1,0x08,0xc1,0x08,
0xc1,0x08,0xc1,0x08,0xc1,0x08,0xc1,0x08,0xc1,0x08,0xc1,0x08,0xc1,0x08,0xc1,0x08,
0xc1,0x08,0xc1,0x08,0xc1,0x08,0xc1,0x08,0xc1,0x08,0xc1,0x08,0xc1,0x08,0xc1,0x08,
0xc1,0x08,0xc1,0x08,0xc1,0x08,0xc1,0x08,0xc1,0x08,0xc1,0x08,0xc1,0x08,0xc1,0x08,
0xc1,0x08,0xc1,0x08,0xc1,0x08,0xc1,0x08,0xc1,0x08,0xc1,0x08,0xc1,0x08,0xc1,0x08,
0xc1,0x08,0xc1,0x08,0xc1,0x08,0xc1,0x08,0xc1,0x08,0xc1,0x08,0xc1,0x08,0xc1,0x08,
0xc1,0x08,0xc1,0x08,0xc1,0x08,0xc1,0x08,0xc1,0x08,0xc1,0x08,0xc1,0x08,0xc1,0x08,
0xc1,0x08,0xc1,0x08,0xc1,0x08,0xc1,0x08,0xc1,0x08,0xc1,0x08,0xc1,0x08,0xc1,0x08,
0xc1,0x08,0xc1,0x08,0xc1,0x08,0xc1,0x08,0xc1,0x08,0xc1,0x08,0xc1,0x08,0xc1,0x08,
0xc1,0x08,0xc1,0x08,0xc1,0x08,0xc1,0x08,0xc1,0x08,0xc1,0x08,0xc1,0x08,0xc1,0x08,
0xc1,0x08,0xc1,0x08,0xc1,0x08,0xc1,0x08,0xc1,0x08,0xc1,0x08,0xc1,0x08,0xc1,0x08,
0xc1,0x08,0xc1,0x08,0xc1,0x08,0xc1,0x08,0xc1,0x08,0xc1,0x08,0xc1,0x08,0xc1,0x08,
0xc1,0x08,0xc1,0x08,0xc1,0x08,0xc1,0x08,0xc1,0x08,0xc1,0x08,0xc1,0x08,0xc1,0x08,
0xc1,0x08,0xc1,0x08,0xc1,0x08,0xc1,0x08,0xc1,0x08,0xc1,0x08,0xc1,0x08,0xc1,0x08,
0xc1,0x08,0xc1,0x08,0xc1,0x08,0xc1,0x08,0xc1,0x08,0xc1,0x08,0xc1,0x08,0xc1,0x08,
0xc1,0x08,0xc1,0x08,0xc1,0x08,0xc1,0x08,0xc1,0x08,0xc1,0x08,0xc1,0x08,0xc1,0x08,
0xc1,0x08,0xc1,0x08,0xc1,0x08,0xc1,0x08,0xc1,0x08,0xc1,0x08,0xc1,0x08,0xc1,0x08,
0xc1,0x08,0xc1,0x08,0xc1,0x08,0xc1,0x08,0xc1,0x08,0xc1,0x08,0xc1,0x08,0xc1,0x08,
0xc1,0x08,0xc1,0x08,0xc1,0x08,0xc1,0x08,0xc1,0x08,0xc1,0x08,0xc1,0x08,0xc1,0x08,
0xc1,0x08,0xc1,0x08,0xc1,0x08,0xc1,0x08,0xc1,0x08,0xc1,0x08,0xc1,0x08,0xc1,0x08,
0xc1,0x08,0xc1,0x08,0xc1,0x08,0xc1,0x08,0xc1,0x08,0xc1,0x08,0xc1,0x08,0xc1,0x08,
0xc1,0x08,0xc1,0x08,0xc1,0x08,0xc1,0x08,0xc1,0x08,0xc1,0x08,0xc1,0x08,0xc1,0x08,
0xc1,0x08,0xc1,0x08,0xc1,0x08,0xc1,0x08,0xc1,0x08,0xc1,0x08,0xc1,0x08,0xc1,0x08,
0xc1,0x08,0xc1,0x08,0xc1,0x08,0xc1,0x08,0xc1,0x08,0xc1,0x08,0xc1,0x08,0xc1,0x08,
0xc1,0x08,0xc1,0x08,0xc1,0x08,0xc1,0x08,0xc1,0x08,0xc1,0x08,0xc1,0x08,0xc1,0x08,
0xc1,0x08,0xc1,0x08,0xc1,0x08,0xc1,0x08,0xc1,0x08,0xc1,0x08,0xc1,0x08,0xc1,0x08,
0xc1,0x08,0xc1,0x08,0xc1,0x08,0xc1,0x08,0xc1,0x08,0xc1,0x08,0xc1,0x08,0xc1,0x08,
0xc1,0x08,0xc1,0x08,0xc1,0x08,0xc1,0x08,0xc1,0x08,0xc1,0x08,0xc1,0x08,0xc1,0x08,
0xc1,0x08,0xc1,0x08,0xc1,0x08,0xc1,0x08,0xc1,0x08,0xc1,0x08,0xc1,0x08,0xc1,0x08,
0xc1,0x08,0xc1,0x08,0xc1,0x08,0xc1,0x08,0xc1,0x08,0xc1,0x08,0xc1,0x08,0xc1,0x08,
0xc1,0x08,0xc1,0x08,0xc1,0x08,0xc1,0x08,0xc1,0x08,0xc1,0x08,0xc1,0x08,0xc1,0x08,
0xc1,0x08,0xc1,0x08,0xc1,0x08,0xc1,0x08,0xc1,0x08,0xc1,0x08,0xc1,0x08,0xc1,0x08,
0xc1,0x08,0xc1,0x08,0xc1,0x08,0xc1,0x08,0xc1,0x08,0xc1,0x08,0xc1,0x08,0xc1,0x08,
0xc1,0x08,0xc1,0x08,0xc1,0x08,0xc1,0x08,0xc1,0x08,0xc1,0x08,0xc1,0x08,0xc1,0x08,
0xc1,0x08,0xc1,0x08,0xc1,0x08,0xc1,0x08,0xc1,0x08,0xc1,0x08,0xc1,0x08,0xc1,0x08,
0xc1,0x08,0xc1,0x08,0xc1,0x08,0xc1,0x08,0xc1,0x08,0xc1,0x08,0xc1,0x08,0xc1,0x08,
0xc1,0x08,0xc1,0x08,0xc1,0x08,0xc1,0x08,0xc1,0x08,0xc1,0x08,0xc1,0x08,0xc1,0x08,
0xc1,0x08,0xc1,0x08,0xc1,0x08,0xc1,0x08,0xc1,0x08,0xc1,0x08,0xc1,0x08,0xc1,0x08,
0xc1,0x08,0xc1,0x08,0xc1,0x08,0xc1,0x08,0xc1,0x08,0xc1,0x08,0xc1,0x08,0xc1,0x08,
0xc1,0x08,0xc1,0x08,0xc1,0x08,0xc1,0x08,0xc1,0x08,0xc1,0x08,0xc1,0x08,0xc1,0x08,
0xc1,0x08,0xc1,0x08,0xc1,0x08,0xc1,0x08,0xc1,0x08,0xc1,0x08,0xc1,0x08,0xc1,0x08,
0xc1,0x08,0xc1,0x08,0xc1,0x08,0xc1,0x08,0xc1,0x08,0xc1,0x08,0xc1,0x08,0xc1,0x08,
0xc1,0x08,0xc1,0x08,0xc1,0x08,0xc1,0x08,0xc1,0x08,0xc1,0x08,0xc1,0x08,0xc1,0x08,
0xc1,0x08,0xc1,0x08,0xc1,0x08,0xc1,0x08,0xc1,0x08,0xc1,0x08,0xc1,0x08,0xc1,0x08,
0xc1,0x08,0xc1,0x08,0xc1,0x08,0xc1,0x08,0xc1,0x08,0xc1,0x08,0xc1,0x08,0xc1,0x08,
0xc1,0x08,0xc1,0x08,0xc1,0x08,0xc1,0x08,0xc1,0x08,0xc1,0x08,0xc1,0x08,0xc1,0x08,
0xc1,0x08,0xc1,0x08,0xc1,0x08,0xc1,0x08,0xc1,0x08,0xc1,0x08,0xc1,0x08,0xc1,0x08,
0xc1,0x08,0xc1,0x08,0xc1,0x08,0xc1,0x08,0xc1,0x08,0xc1,0x08,0xc1,0x08,0xc1,0x08,
0xc1,0x08,0xc1,0x08,0xc1,0x08,0xc1,0x08,0xc1,0x08,0xc1,0x08,0xc1,0x08,0xc1,0x08,
0xc1,0x08,0xc1,0x08,0xc1,0x08,0xc1,0x08,0xc1,0x08,0xc1,0x08,0xc1,0x08,0xc1,0x08,
0xc1,0x08,0xc1,0x08,0xc1,0x08,0xc1,0x08,0xc1,0x08,0xc1,0x08,0xc1,0x08,0xc1,0x08,
0xc1,0x08,0xc1,0x08,0xc1,0x08,0xc1,0x08,0xc1,0x08,0xc1,0x08,0xc1,0x08,0xc1,0x08,
0xc1,0x08,0xc1,0x08,0xc1,0x08,0xc1,0x08,0xc1,0x08,0xc1,0x08,0xc1,0x08,0xc1,0x08,
0xc1,0x08,0xc1,0x08,0xc1,0x08,0xc1,0x08,0xc1,0x08,0xc1,0x08,0xc1,0x08,0xc1,0x08,
0xc1,0x08,0xc1,0x08,0xc1,0x08,0xc1,0x08,0xc1,0x08,0xc1,0x08,0xc1,0x08,0xc1,0x08,
0xc1,0x08,0xc1,0x08,0xc1,0x08,0xc1,0x08,0xc1,0x08,0xc1,0x08,0xc1,0x08,0xc1,0x08,
0xc1,0x08,0xc1,0x08,0xc1,0x08,0xc1,0x08,0xc1,0x08,0xc1,0x08,0xc1,0x08,0xc1,0x08,
0xc1,0x08,0xc1,0x08,0xc1,0x08,0xc1,0x08,0xc1,0x08,0xc1,0x08,0xc1,0x08,0xc1,0x08,
0xc1,0x08,0xc1,0x08,0xc1,0x08,0xc1,0x08,0xc1,0x08,0xc1,0x08,0xc1,0x08,0xc1,0x08,
0xc1,0x08,0xc1,0x08,0xc1,0x08,0xc1,0x08,0xc1,0x08,0xc1,0x08,0xc1,0x08,0xc1,0x08,
0xc1,0x08,0xc1,0x08,0xc1,0x08,0xc1,0x08,0xc1,0x08,0xc1,0x08,0xc1,0x08,0xc1,0x08,
0xc1,0x08,0xc1,0x08,0xc1,0x08,0xc1,0x08,0xc1,0x08,0xc1,0x08,0xc1,0x08,0xc1,0x08,
0xc1,0x08,0xc1,0x08,0xc1,0x08,0xc1,0x08,0xc1,0x08,0xc1,0x08,0xc1,0x08,0xc1,0x08,
0xc1,0x08,0xc1,0x08,0xc1,0x08,0xc1,0x08,0xc1,0x08,0xc1,0x08,0xc1,0x08,0xc1,0x08,
0xc1,0x08,0xc1,0x08,0xc1,0x08,0xc1,0x08,0xc1,0x08,0xc1,0x08,0xc1,0x08,0xc1,0x08,
0xc1,0x08,0xc1,0x08,0xc1,0x08,0xc1,0x08,0xc1,0x08,0xc1,0x08,0xc1,0x08,0xc1,0x08,
0xc1,0x08,0xc1,0x08,0xc1,0x08,0xc1,0x08,0xc1,0x08,0xc1,0x08,0xc1,0x08,0xc1,0x08,
0xc1,0x08,0xc1,0x08,0xc1,0x08,0xc1,0x08,0xc1,0x08,0xc1,0x08,0xc1,0x08,0xc1,0x08,
0xc1,0x08,0xc1,0x08,0xc1,0x08,0xc1,0x08,0xc1,0x08,0xc1,0x08,0xc1,0x08,0xc1,0x08,
0xc1,0x08,0xc1,0x08,0xc1,0x08,0xc1,0x08,0xc1,0x08,0xc1,0x08,0xc1,0x08,0xc1,0x08,
0xc1,0x08,0xc1,0x08,0xc1,0x08,0xc1,0x08,0xc1,0x08,0xc1,0x08,0xc1,0x08,0xc1,0x08,
0xc1,0x08,0xc1,0x08,0xc1,0x08,0xc1,0x08,0xc1,0x08,0xc1,0x08,0xc1,0x08,0xc1,0x08,
0xc1,0x08,0xc1,0x08,0xc1,0x08,0xc1,0x08,0xc1,0x08,0xc1,0x08,0xc1,0x08,0xc1,0x08,
0xc1,0x08,0xc1,0x08,0xc1,0x08,0xc1,0x08,0xc1,0x08,0xc1,0x08,0xc1,0x08,0xc1,0x08,
0xc1,0x08,0xc1,0x08,0xc1,0x08,0xc1,0x08,0xc1,0x08,0xc1,0x08,0xc1,0x08,0xc1,0x08,
0xc1,0x08,0xc1,0x08,0xc1,0x08,0xc1,0x08,0xc1,0x08,0xc1,0x08,0xc1,0x08,0xc1,0x08,
0xc1,0x08,0xc1,0x08,0xc1,0x08,0xc1,0x08,0xc1,0x08,0xc1,0x08,0xc1,0x08,0xc1,0x08,
0xc1,0x08,0xc1,0x08,0xc1,0x08,0xc1,0x08,0xc1,0x08,0xc1,0x08,0xc1,0x08,0xc1,0x08,
0xc1,0x08,0xc1,0x08,0xc1,0x08,0xc1,0x08,0xc1,0x08,0xc1,0x08,0xc1,0x08,0xc1,0x08,
0xc1,0x08,0xc1,0x08,0xc1,0x08,0xc1,0x08,0xc1,0x08,0xc1,0x08,0xc1,0x08,0xc1,0x08,
0xc1,0x08,0xc1,0x08,0xc1,0x08,0xc1,0x08,0xc1,0x08,0xc1,0x08,0xc1,0x08,0xc1,0x08,
0xc1,0x08,0xc1,0x08,0xc1,0x08,0xc1,0x08,0xc1,0x08,0xc1,0x08,0xc1,0x08,0xc1,0x08,
0xc1,0x08,0xc1,0x08,0xc1,0x08,0xc1,0x08,0xc1,0x08,0xc1,0x08,0xc1,0x08,0xc1,0x08,
0xc1,0x08,0xc1,0x08,0xc1,0x08,0xc1,0x08,0xc1,0x08,0xc1,0x08,0xc1,0x08,0xc1,0x08,
0xc1,0x08,0xc1,0x08,0xc1,0x08,0xc1,0x08,0xc1,0x08,0xc1,0x08,0xc1,0x08,0xc1,0x08,
0xc1,0x08,0xc1,0x08,0xc1,0x08,0xc1,0x08,0xc1,0x08,0xc1,0x08,0xc1,0x08,0xc1,0x08,
0xc1,0x08,0xc1,0x08,0xc1,0x08,0xc1,0x08,0xc1,0x08,0xc1,0x08,0xc1,0x08,0xc1,0x08,
0xc1,0x08,0xc1,0x08,0xc1,0x08,0xc1,0x08,0xc1,0x08,0xc1,0x08,0xc1,0x08,0xc1,0x08,
0xc1,0x08,0xc1,0x08,0xc1,0x08,0xc1,0x08,0xc1,0x08,0xc1,0x08,0xc1,0x08,0xc1,0x08,
0xc1,0x08,0xc1,0x08,0xc1,0x08,0xc1,0x08,0xc1,0x08,0xc1,0x08,0xc1,0x08,0xc1,0x08,
0xc1,0x08,0xc1,0x08,0xc1,0x08,0xc1,0x08,0xc1,0x08,0xc1,0x08,0xc1,0x08,0xc1,0x08,
0xc1,0x08,0xc1,0x08,0xc1,0x08,0xc1,0x08,0xc1,0x08,0xc1,0x08,0xc1,0x08,0xc1,0x08,
0xc1,0x08,0xc1,0x08,0xc1,0x08,0xc1,0x08,0xc1,0x08,0xc1,0x08,0xc1,0x08,0xc1,0x08,
0xc1,0x08,0xc1,0x08,0xc1,0x08,0xc1,0x08,0xc1,0x08,0xc1,0x08,0xc1,0x08,0xc1,0x08,
0xc1,0x08,0xc1,0x08,0xc1,0x08,0xc1,0x08,0xc1,0x08,0xc1,0x08,0xc1,0x08,0xc1,0x08,
0xc1,0x08,0xc1,0x08,0xc1,0x08,0xc1,0x08,0xc1,0x08,0xc1,0x08,0xc1,0x08,0xc1,0x08,
0xc1,0x08,0xc1,0x08,0xc1,0x08,0xc1,0x08,0xc1,0x08,0xc1,0x08,0xc1,0x08,0xc1,0x08,
0xc1,0x08,0xc1,0x08,0xc1,0x08,0xc1,0x08,0xc1,0x08,0xc1,0x08,0xc1,0x08,0xc1,0x08,
0xc1,0x08,0xc1,0x08,0xc1,0x08,0xc1,0x08,0xc1,0x08,0xc1,0x08,0xc1,0x08,0xc1,0x08,
0xc1,0x08,0xc1,0x08,0xc1,0x08,0xc1,0x08,0xc1,0x08,0xc1,0x08,0xc1,0x08,0xc1,0x08,
0xc1,0x08,0xc1,0x08,0xc1,0x08,0xc1,0x08,0xc1,0x08,0xc1,0x08,0xc1,0x08,0xc1,0x08,
0xc1,0x08,0xc1,0x08,0xc1,0x08,0xc1,0x08,0xc1,0x08,0xc1,0x08,0xc1,0x08,0xc1,0x08,
0xc1,0x08,0xc1,0x08,0xc1,0x08,0xc1,0x08,0xc1,0x08,0xc1,0x08,0xc1,0x08,0xc1,0x08,
0xc1,0x08,0xc1,0x08,0xc1,0x08,0xc1,0x08,0xc1,0x08,0xc1,0x08,0xc1,0x08,0xc1,0x08,
0xc1,0x08,0xc1,0x08,0xc1,0x08,0xc1,0x08,0xc1,0x08,0xc1,0x08,0xc1,0x08,0xc1,0x08,
0xc1,0x08,0xc1,0x08,0xc1,0x08,0xc1,0x08,0xc1,0x08,0xc1,0x08,0xc1,0x08,0xc1,0x08,
0xc1,0x08,0xc1,0x08,0xc1,0x08,0xc1,0x08,0xc1,0x08,0xc1,0x08,0xc1,0x08,0xc1,0x08,
0xc1,0x08,0xc1,0x08,0xc1,0x08,0xc1,0x08,0xc1,0x08,0xc1,0x08,0xc1,0x08,0xc1,0x08,
0xc1,0x08,0xc1,0x08,0xc1,0x08,0xc1,0x08,0xc1,0x08,0xc1,0x08,0xc1,0x08,0xc1,0x08,
0xc1,0x08,0xc1,0x08,0xc1,0x08,0xc1,0x08,0xc1,0x08,0xc1,0x08,0xc1,0x08,0xc1,0x08,
0xc1,0x08,0xc1,0x08,0xc1,0x08,0xc1,0x08,0xc1,0x08,0xc1,0x08,0xc1,0x08,0xc1,0x08,
0xc1,0x08,0xc1,0x08,0xc1,0x08,0xc1,0x08,0xc1,0x08,0xc1,0x08,0xc1,0x08,0xc1,0x08,
0xc1,0x08,0xc1,0x08,0xc1,0x08,0xc1,0x08,0xc1,0x08,0xc1,0x08,0xc1,0x08,0xc1,0x08,
0xc1,0x08,0xc1,0x08,0xc1,0x08,0xc1,0x08,0xc1,0x08,0xc1,0x08,0xc1,0x08,0xc1,0x08,
0xc1,0x08,0xc1,0x08,0xc1,0x08,0xc1,0x08,0xc1,0x08,0xc1,0x08,0xc1,0x08,0xc1,0x08,
0xc1,0x08,0xc1,0x08,0xc1,0x08,0xc1,0x08,0xc1,0x08,0xc1,0x08,0xc1,0x08,0xc1,0x08,
0xc1,0x08,0xc1,0x08,0xc1,0x08,0xc1,0x08,0xc1,0x08,0xc1,0x08,0xc1,0x08,0xc1,0x08,
0xc1,0x08,0xc1,0x08,0xc1,0x08,0xc1,0x08,0xc1,0x08,0xc1,0x08,0xc1,0x08,0xc1,0x08,
0xc1,0x08,0xc1,0x08,0xc1,0x08,0xc1,0x08,0xc1,0x08,0xc1,0x08,0xc1,0x08,0xc1,0x08,
0xc1,0x08,0xc1,0x08,0xc1,0x08,0xc1,0x08,0xc1,0x08,0xc1,0x08,0xc1,0x08,0xc1,0x08,
0xc1,0x08,0xc1,0x08,0xc1,0x08,0xc1,0x08,0xc1,0x08,0xc1,0x08,0xc1,0x08,0xc1,0x08,
0xc1,0x08,0xc1,0x08,0xc1,0x08,0xc1,0x08,0xc1,0x08,0xc1,0x08,0xc1,0x08,0xc1,0x08,
0xc1,0x08,0xc1,0x08,0xc1,0x08,0xc1,0x08,0xc1,0x08,0xc1,0x08,0xc1,0x08,0xc1,0x08,
0xc1,0x08,0xc1,0x08,0xc1,0x08,0xc1,0x08,0xc1,0x08,0xc1,0x08,0xc1,0x08,0xc1,0x08,
0xc1,0x08,0xc1,0x08,0xc1,0x08,0xc1,0x08,0xc1,0x08,0xc1,0x08,0xc1,0x08,0xc1,0x08,
0xc1,0x08,0xc1,0x08,0xc1,0x08,0xc1,0x08,0xc1,0x08,0xc1,0x08,0xc1,0x08,0xc1,0x08,
0xc1,0x08,0xc1,0x08,0xc1,0x08,0xc1,0x08,0xc1,0x08,0xc1,0x08,0xc1,0x08,0xc1,0x08,
0xc1,0x08,0xc1,0x08,0xc1,0x08,0xc1,0x08,0xc1,0x08,0xc1,0x08,0xc1,0x08,0xc1,0x08,
0xc1,0x08,0xc1,0x08,0xc1,0x08,0xc1,0x08,0xc1,0x08,0xc1,0x08,0xc1,0x08,0xc1,0x08,
0xc1,0x08,0xc1,0x08,0xc1,0x08,0xc1,0x08,0xc1,0x08,0xc1,0x08,0xc1,0x08,0xc1,0x08,
0xc1,0x08,0xc1,0x08,0xc1,0x08,0xc1,0x08,0xc1,0x08,0xc1,0x08,0xc1,0x08,0xc1,0x08,
0xc1,0x08,0xc1,0x08,0xc1,0x08,0xc1,0x08,0xc1,0x08,0xc1,0x08,0xc1,0x08,0xc1,0x08,
0xc1,0x08,0xc1,0x08,0xc1,0x08,0xc1,0x08,0xc1,0x08,0xc1,0x08,0xc1,0x08,0xc1,0x08,
0xc1,0x08,0xc1,0x08,0xc1,0x08,0xc1,0x08,0xc1,0x08,0xc1,0x08,0xc1,0x08,0xc1,0x08,
0xc1,0x08,0xc1,0x08,0xc1,0x08,0xc1,0x08,0xc1,0x08,0xc1,0x08,0xc1,0x08,0xc1,0x08,
0xc1,0x08,0xc1,0x08,0xc1,0x08,0xc1,0x08,0xc1,0x08,0xc1,0x08,0xc1,0x08,0xc1,0x08,
0xc1,0x08,0xc1,0x08,0xc1,0x08,0xc1,0x08,0xc1,0x08,0xc1,0x08,0xc1,0x08,0xc1,0x08,
0xc1,0x08,0xc1,0x08,0xc1,0x08,0xc1,0x08,0xc1,0x08,0xc1,0x08,0xc1,0x08,0xc1,0x08,
0xc1,0x08,0xc1,0x08,0xc1,0x08,0xc1,0x08,0xc1,0x08,0xc1,0x08,0xc1,0x08,0xc1,0x08,
0xc1,0x08,0xc1,0x08,0xc1,0x08,0xc1,0x08,0xc1,0x08,0xc1,0x08,0xc1,0x08,0xc1,0x08,
0xc1,0x08,0xc1,0x08,0xc1,0x08,0xc1,0x08,0xc1,0x08,0xc1,0x08,0xc1,0x08,0xc1,0x08,
0xc1,0x08,0xc1,0x08,0xc1,0x08,0xc1,0x08,0xc1,0x08,0xc1,0x08,0xc1,0x08,0xc1,0x08,
0xc1,0x08,0xc1,0x08,0xc1,0x08,0xc1,0x08,0xc1,0x08,0xc1,0x08,0xc1,0x08,0xc1,0x08,
0xc1,0x08,0xc1,0x08,0xc1,0x08,0xc1,0x08,0xc1,0x08,0xc1,0x08,0xc1,0x08,0xc1,0x08,
0xc1,0x08,0xc1,0x08,0xc1,0x08,0xc1,0x08,0xc1,0x08,0xc1,0x08,0xc1,0x08,0xc1,0x08,
0xc1,0x08,0xc1,0x08,0xc1,0x08,0xc1,0x08,0xc1,0x08,0xc1,0x08,0xc1,0x08,0xc1,0x08,
0xc1,0x08,0xc1,0x08,0xc1,0x08,0xc1,0x08,0xc1,0x08,0xc1,0x08,0xc1,0x08,0xc1,0x08,
0xc1,0x08,0xc1,0x08,0xc1,0x08,0xc1,0x08,0xc1,0x08,0xc1,0x08,0xc1,0x08,0xc1,0x08,
0xc1,0x08,0xc1,0x08,0xc1,0x08,0xc1,0x08,0xc1,0x08,0xc1,0x08,0xc1,0x08,0xc1,0x08,
0xc1,0x08,0xc1,0x08,0xc1,0x08,0xc1,0x08,0xc1,0x08,0xc1,0x08,0xc1,0x08,0xc1,0x08,
0xc1,0x08,0xc1,0x08,0xc1,0x08,0xc1,0x08,0xc1,0x08,0xc1,0x08,0xc1,0x08,0xc1,0x08,
0xc1,0x08,0xc1,0x08,0xc1,0x08,0xc1,0x08,0xc1,0x08,0xc1,0x08,0xc1,0x08,0xc1,0x08,
0xc1,0x08,0xc1,0x08,0xc1,0x08,0xc1,0x08,0xc1,0x08,0xc1,0x08,0xc1,0x08,0xc1,0x08,
0xc1,0x08,0xc1,0x08,0xc1,0x08,0xc1,0x08,0xc1,0x08,0xc1,0x08,0xc1,0x08,0xc1,0x08,
0xc1,0x08,0xc1,0x08,0xc1,0x08,0xc1,0x08,0xc1,0x08,0xc1,0x08,0xc1,0x08,0xc1,0x08,
0xc1,0x08,0xc1,0x08,0xc1,0x08,0xc1,0x08,0xc1,0x08,0xc1,0x08,0xc1,0x08,0xc1,0x08,
0xc1,0x08,0xc1,0x08,0xc1,0x08,0xc1,0x08,0xc1,0x08,0xc1,0x08,0xc1,0x08,0xc1,0x08,
0xc1,0x08,0xc1,0x08,0xc1,0x08,0xc1,0x08,0xc1,0x08,0xc1,0x08,0xc1,0x08,0xc1,0x08,
0xc1,0x08,0xc1,0x08,0xc1,0x08,0xc1,0x08,0xc1,0x08,0xc1,0x08,0xc1,0x08,0xc1,0x08,
0xc1,0x08,0xc1,0x08,0xc1,0x08,0xc1,0x08,0xc1,0x08,0xc1,0x08,0xc1,0x08,0xc1,0x08,
0xc1,0x08,0xc1,0x08,0xc1,0x08,0xc1,0x08,0xc1,0x08,0xc1,0x08,0xc1,0x08,0xc1,0x08,
0xc1,0x08,0xc1,0x08,0xc1,0x08,0xc1,0x08,0xc1,0x08,0xc1,0x08,0xc1,0x08,0xc1,0x08,
0xc1,0x08,0xc1,0x08,0xc1,0x08,0xc1,0x08,0xc1,0x08,0xc1,0x08,0xc1,0x08,0xc1,0x08,
0xc1,0x08,0xc1,0x08,0xc1,0x08,0xc1,0x08,0xc1,0x08,0xc1,0x08,0xc1,0x08,0xc1,0x08,
0xc1,0x08,0xc1,0x08,0xc1,0x08,0xc1,0x08,0xc1,0x08,0xc1,0x08,0xc1,0x08,0xc1,0x08,
0xc1,0x08,0xc1,0x08,0xc1,0x08,0xc1,0x08,0xc1,0x08,0xc1,0x08,0xc1,0x08,0xc1,0x08,
0xc1,0x08,0xc1,0x08,0xc1,0x08,0xc1,0x08,0xc1,0x08,0xc1,0x08,0xc1,0x08,0xc1,0x08,
0xc1,0x08,0xc1,0x08,0xc1,0x08,0xc1,0x08,0xc1,0x08,0xc1,0x08,0xc1,0x08,0xc1,0x08,
0xc1,0x08,0xc1,0x08,0xc1,0x08,0xc1,0x08,0xc1,0x08,0xc1,0x08,0xc1,0x08,0xc1,0x08,
0xc1,0x08,0xc1,0x08,0xc1,0x08,0xc1,0x08,0xc1,0x08,0xc1,0x08,0xc1,0x08,0xc1,0x08,
0xc1,0x08,0xc1,0x08,0xc1,0x08,0xc1,0x08,0xc1,0x08,0xc1,0x08,0xc1,0x08,0xc1,0x08,
0xc1,0x08,0xc1,0x08,0xc1,0x08,0xc1,0x08,0xc1,0x08,0xc1,0x08,0xc1,0x08,0xc1,0x08,
0xc1,0x08,0xc1,0x08,0xc1,0x08,0xc1,0x08,0xc1,0x08,0xc1,0x08,0xc1,0x08,0xc1,0x08,
0xc1,0x08,0xc1,0x08,0xc1,0x08,0xc1,0x08,0xc1,0x08,0xc1,0x08,0xc1,0x08,0xc1,0x08,
0xc1,0x08,0xc1,0x08,0xc1,0x08,0xc1,0x08,0xc1,0x08,0xc1,0x08,0xc1,0x08,0xc1,0x08,
0xc1,0x08,0xc1,0x08,0xc1,0x08,0xc1,0x08,0xc1,0x08,0xc1,0x08,0xc1,0x08,0xc1,0x08,
0xc1,0x08,0xc1,0x08,0xc1,0x08,0xc1,0x08,0xc1,0x08,0xc1,0x08,0xc1,0x08,0xc1,0x08,
0xc1,0x08,0xc1,0x08,0xc1,0x08,0xc1,0x08,0xc1,0x08,0xc1,0x08,0xc1,0x08,0xc1,0x08,
0xc1,0x08,0xc1,0x08,0xc1,0x08,0xc1,0x08,0xc1,0x08,0xc1,0x08,0xc1,0x08,0xc1,0x08,
0xc1,0x08,0xc1,0x08,0xc1,0x08,0xc1,0x08,0xc1,0x08,0xc1,0x08,0xc1,0x08,0xc1,0x08,
0xc1,0x08,0xc1,0x08,0xc1,0x08,0xc1,0x08,0xc1,0x08,0xc1,0x08,0xc1,0x08,0xc1,0x08,
0xc1,0x08,0xc1,0x08,0xc1,0x08,0xc1,0x08,0xc1,0x08,0xc1,0x08,0xc1,0x08,0xc1,0x08,
0xc1,0x08,0xc1,0x08,0xc1,0x08,0xc1,0x08,0xc1,0x08,0xc1,0x08,0xc1,0x08,0xc1,0x08,
0xc1,0x08,0xc1,0x08,0xc1,0x08,0xc1,0x08,0xc1,0x08,0xc1,0x08,0xc1,0x08,0xc1,0x08,
0xc1,0x08,0xc1,0x08,0xc1,0x08,0xc1,0x08,0xc1,0x08,0xc1,0x08,0xc1,0x08,0xc1,0x08,
0xc1,0x08,0xc1,0x08,0xc1,0x08,0xc1,0x08,0xc1,0x08,0xc1,0x08,0xc1,0x08,0xc1,0x08,
0xc1,0x08,0xc1,0x08,0xc1,0x08,0xc1,0x08,0xc1,0x08,0xc1,0x08,0xc1,0x08,0xc1,0x08,
0xc1,0x08,0xc1,0x08,0xc1,0x08,0xc1,0x08,0xc1,0x08,0xc1,0x08,0xc1,0x08,0xc1,0x08,
0xc1,0x08,0xc1,0x08,0xc1,0x08,0xc1,0x08,0xc1,0x08,0xc1,0x08,0xc1,0x08,0xc1,0x08,
0xc1,0x08,0xc1,0x08,0xc1,0x08,0xc1,0x08,0xc1,0x08,0xc1,0x08,0xc1,0x08,0xc1,0x08,
0xc1,0x08,0xc1,0x08,0xc1,0x08,0xc1,0x08,0xc1,0x08,0xc1,0x08,0xc1,0x08,0xc1,0x08,
0xc1,0x08,0xc1,0x08,0xc1,0x08,0xc1,0x08,0xc1,0x08,0xc1,0x08,0xc1,0x08,0xc1,0x08,
0xc1,0x08,0xc1,0x08,0xc1,0x08,0xc1,0x08,0xc1,0x08,0xc1,0x08,0xc1,0x08,0xc1,0x08,
0xc1,0x08,0xc1,0x08,0xc1,0x08,0xc1,0x08,0xc1,0x08,0xc1,0x08,0xc1,0x08,0xc1,0x08,
0xc1,0x08,0xc1,0x08,0xc1,0x08,0xc1,0x08,0xc1,0x08,0xc1,0x08,0xc1,0x08,0xc1,0x08,
0xc1,0x08,0xc1,0x08,0xc1,0x08,0xc1,0x08,0xc1,0x08,0xc1,0x08,0xc1,0x08,0xc1,0x08,
0xc1,0x08,0xc1,0x08,0xc1,0x08,0xc1,0x08,0xc1,0x08,0xc1,0x08,0xc1,0x08,0xc1,0x08,
0xc1,0x08,0xc1,0x08,0xc1,0x08,0xc1,0x08,0xc1,0x08,0xc1,0x08,0xc1,0x08,0xc1,0x08,
0xc1,0x08,0xc1,0x08,0xc1,0x08,0xc1,0x08,0xc1,0x08,0xc1,0x08,0xc1,0x08,0xc1,0x08,
0xc1,0x08,0xc1,0x08,0xc1,0x08,0xc1,0x08,0xc1,0x08,0xc1,0x08,0xc1,0x08,0xc1,0x08,
0xc1,0x08,0xc1,0x08,0xc1,0x08,0xc1,0x08,0xc1,0x08,0xc1,0x08,0xc1,0x08,0xc1,0x08,
0xc1,0x08,0xc1,0x08,0xc1,0x08,0xc1,0x08,0xc1,0x08,0xc1,0x08,0xc1,0x08,0xc1,0x08,
0xc1,0x08,0xc1,0x08,0xc1,0x08,0xc1,0x08,0xc1,0x08,0xc1,0x08,0xc1,0x08,0xc1,0x08,
0xc1,0x08,0xc1,0x08,0xc1,0x08,0xc1,0x08,0xc1,0x08,0xc1,0x08,0xc1,0x08,0xc1,0x08,
0xc1,0x08,0xc1,0x08,0xc1,0x08,0xc1,0x08,0xc1,0x08,0xc1,0x08,0xc1,0x08,0xc1,0x08,
0xc1,0x08,0xc1,0x08,0xc1,0x08,0xc1,0x08,0xc1,0x08,0xc1,0x08,0xc1,0x08,0xc1,0x08,
0xc1,0x08,0xc1,0x08,0xc1,0x08,0xc1,0x08,0xc1,0x08,0xc1,0x08,0xc1,0x08,0xc1,0x08,
0xc1,0x08,0xc1,0x08,0xc1,0x08,0xc1,0x08,0xc1,0x08,0xc1,0x08,0xc1,0x08,0xc1,0x08,
0xc1,0x08,0xc1,0x08,0xc1,0x08,0xc1,0x08,0xc1,0x08,0xc1,0x08,0xc1,0x08,0xc1,0x08,
0xc1,0x08,0xc1,0x08,0xc1,0x08,0xc1,0x08,0xc1,0x08,0xc1,0x08,0xc1,0x08,0xc1,0x08,
0xc1,0x08,0xc1,0x08,0xc1,0x08,0xc1,0x08,0xc1,0x08,0xc1,0x08,0xc1,0x08,0xc1,0x08,
0xc1,0x08,0xc1,0x08,0xc1,0x08,0xc1,0x08,0xc1,0x08,0xc1,0x08,0xc1,0x08,0xc1,0x08,
0xc1,0x08,0xc1,0x08,0xc1,0x08,0xc1,0x08,0xc1,0x08,0xc1,0x08,0xc1,0x08,0xc1,0x08,
0xc1,0x08,0xc1,0x08,0xc1,0x08,0xc1,0x08,0xc1,0x08,0xc1,0x08,0xc1,0x08,0xc1,0x08,
0xc1,0x08,0xc1,0x08,0xc1,0x08,0xc1,0x08,0xc1,0x08,0xc1,0x08,0xc1,0x08,0xc1,0x08,
0xc1,0x08,0xc1,0x08,0xc1,0x08,0xc1,0x08,0xc1,0x08,0xc1,0x08,0xc1,0x08,0xc1,0x08,
0xc1,0x08,0xc1,0x08,0xc1,0x08,0xc1,0x08,0xc1,0x08,0xc1,0x08,0xc1,0x08,0xc1,0x08,
0xc1,0x08,0xc1,0x08,0xc1,0x08,0xc1,0x08,0xc1,0x08,0xc1,0x08,0xc1,0x08,0xc1,0x08,
0xc1,0x08,0xc1,0x08,0xc1,0x08,0xc1,0x08,0xc1,0x08,0xc1,0x08,0xc1,0x08,0xc1,0x08,
0xc1,0x08,0xc1,0x08,0xc1,0x08,0xc1,0x08,0xc1,0x08,0xc1,0x08,0xc1,0x08,0xc1,0x08,
0xc1,0x08,0xc1,0x08,0xc1,0x08,0xc1,0x08,0xc1,0x08,0xc1,0x08,0xc1,0x08,0xc1,0x08,
0xc1,0x08,0xc1,0x08,0xc1,0x08,0xc1,0x08,0xc1,0x08,0xc1,0x08,0xc1,0x08,0xc1,0x08,
0xc1,0x08,0xc1,0x08,0xc1,0x08,0xc1,0x08,0xc1,0x08,0xc1,0x08,0xc1,0x08,0xc1,0x08,
0xc1,0x08,0xc1,0x08,0xc1,0x08,0xc1,0x08,0xc1,0x08,0xc1,0x08,0xc1,0x08,0xc1,0x08,
0xc1,0x08,0xc1,0x08,0xc1,0x08,0xc1,0x08,0xc1,0x08,0xc1,0x08,0xc1,0x08,0xc1,0x08,
0xc1,0x08,0xc1,0x08,0xc1,0x08,0xc1,0x08,0xc1,0x08,0xc1,0x08,0xc1,0x08,0xc1,0x08,
0xc1,0x08,0xc1,0x08,0xc1,0x08,0xc1,0x08,0xc1,0x08,0xc1,0x08,0xc1,0x08,0xc1,0x08,
0xc1,0x08,0xc1,0x08,0xc1,0x08,0xc1,0x08,0xc1,0x08,0xc1,0x08,0xc1,0x08,0xc1,0x08,
0xc1,0x08,0xc1,0x08,0xc1,0x08,0xc1,0x08,0xc1,0x08,0xc1,0x08,0xc1,0x08,0xc1,0x08,
0xc1,0x08,0xc1,0x08,0xc1,0x08,0xc1,0x08,0xc1,0x08,0xc1,0x08,0xc1,0x08,0xc1,0x08,
0xc1,0x08,0xc1,0x08,0xc1,0x08,0xc1,0x08,0xc1,0x08,0xc1,0x08,0xc1,0x08,0xc1,0x08,
0xc1,0x08,0xc1,0x08,0xc1,0x08,0xc1,0x08,0xc1,0x08,0xc1,0x08,0xc1,0x08,0xc1,0x08,
0xc1,0x08,0xc1,0x08,0xc1,0x08,0xc1,0x08,0xc1,0x08,0xc1,0x08,0xc1,0x08,0xc1,0x08,
0xc1,0x08,0xc1,0x08,0xc1,0x08,0xc1,0x08,0xc1,0x08,0xc1,0x08,0xc1,0x08,0xc1,0x08,
0xc1,0x08,0xc1,0x08,0xc1,0x08,0xc1,0x08,0xc1,0x08,0xc1,0x08,0xc1,0x08,0xc1,0x08,
0xc1,0x08,0xc1,0x08,0xc1,0x08,0xc1,0x08,0xc1,0x08,0xc1,0x08,0xc1,0x08,0xc1,0x08,
0xc1,0x08,0xc1,0x08,0xc1,0x08,0xc1,0x08,0xc1,0x08,0xc1,0x08,0xc1,0x08,0xc1,0x08,
0xc1,0x08,0xc1,0x08,0xc1,0x08,0xc1,0x08,0xc1,0x08,0xc1,0x08,0xc1,0x08,0xc1,0x08,
0xc1,0x08,0xc1,0x08,0xc1,0x08,0xc1,0x08,0xc1,0x08,0xc1,0x08,0xc1,0x08,0xc1,0x08,
0xc1,0x08,0xc1,0x08,0xc1,0x08,0xc1,0x08,0xc1,0x08,0xc1,0x08,0xc1,0x08,0xc1,0x08,
0xc1,0x08,0xc1,0x08,0xc1,0x08,0xc1,0x08,0xc1,0x08,0xc1,0x08,0xc1,0x08,0xc1,0x08,
0xc1,0x08,0xc1,0x08,0xc1,0x08,0xc1,0x08,0xc1,0x08,0xc1,0x08,0xc1,0x08,0xc1,0x08,
0xc1,0x08,0xc1,0x08,0xc1,0x08,0xc1,0x08,0xc1,0x08,0xc1,0x08,0xc1,0x08,0xc1,0x08,
0xc1,0x08,0xc1,0x08,0xc1,0x08,0xc1,0x08,0xc1,0x08,0xc1,0x08,0xc1,0x08,0xc1,0x08,
0xc1,0x08,0xc1,0x08,0xc1,0x08,0xc1,0x08,0xc1,0x08,0xc1,0x08,0xc1,0x08,0xc1,0x08,
0xc1,0x08,0xc1,0x08,0xc1,0x08,0xc1,0x08,0xc1,0x08,0xc1,0x08,0xc1,0x08,0xc1,0x08,
0xc1,0x08,0xc1,0x08,0xc1,0x08,0xc1,0x08,0xc1,0x08,0xc1,0x08,0xc1,0x08,0xc1,0x08,
0xc1,0x08,0xc1,0x08,0xc1,0x08,0xc1,0x08,0xc1,0x08,0xc1,0x08,0xc1,0x08,0xc1,0x08,
0xc1,0x08,0xc1,0x08,0xc1,0x08,0xc1,0x08,0xc1,0x08,0xc1,0x08,0xc1,0x08,0xc1,0x08,
0xc1,0x08,0xc1,0x08,0xc1,0x08,0xc1,0x08,0xc1,0x08,0xc1,0x08,0xc1,0x08,0xc1,0x08,
0xc1,0x08,0xc1,0x08,0xc1,0x08,0xc1,0x08,0xc1,0x08,0xc1,0x08,0xc1,0x08,0xc1,0x08,
0xc1,0x08,0xc1,0x08,0xc1,0x08,0xc1,0x08,0xc1,0x08,0xc1,0x08,0xc1,0x08,0xc1,0x08,
0xc1,0x08,0xc1,0x08,0xc1,0x08,0xc1,0x08,0xc1,0x08,0xc1,0x08,0xc1,0x08,0xc1,0x08,
0xc1,0x08,0xc1,0x08,0xc1,0x08,0xc1,0x08,0xc1,0x08,0xc1,0x08,0xc1,0x08,0xc1,0x08,
0xc1,0x08,0xc1,0x08,0xc1,0x08,0xc1,0x08,0xc1,0x08,0xc1,0x08,0xc1,0x08,0xc1,0x08,
0xc1,0x08,0xc1,0x08,0xc1,0x08,0xc1,0x08,0xc1,0x08,0xc1,0x08,0xc1,0x08,0xc1,0x08,
0xc1,0x08,0xc1,0x08,0xc1,0x08,0xc1,0x08,0xc1,0x08,0xc1,0x08,0xc1,0x08,0xc1,0x08,
0xc1,0x08,0xc1,0x08,0xc1,0x08,0xc1,0x08,0xc1,0x08,0xc1,0x08,0xc1,0x08,0xc1,0x08,
0xc1,0x08,0xc1,0x08,0xc1,0x08,0xc1,0x08,0xc1,0x08,0xc1,0x08,0xc1,0x08,0xc1,0x08,
0xc1,0x08,0xc1,0x08,0xc1,0x08,0xc1,0x08,0xc1,0x08,0xc1,0x08,0xc1,0x08,0xc1,0x08,
0xc1,0x08,0xc1,0x08,0xc1,0x08,0xc1,0x08,0xc1,0x08,0xc1,0x08,0xc1,0x08,0xc1,0x08,
0xc1,0x08,0xc1,0x08,0xc1,0x08,0xc1,0x08,0xc1,0x08,0xc1,0x08,0xc1,0x08,0xc1,0x08,
0xc1,0x08,0xc1,0x08,0xc1,0x08,0xc1,0x08,0xc1,0x08,0xc1,0x08,0xc1,0x08,0xc1,0x08,
0xc1,0x08,0xc1,0x08,0xc1,0x08,0xc1,0x08,0xc1,0x08,0xc1,0x08,0xc1,0x08,0xc1,0x08,
0xc1,0x08,0xc1,0x08,0xc1,0x08,0xc1,0x08,0xc1,0x08,0xc1,0x08,0xc1,0x08,0xc1,0x08,
0xc1,0x08,0xc1,0x08,0xc1,0x08,0xc1,0x08,0xc1,0x08,0xc1,0x08,0xc1,0x08,0xc1,0x08,
0xc1,0x08,0xc1,0x08,0xc1,0x08,0xc1,0x08,0xc1,0x08,0xc1,0x08,0xc1,0x08,0xc1,0x08,
0xc1,0x08,0xc1,0x08,0xc1,0x08,0xc1,0x08,0xc1,0x08,0xc1,0x08,0xc1,0x08,0xc1,0x08,
0xc1,0x08,0xc1,0x08,0xc1,0x08,0xc1,0x08,0xc1,0x08,0xc1,0x08,0xc1,0x08,0xc1,0x08,
0xc1,0x08,0xc1,0x08,0xc1,0x08,0xc1,0x08,0xc1,0x08,0xc1,0x08,0xc1,0x08,0xc1,0x08,
0xc1,0x08,0xc1,0x08,0xc1,0x08,0xc1,0x08,0xc1,0x08,0xc1,0x08,0xc1,0x08,0xc1,0x08,
0xc1,0x08,0xc1,0x08,0xc1,0x08,0xc1,0x08,0xc1,0x08,0xc1,0x08,0xc1,0x08,0xc1,0x08,
0xc1,0x08,0xc1,0x08,0xc1,0x08,0xc1,0x08,0xc1,0x08,0xc1,0x08,0xc1,0x08,0xc1,0x08,
0xc1,0x08,0xc1,0x08,0xc1,0x08,0xc1,0x08,0xc1,0x08,0xc1,0x08,0xc1,0x08,0xc1,0x08,
0xc1,0x08,0xc1,0x08,0xc1,0x08,0xc1,0x08,0xc1,0x08,0xc1,0x08,0xc1,0x08,0xc1,0x08,
0xc1,0x08,0xc1,0x08,0xc1,0x08,0xc1,0x08,0xc1,0x08,0xc1,0x08,0xc1,0x08,0xc1,0x08,
0xc1,0x08,0xc1,0x08,0xc1,0x08,0xc1,0x08,0xc1,0x08,0xc1,0x08,0xc1,0x08,0xc1,0x08,
0xc1,0x08,0xc1,0x08,0xc1,0x08,0xc1,0x08,0xc1,0x08,0xc1,0x08,0xc1,0x08,0xc1,0x08,
0xc1,0x08,0xc1,0x08,0xc1,0x08,0xc1,0x08,0xc1,0x08,0xc1,0x08,0xc1,0x08,0xc1,0x08,
0xc1,0x08,0xc1,0x08,0xc1,0x08,0xc1,0x08,0xc1,0x08,0xc1,0x08,0xc1,0x08,0xc1,0x08,
0xc1,0x08,0xc1,0x08,0xc1,0x08,0xc1,0x08,0xc1,0x08,0xc1,0x08,0xc1,0x08,0xc1,0x08,
0xc1,0x08,0xc1,0x08,0xc1,0x08,0xc1,0x08,0xc1,0x08,0xc1,0x08,0xc1,0x08,0xc1,0x08,
0xc1,0x08,0xc1,0x08,0xc1,0x08,0xc1,0x08,0xc1,0x08,0xc1,0x08,0xc1,0x08,0xc1,0x08,
0xc1,0x08,0xc1,0x08,0xc1,0x08,0xc1,0x08,0xc1,0x08,0xc1,0x08,0xc1,0x08,0xc1,0x08,
0xc1,0x08,0xc1,0x08,0xc1,0x08,0xc1,0x08,0xc1,0x08,0xc1,0x08,0xc1,0x08,0xc1,0x08,
0xc1,0x08,0xc1,0x08,0xc1,0x08,0xc1,0x08,0xc1,0x08,0xc1,0x08,0xc1,0x08,0xc1,0x08,
0xc1,0x08,0xc1,0x08,0xc1,0x08,0xc1,0x08,0xc1,0x08,0xc1,0x08,0xc1,0x08,0xc1,0x08,
0xc1,0x08,0xc1,0x08,0xc1,0x08,0xc1,0x08,0xc1,0x08,0xc1,0x08,0xc1,0x08,0xc1,0x08,
0xc1,0x08,0xc1,0x08,0xc1,0x08,0xc1,0x08,0xc1,0x08,0xc1,0x08,0xc1,0x08,0xc1,0x08,
0xc1,0x08,0xc1,0x08,0xc1,0x08,0xc1,0x08,0xc1,0x08,0xc1,0x08,0xc1,0x08,0xc1,0x08,
0xc1,0x08,0xc1,0x08,0xc1,0x08,0xc1,0x08,0xc1,0x08,0xc1,0x08,0xc1,0x08,0xc1,0x08,
0xc1,0x08,0xc1,0x08,0xc1,0x08,0xc1,0x08,0xc1,0x08,0xc1,0x08,0xc1,0x08,0xc1,0x08,
0xc1,0x08,0xc1,0x08,0xc1,0x08,0xc1,0x08,0xc1,0x08,0xc1,0x08,0xc1,0x08,0xc1,0x08,
0xc1,0x08,0xc1,0x08,0xc1,0x08,0xc1,0x08,0xc1,0x08,0xc1,0x08,0xc1,0x08,0xc1,0x08,
0xc1,0x08,0xc1,0x08,0xc1,0x08,0xc1,0x08,0xc1,0x08,0xc1,0x08,0xc1,0x08,0xc1,0x08,
0xc1,0x08,0xc1,0x08,0xc1,0x08,0xc1,0x08,0xc1,0x08,0xc1,0x08,0xc1,0x08,0xc1,0x08,
0xc1,0x08,0xc1,0x08,0xc1,0x08,0xc1,0x08,0xc1,0x08,0xc1,0x08,0xc1,0x08,0xc1,0x08,
0xc1,0x08,0xc1,0x08,0xc1,0x08,0xc1,0x08,0xc1,0x08,0xc1,0x08,0xc1,0x08,0xc1,0x08,
0xc1,0x08,0xc1,0x08,0xc1,0x08,0xc1,0x08,0xc1,0x08,0xc1,0x08,0xc1,0x08,0xc1,0x08,
0xc1,0x08,0xc1,0x08,0xc1,0x08,0xc1,0x08,0xc1,0x08,0xc1,0x08,0xc1,0x08,0xc1,0x08,
0xc1,0x08,0xc1,0x08,0xc1,0x08,0xc1,0x08,0xc1,0x08,0xc1,0x08,0xc1,0x08,0xc1,0x08,
0xc1,0x08,0xc1,0x08,0xc1,0x08,0xc1,0x08,0xc1,0x08,0xc1,0x08,0xc1,0x08,0xc1,0x08,
0xc1,0x08,0xc1,0x08,0xc1,0x08,0xc1,0x08,0xc1,0x08,0xc1,0x08,0xc1,0x08,0xc1,0x08,
0xc1,0x08,0xc1,0x08,0xc1,0x08,0xc1,0x08,0xc1,0x08,0xc1,0x08,0xc1,0x08,0xc1,0x08,
0xc1,0x08,0xc1,0x08,0xc1,0x08,0xc1,0x08,0xc1,0x08,0xc1,0x08,0xc1,0x08,0xc1,0x08,
0xc1,0x08,0xc1,0x08,0xc1,0x08,0xc1,0x08,0xc1,0x08,0xc1,0x08,0xc1,0x08,0xc1,0x08,
0xc1,0x08,0xc1,0x08,0xc1,0x08,0xc1,0x08,0xc1,0x08,0xc1,0x08,0xc1,0x08,0xc1,0x08,
0xc1,0x08,0xc1,0x08,0xc1,0x08,0xc1,0x08,0xc1,0x08,0xc1,0x08,0xc1,0x08,0xc1,0x08,
0xc1,0x08,0xc1,0x08,0xc1,0x08,0xc1,0x08,0xc1,0x08,0xc1,0x08,0xc1,0x08,0xc1,0x08,
0xc1,0x08,0xc1,0x08,0xc1,0x08,0xc1,0x08,0xc1,0x08,0xc1,0x08,0xc1,0x08,0xc1,0x08,
0xc1,0x08,0xc1,0x08,0xc1,0x08,0xc1,0x08,0xc1,0x08,0xc1,0x08,0xc1,0x08,0xc1,0x08,
0xc1,0x08,0xc1,0x08,0xc1,0x08,0xc1,0x08,0xc1,0x08,0xc1,0x08,0xc1,0x08,0xc1,0x08,
0xc1,0x08,0xc1,0x08,0xc1,0x08,0xc1,0x08,0xc1,0x08,0xc1,0x08,0xc1,0x08,0xc1,0x08,
0xc1,0x08,0xc1,0x08,0xc1,0x08,0xc1,0x08,0xc1,0x08,0xc1,0x08,0xc1,0x08,0xc1,0x08,
0xc1,0x08,0xc1,0x08,0xc1,0x08,0xc1,0x08,0xc1,0x08,0xc1,0x08,0xc1,0x08,0xc1,0x08,
0xc1,0x08,0xc1,0x08,0xc1,0x08,0xc1,0x08,0xc1,0x08,0xc1,0x08,0xc1,0x08,0xc1,0x08,
0xc1,0x08,0xc1,0x08,0xc1,0x08,0xc1,0x08,0xc1,0x08,0xc1,0x08,0xc1,0x08,0xc1,0x08,
0xc1,0x08,0xc1,0x08,0xc1,0x08,0xc1,0x08,0xc1,0x08,0xc1,0x08,0xc1,0x08,0xc1,0x08,
0xc1,0x08,0xc1,0x08,0xc1,0x08,0xc1,0x08,0xc1,0x08,0xc1,0x08,0xc1,0x08,0xc1,0x08,
0xc1,0x08,0xc1,0x08,0xc1,0x08,0xc1,0x08,0xc1,0x08,0xc1,0x08,0xc1,0x08,0xc1,0x08,
0xc1,0x08,0xc1,0x08,0xc1,0x08,0xc1,0x08,0xc1,0x08,0xc1,0x08,0xc1,0x08,0xc1,0x08,
0xc1,0x08,0xc1,0x08,0xc1,0x08,0xc1,0x08,0xc1,0x08,0xc1,0x08,0xc1,0x08,0xc1,0x08,
0xc1,0x08,0xc1,0x08,0xc1,0x08,0xc1,0x08,0xc1,0x08,0xc1,0x08,0xc1,0x08,0xc1,0x08,
0xc1,0x08,0xc1,0x08,0xc1,0x08,0xc1,0x08,0xc1,0x08,0xc1,0x08,0xc1,0x08,0xc1,0x08,
0xc1,0x08,0xc1,0x08,0xc1,0x08,0xc1,0x08,0xc1,0x08,0xc1,0x08,0xc1,0x08,0xc1,0x08,
0xc1,0x08,0xc1,0x08,0xc1,0x08,0xc1,0x08,0xc1,0x08,0xc1,0x08,0xc1,0x08,0xc1,0x08,
0xc1,0x08,0xc1,0x08,0xc1,0x08,0xc1,0x08,0xc1,0x08,0xc1,0x08,0xc1,0x08,0xc1,0x08,
0xc1,0x08,0xc1,0x08,0xc1,0x08,0xc1,0x08,0xc1,0x08,0xc1,0x08,0xc1,0x08,0xc1,0x08,
0xc1,0x08,0xc1,0x08,0xc1,0x08,0xc1,0x08,0xc1,0x08,0xc1,0x08,0xc1,0x08,0xc1,0x08,
0xc1,0x08,0xc1,0x08,0xc1,0x08,0xc1,0x08,0xc1,0x08,0xc1,0x08,0xc1,0x08,0xc1,0x08,
0xc1,0x08,0xc1,0x08,0xc1,0x08,0xc1,0x08,0xc1,0x08,0xc1,0x08,0xc1,0x08,0xc1,0x08,
0xc1,0x08,0xc1,0x08,0xc1,0x08,0xc1,0x08,0xc1,0x08,0xc1,0x08,0xc1,0x08,0xc1,0x08,
0xc1,0x08,0xc1,0x08,0xc1,0x08,0xc1,0x08,0xc1,0x08,0xc1,0x08,0xc1,0x08,0xc1,0x08,
0xc1,0x08,0xc1,0x08,0xc1,0x08,0xc1,0x08,0xc1,0x08,0xc1,0x08,0xc1,0x08,0xc1,0x08,
0xc1,0x08,0xc1,0x08,0xc1,0x08,0xc1,0x08,0xc1,0x08,0xc1,0x08,0xc1,0x08,0xc1,0x08,
0xc1,0x08,0xc1,0x08,0xc1,0x08,0xc1,0x08,0xc1,0x08,0xc1,0x08,0xc1,0x08,0xc1,0x08,
0xc1,0x08,0xc1,0x08,0xc1,0x08,0xc1,0x08,0xc1,0x08,0xc1,0x08,0xc1,0x08,0xc1,0x08,
0xc1,0x08,0xc1,0x08,0xc1,0x08,0xc1,0x08,0xc1,0x08,0xc1,0x08,0xc1,0x08,0xc1,0x08,
0xc1,0x08,0xc1,0x08,0xc1,0x08,0xc1,0x08,0xc1,0x08,0xc1,0x08,0xc1,0x08,0xc1,0x08,
0xc1,0x08,0xc1,0x08,0xc1,0x08,0xc1,0x08,0xc1,0x08,0xc1,0x08,0xc1,0x08,0xc1,0x08,
0xc1,0x08,0xc1,0x08,0xc1,0x08,0xc1,0x08,0xc1,0x08,0xc1,0x08,0xc1,0x08,0xc1,0x08,
0xc1,0x08,0xc1,0x08,0xc1,0x08,0xc1,0x08,0xc1,0x08,0xc1,0x08,0xc1,0x08,0xc1,0x08,
0xc1,0x08,0xc1,0x08,0xc1,0x08,0xc1,0x08,0xc1,0x08,0xc1,0x08,0xc1,0x08,0xc1,0x08,
0xc1,0x08,0xc1,0x08,0xc1,0x08,0xc1,0x08,0xc1,0x08,0xc1,0x08,0xc1,0x08,0xc1,0x08,
0xc1,0x08,0xc1,0x08,0xc1,0x08,0xc1,0x08,0xc1,0x08,0xc1,0x08,0xc1,0x08,0xc1,0x08,
0xc1,0x08,0xc1,0x08,0xc1,0x08,0xc1,0x08,0xc1,0x08,0xc1,0x08,0xc1,0x08,0xc1,0x08,
0xc1,0x08,0xc1,0x08,0xc1,0x08,0xc1,0x08,0xc1,0x08,0xc1,0x08,0xc1,0x08,0xc1,0x08,
0xc1,0x08,0xc1,0x08,0xc1,0x08,0xc1,0x08,0xc1,0x08,0xc1,0x08,0xc1,0x08,0xc1,0x08,
0xc1,0x08,0xc1,0x08,0xc1,0x08,0xc1,0x08,0xc1,0x08,0xc1,0x08,0xc1,0x08,0xc1,0x08,
0xc1,0x08,0xc1,0x08,0xc1,0x08,0xc1,0x08,0xc1,0x08,0xc1,0x08,0xc1,0x08,0xc1,0x08,
0xc1,0x08,0xc1,0x08,0xc1,0x08,0xc1,0x08,0xc1,0x08,0xc1,0x08,0xc1,0x08,0xc1,0x08,
0xc1,0x08,0xc1,0x08,0xc1,0x08,0xc1,0x08,0xc1,0x08,0xc1,0x08,0xc1,0x08,0xc1,0x08,
0xc1,0x08,0xc1,0x08,0xc1,0x08,0xc1,0x08,0xc1,0x08,0xc1,0x08,0xc1,0x08,0xc1,0x08,
0xc1,0x08,0xc1,0x08,0xc1,0x08,0xc1,0x08,0xc1,0x08,0xc1,0x08,0xc1,0x08,0xc1,0x08,
0xc1,0x08,0xc1,0x08,0xc1,0x08,0xc1,0x08,0xc1,0x08,0xc1,0x08,0xc1,0x08,0xc1,0x08,
0xc1,0x08,0xc1,0x08,0xc1,0x08,0xc1,0x08,0xc1,0x08,0xc1,0x08,0xc1,0x08,0xc1,0x08,
0xc1,0x08,0xc1,0x08,0xc1,0x08,0xc1,0x08,0xc1,0x08,0xc1,0x08,0xc1,0x08,0xc1,0x08,
0xc1,0x08,0xc1,0x08,0xc1,0x08,0xc1,0x08,0xc1,0x08,0xc1,0x08,0xc1,0x08,0xc1,0x08,
0xc1,0x08,0xc1,0x08,0xc1,0x08,0xc1,0x08,0xc1,0x08,0xc1,0x08,0xc1,0x08,0xc1,0x08,
0xc1,0x08,0xc1,0x08,0xc1,0x08,0xc1,0x08,0xc1,0x08,0xc1,0x08,0xc1,0x08,0xc1,0x08,
0xc1,0x08,0xc1,0x08,0xc1,0x08,0xc1,0x08,0xc1,0x08,0xc1,0x08,0xc1,0x08,0xc1,0x08,
0xc1,0x08,0xc1,0x08,0xc1,0x08,0xc1,0x08,0xc1,0x08,0xc1,0x08,0xc1,0x08,0xc1,0x08,
0xc1,0x08,0xc1,0x08,0xc1,0x08,0xc1,0x08,0xc1,0x08,0xc1,0x08,0xc1,0x08,0xc1,0x08,
0xc1,0x08,0xc1,0x08,0xc1,0x08,0xc1,0x08,0xc1,0x08,0xc1,0x08,0xc1,0x08,0xc1,0x08,
0xc1,0x08,0xc1,0x08,0xc1,0x08,0xc1,0x08,0xc1,0x08,0xc1,0x08,0xc1,0x08,0xc1,0x08,
0xc1,0x08,0xc1,0x08,0xc1,0x08,0xc1,0x08,0xc1,0x08,0xc1,0x08,0xc1,0x08,0xc1,0x08,
0xc1,0x08,0xc1,0x08,0xc1,0x08,0xc1,0x08,0xc1,0x08,0xc1,0x08,0xc1,0x08,0xc1,0x08,
0xc1,0x08,0xc1,0x08,0xc1,0x08,0xc1,0x08,0xc1,0x08,0xc1,0x08,0xc1,0x08,0xc1,0x08,
0xc1,0x08,0xc1,0x08,0xc1,0x08,0xc1,0x08,0xc1,0x08,0xc1,0x08,0xc1,0x08,0xc1,0x08,
0xc1,0x08,0xc1,0x08,0xc1,0x08,0xc1,0x08,0xc1,0x08,0xc1,0x08,0xc1,0x08,0xc1,0x08,
0xc1,0x08,0xc1,0x08,0xc1,0x08,0xc1,0x08,0xc1,0x08,0xc1,0x08,0xc1,0x08,0xc1,0x08,
0xc1,0x08,0xc1,0x08,0xc1,0x08,0xc1,0x08,0xc1,0x08,0xc1,0x08,0xc1,0x08,0xc1,0x08,
0xc1,0x08,0xc1,0x08,0xc1,0x08,0xc1,0x08,0xc1,0x08,0xc1,0x08,0xc1,0x08,0xc1,0x08,
0xc1,0x08,0xc1,0x08,0xc1,0x08,0xc1,0x08,0xc1,0x08,0xc1,0x08,0xc1,0x08,0xc1,0x08,
0xc1,0x08,0xc1,0x08,0xc1,0x08,0xc1,0x08,0xc1,0x08,0xc1,0x08,0xc1,0x08,0xc1,0x08,
0xc1,0x08,0xc1,0x08,0xc1,0x08,0xc1,0x08,0xc1,0x08,0xc1,0x08,0xc1,0x08,0xc1,0x08,
0xc1,0x08,0xc1,0x08,0xc1,0x08,0xc1,0x08,0xc1,0x08,0xc1,0x08,0xc1,0x08,0xc1,0x08,
0xc1,0x08,0xc1,0x08,0xc1,0x08,0xc1,0x08,0xc1,0x08,0xc1,0x08,0xc1,0x08,0xc1,0x08,
0xc1,0x08,0xc1,0x08,0xc1,0x08,0xc1,0x08,0xc1,0x08,0xc1,0x08,0xc1,0x08,0xc1,0x08,
0xc1,0x08,0xc1,0x08,0xc1,0x08,0xc1,0x08,0xc1,0x08,0xc1,0x08,0xc1,0x08,0xc1,0x08,
0xc1,0x08,0xc1,0x08,0xc1,0x08,0xc1,0x08,0xc1,0x08,0xc1,0x08,0xc1,0x08,0xc1,0x08,
0xc1,0x08,0xc1,0x08,0xc1,0x08,0xc1,0x08,0xc1,0x08,0xc1,0x08,0xc1,0x08,0xc1,0x08,
0xc1,0x08,0xc1,0x08,0xc1,0x08,0xc1,0x08,0xc1,0x08,0xc1,0x08,0xc1,0x08,0xc1,0x08,
0xc1,0x08,0xc1,0x08,0xc1,0x08,0xc1,0x08,0xc1,0x08,0xc1,0x08,0xc1,0x08,0xc1,0x08,
0xc1,0x08,0xc1,0x08,0xc1,0x08,0xc1,0x08,0xc1,0x08,0xc1,0x08,0xc1,0x08,0xc1,0x08,
0xc1,0x08,0xc1,0x08,0xc1,0x08,0xc1,0x08,0xc1,0x08,0xc1,0x08,0xc1,0x08,0xc1,0x08,
0xc1,0x08,0xc1,0x08,0xc1,0x08,0xc1,0x08,0xc1,0x08,0xc1,0x08,0xc1,0x08,0xc1,0x08,
0xc1,0x08,0xc1,0x08,0xc1,0x08,0xc1,0x08,0xc1,0x08,0xc1,0x08,0xc1,0x08,0xc1,0x08,
0xc1,0x08,0xc1,0x08,0xc1,0x08,0xc1,0x08,0xc1,0x08,0xc1,0x08,0xc1,0x08,0xc1,0x08,
0xc1,0x08,0xc1,0x08,0xc1,0x08,0xc1,0x08,0xc1,0x08,0xc1,0x08,0xc1,0x08,0xc1,0x08,
0xc1,0x08,0xc1,0x08,0xc1,0x08,0xc1,0x08,0xc1,0x08,0xc1,0x08,0xc1,0x08,0xc1,0x08,
0xc1,0x08,0xc1,0x08,0xc1,0x08,0xc1,0x08,0xc1,0x08,0xc1,0x08,0xc1,0x08,0xc1,0x08,
0xc1,0x08,0xc1,0x08,0xc1,0x08,0xc1,0x08,0xc1,0x08,0xc1,0x08,0xc1,0x08,0xc1,0x08,
0xc1,0x08,0xc1,0x08,0xc1,0x08,0xc1,0x08,0xc1,0x08,0xc1,0x08,0xc1,0x08,0xc1,0x08,
0xc1,0x08,0xc1,0x08,0xc1,0x08,0xc1,0x08,0xc1,0x08,0xc1,0x08,0xc1,0x08,0xc1,0x08,
0xc1,0x08,0xc1,0x08,0xc1,0x08,0xc1,0x08,0xc1,0x08,0xc1,0x08,0xc1,0x08,0xc1,0x08,
0xc1,0x08,0xc1,0x08,0xc1,0x08,0xc1,0x08,0xc1,0x08,0xc1,0x08,0xc1,0x08,0xc1,0x08,
0xc1,0x08,0xc1,0x08,0xc1,0x08,0xc1,0x08,0xc1,0x08,0xc1,0x08,0xc1,0x08,0xc1,0x08,
0xc1,0x08,0xc1,0x08,0xc1,0x08,0xc1,0x08,0xc1,0x08,0xc1,0x08,0xc1,0x08,0xc1,0x08,
0xc1,0x08,0xc1,0x08,0xc1,0x08,0xc1,0x08,0xc1,0x08,0xc1,0x08,0xc1,0x08,0xc1,0x08,
0xc1,0x08,0xc1,0x08,0xc1,0x08,0xc1,0x08,0xc1,0x08,0xc1,0x08,0xc1,0x08,0xc1,0x08,
0xc1,0x08,0xc1,0x08,0xc1,0x08,0xc1,0x08,0xc1,0x08,0xc1,0x08,0xc1,0x08,0xc1,0x08,
0xc1,0x08,0xc1,0x08,0xc1,0x08,0xc1,0x08,0xc1,0x08,0xc1,0x08,0xc1,0x08,0xc1,0x08,
0xc1,0x08,0xc1,0x08,0xc1,0x08,0xc1,0x08,0xc1,0x08,0xc1,0x08,0xc1,0x08,0xc1,0x08,
0xc1,0x08,0xc1,0x08,0xc1,0x08,0xc1,0x08,0xc1,0x08,0xc1,0x08,0xc1,0x08,0xc1,0x08,
0xc1,0x08,0xc1,0x08,0xc1,0x08,0xc1,0x08,0xc1,0x08,0xc1,0x08,0xc1,0x08,0xc1,0x08,
0xc1,0x08,0xc1,0x08,0xc1,0x08,0xc1,0x08,0xc1,0x08,0xc1,0x08,0xc1,0x08,0xc1,0x08,
0xc1,0x08,0xc1,0x08,0xc1,0x08,0xc1,0x08,0xc1,0x08,0xc1,0x08,0xc1,0x08,0xc1,0x08,
0xc1,0x08,0xc1,0x08,0xc1,0x08,0xc1,0x08,0xc1,0x08,0xc1,0x08,0xc1,0x08,0xc1,0x08,
0xc1,0x08,0xc1,0x08,0xc1,0x08,0xc1,0x08,0xc1,0x08,0xc1,0x08,0xc1,0x08,0xc1,0x08,
0xc1,0x08,0xc1,0x08,0xc1,0x08,0xc1,0x08,0xc1,0x08,0xc1,0x08,0xc1,0x08,0xc1,0x08,
0xc1,0x08,0xc1,0x08,0xc1,0x08,0xc1,0x08,0xc1,0x08,0xc1,0x08,0xc1,0x08,0xc1,0x08,
0xc1,0x08,0xc1,0x08,0xc1,0x08,0xc1,0x08,0xc1,0x08,0xc1,0x08,0xc1,0x08,0xc1,0x08,
0xc1,0x08,0xc1,0x08,0xc1,0x08,0xc1,0x08,0xc1,0x08,0xc1,0x08,0xc1,0x08,0xc1,0x08,
0xc1,0x08,0xc1,0x08,0xc1,0x08,0xc1,0x08,0xc1,0x08,0xc1,0x08,0xc1,0x08,0xc1,0x08,
0xc1,0x08,0xc1,0x08,0xc1,0x08,0xc1,0x08,0xc1,0x08,0xc1,0x08,0xc1,0x08,0xc1,0x08,
0xc1,0x08,0xc1,0x08,0xc1,0x08,0xc1,0x08,0xc1,0x08,0xc1,0x08,0xc1,0x08,0xc1,0x08,
0xc1,0x08,0xc1,0x08,0xc1,0x08,0xc1,0x08,0xc1,0x08,0xc1,0x08,0xc1,0x08,0xc1,0x08,
0xc1,0x08,0xc1,0x08,0xc1,0x08,0xc1,0x08,0xc1,0x08,0xc1,0x08,0xc1,0x08,0xc1,0x08,
0xc1,0x08,0xc1,0x08,0xc1,0x08,0xc1,0x08,0xc1,0x08,0xc1,0x08,0xc1,0x08,0xc1,0x08,
0xc1,0x08,0xc1,0x08,0xc1,0x08,0xc1,0x08,0xc1,0x08,0xc1,0x08,0xc1,0x08,0xc1,0x08,
0xc1,0x08,0xc1,0x08,0xc1,0x08,0xc1,0x08,0xc1,0x08,0xc1,0x08,0xc1,0x08,0xc1,0x08,
0xc1,0x08,0xc1,0x08,0xc1,0x08,0xc1,0x08,0xc1,0x08,0xc1,0x08,0xc1,0x08,0xc1,0x08,
0xc1,0x08,0xc1,0x08,0xc1,0x08,0xc1,0x08,0xc1,0x08,0xc1,0x08,0xc1,0x08,0xc1,0x08,
0xc1,0x08,0xc1,0x08,0xc1,0x08,0xc1,0x08,0xc1,0x08,0xc1,0x08,0xc1,0x08,0xc1,0x08,
0xc1,0x08,0xc1,0x08,0xc1,0x08,0xc1,0x08,0xc1,0x08,0xc1,0x08,0xc1,0x08,0xc1,0x08,
0xc1,0x08,0xc1,0x08,0xc1,0x08,0xc1,0x08,0xc1,0x08,0xc1,0x08,0xc1,0x08,0xc1,0x08,
0xc1,0x08,0xc1,0x08,0xc1,0x08,0xc1,0x08,0xc1,0x08,0xc1,0x08,0xc1,0x08,0xc1,0x08,
0xc1,0x08,0xc1,0x08,0xc1,0x08,0xc1,0x08,0xc1,0x08,0xc1,0x08,0xc1,0x08,0xc1,0x08,
0xc1,0x08,0xc1,0x08,0xc1,0x08,0xc1,0x08,0xc1,0x08,0xc1,0x08,0xc1,0x08,0xc1,0x08,
0xc1,0x08,0xc1,0x08,0xc1,0x08,0xc1,0x08,0xc1,0x08,0xc1,0x08,0xc1,0x08,0xc1,0x08,
0xc1,0x08,0xc1,0x08,0xc1,0x08,0xc1,0x08,0xc1,0x08,0xc1,0x08,0xc1,0x08,0xc1,0x08,
0xc1,0x08,0xc1,0x08,0xc1,0x08,0xc1,0x08,0xc1,0x08,0xc1,0x08,0xc1,0x08,0xc1,0x08,
0xc1,0x08,0xc1,0x08,0xc1,0x08,0xc1,0x08,0xc1,0x08,0xc1,0x08,0xc1,0x08,0xc1,0x08,
0xc1,0x08,0xc1,0x08,0xc1,0x08,0xc1,0x08,0xc1,0x08,0xc1,0x08,0xc1,0x08,0xc1,0x08,
0xc1,0x08,0xc1,0x08,0xc1,0x08,0xc1,0x08,0xc1,0x08,0xc1,0x08,0xc1,0x08,0xc1,0x08,
0xc1,0x08,0xc1,0x08,0xc1,0x08,0xc1,0x08,0xc1,0x08,0xc1,0x08,0xc1,0x08,0xc1,0x08,
0xc1,0x08,0xc1,0x08,0xc1,0x08,0xc1,0x08,0xc1,0x08,0xc1,0x08,0xc1,0x08,0xc1,0x08,
0xc1,0x08,0xc1,0x08,0xc1,0x08,0xc1,0x08,0xc1,0x08,0xc1,0x08,0xc1,0x08,0xc1,0x08,
0xc1,0x08,0xc1,0x08,0xc1,0x08,0xc1,0x08,0xc1,0x08,0xc1,0x08,0xc1,0x08,0xc1,0x08,
0xc1,0x08,0xc1,0x08,0xc1,0x08,0xc1,0x08,0xc1,0x08,0xc1,0x08,0xc1,0x08,0xc1,0x08,
0xc1,0x08,0xc1,0x08,0xc1,0x08,0xc1,0x08,0xc1,0x08,0xc1,0x08,0xc1,0x08,0xc1,0x08,
0xc1,0x08,0xc1,0x08,0xc1,0x08,0xc1,0x08,0xc1,0x08,0xc1,0x08,0xc1,0x08,0xc1,0x08,
0xc1,0x08,0xc1,0x08,0xc1,0x08,0xc1,0x08,0xc1,0x08,0xc1,0x08,0xc1,0x08,0xc1,0x08,
0xc1,0x08,0xc1,0x08,0xc1,0x08,0xc1,0x08,0xc1,0x08,0xc1,0x08,0xc1,0x08,0xc1,0x08,
0xc1,0x08,0xc1,0x08,0xc1,0x08,0xc1,0x08,0xc1,0x08,0xc1,0x08,0xc1,0x08,0xc1,0x08,
0xc1,0x08,0xc1,0x08,0xc1,0x08,0xc1,0x08,0xc1,0x08,0xc1,0x08,0xc1,0x08,0xc1,0x08,
0xc1,0x08,0xc1,0x08,0xc1,0x08,0xc1,0x08,0xc1,0x08,0xc1,0x08,0xc1,0x08,0xc1,0x08,
0xc1,0x08,0xc1,0x08,0xc1,0x08,0xc1,0x08,0xc1,0x08,0xc1,0x08,0xc1,0x08,0xc1,0x08,
0xc1,0x08,0xc1,0x08,0xc1,0x08,0xc1,0x08,0xc1,0x08,0xc1,0x08,0xc1,0x08,0xc1,0x08,
0xc1,0x08,0xc1,0x08,0xc1,0x08,0xc1,0x08,0xc1,0x08,0xc1,0x08,0xc1,0x08,0xc1,0x08,
0xc1,0x08,0xc1,0x08,0xc1,0x08,0xc1,0x08,0xc1,0x08,0xc1,0x08,0xc1,0x08,0xc1,0x08,
0xc1,0x08,0xc1,0x08,0xc1,0x08,0xc1,0x08,0xc1,0x08,0xc1,0x08,0xc1,0x08,0xc1,0x08,
0xc1,0x08,0xc1,0x08,0xc1,0x08,0xc1,0x08,0xc1,0x08,0xc1,0x08,0xc1,0x08,0xc1,0x08,
0xc1,0x08,0xc1,0x08,0xc1,0x08,0xc1,0x08,0xc1,0x08,0xc1,0x08,0xc1,0x08,0xc1,0x08,
0xc1,0x08,0xc1,0x08,0xc1,0x08,0xc1,0x08,0xc1,0x08,0xc1,0x08,0xc1,0x08,0xc1,0x08,
0xc1,0x08,0xc1,0x08,0xc1,0x08,0xc1,0x08,0xc1,0x08,0xc1,0x08,0xc1,0x08,0xc1,0x08,
0xc1,0x08,0xc1,0x08,0xc1,0x08,0xc1,0x08,0xc1,0x08,0xc1,0x08,0xc1,0x08,0xc1,0x08,
0xc1,0x08,0xc1,0x08,0xc1,0x08,0xc1,0x08,0xc1,0x08,0xc1,0x08,0xc1,0x08,0xc1,0x08,
0xc1,0x08,0xc1,0x08,0xc1,0x08,0xc1,0x08,0xc1,0x08,0xc1,0x08,0xc1,0x08,0xc1,0x08,
0xc1,0x08,0xc1,0x08,0xc1,0x08,0xc1,0x08,0xc1,0x08,0xc1,0x08,0xc1,0x08,0xc1,0x08,
0xc1,0x08,0xc1,0x08,0xc1,0x08,0xc1,0x08,0xc1,0x08,0xc1,0x08,0xc1,0x08,0xc1,0x08,
0xc1,0x08,0xc1,0x08,0xc1,0x08,0xc1,0x08,0xc1,0x08,0xc1,0x08,0xc1,0x08,0xc1,0x08,
0xc1,0x08,0xc1,0x08,0xc1,0x08,0xc1,0x08,0xc1,0x08,0xc1,0x08,0xc1,0x08,0xc1,0x08,
0xc1,0x08,0xc1,0x08,0xc1,0x08,0xc1,0x08,0xc1,0x08,0xc1,0x08,0xc1,0x08,0xc1,0x08,
0xc1,0x08,0xc1,0x08,0xc1,0x08,0xc1,0x08,0xc1,0x08,0xc1,0x08,0xc1,0x08,0xc1,0x08,
0xc1,0x08,0xc1,0x08,0xc1,0x08,0xc1,0x08,0xc1,0x08,0xc1,0x08,0xc1,0x08,0xc1,0x08,
0xc1,0x08,0xc1,0x08,0xc1,0x08,0xc1,0x08,0xc1,0x08,0xc1,0x08,0xc1,0x08,0xc1,0x08,
0xc1,0x08,0xc1,0x08,0xc1,0x08,0xc1,0x08,0xc1,0x08,0xc1,0x08,0xc1,0x08,0xc1,0x08,
0xc1,0x08,0xc1,0x08,0xc1,0x08,0xc1,0x08,0xc1,0x08,0xc1,0x08,0xc1,0x08,0xc1,0x08,
0xc1,0x08,0xc1,0x08,0xc1,0x08,0xc1,0x08,0xc1,0x08,0xc1,0x08,0xc1,0x08,0xc1,0x08,
0xc1,0x08,0xc1,0x08,0xc1,0x08,0xc1,0x08,0xc1,0x08,0xc1,0x08,0xc1,0x08,0xc1,0x08,
0xc1,0x08,0xc1,0x08,0xc1,0x08,0xc1,0x08,0xc1,0x08,0xc1,0x08,0xc1,0x08,0xc1,0x08,
0xc1,0x08,0xc1,0x08,0xc1,0x08,0xc1,0x08,0xc1,0x08,0xc1,0x08,0xc1,0x08,0xc1,0x08,
0xc1,0x08,0xc1,0x08,0xc1,0x08,0xc1,0x08,0xc1,0x08,0xc1,0x08,0xc1,0x08,0xc1,0x08,
0xc1,0x08,0xc1,0x08,0xc1,0x08,0xc1,0x08,0xc1,0x08,0xc1,0x08,0xc1,0x08,0xc1,0x08,
0xc1,0x08,0xc1,0x08,0xc1,0x08,0xc1,0x08,0xc1,0x08,0xc1,0x08,0xc1,0x08,0xc1,0x08,
0xc1,0x08,0xc1,0x08,0xc1,0x08,0xc1,0x08,0xc1,0x08,0xc1,0x08,0xc1,0x08,0xc1,0x08,
0xc1,0x08,0xc1,0x08,0xc1,0x08,0xc1,0x08,0xc1,0x08,0xc1,0x08,0xc1,0x08,0xc1,0x08,
0xc1,0x08,0xc1,0x08,0xc1,0x08,0xc1,0x08,0xc1,0x08,0xc1,0x08,0xc1,0x08,0xc1,0x08,
0xc1,0x08,0xc1,0x08,0xc1,0x08,0xc1,0x08,0xc1,0x08,0xc1,0x08,0xc1,0x08,0xc1,0x08,
0xc1,0x08,0xc1,0x08,0xc1,0x08,0xc1,0x08,0xc1,0x08,0xc1,0x08,0xc1,0x08,0xc1,0x08,
0xc1,0x08,0xc1,0x08,0xc1,0x08,0xc1,0x08,0xc1,0x08,0xc1,0x08,0xc1,0x08,0xc1,0x08,
0xc1,0x08,0xc1,0x08,0xc1,0x08,0xc1,0x08,0xc1,0x08,0xc1,0x08,0xc1,0x08,0xc1,0x08,
0xc1,0x08,0xc1,0x08,0xc1,0x08,0xc1,0x08,0xc1,0x08,0xc1,0x08,0xc1,0x08,0xc1,0x08,
0xc1,0x08,0xc1,0x08,0xc1,0x08,0xc1,0x08,0xc1,0x08,0xc1,0x08,0xc1,0x08,0xc1,0x08,
0xc1,0x08,0xc1,0x08,0xc1,0x08,0xc1,0x08,0xc1,0x08,0xc1,0x08,0xc1,0x08,0xc1,0x08,
0xc1,0x08,0xc1,0x08,0xc1,0x08,0xc1,0x08,0xc1,0x08,0xc1,0x08,0xc1,0x08,0xc1,0x08,
0xc1,0x08,0xc1,0x08,0xc1,0x08,0xc1,0x08,0xc1,0x08,0xc1,0x08,0xc1,0x08,0xc1,0x08,
0xc1,0x08,0xc1,0x08,0xc1,0x08,0xc1,0x08,0xc1,0x08,0xc1,0x08,0xc1,0x08,0xc1,0x08,
0xc1,0x08,0xc1,0x08,0xc1,0x08,0xc1,0x08,0xc1,0x08,0xc1,0x08,0xc1,0x08,0xc1,0x08,
0xc1,0x08,0xc1,0x08,0xc1,0x08,0xc1,0x08,0xc1,0x08,0xc1,0x08,0xc1,0x08,0xc1,0x08,
0xc1,0x08,0xc1,0x08,0xc1,0x08,0xc1,0x08,0xc1,0x08,0xc1,0x08,0xc1,0x08,0xc1,0x08,
0xc1,0x08,0xc1,0x08,0xc1,0x08,0xc1,0x08,0xc1,0x08,0xc1,0x08,0xc1,0x08,0xc1,0x08,
0xc1,0x08,0xc1,0x08,0xc1,0x08,0xc1,0x08,0xc1,0x08,0xc1,0x08,0xc1,0x08,0xc1,0x08,
0xc1,0x08,0xc1,0x08,0xc1,0x08,0xc1,0x08,0xc1,0x08,0xc1,0x08,0xc1,0x08,0xc1,0x08,
0xc1,0x08,0xc1,0x08,0xc1,0x08,0xc1,0x08,0xc1,0x08,0xc1,0x08,0xc1,0x08,0xc1,0x08,
0xc1,0x08,0xc1,0x08,0xc1,0x08,0xc1,0x08,0xc1,0x08,0xc1,0x08,0xc1,0x08,0xc1,0x08,
0xc1,0x08,0xc1,0x08,0xc1,0x08,0xc1,0x08,0xc1,0x08,0xc1,0x08,0xc1,0x08,0xc1,0x08,
0xc1,0x08,0xc1,0x08,0xc1,0x08,0xc1,0x08,0xc1,0x08,0xc1,0x08,0xc1,0x08,0xc1,0x08,
0xc1,0x08,0xc1,0x08,0xc1,0x08,0xc1,0x08,0xc1,0x08,0xc1,0x08,0xc1,0x08,0xc1,0x08,
0xc1,0x08,0xc1,0x08,0xc1,0x08,0xc1,0x08,0xc1,0x08,0xc1,0x08,0xc1,0x08,0xc1,0x08,
0xc1,0x08,0xc1,0x08,0xc1,0x08,0xc1,0x08,0xc1,0x08,0xc1,0x08,0xc1,0x08,0xc1,0x08,
0xc1,0x08,0xc1,0x08,0xc1,0x08,0xc1,0x08,0xc1,0x08,0xc1,0x08,0xc1,0x08,0xc1,0x08,
0xc1,0x08,0xc1,0x08,0xc1,0x08,0xc1,0x08,0xc1,0x08,0xc1,0x08,0xc1,0x08,0xc1,0x08,
0xc1,0x08,0xc1,0x08,0xc1,0x08,0xc1,0x08,0xc1,0x08,0xc1,0x08,0xc1,0x08,0xc1,0x08,
0xc1,0x08,0xc1,0x08,0xc1,0x08,0xc1,0x08,0xc1,0x08,0xc1,0x08,0xc1,0x08,0xc1,0x08,
0xc1,0x08,0xc1,0x08,0xc1,0x08,0xc1,0x08,0xc1,0x08,0xc1,0x08,0xc1,0x08,0xc1,0x08,
0xc1,0x08,0xc1,0x08,0xc1,0x08,0xc1,0x08,0xc1,0x08,0xc1,0x08,0xc1,0x08,0xc1,0x08,
0xc1,0x08,0xc1,0x08,0xc1,0x08,0xc1,0x08,0xc1,0x08,0xc1,0x08,0xc1,0x08,0xc1,0x08,
0xc1,0x08,0xc1,0x08,0xc1,0x08,0xc1,0x08,0xc1,0x08,0xc1,0x08,0xc1,0x08,0xc1,0x08,
0xc1,0x08,0xc1,0x08,0xc1,0x08,0xc1,0x08,0xc1,0x08,0xc1,0x08,0xc1,0x08,0xc1,0x08,
0xc1,0x08,0xc1,0x08,0xc1,0x08,0xc1,0x08,0xc1,0x08,0xc1,0x08,0xc1,0x08,0xc1,0x08,
0xc1,0x08,0xc1,0x08,0xc1,0x08,0xc1,0x08,0xc1,0x08,0xc1,0x08,0xc1,0x08,0xc1,0x08,
0xc1,0x08,0xc1,0x08,0xc1,0x08,0xc1,0x08,0xc1,0x08,0xc1,0x08,0xc1,0x08,0xc1,0x08,
0xc1,0x08,0xc1,0x08,0xc1,0x08,0xc1,0x08,0xc1,0x08,0xc1,0x08,0xc1,0x08,0xc1,0x08,
0xc1,0x08,0xc1,0x08,0xc1,0x08,0xc1,0x08,0xc1,0x08,0xc1,0x08,0xc1,0x08,0xc1,0x08,
0xc1,0x08,0xc1,0x08,0xc1,0x08,0xc1,0x08,0xc1,0x08,0xc1,0x08,0xc1,0x08,0xc1,0x08,
0xc1,0x08,0xc1,0x08,0xc1,0x08,0xc1,0x08,0xc1,0x08,0xc1,0x08,0xc1,0x08,0xc1,0x08,
0xc1,0x08,0xc1,0x08,0xc1,0x08,0xc1,0x08,0xc1,0x08,0xc1,0x08,0xc1,0x08,0xc1,0x08,
0xc1,0x08,0xc1,0x08,0xc1,0x08,0xc1,0x08,0xc1,0x08,0xc1,0x08,0xc1,0x08,0xc1,0x08,
0xc1,0x08,0xc1,0x08,0xc1,0x08,0xc1,0x08,0xc1,0x08,0xc1,0x08,0xc1,0x08,0xc1,0x08,
0xc1,0x08,0xc1,0x08,0xc1,0x08,0xc1,0x08,0xc1,0x08,0xc1,0x08,0xc1,0x08,0xc1,0x08,
0xc1,0x08,0xc1,0x08,0xc1,0x08,0xc1,0x08,0xc1,0x08,0xc1,0x08,0xc1,0x08,0xc1,0x08,
0xc1,0x08,0xc1,0x08,0xc1,0x08,0xc1,0x08,0xc1,0x08,0xc1,0x08,0xc1,0x08,0xc1,0x08,
0xc1,0x08,0xc1,0x08,0xc1,0x08,0xc1,0x08,0xc1,0x08,0xc1,0x08,0xc1,0x08,0xc1,0x08,
0xc1,0x08,0xc1,0x08,0xc1,0x08,0xc1,0x08,0xc1,0x08,0xc1,0x08,0xc1,0x08,0xc1,0x08,
0xc1,0x08,0xc1,0x08,0xc1,0x08,0xc1,0x08,0xc1,0x08,0xc1,0x08,0xc1,0x08,0xc1,0x08,
0xc1,0x08,0xc1,0x08,0xc1,0x08,0xc1,0x08,0xc1,0x08,0xc1,0x08,0xc1,0x08,0xc1,0x08,
0xc1,0x08,0xc1,0x08,0xc1,0x08,0xc1,0x08,0xc1,0x08,0xc1,0x08,0xc1,0x08,0xc1,0x08,
0xc1,0x08,0xc1,0x08,0xc1,0x08,0xc1,0x08,0xc1,0x08,0xc1,0x08,0xc1,0x08,0xc1,0x08,
0xc1,0x08,0xc1,0x08,0xc1,0x08,0xc1,0x08,0xc1,0x08,0xc1,0x08,0xc1,0x08,0xc1,0x08,
0xc1,0x08,0xc1,0x08,0xc1,0x08,0xc1,0x08,0xc1,0x08,0xc1,0x08,0xc1,0x08,0xc1,0x08,
0xc1,0x08,0xc1,0x08,0xc1,0x08,0xc1,0x08,0xc1,0x08,0xc1,0x08,0xc1,0x08,0xc1,0x08,
0xc1,0x08,0xc1,0x08,0xc1,0x08,0xc1,0x08,0xc1,0x08,0xc1,0x08,0xc1,0x08,0xc1,0x08,
0xc1,0x08,0xc1,0x08,0xc1,0x08,0xc1,0x08,0xc1,0x08,0xc1,0x08,0xc1,0x08,0xc1,0x08,
0xc1,0x08,0xc1,0x08,0xc1,0x08,0xc1,0x08,0xc1,0x08,0xc1,0x08,0xc1,0x08,0xc1,0x08,
0xc1,0x08,0xc1,0x08,0xc1,0x08,0xc1,0x08,0xc1,0x08,0xc1,0x08,0xc1,0x08,0xc1,0x08,
0xc1,0x08,0xc1,0x08,0xc1,0x08,0xc1,0x08,0xc1,0x08,0xc1,0x08,0xc1,0x08,0xc1,0x08,
0xc1,0x08,0xc1,0x08,0xc1,0x08,0xc1,0x08,0xc1,0x08,0xc1,0x08,0xc1,0x08,0xc1,0x08,
0xc1,0x08,0xc1,0x08,0xc1,0x08,0xc1,0x08,0xc1,0x08,0xc1,0x08,0xc1,0x08,0xc1,0x08,
0xc1,0x08,0xc1,0x08,0xc1,0x08,0xc1,0x08,0xc1,0x08,0xc1,0x08,0xc1,0x08,0xc1,0x08,
0xc1,0x08,0xc1,0x08,0xc1,0x08,0xc1,0x08,0xc1,0x08,0xc1,0x08,0xc1,0x08,0xc1,0x08,
0xc1,0x08,0xc1,0x08,0xc1,0x08,0xc1,0x08,0xc1,0x08,0xc1,0x08,0xc1,0x08,0xc1,0x08,
0xc1,0x08,0xc1,0x08,0xc1,0x08,0xc1,0x08,0xc1,0x08,0xc1,0x08,0xc1,0x08,0xc1,0x08,
0xc1,0x08,0xc1,0x08,0xc1,0x08,0xc1,0x08,0xc1,0x08,0xc1,0x08,0xc1,0x08,0xc1,0x08,
0xc1,0x08,0xc1,0x08,0xc1,0x08,0xc1,0x08,0xc1,0x08,0xc1,0x08,0xc1,0x08,0xc1,0x08,
0xc1,0x08,0xc1,0x08,0xc1,0x08,0xc1,0x08,0xc1,0x08,0xc1,0x08,0xc1,0x08,0xc1,0x08,
0xc1,0x08,0xc1,0x08,0xc1,0x08,0xc1,0x08,0xc1,0x08,0xc1,0x08,0xc1,0x08,0xc1,0x08,
0xc1,0x08,0xc1,0x08,0xc1,0x08,0xc1,0x08,0xc1,0x08,0xc1,0x08,0xc1,0x08,0xc1,0x08,
0xc1,0x08,0xc1,0x08,0xc1,0x08,0xc1,0x08,0xc1,0x08,0xc1,0x08,0xc1,0x08,0xc1,0x08,
0xc1,0x08,0xc1,0x08,0xc1,0x08,0xc1,0x08,0xc1,0x08,0xc1,0x08,0xc1,0x08,0xc1,0x08,
0xc1,0x08,0xc1,0x08,0xc1,0x08,0xc1,0x08,0xc1,0x08,0xc1,0x08,0xc1,0x08,0xc1,0x08,
0xc1,0x08,0xc1,0x08,0xc1,0x08,0xc1,0x08,0xc1,0x08,0xc1,0x08,0xc1,0x08,0xc1,0x08,
0xc1,0x08,0xc1,0x08,0xc1,0x08,0xc1,0x08,0xc1,0x08,0xc1,0x08,0xc1,0x08,0xc1,0x08,
0xc1,0x08,0xc1,0x08,0xc1,0x08,0xc1,0x08,0xc1,0x08,0xc1,0x08,0xc1,0x08,0xc1,0x08,
0xc1,0x08,0xc1,0x08,0xc1,0x08,0xc1,0x08,0xc1,0x08,0xc1,0x08,0xc1,0x08,0xc1,0x08,
0xc1,0x08,0xc1,0x08,0xc1,0x08,0xc1,0x08,0xc1,0x08,0xc1,0x08,0xc1,0x08,0xc1,0x08,
0xc1,0x08,0xc1,0x08,0xc1,0x08,0xc1,0x08,0xc1,0x08,0xc1,0x08,0xc1,0x08,0xc1,0x08,
0xc1,0x08,0xc1,0x08,0xc1,0x08,0xc1,0x08,0xc1,0x08,0xc1,0x08,0xc1,0x08,0xc1,0x08,
0xc1,0x08,0xc1,0x08,0xc1,0x08,0xc1,0x08,0xc1,0x08,0xc1,0x08,0xc1,0x08,0xc1,0x08,
0xc1,0x08,0xc1,0x08,0xc1,0x08,0xc1,0x08,0xc1,0x08,0xc1,0x08,0xc1,0x08,0xc1,0x08,
0xc1,0x08,0xc1,0x08,0xc1,0x08,0xc1,0x08,0xc1,0x08,0xc1,0x08,0xc1,0x08,0xc1,0x08,
0xc1,0x08,0xc1,0x08,0xc1,0x08,0xc1,0x08,0xc1,0x08,0xc1,0x08,0xc1,0x08,0xc1,0x08,
0xc1,0x08,0xc1,0x08,0xc1,0x08,0xc1,0x08,0xc1,0x08,0xc1,0x08,0xc1,0x08,0xc1,0x08,
0xc1,0x08,0xc1,0x08,0xc1,0x08,0xc1,0x08,0xc1,0x08,0xc1,0x08,0xc1,0x08,0xc1,0x08,
0xc1,0x08,0xc1,0x08,0xc1,0x08,0xc1,0x08,0xc1,0x08,0xc1,0x08,0xc1,0x08,0xc1,0x08,
0xc1,0x08,0xc1,0x08,0xc1,0x08,0xc1,0x08,0xc1,0x08,0xc1,0x08,0xc1,0x08,0xc1,0x08,
0xc1,0x08,0xc1,0x08,0xc1,0x08,0xc1,0x08,0xc1,0x08,0xc1,0x08,0xc1,0x08,0xc1,0x08,
0xc1,0x08,0xc1,0x08,0xc1,0x08,0xc1,0x08,0xc1,0x08,0xc1,0x08,0xc1,0x08,0xc1,0x08,
0xc1,0x08,0xc1,0x08,0xc1,0x08,0xc1,0x08,0xc1,0x08,0xc1,0x08,0xc1,0x08,0xc1,0x08,
0xc1,0x08,0xc1,0x08,0xc1,0x08,0xc1,0x08,0xc1,0x08,0xc1,0x08,0xc1,0x08,0xc1,0x08,
0xc1,0x08,0xc1,0x08,0xc1,0x08,0xc1,0x08,0xc1,0x08,0xc1,0x08,0xc1,0x08,0xc1,0x08,
0xc1,0x08,0xc1,0x08,0xc1,0x08,0xc1,0x08,0xc1,0x08,0xc1,0x08,0xc1,0x08,0xc1,0x08,
0xc1,0x08,0xc1,0x08,0xc1,0x08,0xc1,0x08,0xc1,0x08,0xc1,0x08,0xc1,0x08,0xc1,0x08,
0xc1,0x08,0xc1,0x08,0xc1,0x08,0xc1,0x08,0xc1,0x08,0xc1,0x08,0xc1,0x08,0xc1,0x08,
0xc1,0x08,0xc1,0x08,0xc1,0x08,0xc1,0x08,0xc1,0x08,0xc1,0x08,0xc1,0x08,0xc1,0x08,
0xc1,0x08,0xc1,0x08,0xc1,0x08,0xc1,0x08,0xc1,0x08,0xc1,0x08,0xc1,0x08,0xc1,0x08,
0xc1,0x08,0xc1,0x08,0xc1,0x08,0xc1,0x08,0xc1,0x08,0xc1,0x08,0xc1,0x08,0xc1,0x08,
0xc1,0x08,0xc1,0x08,0xc1,0x08,0xc1,0x08,0xc1,0x08,0xc1,0x08,0xc1,0x08,0xc1,0x08,
0xc1,0x08,0xc1,0x08,0xc1,0x08,0xc1,0x08,0xc1,0x08,0xc1,0x08,0xc1,0x08,0xc1,0x08,
0xc1,0x08,0xc1,0x08,0xc1,0x08,0xc1,0x08,0xc1,0x08,0xc1,0x08,0xc1,0x08,0xc1,0x08,
0xc1,0x08,0xc1,0x08,0xc1,0x08,0xc1,0x08,0xc1,0x08,0xc1,0x08,0xc1,0x08,0xc1,0x08,
0xc1,0x08,0xc1,0x08,0xc1,0x08,0xc1,0x08,0xc1,0x08,0xc1,0x08,0xc1,0x08,0xc1,0x08,
0xc1,0x08,0xc1,0x08,0xc1,0x08,0xc1,0x08,0xc1,0x08,0xc1,0x08,0xc1,0x08,0xc1,0x08,
0xc1,0x08,0xc1,0x08,0xc1,0x08,0xc1,0x08,0xc1,0x08,0xc1,0x08,0xc1,0x08,0xc1,0x08,
0xc1,0x08,0xc1,0x08,0xc1,0x08,0xc1,0x08,0xc1,0x08,0xc1,0x08,0xc1,0x08,0xc1,0x08,
0xc1,0x08,0xc1,0x08,0xc1,0x08,0xc1,0x08,0xc1,0x08,0xc1,0x08,0xc1,0x08,0xc1,0x08,
0xc1,0x08,0xc1,0x08,0xc1,0x08,0xc1,0x08,0xc1,0x08,0xc1,0x08,0xc1,0x08,0xc1,0x08,
0xc1,0x08,0xc1,0x08,0xc1,0x08,0xc1,0x08,0xc1,0x08,0xc1,0x08,0xc1,0x08,0xc1,0x08,
0xc1,0x08,0xc1,0x08,0xc1,0x08,0xc1,0x08,0xc1,0x08,0xc1,0x08,0xc1,0x08,0xc1,0x08,
0xc1,0x08,0xc1,0x08,0xc1,0x08,0xc1,0x08,0xc1,0x08,0xc1,0x08,0xc1,0x08,0xc1,0x08,
0xc1,0x08,0xc1,0x08,0xc1,0x08,0xc1,0x08,0xc1,0x08,0xc1,0x08,0xc1,0x08,0xc1,0x08,
0xc1,0x08,0xc1,0x08,0xc1,0x08,0xc1,0x08,0xc1,0x08,0xc1,0x08,0xc1,0x08,0xc1,0x08,
0xc1,0x08,0xc1,0x08,0xc1,0x08,0xc1,0x08,0xc1,0x08,0xc1,0x08,0xc1,0x08,0xc1,0x08,
0xc1,0x08,0xc1,0x08,0xc1,0x08,0xc1,0x08,0xc1,0x08,0xc1,0x08,0xc1,0x08,0xc1,0x08,
0xc1,0x08,0xc1,0x08,0xc1,0x08,0xc1,0x08,0xc1,0x08,0xc1,0x08,0xc1,0x08,0xc1,0x08,
0xc1,0x08,0xc1,0x08,0xc1,0x08,0xc1,0x08,0xc1,0x08,0xc1,0x08,0xc1,0x08,0xc1,0x08,
0xc1,0x08,0xc1,0x08,0xc1,0x08,0xc1,0x08,0xc1,0x08,0xc1,0x08,0xc1,0x08,0xc1,0x08,
0xc1,0x08,0xc1,0x08,0xc1,0x08,0xc1,0x08,0xc1,0x08,0xc1,0x08,0xc1,0x08,0xc1,0x08,
0xc1,0x08,0xc1,0x08,0xc1,0x08,0xc1,0x08,0xc1,0x08,0xc1,0x08,0xc1,0x08,0xc1,0x08,
0xc1,0x08,0xc1,0x08,0xc1,0x08,0xc1,0x08,0xc1,0x08,0xc1,0x08,0xc1,0x08,0xc1,0x08,
0xc1,0x08,0xc1,0x08,0xc1,0x08,0xc1,0x08,0xc1,0x08,0xc1,0x08,0xc1,0x08,0xc1,0x08,
0xc1,0x08,0xc1,0x08,0xc1,0x08,0xc1,0x08,0xc1,0x08,0xc1,0x08,0xc1,0x08,0xc1,0x08,
0xc1,0x08,0xc1,0x08,0xc1,0x08,0xc1,0x08,0xc1,0x08,0xc1,0x08,0xc1,0x08,0xc1,0x08,
0xc1,0x08,0xc1,0x08,0xc1,0x08,0xc1,0x08,0xc1,0x08,0xc1,0x08,0xc1,0x08,0xc1,0x08,
0xc1,0x08,0xc1,0x08,0xc1,0x08,0xc1,0x08,0xc1,0x08,0xc1,0x08,0xc1,0x08,0xc1,0x08,
0xc1,0x08,0xc1,0x08,0xc1,0x08,0xc1,0x08,0xc1,0x08,0xc1,0x08,0xc1,0x08,0xc1,0x08,
0xc1,0x08,0xc1,0x08,0xc1,0x08,0xc1,0x08,0xc1,0x08,0xc1,0x08,0xc1,0x08,0xc1,0x08,
0xc1,0x08,0xc1,0x08,0xc1,0x08,0xc1,0x08,0xc1,0x08,0xc1,0x08,0xc1,0x08,0xc1,0x08,
0xc1,0x08,0xc1,0x08,0xc1,0x08,0xc1,0x08,0xc1,0x08,0xc1,0x08,0xc1,0x08,0xc1,0x08,
0xc1,0x08,0xc1,0x08,0xc1,0x08,0xc1,0x08,0xc1,0x08,0xc1,0x08,0xc1,0x08,0xc1,0x08,
0xc1,0x08,0xc1,0x08,0xc1,0x08,0xc1,0x08,0xc1,0x08,0xc1,0x08,0xc1,0x08,0xc1,0x08,
0xc1,0x08,0xc1,0x08,0xc1,0x08,0xc1,0x08,0xc1,0x08,0xc1,0x08,0xc1,0x08,0xc1,0x08,
0xc1,0x08,0xc1,0x08,0xc1,0x08,0xc1,0x08,0xc1,0x08,0xc1,0x08,0xc1,0x08,0xc1,0x08,
0xc1,0x08,0xc1,0x08,0xc1,0x08,0xc1,0x08,0xc1,0x08,0xc1,0x08,0xc1,0x08,0xc1,0x08,
0xc1,0x08,0xc1,0x08,0xc1,0x08,0xc1,0x08,0xc1,0x08,0xc1,0x08,0xc1,0x08,0xc1,0x08,
0xc1,0x08,0xc1,0x08,0xc1,0x08,0xc1,0x08,0xc1,0x08,0xc1,0x08,0xc1,0x08,0xc1,0x08,
0xc1,0x08,0xc1,0x08,0xc1,0x08,0xc1,0x08,0xc1,0x08,0xc1,0x08,0xc1,0x08,0xc1,0x08,
0xc1,0x08,0xc1,0x08,0xc1,0x08,0xc1,0x08,0xc1,0x08,0xc1,0x08,0xc1,0x08,0xc1,0x08,
0xc1,0x08,0xc1,0x08,0xc1,0x08,0xc1,0x08,0xc1,0x08,0xc1,0x08,0xc1,0x08,0xc1,0x08,
0xc1,0x08,0xc1,0x08,0xc1,0x08,0xc1,0x08,0xc1,0x08,0xc1,0x08,0xc1,0x08,0xc1,0x08,
0xc1,0x08,0xc1,0x08,0xc1,0x08,0xc1,0x08,0xc1,0x08,0xc1,0x08,0xc1,0x08,0xc1,0x08,
0xc1,0x08,0xc1,0x08,0xc1,0x08,0xc1,0x08,0xc1,0x08,0xc1,0x08,0xc1,0x08,0xc1,0x08,
0xc1,0x08,0xc1,0x08,0xc1,0x08,0xc1,0x08,0xc1,0x08,0xc1,0x08,0xc1,0x08,0xc1,0x08,
0xc1,0x08,0xc1,0x08,0xc1,0x08,0xc1,0x08,0xc1,0x08,0xc1,0x08,0xc1,0x08,0xc1,0x08,
0xc1,0x08,0xc1,0x08,0xc1,0x08,0xc1,0x08,0xc1,0x08,0xc1,0x08,0xc1,0x08,0xc1,0x08,
0xc1,0x08,0xc1,0x08,0xc1,0x08,0xc1,0x08,0xc1,0x08,0xc1,0x08,0xc1,0x08,0xc1,0x08,
0xc1,0x08,0xc1,0x08,0xc1,0x08,0xc1,0x08,0xc1,0x08,0xc1,0x08,0xc1,0x08,0xc1,0x08,
0xc1,0x08,0xc1,0x08,0xc1,0x08,0xc1,0x08,0xc1,0x08,0xc1,0x08,0xc1,0x08,0xc1,0x08,
0xc1,0x08,0xc1,0x08,0xc1,0x08,0xc1,0x08,0xc1,0x08,0xc1,0x08,0xc1,0x08,0xc1,0x08,
0xc1,0x08,0xc1,0x08,0xc1,0x08,0xc1,0x08,0xc1,0x08,0xc1,0x08,0xc1,0x08,0xc1,0x08,
0xc1,0x08,0xc1,0x08,0xc1,0x08,0xc1,0x08,0xc1,0x08,0xc1,0x08,0xc1,0x08,0xc1,0x08,
0xc1,0x08,0xc1,0x08,0xc1,0x08,0xc1,0x08,0xc1,0x08,0xc1,0x08,0xc1,0x08,0xc1,0x08,
0xc1,0x08,0xc1,0x08,0xc1,0x08,0xc1,0x08,0xc1,0x08,0xc1,0x08,0xc1,0x08,0xc1,0x08,
0xc1,0x08,0xc1,0x08,0xc1,0x08,0xc1,0x08,0xc1,0x08,0xc1,0x08,0xc1,0x08,0xc1,0x08,
0xc1,0x08,0xc1,0x08,0xc1,0x08,0xc1,0x08,0xc1,0x08,0xc1,0x08,0xc1,0x08,0xc1,0x08,
0xc1,0x08,0xc1,0x08,0xc1,0x08,0xc1,0x08,0xc1,0x08,0xc1,0x08,0xc1,0x08,0xc1,0x08,
0xc1,0x08,0xc1,0x08,0xc1,0x08,0xc1,0x08,0xc1,0x08,0xc1,0x08,0xc1,0x08,0xc1,0x08,
0xc1,0x08,0xc1,0x08,0xc1,0x08,0xc1,0x08,0xc1,0x08,0xc1,0x08,0xc1,0x08,0xc1,0x08,
0xc1,0x08,0xc1,0x08,0xc1,0x08,0xc1,0x08,0xc1,0x08,0xc1,0x08,0xc1,0x08,0xc1,0x08,
0xc1,0x08,0xc1,0x08,0xc1,0x08,0xc1,0x08,0xc1,0x08,0xc1,0x08,0xc1,0x08,0xc1,0x08,
0xc1,0x08,0xc1,0x08,0xc1,0x08,0xc1,0x08,0xc1,0x08,0xc1,0x08,0xc1,0x08,0xc1,0x08,
0xc1,0x08,0xc1,0x08,0xc1,0x08,0xc1,0x08,0xc1,0x08,0xc1,0x08,0xc1,0x08,0xc1,0x08,
0xc1,0x08,0xc1,0x08,0xc1,0x08,0xc1,0x08,0xc1,0x08,0xc1,0x08,0xc1,0x08,0xc1,0x08,
0xc1,0x08,0xc1,0x08,0xc1,0x08,0xc1,0x08,0xc1,0x08,0xc1,0x08,0xc1,0x08,0xc1,0x08,
0xc1,0x08,0xc1,0x08,0xc1,0x08,0xc1,0x08,0xc1,0x08,0xc1,0x08,0xc1,0x08,0xc1,0x08,
0xc1,0x08,0xc1,0x08,0xc1,0x08,0xc1,0x08,0xc1,0x08,0xc1,0x08,0xc1,0x08,0xc1,0x08,
0xc1,0x08,0xc1,0x08,0xc1,0x08,0xc1,0x08,0xc1,0x08,0xc1,0x08,0xc1,0x08,0xc1,0x08,
0xc1,0x08,0xc1,0x08,0xc1,0x08,0xc1,0x08,0xc1,0x08,0xc1,0x08,0xc1,0x08,0xc1,0x08,
0xc1,0x08,0xc1,0x08,0xc1,0x08,0xc1,0x08,0xc1,0x08,0xc1,0x08,0xc1,0x08,0xc1,0x08,
0xc1,0x08,0xc1,0x08,0xc1,0x08,0xc1,0x08,0xc1,0x08,0xc1,0x08,0xc1,0x08,0xc1,0x08,
0xc1,0x08,0xc1,0x08,0xc1,0x08,0xc1,0x08,0xc1,0x08,0xc1,0x08,0xc1,0x08,0xc1,0x08,
0xc1,0x08,0xc1,0x08,0xc1,0x08,0xc1,0x08,0xc1,0x08,0xc1,0x08,0xc1,0x08,0xc1,0x08,
0xc1,0x08,0xc1,0x08,0xc1,0x08,0xc1,0x08,0xc1,0x08,0xc1,0x08,0xc1,0x08,0xc1,0x08,
0xc1,0x08,0xc1,0x08,0xc1,0x08,0xc1,0x08,0xc1,0x08,0xc1,0x08,0xc1,0x08,0xc1,0x08,
0xc1,0x08,0xc1,0x08,0xc1,0x08,0xc1,0x08,0xc1,0x08,0xc1,0x08,0xc1,0x08,0xc1,0x08,
0xc1,0x08,0xc1,0x08,0xc1,0x08,0xc1,0x08,0xc1,0x08,0xc1,0x08,0xc1,0x08,0xc1,0x08,
0xc1,0x08,0xc1,0x08,0xc1,0x08,0xc1,0x08,0xc1,0x08,0xc1,0x08,0xc1,0x08,0xc1,0x08,
0xc1,0x08,0xc1,0x08,0xc1,0x08,0xc1,0x08,0xc1,0x08,0xc1,0x08,0xc1,0x08,0xc1,0x08,
0xc1,0x08,0xc1,0x08,0xc1,0x08,0xc1,0x08,0xc1,0x08,0xc1,0x08,0xc1,0x08,0xc1,0x08,
0xc1,0x08,0xc1,0x08,0xc1,0x08,0xc1,0x08,0xc1,0x08,0xc1,0x08,0xc1,0x08,0xc1,0x08,
0xc1,0x08,0xc1,0x08,0xc1,0x08,0xc1,0x08,0xc1,0x08,0xc1,0x08,0xc1,0x08,0xc1,0x08,
0xc1,0x08,0xc1,0x08,0xc1,0x08,0xc1,0x08,0xc1,0x08,0xc1,0x08,0xc1,0x08,0xc1,0x08,
0xc1,0x08,0xc1,0x08,0xc1,0x08,0xc1,0x08,0xc1,0x08,0xc1,0x08,0xc1,0x08,0xc1,0x08,
0xc1,0x08,0xc1,0x08,0xc1,0x08,0xc1,0x08,0xc1,0x08,0xc1,0x08,0xc1,0x08,0xc1,0x08,
0xc1,0x08,0xc1,0x08,0xc1,0x08,0xc1,0x08,0xc1,0x08,0xc1,0x08,0xc1,0x08,0xc1,0x08,
0xc1,0x08,0xc1,0x08,0xc1,0x08,0xc1,0x08,0xc1,0x08,0xc1,0x08,0xc1,0x08,0xc1,0x08,
0xc1,0x08,0xc1,0x08,0xc1,0x08,0xc1,0x08,0xc1,0x08,0xc1,0x08,0xc1,0x08,0xc1,0x08,
0xc1,0x08,0xc1,0x08,0xc1,0x08,0xc1,0x08,0xc1,0x08,0xc1,0x08,0xc1,0x08,0xc1,0x08,
0xc1,0x08,0xc1,0x08,0xc1,0x08,0xc1,0x08,0xc1,0x08,0xc1,0x08,0xc1,0x08,0xc1,0x08,
0xc1,0x08,0xc1,0x08,0xc1,0x08,0xc1,0x08,0xc1,0x08,0xc1,0x08,0xc1,0x08,0xc1,0x08,
0xc1,0x08,0xc1,0x08,0xc1,0x08,0xc1,0x08,0xc1,0x08,0xc1,0x08,0xc1,0x08,0xc1,0x08,
0xc1,0x08,0xc1,0x08,0xc1,0x08,0xc1,0x08,0xc1,0x08,0xc1,0x08,0xc1,0x08,0xc1,0x08,
0xc1,0x08,0xc1,0x08,0xc1,0x08,0xc1,0x08,0xc1,0x08,0xc1,0x08,0xc1,0x08,0xc1,0x08,
0xc1,0x08,0xc1,0x08,0xc1,0x08,0xc1,0x08,0xc1,0x08,0xc1,0x08,0xc1,0x08,0xc1,0x08,
0xc1,0x08,0xc1,0x08,0xc1,0x08,0xc1,0x08,0xc1,0x08,0xc1,0x08,0xc1,0x08,0xc1,0x08,
0xc1,0x08,0xc1,0x08,0xc1,0x08,0xc1,0x08,0xc1,0x08,0xc1,0x08,0xc1,0x08,0xc1,0x08,
0xc1,0x08,0xc1,0x08,0xc1,0x08,0xc1,0x08,0xc1,0x08,0xc1,0x08,0xc1,0x08,0xc1,0x08,
0xc1,0x08,0xc1,0x08,0xc1,0x08,0xc1,0x08,0xc1,0x08,0xc1,0x08,0xc1,0x08,0xc1,0x08,
0xc1,0x08,0xc1,0x08,0xc1,0x08,0xc1,0x08,0xc1,0x08,0xc1,0x08,0xc1,0x08,0xc1,0x08,
0xc1,0x08,0xc1,0x08,0xc1,0x08,0xc1,0x08,0xc1,0x08,0xc1,0x08,0xc1,0x08,0xc1,0x08,
0xc1,0x08,0xc1,0x08,0xc1,0x08,0xc1,0x08,0xc1,0x08,0xc1,0x08,0xc1,0x08,0xc1,0x08,
0xc1,0x08,0xc1,0x08,0xc1,0x08,0xc1,0x08,0xc1,0x08,0xc1,0x08,0xc1,0x08,0xc1,0x08,
0xc1,0x08,0xc1,0x08,0xc1,0x08,0xc1,0x08,0xc1,0x08,0xc1,0x08,0xc1,0x08,0xc1,0x08,
0xc1,0x08,0xc1,0x08,0xc1,0x08,0xc1,0x08,0xc1,0x08,0xc1,0x08,0xc1,0x08,0xc1,0x08,
0xc1,0x08,0xc1,0x08,0xc1,0x08,0xc1,0x08,0xc1,0x08,0xc1,0x08,0xc1,0x08,0xc1,0x08,
0xc1,0x08,0xc1,0x08,0xc1,0x08,0xc1,0x08,0xc1,0x08,0xc1,0x08,0xc1,0x08,0xc1,0x08,
0xc1,0x08,0xc1,0x08,0xc1,0x08,0xc1,0x08,0xc1,0x08,0xc1,0x08,0xc1,0x08,0xc1,0x08,
0xc1,0x08,0xc1,0x08,0xc1,0x08,0xc1,0x08,0xc1,0x08,0xc1,0x08,0xc1,0x08,0xc1,0x08,
0xc1,0x08,0xc1,0x08,0xc1,0x08,0xc1,0x08,0xc1,0x08,0xc1,0x08,0xc1,0x08,0xc1,0x08,
0xc1,0x08,0xc1,0x08,0xc1,0x08,0xc1,0x08,0xc1,0x08,0xc1,0x08,0xc1,0x08,0xc1,0x08,
0xc1,0x08,0xc1,0x08,0xc1,0x08,0xc1,0x08,0xc1,0x08,0xc1,0x08,0xc1,0x08,0xc1,0x08,
0xc1,0x08,0xc1,0x08,0xc1,0x08,0xc1,0x08,0xc1,0x08,0xc1,0x08,0xc1,0x08,0xc1,0x08,
0xc1,0x08,0xc1,0x08,0xc1,0x08,0xc1,0x08,0xc1,0x08,0xc1,0x08,0xc1,0x08,0xc1,0x08,
0xc1,0x08,0xc1,0x08,0xc1,0x08,0xc1,0x08,0xc1,0x08,0xc1,0x08,0xc1,0x08,0xc1,0x08,
0xc1,0x08,0xc1,0x08,0xc1,0x08,0xc1,0x08,0xc1,0x08,0xc1,0x08,0xc1,0x08,0xc1,0x08,
0xc1,0x08,0xc1,0x08,0xc1,0x08,0xc1,0x08,0xc1,0x08,0xc1,0x08,0xc1,0x08,0xc1,0x08,
0xc1,0x08,0xc1,0x08,0xc1,0x08,0xc1,0x08,0xc1,0x08,0xc1,0x08,0xc1,0x08,0xc1,0x08,
0xc1,0x08,0xc1,0x08,0xc1,0x08,0xc1,0x08,0xc1,0x08,0xc1,0x08,0xc1,0x08,0xc1,0x08,
0xc1,0x08,0xc1,0x08,0xc1,0x08,0xc1,0x08,0xc1,0x08,0xc1,0x08,0xc1,0x08,0xc1,0x08,
0xc1,0x08,0xc1,0x08,0xc1,0x08,0xc1,0x08,0xc1,0x08,0xc1,0x08,0xc1,0x08,0xc1,0x08,
0xc1,0x08,0xc1,0x08,0xc1,0x08,0xc1,0x08,0xc1,0x08,0xc1,0x08,0xc1,0x08,0xc1,0x08,
0xc1,0x08,0xc1,0x08,0xc1,0x08,0xc1,0x08,0xc1,0x08,0xc1,0x08,0xc1,0x08,0xc1,0x08,
0xc1,0x08,0xc1,0x08,0xc1,0x08,0xc1,0x08,0xc1,0x08,0xc1,0x08,0xc1,0x08,0xc1,0x08,
0xc1,0x08,0xc1,0x08,0xc1,0x08,0xc1,0x08,0xc1,0x08,0xc1,0x08,0xc1,0x08,0xc1,0x08,
0xc1,0x08,0xc1,0x08,0xc1,0x08,0xc1,0x08,0xc1,0x08,0xc1,0x08,0xc1,0x08,0xc1,0x08,
0xc1,0x08,0xc1,0x08,0xc1,0x08,0xc1,0x08,0xc1,0x08,0xc1,0x08,0xc1,0x08,0xc1,0x08,
0xc1,0x08,0xc1,0x08,0xc1,0x08,0xc1,0x08,0xc1,0x08,0xc1,0x08,0xc1,0x08,0xc1,0x08,
0xc1,0x08,0xc1,0x08,0xc1,0x08,0xc1,0x08,0xc1,0x08,0xc1,0x08,0xc1,0x08,0xc1,0x08,
0xc1,0x08,0xc1,0x08,0xc1,0x08,0xc1,0x08,0xc1,0x08,0xc1,0x08,0xc1,0x08,0xc1,0x08,
0xc1,0x08,0xc1,0x08,0xc1,0x08,0xc1,0x08,0xc1,0x08,0xc1,0x08,0xc1,0x08,0xc1,0x08,
0xc1,0x08,0xc1,0x08,0xc1,0x08,0xc1,0x08,0xc1,0x08,0xc1,0x08,0xc1,0x08,0xc1,0x08,
0xc1,0x08,0xc1,0x08,0xc1,0x08,0xc1,0x08,0xc1,0x08,0xc1,0x08,0xc1,0x08,0xc1,0x08,
0xc1,0x08,0xc1,0x08,0xc1,0x08,0xc1,0x08,0xc1,0x08,0xc1,0x08,0xc1,0x08,0xc1,0x08,
0xc1,0x08,0xc1,0x08,0xc1,0x08,0xc1,0x08,0xc1,0x08,0xc1,0x08,0xc1,0x08,0xc1,0x08,
0xc1,0x08,0xc1,0x08,0xc1,0x08,0xc1,0x08,0xc1,0x08,0xc1,0x08,0xc1,0x08,0xc1,0x08,
0xc1,0x08,0xc1,0x08,0xc1,0x08,0xc1,0x08,0xc1,0x08,0xc1,0x08,0xc1,0x08,0xc1,0x08,
0xc1,0x08,0xc1,0x08,0xc1,0x08,0xc1,0x08,0xc1,0x08,0xc1,0x08,0xc1,0x08,0xc1,0x08,
0xc1,0x08,0xc1,0x08,0xc1,0x08,0xc1,0x08,0xc1,0x08,0xc1,0x08,0xc1,0x08,0xc1,0x08,
0xc1,0x08,0xc1,0x08,0xc1,0x08,0xc1,0x08,0xc1,0x08,0xc1,0x08,0xc1,0x08,0xc1,0x08,
0xc1,0x08,0xc1,0x08,0xc1,0x08,0xc1,0x08,0xc1,0x08,0xc1,0x08,0xc1,0x08,0xc1,0x08,
0xc1,0x08,0xc1,0x08,0xc1,0x08,0xc1,0x08,0xc1,0x08,0xc1,0x08,0xc1,0x08,0xc1,0x08,
0xc1,0x08,0xc1,0x08,0xc1,0x08,0xc1,0x08,0xc1,0x08,0xc1,0x08,0xc1,0x08,0xc1,0x08,
0xc1,0x08,0xc1,0x08,0xc1,0x08,0xc1,0x08,0xc1,0x08,0xc1,0x08,0xc1,0x08,0xc1,0x08,
0xc1,0x08,0xc1,0x08,0xc1,0x08,0xc1,0x08,0xc1,0x08,0xc1,0x08,0xc1,0x08,0xc1,0x08,
0xc1,0x08,0xc1,0x08,0xc1,0x08,0xc1,0x08,0xc1,0x08,0xc1,0x08,0xc1,0x08,0xc1,0x08,
0xc1,0x08,0xc1,0x08,0xc1,0x08,0xc1,0x08,0xc1,0x08,0xc1,0x08,0xc1,0x08,0xc1,0x08,
0xc1,0x08,0xc1,0x08,0xc1,0x08,0xc1,0x08,0xc1,0x08,0xc1,0x08,0xc1,0x08,0xc1,0x08,
0xc1,0x08,0xc1,0x08,0xc1,0x08,0xc1,0x08,0xc1,0x08,0xc1,0x08,0xc1,0x08,0xc1,0x08,
0xc1,0x08,0xc1,0x08,0xc1,0x08,0xc1,0x08,0xc1,0x08,0xc1,0x08,0xc1,0x08,0xc1,0x08,
0xc1,0x08,0xc1,0x08,0xc1,0x08,0xc1,0x08,0xc1,0x08,0xc1,0x08,0xc1,0x08,0xc1,0x08,
0xc1,0x08,0xc1,0x08,0xc1,0x08,0xc1,0x08,0xc1,0x08,0xc1,0x08,0xc1,0x08,0xc1,0x08,
0xc1,0x08,0xc1,0x08,0xc1,0x08,0xc1,0x08,0xc1,0x08,0xc1,0x08,0xc1,0x08,0xc1,0x08,
0xc1,0x08,0xc1,0x08,0xc1,0x08,0xc1,0x08,0xc1,0x08,0xc1,0x08,0xc1,0x08,0xc1,0x08,
0xc1,0x08,0xc1,0x08,0xc1,0x08,0xc1,0x08,0xc1,0x08,0xc1,0x08,0xc1,0x08,0xc1,0x08,
0xc1,0x08,0xc1,0x08,0xc1,0x08,0xc1,0x08,0xc1,0x08,0xc1,0x08,0xc1,0x08,0xc1,0x08,
0xc1,0x08,0xc1,0x08,0xc1,0x08,0xc1,0x08,0xc1,0x08,0xc1,0x08,0xc1,0x08,0xc1,0x08,
0xc1,0x08,0xc1,0x08,0xc1,0x08,0xc1,0x08,0xc1,0x08,0xc1,0x08,0xc1,0x08,0xc1,0x08,
0xc1,0x08,0xc1,0x08,0xc1,0x08,0xc1,0x08,0xc1,0x08,0xc1,0x08,0xc1,0x08,0xc1,0x08,
0xc1,0x08,0xc1,0x08,0xc1,0x08,0xc1,0x08,0xc1,0x08,0xc1,0x08,0xc1,0x08,0xc1,0x08,
0xc1,0x08,0xc1,0x08,0xc1,0x08,0xc1,0x08,0xc1,0x08,0xc1,0x08,0xc1,0x08,0xc1,0x08,
0xc1,0x08,0xc1,0x08,0xc1,0x08,0xc1,0x08,0xc1,0x08,0xc1,0x08,0xc1,0x08,0xc1,0x08,
0xc1,0x08,0xc1,0x08,0xc1,0x08,0xc1,0x08,0xc1,0x08,0xc1,0x08,0xc1,0x08,0xc1,0x08,
0xc1,0x08,0xc1,0x08,0xc1,0x08,0xc1,0x08,0xc1,0x08,0xc1,0x08,0xc1,0x08,0xc1,0x08,
0xc1,0x08,0xc1,0x08,0xc1,0x08,0xc1,0x08,0xc1,0x08,0xc1,0x08,0xc1,0x08,0xc1,0x08,
0xc1,0x08,0xc1,0x08,0xc1,0x08,0xc1,0x08,0xc1,0x08,0xc1,0x08,0xc1,0x08,0xc1,0x08,
0xc1,0x08,0xc1,0x08,0xc1,0x08,0xc1,0x08,0xc1,0x08,0xc1,0x08,0xc1,0x08,0xc1,0x08,
0xc1,0x08,0xc1,0x08,0xc1,0x08,0xc1,0x08,0xc1,0x08,0xc1,0x08,0xc1,0x08,0xc1,0x08,
0xc1,0x08,0xc1,0x08,0xc1,0x08,0xc1,0x08,0xc1,0x08,0xc1,0x08,0xc1,0x08,0xc1,0x08,
0xc1,0x08,0xc1,0x08,0xc1,0x08,0xc1,0x08,0xc1,0x08,0xc1,0x08,0xc1,0x08,0xc1,0x08,
0xc1,0x08,0xc1,0x08,0xc1,0x08,0xc1,0x08,0xc1,0x08,0xc1,0x08,0xc1,0x08,0xc1,0x08,
0xc1,0x08,0xc1,0x08,0xc1,0x08,0xc1,0x08,0xc1,0x08,0xc1,0x08,0xc1,0x08,0xc1,0x08,
0xc1,0x08,0xc1,0x08,0xc1,0x08,0xc1,0x08,0xc1,0x08,0xc1,0x08,0xc1,0x08,0xc1,0x08,
0xc1,0x08,0xc1,0x08,0xc1,0x08,0xc1,0x08,0xc1,0x08,0xc1,0x08,0xc1,0x08,0xc1,0x08,
0xc1,0x08,0xc1,0x08,0xc1,0x08,0xc1,0x08,0xc1,0x08,0xc1,0x08,0xc1,0x08,0xc1,0x08,
0xc1,0x08,0xc1,0x08,0xc1,0x08,0xc1,0x08,0xc1,0x08,0xc1,0x08,0xc1,0x08,0xc1,0x08,
0xc1,0x08,0xc1,0x08,0xc1,0x08,0xc1,0x08,0xc1,0x08,0xc1,0x08,0xc1,0x08,0xc1,0x08,
0xc1,0x08,0xc1,0x08,0xc1,0x08,0xc1,0x08,0xc1,0x08,0xc1,0x08,0xc1,0x08,0xc1,0x08,
0xc1,0x08,0xc1,0x08,0xc1,0x08,0xc1,0x08,0xc1,0x08,0xc1,0x08,0xc1,0x08,0xc1,0x08,
0xc1,0x08,0xc1,0x08,0xc1,0x08,0xc1,0x08,0xc1,0x08,0xc1,0x08,0xc1,0x08,0xc1,0x08,
0xc1,0x08,0xc1,0x08,0xc1,0x08,0xc1,0x08,0xc1,0x08,0xc1,0x08,0xc1,0x08,0xc1,0x08,
0xc1,0x08,0xc1,0x08,0xc1,0x08,0xc1,0x08,0xc1,0x08,0xc1,0x08,0xc1,0x08,0xc1,0x08,
0xc1,0x08,0xc1,0x08,0xc1,0x08,0xc1,0x08,0xc1,0x08,0xc1,0x08,0xc1,0x08,0xc1,0x08,
0xc1,0x08,0xc1,0x08,0xc1,0x08,0xc1,0x08,0xc1,0x08,0xc1,0x08,0xc1,0x08,0xc1,0x08,
0xc1,0x08,0xc1,0x08,0xc1,0x08,0xc1,0x08,0xc1,0x08,0xc1,0x08,0xc1,0x08,0xc1,0x08,
0xc1,0x08,0xc1,0x08,0xc1,0x08,0xc1,0x08,0xc1,0x08,0xc1,0x08,0xc1,0x08,0xc1,0x08,
0xc1,0x08,0xc1,0x08,0xc1,0x08,0xc1,0x08,0xc1,0x08,0xc1,0x08,0xc1,0x08,0xc1,0x08,
0xc1,0x08,0xc1,0x08,0xc1,0x08,0xc1,0x08,0xc1,0x08,0xc1,0x08,0xc1,0x08,0xc1,0x08,
0xc1,0x08,0xc1,0x08,0xc1,0x08,0xc1,0x08,0xc1,0x08,0xc1,0x08,0xc1,0x08,0xc1,0x08,
0xc1,0x08,0xc1,0x08,0xc1,0x08,0xc1,0x08,0xc1,0x08,0xc1,0x08,0xc1,0x08,0xc1,0x08,
0xc1,0x08,0xc1,0x08,0xc1,0x08,0xc1,0x08,0xc1,0x08,0xc1,0x08,0xc1,0x08,0xc1,0x08,
0xc1,0x08,0xc1,0x08,0xc1,0x08,0xc1,0x08,0xc1,0x08,0xc1,0x08,0xc1,0x08,0xc1,0x08,
0xc1,0x08,0xc1,0x08,0xc1,0x08,0xc1,0x08,0xc1,0x08,0xc1,0x08,0xc1,0x08,0xc1,0x08,
0xc1,0x08,0xc1,0x08,0xc1,0x08,0xc1,0x08,0xc1,0x08,0xc1,0x08,0xc1,0x08,0xc1,0x08,
0xc1,0x08,0xc1,0x08,0xc1,0x08,0xc1,0x08,0xc1,0x08,0xc1,0x08,0xc1,0x08,0xc1,0x08,
0xc1,0x08,0xc1,0x08,0xc1,0x08,0xc1,0x08,0xc1,0x08,0xc1,0x08,0xc1,0x08,0xc1,0x08,
0xc1,0x08,0xc1,0x08,0xc1,0x08,0xc1,0x08,0xc1,0x08,0xc1,0x08,0xc1,0x08,0xc1,0x08,
0xc1,0x08,0xc1,0x08,0xc1,0x08,0xc1,0x08,0xc1,0x08,0xc1,0x08,0xc1,0x08,0xc1,0x08,
0xc1,0x08,0xc1,0x08,0xc1,0x08,0xc1,0x08,0xc1,0x08,0xc1,0x08,0xc1,0x08,0xc1,0x08,
0xc1,0x08,0xc1,0x08,0xc1,0x08,0xc1,0x08,0xc1,0x08,0xc1,0x08,0xc1,0x08,0xc1,0x08,
0xc1,0x08,0xc1,0x08,0xc1,0x08,0xc1,0x08,0xc1,0x08,0xc1,0x08,0xc1,0x08,0xc1,0x08,
0xc1,0x08,0xc1,0x08,0xc1,0x08,0xc1,0x08,0xc1,0x08,0xc1,0x08,0xc1,0x08,0xc1,0x08,
0xc1,0x08,0xc1,0x08,0xc1,0x08,0xc1,0x08,0xc1,0x08,0xc1,0x08,0xc1,0x08,0xc1,0x08,
0xc1,0x08,0xc1,0x08,0xc1,0x08,0xc1,0x08,0xc1,0x08,0xc1,0x08,0xc1,0x08,0xc1,0x08,
0xc1,0x08,0xc1,0x08,0xc1,0x08,0xc1,0x08,0xc1,0x08,0xc1,0x08,0xc1,0x08,0xc1,0x08,
0xc1,0x08,0xc1,0x08,0xc1,0x08,0xc1,0x08,0xc1,0x08,0xc1,0x08,0xc1,0x08,0xc1,0x08,
0xc1,0x08,0xc1,0x08,0xc1,0x08,0xc1,0x08,0xc1,0x08,0xc1,0x08,0xc1,0x08,0xc1,0x08,
0xc1,0x08,0xc1,0x08,0xc1,0x08,0xc1,0x08,0xc1,0x08,0xc1,0x08,0xc1,0x08,0xc1,0x08,
0xc1,0x08,0xc1,0x08,0xc1,0x08,0xc1,0x08,0xc1,0x08,0xc1,0x08,0xc1,0x08,0xc1,0x08,
0xc1,0x08,0xc1,0x08,0xc1,0x08,0xc1,0x08,0xc1,0x08,0xc1,0x08,0xc1,0x08,0xc1,0x08,
0xc1,0x08,0xc1,0x08,0xc1,0x08,0xc1,0x08,0xc1,0x08,0xc1,0x08,0xc1,0x08,0xc1,0x08,
0xc1,0x08,0xc1,0x08,0xc1,0x08,0xc1,0x08,0xc1,0x08,0xc1,0x08,0xc1,0x08,0xc1,0x08,
0xc1,0x08,0xc1,0x08,0xc1,0x08,0xc1,0x08,0xc1,0x08,0xc1,0x08,0xc1,0x08,0xc1,0x08,
0xc1,0x08,0xc1,0x08,0xc1,0x08,0xc1,0x08,0xc1,0x08,0xc1,0x08,0xc1,0x08,0xc1,0x08,
0xc1,0x08,0xc1,0x08,0xc1,0x08,0xc1,0x08,0xc1,0x08,0xc1,0x08,0xc1,0x08,0xc1,0x08,
0xc1,0x08,0xc1,0x08,0xc1,0x08,0xc1,0x08,0xc1,0x08,0xc1,0x08,0xc1,0x08,0xc1,0x08,
0xc1,0x08,0xc1,0x08,0xc1,0x08,0xc1,0x08,0xc1,0x08,0xc1,0x08,0xc1,0x08,0xc1,0x08,
0xc1,0x08,0xc1,0x08,0xc1,0x08,0xc1,0x08,0xc1,0x08,0xc1,0x08,0xc1,0x08,0xc1,0x08,
0xc1,0x08,0xc1,0x08,0xc1,0x08,0xc1,0x08,0xc1,0x08,0xc1,0x08,0xc1,0x08,0xc1,0x08,
0xc1,0x08,0xc1,0x08,0xc1,0x08,0xc1,0x08,0xc1,0x08,0xc1,0x08,0xc1,0x08,0xc1,0x08,
0xc1,0x08,0xc1,0x08,0xc1,0x08,0xc1,0x08,0xc1,0x08,0xc1,0x08,0xc1,0x08,0xc1,0x08,
0xc1,0x08,0xc1,0x08,0xc1,0x08,0xc1,0x08,0xc1,0x08,0xc1,0x08,0xc1,0x08,0xc1,0x08,
0xc1,0x08,0xc1,0x08,0xc1,0x08,0xc1,0x08,0xc1,0x08,0xc1,0x08,0xc1,0x08,0xc1,0x08,
0xc1,0x08,0xc1,0x08,0xc1,0x08,0xc1,0x08,0xc1,0x08,0xc1,0x08,0xc1,0x08,0xc1,0x08,
0xc1,0x08,0xc1,0x08,0xc1,0x08,0xc1,0x08,0xc1,0x08,0xc1,0x08,0xc1,0x08,0xc1,0x08,
0xc1,0x08,0xc1,0x08,0xc1,0x08,0xc1,0x08,0xc1,0x08,0xc1,0x08,0xc1,0x08,0xc1,0x08,
0xc1,0x08,0xc1,0x08,0xc1,0x08,0xc1,0x08,0xc1,0x08,0xc1,0x08,0xc1,0x08,0xc1,0x08,
0xc1,0x08,0xc1,0x08,0xc1,0x08,0xc1,0x08,0xc1,0x08,0xc1,0x08,0xc1,0x08,0xc1,0x08,
0xc1,0x08,0xc1,0x08,0xc1,0x08,0xc1,0x08,0xc1,0x08,0xc1,0x08,0xc1,0x08,0xc1,0x08,
0xc1,0x08,0xc1,0x08,0xc1,0x08,0xc1,0x08,0xc1,0x08,0xc1,0x08,0xc1,0x08,0xc1,0x08,
0xc1,0x08,0xc1,0x08,0xc1,0x08,0xc1,0x08,0xc1,0x08,0xc1,0x08,0xc1,0x08,0xc1,0x08,
0xc1,0x08,0xc1,0x08,0xc1,0x08,0xc1,0x08,0xc1,0x08,0xc1,0x08,0xc1,0x08,0xc1,0x08,
0xc1,0x08,0xc1,0x08,0xc1,0x08,0xc1,0x08,0xc1,0x08,0xc1,0x08,0xc1,0x08,0xc1,0x08,
0xc1,0x08,0xc1,0x08,0xc1,0x08,0xc1,0x08,0xc1,0x08,0xc1,0x08,0xc1,0x08,0xc1,0x08,
0xc1,0x08,0xc1,0x08,0xc1,0x08,0xc1,0x08,0xc1,0x08,0xc1,0x08,0xc1,0x08,0xc1,0x08,
0xc1,0x08,0xc1,0x08,0xc1,0x08,0xc1,0x08,0xc1,0x08,0xc1,0x08,0xc1,0x08,0xc1,0x08,
0xc1,0x08,0xc1,0x08,0xc1,0x08,0xc1,0x08,0xc1,0x08,0xc1,0x08,0xc1,0x08,0xc1,0x08,
0xc1,0x08,0xc1,0x08,0xc1,0x08,0xc1,0x08,0xc1,0x08,0xc1,0x08,0xc1,0x08,0xc1,0x08,
0xc1,0x08,0xc1,0x08,0xc1,0x08,0xc1,0x08,0xc1,0x08,0xc1,0x08,0xc1,0x08,0xc1,0x08,
0xc1,0x08,0xc1,0x08,0xc1,0x08,0xc1,0x08,0xc1,0x08,0xc1,0x08,0xc1,0x08,0xc1,0x08,
0xc1,0x08,0xc1,0x08,0xc1,0x08,0xc1,0x08,0xc1,0x08,0xc1,0x08,0xc1,0x08,0xc1,0x08,
0xc1,0x08,0xc1,0x08,0xc1,0x08,0xc1,0x08,0xc1,0x08,0xc1,0x08,0xc1,0x08,0xc1,0x08,
0xc1,0x08,0xc1,0x08,0xc1,0x08,0xc1,0x08,0xc1,0x08,0xc1,0x08,0xc1,0x08,0xc1,0x08,
0xc1,0x08,0xc1,0x08,0xc1,0x08,0xc1,0x08,0xc1,0x08,0xc1,0x08,0xc1,0x08,0xc1,0x08,
0xc1,0x08,0xc1,0x08,0xc1,0x08,0xc1,0x08,0xc1,0x08,0xc1,0x08,0xc1,0x08,0xc1,0x08,
0xc1,0x08,0xc1,0x08,0xc1,0x08,0xc1,0x08,0xc1,0x08,0xc1,0x08,0xc1,0x08,0xc1,0x08,
0xc1,0x08,0xc1,0x08,0xc1,0x08,0xc1,0x08,0xc1,0x08,0xc1,0x08,0xc1,0x08,0xc1,0x08,
0xc1,0x08,0xc1,0x08,0xc1,0x08,0xc1,0x08,0xc1,0x08,0xc1,0x08,0xc1,0x08,0xc1,0x08,
0xc1,0x08,0xc1,0x08,0xc1,0x08,0xc1,0x08,0xc1,0x08,0xc1,0x08,0xc1,0x08,0xc1,0x08,
0xc1,0x08,0xc1,0x08,0xc1,0x08,0xc1,0x08,0xc1,0x08,0xc1,0x08,0xc1,0x08,0xc1,0x08,
0xc1,0x08,0xc1,0x08,0xc1,0x08,0xc1,0x08,0xc1,0x08,0xc1,0x08,0xc1,0x08,0xc1,0x08,
0xc1,0x08,0xc1,0x08,0xc1,0x08,0xc1,0x08,0xc1,0x08,0xc1,0x08,0xc1,0x08,0xc1,0x08,
0xc1,0x08,0xc1,0x08,0xc1,0x08,0xc1,0x08,0xc1,0x08,0xc1,0x08,0xc1,0x08,0xc1,0x08,
0xc1,0x08,0xc1,0x08,0xc1,0x08,0xc1,0x08,0xc1,0x08,0xc1,0x08,0xc1,0x08,0xc1,0x08,
0xc1,0x08,0xc1,0x08,0xc1,0x08,0xc1,0x08,0xc1,0x08,0xc1,0x08,0xc1,0x08,0xc1,0x08,
0xc1,0x08,0xc1,0x08,0xc1,0x08,0xc1,0x08,0xc1,0x08,0xc1,0x08,0xc1,0x08,0xc1,0x08,
0xc1,0x08,0xc1,0x08,0xc1,0x08,0xc1,0x08,0xc1,0x08,0xc1,0x08,0xc1,0x08,0xc1,0x08,
0xc1,0x08,0xc1,0x08,0xc1,0x08,0xc1,0x08,0xc1,0x08,0xc1,0x08,0xc1,0x08,0xc1,0x08,
0xc1,0x08,0xc1,0x08,0xc1,0x08,0xc1,0x08,0xc1,0x08,0xc1,0x08,0xc1,0x08,0xc1,0x08,
0xc1,0x08,0xc1,0x08,0xc1,0x08,0xc1,0x08,0xc1,0x08,0xc1,0x08,0xc1,0x08,0xc1,0x08,
0xc1,0x08,0xc1,0x08,0xc1,0x08,0xc1,0x08,0xc1,0x08,0xc1,0x08,0xc1,0x08,0xc1,0x08,
0xc1,0x08,0xc1,0x08,0xc1,0x08,0xc1,0x08,0xc1,0x08,0xc1,0x08,0xc1,0x08,0xc1,0x08,
0xc1,0x08,0xc1,0x08,0xc1,0x08,0xc1,0x08,0xc1,0x08,0xc1,0x08,0xc1,0x08,0xc1,0x08,
0xc1,0x08,0xc1,0x08,0xc1,0x08,0xc1,0x08,0xc1,0x08,0xc1,0x08,0xc1,0x08,0xc1,0x08,
0xc1,0x08,0xc1,0x08,0xc1,0x08,0xc1,0x08,0xc1,0x08,0xc1,0x08,0xc1,0x08,0xc1,0x08,
0xc1,0x08,0xc1,0x08,0xc1,0x08,0xc1,0x08,0xc1,0x08,0xc1,0x08,0xc1,0x08,0xc1,0x08,
0xc1,0x08,0xc1,0x08,0xc1,0x08,0xc1,0x08,0xc1,0x08,0xc1,0x08,0xc1,0x08,0xc1,0x08,
0xc1,0x08,0xc1,0x08,0xc1,0x08,0xc1,0x08,0xc1,0x08,0xc1,0x08,0xc1,0x08,0xc1,0x08,
0xc1,0x08,0xc1,0x08,0xc1,0x08,0xc1,0x08,0xc1,0x08,0xc1,0x08,0xc1,0x08,0xc1,0x08,
0xc1,0x08,0xc1,0x08,0xc1,0x08,0xc1,0x08,0xc1,0x08,0xc1,0x08,0xc1,0x08,0xc1,0x08,
0xc1,0x08,0xc1,0x08,0xc1,0x08,0xc1,0x08,0xc1,0x08,0xc1,0x08,0xc1,0x08,0xc1,0x08,
0xc1,0x08,0xc1,0x08,0xc1,0x08,0xc1,0x08,0xc1,0x08,0xc1,0x08,0xc1,0x08,0xc1,0x08,
0xc1,0x08,0xc1,0x08,0xc1,0x08,0xc1,0x08,0xc1,0x08,0xc1,0x08,0xc1,0x08,0xc1,0x08,
0xc1,0x08,0xc1,0x08,0xc1,0x08,0xc1,0x08,0xc1,0x08,0xc1,0x08,0xc1,0x08,0xc1,0x08,
0xc1,0x08,0xc1,0x08,0xc1,0x08,0xc1,0x08,0xc1,0x08,0xc1,0x08,0xc1,0x08,0xc1,0x08,
0xc1,0x08,0xc1,0x08,0xc1,0x08,0xc1,0x08,0xc1,0x08,0xc1,0x08,0xc1,0x08,0xc1,0x08,
0xc1,0x08,0xc1,0x08,0xc1,0x08,0xc1,0x08,0xc1,0x08,0xc1,0x08,0xc1,0x08,0xc1,0x08,
0xc1,0x08,0xc1,0x08,0xc1,0x08,0xc1,0x08,0xc1,0x08,0xc1,0x08,0xc1,0x08,0xc1,0x08,
0xc1,0x08,0xc1,0x08,0xc1,0x08,0xc1,0x08,0xc1,0x08,0xc1,0x08,0xc1,0x08,0xc1,0x08,
0xc1,0x08,0xc1,0x08,0xc1,0x08,0xc1,0x08,0xc1,0x08,0xc1,0x08,0xc1,0x08,0xc1,0x08,
0xc1,0x08,0xc1,0x08,0xc1,0x08,0xc1,0x08,0xc1,0x08,0xc1,0x08,0xc1,0x08,0xc1,0x08,
0xc1,0x08,0xc1,0x08,0xc1,0x08,0xc1,0x08,0xc1,0x08,0xc1,0x08,0xc1,0x08,0xc1,0x08,
0xc1,0x08,0xc1,0x08,0xc1,0x08,0xc1,0x08,0xc1,0x08,0xc1,0x08,0xc1,0x08,0xc1,0x08,
0xc1,0x08,0xc1,0x08,0xc1,0x08,0xc1,0x08,0xc1,0x08,0xc1,0x08,0xc1,0x08,0xc1,0x08,
0xc1,0x08,0xc1,0x08,0xc1,0x08,0xc1,0x08,0xc1,0x08,0xc1,0x08,0xc1,0x08,0xc1,0x08,
0xc1,0x08,0xc1,0x08,0xc1,0x08,0xc1,0x08,0xc1,0x08,0xc1,0x08,0xc1,0x08,0xc1,0x08,
0xc1,0x08,0xc1,0x08,0xc1,0x08,0xc1,0x08,0xc1,0x08,0xc1,0x08,0xc1,0x08,0xc1,0x08,
0xc1,0x08,0xc1,0x08,0xc1,0x08,0xc1,0x08,0xc1,0x08,0xc1,0x08,0xc1,0x08,0xc1,0x08,
0xc1,0x08,0xc1,0x08,0xc1,0x08,0xc1,0x08,0xc1,0x08,0xc1,0x08,0xc1,0x08,0xc1,0x08,
0xc1,0x08,0xc1,0x08,0xc1,0x08,0xc1,0x08,0xc1,0x08,0xc1,0x08,0xc1,0x08,0xc1,0x08,
0xc1,0x08,0xc1,0x08,0xc1,0x08,0xc1,0x08,0xc1,0x08,0xc1,0x08,0xc1,0x08,0xc1,0x08,
0xc1,0x08,0xc1,0x08,0xc1,0x08,0xc1,0x08,0xc1,0x08,0xc1,0x08,0xc1,0x08,0xc1,0x08,
0xc1,0x08,0xc1,0x08,0xc1,0x08,0xc1,0x08,0xc1,0x08,0xc1,0x08,0xc1,0x08,0xc1,0x08,
0xc1,0x08,0xc1,0x08,0xc1,0x08,0xc1,0x08,0xc1,0x08,0xc1,0x08,0xc1,0x08,0xc1,0x08,
0xc1,0x08,0xc1,0x08,0xc1,0x08,0xc1,0x08,0xc1,0x08,0xc1,0x08,0xc1,0x08,0xc1,0x08,
0xc1,0x08,0xc1,0x08,0xc1,0x08,0xc1,0x08,0xc1,0x08,0xc1,0x08,0xc1,0x08,0xc1,0x08,
0xc1,0x08,0xc1,0x08,0xc1,0x08,0xc1,0x08,0xc1,0x08,0xc1,0x08,0xc1,0x08,0xc1,0x08,
0xc1,0x08,0xc1,0x08,0xc1,0x08,0xc1,0x08,0xc1,0x08,0xc1,0x08,0xc1,0x08,0xc1,0x08,
0xc1,0x08,0xc1,0x08,0xc1,0x08,0xc1,0x08,0xc1,0x08,0xc1,0x08,0xc1,0x08,0xc1,0x08,
0xc1,0x08,0xc1,0x08,0xc1,0x08,0xc1,0x08,0xc1,0x08,0xc1,0x08,0xc1,0x08,0xc1,0x08,
0xc1,0x08,0xc1,0x08,0xc1,0x08,0xc1,0x08,0xc1,0x08,0xc1,0x08,0xc1,0x08,0xc1,0x08,
0xc1,0x08,0xc1,0x08,0xc1,0x08,0xc1,0x08,0xc1,0x08,0xc1,0x08,0xc1,0x08,0xc1,0x08,
0xc1,0x08,0xc1,0x08,0xc1,0x08,0xc1,0x08,0xc1,0x08,0xc1,0x08,0xc1,0x08,0xc1,0x08,
0xc1,0x08,0xc1,0x08,0xc1,0x08,0xc1,0x08,0xc1,0x08,0xc1,0x08,0xc1,0x08,0xc1,0x08,
0xc1,0x08,0xc1,0x08,0xc1,0x08,0xc1,0x08,0xc1,0x08,0xc1,0x08,0xc1,0x08,0xc1,0x08,
0xc1,0x08,0xc1,0x08,0xc1,0x08,0xc1,0x08,0xc1,0x08,0xc1,0x08,0xc1,0x08,0xc1,0x08,
0xc1,0x08,0xc1,0x08,0xc1,0x08,0xc1,0x08,0xc1,0x08,0xc1,0x08,0xc1,0x08,0xc1,0x08,
0xc1,0x08,0xc1,0x08,0xc1,0x08,0xc1,0x08,0xc1,0x08,0xc1,0x08,0xc1,0x08,0xc1,0x08,
0xc1,0x08,0xc1,0x08,0xc1,0x08,0xc1,0x08,0xc1,0x08,0xc1,0x08,0xc1,0x08,0xc1,0x08,
0xc1,0x08,0xc1,0x08,0xc1,0x08,0xc1,0x08,0xc1,0x08,0xc1,0x08,0xc1,0x08,0xc1,0x08,
0xc1,0x08,0xc1,0x08,0xc1,0x08,0xc1,0x08,0xc1,0x08,0xc1,0x08,0xc1,0x08,0xc1,0x08,
0xc1,0x08,0xc1,0x08,0xc1,0x08,0xc1,0x08,0xc1,0x08,0xc1,0x08,0xc1,0x08,0xc1,0x08,
0xc1,0x08,0xc1,0x08,0xc1,0x08,0xc1,0x08,0xc1,0x08,0xc1,0x08,0xc1,0x08,0xc1,0x08,
0xc1,0x08,0xc1,0x08,0xc1,0x08,0xc1,0x08,0xc1,0x08,0xc1,0x08,0xc1,0x08,0xc1,0x08,
0xc1,0x08,0xc1,0x08,0xc1,0x08,0xc1,0x08,0xc1,0x08,0xc1,0x08,0xc1,0x08,0xc1,0x08,
0xc1,0x08,0xc1,0x08,0xc1,0x08,0xc1,0x08,0xc1,0x08,0xc1,0x08,0xc1,0x08,0xc1,0x08,
0xc1,0x08,0xc1,0x08,0xc1,0x08,0xc1,0x08,0xc1,0x08,0xc1,0x08,0xc1,0x08,0xc1,0x08,
0xc1,0x08,0xc1,0x08,0xc1,0x08,0xc1,0x08,0xc1,0x08,0xc1,0x08,0xc1,0x08,0xc1,0x08,
0xc1,0x08,0xc1,0x08,0xc1,0x08,0xc1,0x08,0xc1,0x08,0xc1,0x08,0xc1,0x08,0xc1,0x08,
0xc1,0x08,0xc1,0x08,0xc1,0x08,0xc1,0x08,0xc1,0x08,0xc1,0x08,0xc1,0x08,0xc1,0x08,
0xc1,0x08,0xc1,0x08,0xc1,0x08,0xc1,0x08,0xc1,0x08,0xc1,0x08,0xc1,0x08,0xc1,0x08,
0xc1,0x08,0xc1,0x08,0xc1,0x08,0xc1,0x08,0xc1,0x08,0xc1,0x08,0xc1,0x08,0xc1,0x08,
0xc1,0x08,0xc1,0x08,0xc1,0x08,0xc1,0x08,0xc1,0x08,0xc1,0x08,0xc1,0x08,0xc1,0x08,
0xc1,0x08,0xc1,0x08,0xc1,0x08,0xc1,0x08,0xc1,0x08,0xc1,0x08,0xc1,0x08,0xc1,0x08,
0xc1,0x08,0xc1,0x08,0xc1,0x08,0xc1,0x08,0xc1,0x08,0xc1,0x08,0xc1,0x08,0xc1,0x08,
0xc1,0x08,0xc1,0x08,0xc1,0x08,0xc1,0x08,0xc1,0x08,0xc1,0x08,0xc1,0x08,0xc1,0x08,
0xc1,0x08,0xc1,0x08,0xc1,0x08,0xc1,0x08,0xc1,0x08,0xc1,0x08,0xc1,0x08,0xc1,0x08,
0xc1,0x08,0xc1,0x08,0xc1,0x08,0xc1,0x08,0xc1,0x08,0xc1,0x08,0xc1,0x08,0xc1,0x08,
0xc1,0x08,0xc1,0x08,0xc1,0x08,0xc1,0x08,0xc1,0x08,0xc1,0x08,0xc1,0x08,0xc1,0x08,
0xc1,0x08,0xc1,0x08,0xc1,0x08,0xc1,0x08,0xc1,0x08,0xc1,0x08,0xc1,0x08,0xc1,0x08,
0xc1,0x08,0xc1,0x08,0xc1,0x08,0xc1,0x08,0xc1,0x08,0xc1,0x08,0xc1,0x08,0xc1,0x08,
0xc1,0x08,0xc1,0x08,0xc1,0x08,0xc1,0x08,0xc1,0x08,0xc1,0x08,0xc1,0x08,0xc1,0x08,
0xc1,0x08,0xc1,0x08,0xc1,0x08,0xc1,0x08,0xc1,0x08,0xc1,0x08,0xc1,0x08,0xc1,0x08,
0xc1,0x08,0xc1,0x08,0xc1,0x08,0xc1,0x08,0xc1,0x08,0xc1,0x08,0xc1,0x08,0xc1,0x08,
0xc1,0x08,0xc1,0x08,0xc1,0x08,0xc1,0x08,0xc1,0x08,0xc1,0x08,0xc1,0x08,0xc1,0x08,
0xc1,0x08,0xc1,0x08,0xc1,0x08,0xc1,0x08,0xc1,0x08,0xc1,0x08,0xc1,0x08,0xc1,0x08,
0xc1,0x08,0xc1,0x08,0xc1,0x08,0xc1,0x08,0xc1,0x08,0xc1,0x08,0xc1,0x08,0xc1,0x08,
0xc1,0x08,0xc1,0x08,0xc1,0x08,0xc1,0x08,0xc1,0x08,0xc1,0x08,0xc1,0x08,0xc1,0x08,
0xc1,0x08,0xc1,0x08,0xc1,0x08,0xc1,0x08,0xc1,0x08,0xc1,0x08,0xc1,0x08,0xc1,0x08,
0xc1,0x08,0xc1,0x08,0xc1,0x08,0xc1,0x08,0xc1,0x08,0xc1,0x08,0xc1,0x08,0xc1,0x08,
0xc1,0x08,0xc1,0x08,0xc1,0x08,0xc1,0x08,0xc1,0x08,0xc1,0x08,0xc1,0x08,0xc1,0x08,
0xc1,0x08,0xc1,0x08,0xc1,0x08,0xc1,0x08,0xc1,0x08,0xc1,0x08,0xc1,0x08,0xc1,0x08,
0xc1,0x08,0xc1,0x08,0xc1,0x08,0xc1,0x08,0xc1,0x08,0xc1,0x08,0xc1,0x08,0xc1,0x08,
0xc1,0x08,0xc1,0x08,0xc1,0x08,0xc1,0x08,0xc1,0x08,0xc1,0x08,0xc1,0x08,0xc1,0x08,
0xc1,0x08,0xc1,0x08,0xc1,0x08,0xc1,0x08,0xc1,0x08,0xc1,0x08,0xc1,0x08,0xc1,0x08,
0xc1,0x08,0xc1,0x08,0xc1,0x08,0xc1,0x08,0xc1,0x08,0xc1,0x08,0xc1,0x08,0xc1,0x08,
0xc1,0x08,0xc1,0x08,0xc1,0x08,0xc1,0x08,0xc1,0x08,0xc1,0x08,0xc1,0x08,0xc1,0x08,
0xc1,0x08,0xc1,0x08,0xc1,0x08,0xc1,0x08,0xc1,0x08,0xc1,0x08,0xc1,0x08,0xc1,0x08,
0xc1,0x08,0xc1,0x08,0xc1,0x08,0xc1,0x08,0xc1,0x08,0xc1,0x08,0xc1,0x08,0xc1,0x08,
0xc1,0x08,0xc1,0x08,0xc1,0x08,0xc1,0x08,0xc1,0x08,0xc1,0x08,0xc1,0x08,0xc1,0x08,
0xc1,0x08,0xc1,0x08,0xc1,0x08,0xc1,0x08,0xc1,0x08,0xc1,0x08,0xc1,0x08,0xc1,0x08,
0xc1,0x08,0xc1,0x08,0xc1,0x08,0xc1,0x08,0xc1,0x08,0xc1,0x08,0xc1,0x08,0xc1,0x08,
0xc1,0x08,0xc1,0x08,0xc1,0x08,0xc1,0x08,0xc1,0x08,0xc1,0x08,0xc1,0x08,0xc1,0x08,
0xc1,0x08,0xc1,0x08,0xc1,0x08,0xc1,0x08,0xc1,0x08,0xc1,0x08,0xc1,0x08,0xc1,0x08,
0xc1,0x08,0xc1,0x08,0xc1,0x08,0xc1,0x08,0xc1,0x08,0xc1,0x08,0xc1,0x08,0xc1,0x08,
0xc1,0x08,0xc1,0x08,0xc1,0x08,0xc1,0x08,0xc1,0x08,0xc1,0x08,0xc1,0x08,0xc1,0x08,
0xc1,0x08,0xc1,0x08,0xc1,0x08,0xc1,0x08,0xc1,0x08,0xc1,0x08,0xc1,0x08,0xc1,0x08,
0xc1,0x08,0xc1,0x08,0xc1,0x08,0xc1,0x08,0xc1,0x08,0xc1,0x08,0xc1,0x08,0xc1,0x08,
0xc1,0x08,0xc1,0x08,0xc1,0x08,0xc1,0x08,0xc1,0x08,0xc1,0x08,0xc1,0x08,0xc1,0x08,
0xc1,0x08,0xc1,0x08,0xc1,0x08,0xc1,0x08,0xc1,0x08,0xc1,0x08,0xc1,0x08,0xc1,0x08,
0xc1,0x08,0xc1,0x08,0xc1,0x08,0xc1,0x08,0xc1,0x08,0xc1,0x08,0xc1,0x08,0xc1,0x08,
0xc1,0x08,0xc1,0x08,0xc1,0x08,0xc1,0x08,0xc1,0x08,0xc1,0x08,0xc1,0x08,0xc1,0x08,
0xc1,0x08,0xc1,0x08,0xc1,0x08,0xc1,0x08,0xc1,0x08,0xc1,0x08,0xc1,0x08,0xc1,0x08,
0xc1,0x08,0xc1,0x08,0xc1,0x08,0xc1,0x08,0xc1,0x08,0xc1,0x08,0xc1,0x08,0xc1,0x08,
0xc1,0x08,0xc1,0x08,0xc1,0x08,0xc1,0x08,0xc1,0x08,0xc1,0x08,0xc1,0x08,0xc1,0x08,
0xc1,0x08,0xc1,0x08,0xc1,0x08,0xc1,0x08,0xc1,0x08,0xc1,0x08,0xc1,0x08,0xc1,0x08,
0xc1,0x08,0xc1,0x08,0xc1,0x08,0xc1,0x08,0xc1,0x08,0xc1,0x08,0xc1,0x08,0xc1,0x08,
0xc1,0x08,0xc1,0x08,0xc1,0x08,0xc1,0x08,0xc1,0x08,0xc1,0x08,0xc1,0x08,0xc1,0x08,
0xc1,0x08,0xc1,0x08,0xc1,0x08,0xc1,0x08,0xc1,0x08,0xc1,0x08,0xc1,0x08,0xc1,0x08,
0xc1,0x08,0xc1,0x08,0xc1,0x08,0xc1,0x08,0xc1,0x08,0xc1,0x08,0xc1,0x08,0xc1,0x08,
0xc1,0x08,0xc1,0x08,0xc1,0x08,0xc1,0x08,0xc1,0x08,0xc1,0x08,0xc1,0x08,0xc1,0x08,
0xc1,0x08,0xc1,0x08,0xc1,0x08,0xc1,0x08,0xc1,0x08,0xc1,0x08,0xc1,0x08,0xc1,0x08,
0xc1,0x08,0xc1,0x08,0xc1,0x08,0xc1,0x08,0xc1,0x08,0xc1,0x08,0xc1,0x08,0xc1,0x08,
0xc1,0x08,0xc1,0x08,0xc1,0x08,0xc1,0x08,0xc1,0x08,0xc1,0x08,0xc1,0x08,0xc1,0x08,
0xc1,0x08,0xc1,0x08,0xc1,0x08,0xc1,0x08,0xc1,0x08,0xc1,0x08,0xc1,0x08,0xc1,0x08,
0xc1,0x08,0xc1,0x08,0xc1,0x08,0xc1,0x08,0xc1,0x08,0xc1,0x08,0xc1,0x08,0xc1,0x08,
0xc1,0x08,0xc1,0x08,0xc1,0x08,0xc1,0x08,0xc1,0x08,0xc1,0x08,0xc1,0x08,0xc1,0x08,
0xc1,0x08,0xc1,0x08,0xc1,0x08,0xc1,0x08,0xc1,0x08,0xc1,0x08,0xc1,0x08,0xc1,0x08,
0xc1,0x08,0xc1,0x08,0xc1,0x08,0xc1,0x08,0xc1,0x08,0xc1,0x08,0xc1,0x08,0xc1,0x08,
0xc1,0x08,0xc1,0x08,0xc1,0x08,0xc1,0x08,0xc1,0x08,0xc1,0x08,0xc1,0x08,0xc1,0x08,
0xc1,0x08,0xc1,0x08,0xc1,0x08,0xc1,0x08,0xc1,0x08,0xc1,0x08,0xc1,0x08,0xc1,0x08,
0xc1,0x08,0xc1,0x08,0xc1,0x08,0xc1,0x08,0xc1,0x08,0xc1,0x08,0xc1,0x08,0xc1,0x08,
0xc1,0x08,0xc1,0x08,0xc1,0x08,0xc1,0x08,0xc1,0x08,0xc1,0x08,0xc1,0x08,0xc1,0x08,
0xc1,0x08,0xc1,0x08,0xc1,0x08,0xc1,0x08,0xc1,0x08,0xc1,0x08,0xc1,0x08,0xc1,0x08,
0xc1,0x08,0xc1,0x08,0xc1,0x08,0xc1,0x08,0xc1,0x08,0xc1,0x08,0xc1,0x08,0xc1,0x08,
0xc1,0x08,0xc1,0x08,0xc1,0x08,0xc1,0x08,0xc1,0x08,0xc1,0x08,0xc1,0x08,0xc1,0x08,
0xc1,0x08,0xc1,0x08,0xc1,0x08,0xc1,0x08,0xc1,0x08,0xc1,0x08,0xc1,0x08,0xc1,0x08,
0xc1,0x08,0xc1,0x08,0xc1,0x08,0xc1,0x08,0xc1,0x08,0xc1,0x08,0xc1,0x08,0xc1,0x08,
0xc1,0x08,0xc1,0x08,0xc1,0x08,0xc1,0x08,0xc1,0x08,0xc1,0x08,0xc1,0x08,0xc1,0x08,
0xc1,0x08,0xc1,0x08,0xc1,0x08,0xc1,0x08,0xc1,0x08,0xc1,0x08,0xc1,0x08,0xc1,0x08,
0xc1,0x08,0xc1,0x08,0xc1,0x08,0xc1,0x08,0xc1,0x08,0xc1,0x08,0xc1,0x08,0xc1,0x08,
0xc1,0x08,0xc1,0x08,0xc1,0x08,0xc1,0x08,0xc1,0x08,0xc1,0x08,0xc1,0x08,0xc1,0x08,
0xc1,0x08,0xc1,0x08,0xc1,0x08,0xc1,0x08,0xc1,0x08,0xc1,0x08,0xc1,0x08,0xc1,0x08,
0xc1,0x08,0xc1,0x08,0xc1,0x08,0xc1,0x08,0xc1,0x08,0xc1,0x08,0xc1,0x08,0xc1,0x08,
0xc1,0x08,0xc1,0x08,0xc1,0x08,0xc1,0x08,0xc1,0x08,0xc1,0x08,0xc1,0x08,0xc1,0x08,
0xc1,0x08,0xc1,0x08,0xc1,0x08,0xc1,0x08,0xc1,0x08,0xc1,0x08,0xc1,0x08,0xc1,0x08,
0xc1,0x08,0xc1,0x08,0xc1,0x08,0xc1,0x08,0xc1,0x08,0xc1,0x08,0xc1,0x08,0xc1,0x08,
0xc1,0x08,0xc1,0x08,0xc1,0x08,0xc1,0x08,0xc1,0x08,0xc1,0x08,0xc1,0x08,0xc1,0x08,
0xc1,0x08,0xc1,0x08,0xc1,0x08,0xc1,0x08,0xc1,0x08,0xc1,0x08,0xc1,0x08,0xc1,0x08,
0xc1,0x08,0xc1,0x08,0xc1,0x08,0xc1,0x08,0xc1,0x08,0xc1,0x08,0xc1,0x08,0xc1,0x08,
0xc1,0x08,0xc1,0x08,0xc1,0x08,0xc1,0x08,0xc1,0x08,0xc1,0x08,0xc1,0x08,0xc1,0x08,
0xc1,0x08,0xc1,0x08,0xc1,0x08,0xc1,0x08,0xc1,0x08,0xc1,0x08,0xc1,0x08,0xc1,0x08,
0xc1,0x08,0xc1,0x08,0xc1,0x08,0xc1,0x08,0xc1,0x08,0xc1,0x08,0xc1,0x08,0xc1,0x08,
0xc1,0x08,0xc1,0x08,0xc1,0x08,0xc1,0x08,0xc1,0x08,0xc1,0x08,0xc1,0x08,0xc1,0x08,
0xc1,0x08,0xc1,0x08,0xc1,0x08,0xc1,0x08,0xc1,0x08,0xc1,0x08,0xc1,0x08,0xc1,0x08,
0xc1,0x08,0xc1,0x08,0xc1,0x08,0xc1,0x08,0xc1,0x08,0xc1,0x08,0xc1,0x08,0xc1,0x08,
0xc1,0x08,0xc1,0x08,0xc1,0x08,0xc1,0x08,0xc1,0x08,0xc1,0x08,0xc1,0x08,0xc1,0x08,
0xc1,0x08,0xc1,0x08,0xc1,0x08,0xc1,0x08,0xc1,0x08,0xc1,0x08,0xc1,0x08,0xc1,0x08,
0xc1,0x08,0xc1,0x08,0xc1,0x08,0xc1,0x08,0xc1,0x08,0xc1,0x08,0xc1,0x08,0xc1,0x08,
0xc1,0x08,0xc1,0x08,0xc1,0x08,0xc1,0x08,0xc1,0x08,0xc1,0x08,0xc1,0x08,0xc1,0x08,
0xc1,0x08,0xc1,0x08,0xc1,0x08,0xc1,0x08,0xc1,0x08,0xc1,0x08,0xc1,0x08,0xc1,0x08,
0xc1,0x08,0xc1,0x08,0xc1,0x08,0xc1,0x08,0xc1,0x08,0xc1,0x08,0xc1,0x08,0xc1,0x08,
0xc1,0x08,0xc1,0x08,0xc1,0x08,0xc1,0x08,0xc1,0x08,0xc1,0x08,0xc1,0x08,0xc1,0x08,
0xc1,0x08,0xc1,0x08,0xc1,0x08,0xc1,0x08,0xc1,0x08,0xc1,0x08,0xc1,0x08,0xc1,0x08,
0xc1,0x08,0xc1,0x08,0xc1,0x08,0xc1,0x08,0xc1,0x08,0xc1,0x08,0xc1,0x08,0xc1,0x08,
0xc1,0x08,0xc1,0x08,0xc1,0x08,0xc1,0x08,0xc1,0x08,0xc1,0x08,0xc1,0x08,0xc1,0x08,
0xc1,0x08,0xc1,0x08,0xc1,0x08,0xc1,0x08,0xc1,0x08,0xc1,0x08,0xc1,0x08,0xc1,0x08,
0xc1,0x08,0xc1,0x08,0xc1,0x08,0xc1,0x08,0xc1,0x08,0xc1,0x08,0xc1,0x08,0xc1,0x08,
0xc1,0x08,0xc1,0x08,0xc1,0x08,0xc1,0x08,0xc1,0x08,0xc1,0x08,0xc1,0x08,0xc1,0x08,
0xc1,0x08,0xc1,0x08,0xc1,0x08,0xc1,0x08,0xc1,0x08,0xc1,0x08,0xc1,0x08,0xc1,0x08,
0xc1,0x08,0xc1,0x08,0xc1,0x08,0xc1,0x08,0xc1,0x08,0xc1,0x08,0xc1,0x08,0xc1,0x08,
0xc1,0x08,0xc1,0x08,0xc1,0x08,0xc1,0x08,0xc1,0x08,0xc1,0x08,0xc1,0x08,0xc1,0x08,
0xc1,0x08,0xc1,0x08,0xc1,0x08,0xc1,0x08,0xc1,0x08,0xc1,0x08,0xc1,0x08,0xc1,0x08,
0xc1,0x08,0xc1,0x08,0xc1,0x08,0xc1,0x08,0xc1,0x08,0xc1,0x08,0xc1,0x08,0xc1,0x08,
0xc1,0x08,0xc1,0x08,0xc1,0x08,0xc1,0x08,0xc1,0x08,0xc1,0x08,0xc1,0x08,0xc1,0x08,
0xc1,0x08,0xc1,0x08,0xc1,0x08,0xc1,0x08,0xc1,0x08,0xc1,0x08,0xc1,0x08,0xc1,0x08,
0xc1,0x08,0xc1,0x08,0xc1,0x08,0xc1,0x08,0xc1,0x08,0xc1,0x08,0xc1,0x08,0xc1,0x08,
0xc1,0x08,0xc1,0x08,0xc1,0x08,0xc1,0x08,0xc1,0x08,0xc1,0x08,0xc1,0x08,0xc1,0x08,
0xc1,0x08,0xc1,0x08,0xc1,0x08,0xc1,0x08,0xc1,0x08,0xc1,0x08,0xc1,0x08,0xc1,0x08,
0xc1,0x08,0xc1,0x08,0xc1,0x08,0xc1,0x08,0xc1,0x08,0xc1,0x08,0xc1,0x08,0xc1,0x08,
0xc1,0x08,0xc1,0x08,0xc1,0x08,0xc1,0x08,0xc1,0x08,0xc1,0x08,0xc1,0x08,0xc1,0x08,
0xc1,0x08,0xc1,0x08,0xc1,0x08,0xc1,0x08,0xc1,0x08,0xc1,0x08,0xc1,0x08,0xc1,0x08,
0xc1,0x08,0xc1,0x08,0xc1,0x08,0xc1,0x08,0xc1,0x08,0xc1,0x08,0xc1,0x08,0xc1,0x08,
0xc1,0x08,0xc1,0x08,0xc1,0x08,0xc1,0x08,0xc1,0x08,0xc1,0x08,0xc1,0x08,0xc1,0x08,
0xc1,0x08,0xc1,0x08,0xc1,0x08,0xc1,0x08,0xc1,0x08,0xc1,0x08,0xc1,0x08,0xc1,0x08,
0xc1,0x08,0xc1,0x08,0xc1,0x08,0xc1,0x08,0xc1,0x08,0xc1,0x08,0xc1,0x08,0xc1,0x08,
0xc1,0x08,0xc1,0x08,0xc1,0x08,0xc1,0x08,0xc1,0x08,0xc1,0x08,0xc1,0x08,0xc1,0x08,
0xc1,0x08,0xc1,0x08,0xc1,0x08,0xc1,0x08,0xc1,0x08,0xc1,0x08,0xc1,0x08,0xc1,0x08,
0xc1,0x08,0xc1,0x08,0xc1,0x08,0xc1,0x08,0xc1,0x08,0xc1,0x08,0xc1,0x08,0xc1,0x08,
0xc1,0x08,0xc1,0x08,0xc1,0x08,0xc1,0x08,0xc1,0x08,0xc1,0x08,0xc1,0x08,0xc1,0x08,
0xc1,0x08,0xc1,0x08,0xc1,0x08,0xc1,0x08,0xc1,0x08,0xc1,0x08,0xc1,0x08,0xc1,0x08,
0xc1,0x08,0xc1,0x08,0xc1,0x08,0xc1,0x08,0xc1,0x08,0xc1,0x08,0xc1,0x08,0xc1,0x08,
0xc1,0x08,0xc1,0x08,0xc1,0x08,0xc1,0x08,0xc1,0x08,0xc1,0x08,0xc1,0x08,0xc1,0x08,
0xc1,0x08,0xc1,0x08,0xc1,0x08,0xc1,0x08,0xc1,0x08,0xc1,0x08,0xc1,0x08,0xc1,0x08,
0xc1,0x08,0xc1,0x08,0xc1,0x08,0xc1,0x08,0xc1,0x08,0xc1,0x08,0xc1,0x08,0xc1,0x08,
0xc1,0x08,0xc1,0x08,0xc1,0x08,0xc1,0x08,0xc1,0x08,0xc1,0x08,0xc1,0x08,0xc1,0x08,
0xc1,0x08,0xc1,0x08,0xc1,0x08,0xc1,0x08,0xc1,0x08,0xc1,0x08,0xc1,0x08,0xc1,0x08,
0xc1,0x08,0xc1,0x08,0xc1,0x08,0xc1,0x08,0xc1,0x08,0xc1,0x08,0xc1,0x08,0xc1,0x08,
0xc1,0x08,0xc1,0x08,0xc1,0x08,0xc1,0x08,0xc1,0x08,0xc1,0x08,0xc1,0x08,0xc1,0x08,
0xc1,0x08,0xc1,0x08,0xc1,0x08,0xc1,0x08,0xc1,0x08,0xc1,0x08,0xc1,0x08,0xc1,0x08,
0xc1,0x08,0xc1,0x08,0xc1,0x08,0xc1,0x08,0xc1,0x08,0xc1,0x08,0xc1,0x08,0xc1,0x08,
0xc1,0x08,0xc1,0x08,0xc1,0x08,0xc1,0x08,0xc1,0x08,0xc1,0x08,0xc1,0x08,0xc1,0x08,
0xc1,0x08,0xc1,0x08,0xc1,0x08,0xc1,0x08,0xc1,0x08,0xc1,0x08,0xc1,0x08,0xc1,0x08,
0xc1,0x08,0xc1,0x08,0xc1,0x08,0xc1,0x08,0xc1,0x08,0xc1,0x08,0xc1,0x08,0xc1,0x08,
0xc1,0x08,0xc1,0x08,0xc1,0x08,0xc1,0x08,0xc1,0x08,0xc1,0x08,0xc1,0x08,0xc1,0x08,
0xc1,0x08,0xc1,0x08,0xc1,0x08,0xc1,0x08,0xc1,0x08,0xc1,0x08,0xc1,0x08,0xc1,0x08,
0xc1,0x08,0xc1,0x08,0xc1,0x08,0xc1,0x08,0xc1,0x08,0xc1,0x08,0xc1,0x08,0xc1,0x08,
0xc1,0x08,0xc1,0x08,0xc1,0x08,0xc1,0x08,0xc1,0x08,0xc1,0x08,0xc1,0x08,0xc1,0x08,
0xc1,0x08,0xc1,0x08,0xc1,0x08,0xc1,0x08,0xc1,0x08,0xc1,0x08,0xc1,0x08,0xc1,0x08,
0xc1,0x08,0xc1,0x08,0xc1,0x08,0xc1,0x08,0xc1,0x08,0xc1,0x08,0xc1,0x08,0xc1,0x08,
0xc1,0x08,0xc1,0x08,0xc1,0x08,0xc1,0x08,0xc1,0x08,0xc1,0x08,0xc1,0x08,0xc1,0x08,
0xc1,0x08,0xc1,0x08,0xc1,0x08,0xc1,0x08,0xc1,0x08,0xc1,0x08,0xc1,0x08,0xc1,0x08,
0xc1,0x08,0xc1,0x08,0xc1,0x08,0xc1,0x08,0xc1,0x08,0xc1,0x08,0xc1,0x08,0xc1,0x08,
0xc1,0x08,0xc1,0x08,0xc1,0x08,0xc1,0x08,0xc1,0x08,0xc1,0x08,0xc1,0x08,0xc1,0x08,
0xc1,0x08,0xc1,0x08,0xc1,0x08,0xc1,0x08,0xc1,0x08,0xc1,0x08,0xc1,0x08,0xc1,0x08,
0xc1,0x08,0xc1,0x08,0xc1,0x08,0xc1,0x08,0xc1,0x08,0xc1,0x08,0xc1,0x08,0xc1,0x08,
0xc1,0x08,0xc1,0x08,0xc1,0x08,0xc1,0x08,0xc1,0x08,0xc1,0x08,0xc1,0x08,0xc1,0x08,
0xc1,0x08,0xc1,0x08,0xc1,0x08,0xc1,0x08,0xc1,0x08,0xc1,0x08,0xc1,0x08,0xc1,0x08,
0xc1,0x08,0xc1,0x08,0xc1,0x08,0xc1,0x08,0xc1,0x08,0xc1,0x08,0xc1,0x08,0xc1,0x08,
0xc1,0x08,0xc1,0x08,0xc1,0x08,0xc1,0x08,0xc1,0x08,0xc1,0x08,0xc1,0x08,0xc1,0x08,
0xc1,0x08,0xc1,0x08,0xc1,0x08,0xc1,0x08,0xc1,0x08,0xc1,0x08,0xc1,0x08,0xc1,0x08,
0xc1,0x08,0xc1,0x08,0xc1,0x08,0xc1,0x08,0xc1,0x08,0xc1,0x08,0xc1,0x08,0xc1,0x08,
0xc1,0x08,0xc1,0x08,0xc1,0x08,0xc1,0x08,0xc1,0x08,0xc1,0x08,0xc1,0x08,0xc1,0x08,
0xc1,0x08,0xc1,0x08,0xc1,0x08,0xc1,0x08,0xc1,0x08,0xc1,0x08,0xc1,0x08,0xc1,0x08,
0xc1,0x08,0xc1,0x08,0xc1,0x08,0xc1,0x08,0xc1,0x08,0xc1,0x08,0xc1,0x08,0xc1,0x08,
0xc1,0x08,0xc1,0x08,0xc1,0x08,0xc1,0x08,0xc1,0x08,0xc1,0x08,0xc1,0x08,0xc1,0x08,
0xc1,0x08,0xc1,0x08,0xc1,0x08,0xc1,0x08,0xc1,0x08,0xc1,0x08,0xc1,0x08,0xc1,0x08,
0xc1,0x08,0xc1,0x08,0xc1,0x08,0xc1,0x08,0xc1,0x08,0xc1,0x08,0xc1,0x08,0xc1,0x08,
0xc1,0x08,0xc1,0x08,0xc1,0x08,0xc1,0x08,0xc1,0x08,0xc1,0x08,0xc1,0x08,0xc1,0x08,
0xc1,0x08,0xc1,0x08,0xc1,0x08,0xc1,0x08,0xc1,0x08,0xc1,0x08,0xc1,0x08,0xc1,0x08,
0xc1,0x08,0xc1,0x08,0xc1,0x08,0xc1,0x08,0xc1,0x08,0xc1,0x08,0xc1,0x08,0xc1,0x08,
0xc1,0x08,0xc1,0x08,0xc1,0x08,0xc1,0x08,0xc1,0x08,0xc1,0x08,0xc1,0x08,0xc1,0x08,
0xc1,0x08,0xc1,0x08,0xc1,0x08,0xc1,0x08,0xc1,0x08,0xc1,0x08,0xc1,0x08,0xc1,0x08,
0xc1,0x08,0xc1,0x08,0xc1,0x08,0xc1,0x08,0xc1,0x08,0xc1,0x08,0xc1,0x08,0xc1,0x08,
0xc1,0x08,0xc1,0x08,0xc1,0x08,0xc1,0x08,0xc1,0x08,0xc1,0x08,0xc1,0x08,0xc1,0x08,
0xc1,0x08,0xc1,0x08,0xc1,0x08,0xc1,0x08,0xc1,0x08,0xc1,0x08,0xc1,0x08,0xc1,0x08,
0xc1,0x08,0xc1,0x08,0xc1,0x08,0xc1,0x08,0xc1,0x08,0xc1,0x08,0xc1,0x08,0xc1,0x08,
0xc1,0x08,0xc1,0x08,0xc1,0x08,0xc1,0x08,0xc1,0x08,0xc1,0x08,0xc1,0x08,0xc1,0x08,
0xc1,0x08,0xc1,0x08,0xc1,0x08,0xc1,0x08,0xc1,0x08,0xc1,0x08,0xc1,0x08,0xc1,0x08,
0xc1,0x08,0xc1,0x08,0xc1,0x08,0xc1,0x08,0xc1,0x08,0xc1,0x08,0xc1,0x08,0xc1,0x08,
0xc1,0x08,0xc1,0x08,0xc1,0x08,0xc1,0x08,0xc1,0x08,0xc1,0x08,0xc1,0x08,0xc1,0x08,
0xc1,0x08,0xc1,0x08,0xc1,0x08,0xc1,0x08,0xc1,0x08,0xc1,0x08,0xc1,0x08,0xc1,0x08,
0xc1,0x08,0xc1,0x08,0xc1,0x08,0xc1,0x08,0xc1,0x08,0xc1,0x08,0xc1,0x08,0xc1,0x08,
0xc1,0x08,0xc1,0x08,0xc1,0x08,0xc1,0x08,0xc1,0x08,0xc1,0x08,0xc1,0x08,0xc1,0x08,
0xc1,0x08,0xc1,0x08,0xc1,0x08,0xc1,0x08,0xc1,0x08,0xc1,0x08,0xc1,0x08,0xc1,0x08,
0xc1,0x08,0xc1,0x08,0xc1,0x08,0xc1,0x08,0xc1,0x08,0xc1,0x08,0xc1,0x08,0xc1,0x08,
0xc1,0x08,0xc1,0x08,0xc1,0x08,0xc1,0x08,0xc1,0x08,0xc1,0x08,0xc1,0x08,0xc1,0x08,
0xc1,0x08,0xc1,0x08,0xc1,0x08,0xc1,0x08,0xc1,0x08,0xc1,0x08,0xc1,0x08,0xc1,0x08,
0xc1,0x08,0xc1,0x08,0xc1,0x08,0xc1,0x08,0xc1,0x08,0xc1,0x08,0xc1,0x08,0xc1,0x08,
0xc1,0x08,0xc1,0x08,0xc1,0x08,0xc1,0x08,0xc1,0x08,0xc1,0x08,0xc1,0x08,0xc1,0x08,
0xc1,0x08,0xc1,0x08,0xc1,0x08,0xc1,0x08,0xc1,0x08,0xc1,0x08,0xc1,0x08,0xc1,0x08,
0xc1,0x08,0xc1,0x08,0xc1,0x08,0xc1,0x08,0xc1,0x08,0xc1,0x08,0xc1,0x08,0xc1,0x08,
0xc1,0x08,0xc1,0x08,0xc1,0x08,0xc1,0x08,0xc1,0x08,0xc1,0x08,0xc1,0x08,0xc1,0x08,
0xc1,0x08,0xc1,0x08,0xc1,0x08,0xc1,0x08,0xc1,0x08,0xc1,0x08,0xc1,0x08,0xc1,0x08,
0xc1,0x08,0xc1,0x08,0xc1,0x08,0xc1,0x08,0xc1,0x08,0xc1,0x08,0xc1,0x08,0xc1,0x08,
0xc1,0x08,0xc1,0x08,0xc1,0x08,0xc1,0x08,0xc1,0x08,0xc1,0x08,0xc1,0x08,0xc1,0x08,
0xc1,0x08,0xc1,0x08,0xc1,0x08,0xc1,0x08,0xc1,0x08,0xc1,0x08,0xc1,0x08,0xc1,0x08,
0xc1,0x08,0xc1,0x08,0xc1,0x08,0xc1,0x08,0xc1,0x08,0xc1,0x08,0xc1,0x08,0xc1,0x08,
0xc1,0x08,0xc1,0x08,0xc1,0x08,0xc1,0x08,0xc1,0x08,0xc1,0x08,0xc1,0x08,0xc1,0x08,
0xc1,0x08,0xc1,0x08,0xc1,0x08,0xc1,0x08,0xc1,0x08,0xc1,0x08,0xc1,0x08,0xc1,0x08,
0xc1,0x08,0xc1,0x08,0xc1,0x08,0xc1,0x08,0xc1,0x08,0xc1,0x08,0xc1,0x08,0xc1,0x08,
0xc1,0x08,0xc1,0x08,0xc1,0x08,0xc1,0x08,0xc1,0x08,0xc1,0x08,0xc1,0x08,0xc1,0x08,
0xc1,0x08,0xc1,0x08,0xc1,0x08,0xc1,0x08,0xc1,0x08,0xc1,0x08,0xc1,0x08,0xc1,0x08,
0xc1,0x08,0xc1,0x08,0xc1,0x08,0xc1,0x08,0xc1,0x08,0xc1,0x08,0xc1,0x08,0xc1,0x08,
0xc1,0x08,0xc1,0x08,0xc1,0x08,0xc1,0x08,0xc1,0x08,0xc1,0x08,0xc1,0x08,0xc1,0x08,
0xc1,0x08,0xc1,0x08,0xc1,0x08,0xc1,0x08,0xc1,0x08,0xc1,0x08,0xc1,0x08,0xc1,0x08,
0xc1,0x08,0xc1,0x08,0xc1,0x08,0xc1,0x08,0xc1,0x08,0xc1,0x08,0xc1,0x08,0xc1,0x08,
0xc1,0x08,0xc1,0x08,0xc1,0x08,0xc1,0x08,0xc1,0x08,0xc1,0x08,0xc1,0x08,0xc1,0x08,
0xc1,0x08,0xc1,0x08,0xc1,0x08,0xc1,0x08,0xc1,0x08,0xc1,0x08,0xc1,0x08,0xc1,0x08,
0xc1,0x08,0xc1,0x08,0xc1,0x08,0xc1,0x08,0xc1,0x08,0xc1,0x08,0xc1,0x08,0xc1,0x08,
0xc1,0x08,0xc1,0x08,0xc1,0x08,0xc1,0x08,0xc1,0x08,0xc1,0x08,0xc1,0x08,0xc1,0x08,
0xc1,0x08,0xc1,0x08,0xc1,0x08,0xc1,0x08,0xc1,0x08,0xc1,0x08,0xc1,0x08,0xc1,0x08,
0xc1,0x08,0xc1,0x08,0xc1,0x08,0xc1,0x08,0xc1,0x08,0xc1,0x08,0xc1,0x08,0xc1,0x08,
0xc1,0x08,0xc1,0x08,0xc1,0x08,0xc1,0x08,0xc1,0x08,0xc1,0x08,0xc1,0x08,0xc1,0x08,
0xc1,0x08,0xc1,0x08,0xc1,0x08,0xc1,0x08,0xc1,0x08,0xc1,0x08,0xc1,0x08,0xc1,0x08,
0xc1,0x08,0xc1,0x08,0xc1,0x08,0xc1,0x08,0xc1,0x08,0xc1,0x08,0xc1,0x08,0xc1,0x08,
0xc1,0x08,0xc1,0x08,0xc1,0x08,0xc1,0x08,0xc1,0x08,0xc1,0x08,0xc1,0x08,0xc1,0x08,
0xc1,0x08,0xc1,0x08,0xc1,0x08,0xc1,0x08,0xc1,0x08,0xc1,0x08,0xc1,0x08,0xc1,0x08,
0xc1,0x08,0xc1,0x08,0xc1,0x08,0xc1,0x08,0xc1,0x08,0xc1,0x08,0xc1,0x08,0xc1,0x08,
0xc1,0x08,0xc1,0x08,0xc1,0x08,0xc1,0x08,0xc1,0x08,0xc1,0x08,0xc1,0x08,0xc1,0x08,
0xc1,0x08,0xc1,0x08,0xc1,0x08,0xc1,0x08,0xc1,0x08,0xc1,0x08,0xc1,0x08,0xc1,0x08,
0xc1,0x08,0xc1,0x08,0xc1,0x08,0xc1,0x08,0xc1,0x08,0xc1,0x08,0xc1,0x08,0xc1,0x08,
0xc1,0x08,0xc1,0x08,0xc1,0x08,0xc1,0x08,0xc1,0x08,0xc1,0x08,0xc1,0x08,0xc1,0x08,
0xc1,0x08,0xc1,0x08,0xc1,0x08,0xc1,0x08,0xc1,0x08,0xc1,0x08,0xc1,0x08,0xc1,0x08,
0xc1,0x08,0xc1,0x08,0xc1,0x08,0xc1,0x08,0xc1,0x08,0xc1,0x08,0xc1,0x08,0xc1,0x08,
0xc1,0x08,0xc1,0x08,0xc1,0x08,0xc1,0x08,0xc1,0x08,0xc1,0x08,0xc1,0x08,0xc1,0x08,
0xc1,0x08,0xc1,0x08,0xc1,0x08,0xc1,0x08,0xc1,0x08,0xc1,0x08,0xc1,0x08,0xc1,0x08,
0xc1,0x08,0xc1,0x08,0xc1,0x08,0xc1,0x08,0xc1,0x08,0xc1,0x08,0xc1,0x08,0xc1,0x08,
0xc1,0x08,0xc1,0x08,0xc1,0x08,0xc1,0x08,0xc1,0x08,0xc1,0x08,0xc1,0x08,0xc1,0x08,
0xc1,0x08,0xc1,0x08,0xc1,0x08,0xc1,0x08,0xc1,0x08,0xc1,0x08,0xc1,0x08,0xc1,0x08,
0xc1,0x08,0xc1,0x08,0xc1,0x08,0xc1,0x08,0xc1,0x08,0xc1,0x08,0xc1,0x08,0xc1,0x08,
0xc1,0x08,0xc1,0x08,0xc1,0x08,0xc1,0x08,0xc1,0x08,0xc1,0x08,0xc1,0x08,0xc1,0x08,
0xc1,0x08,0xc1,0x08,0xc1,0x08,0xc1,0x08,0xc1,0x08,0xc1,0x08,0xc1,0x08,0xc1,0x08,
0xc1,0x08,0xc1,0x08,0xc1,0x08,0xc1,0x08,0xc1,0x08,0xc1,0x08,0xc1,0x08,0xc1,0x08,
0xc1,0x08,0xc1,0x08,0xc1,0x08,0xc1,0x08,0xc1,0x08,0xc1,0x08,0xc1,0x08,0xc1,0x08,
0xc1,0x08,0xc1,0x08,0xc1,0x08,0xc1,0x08,0xc1,0x08,0xc1,0x08,0xc1,0x08,0xc1,0x08,
0xc1,0x08,0xc1,0x08,0xc1,0x08,0xc1,0x08,0xc1,0x08,0xc1,0x08,0xc1,0x08,0xc1,0x08,
0xc1,0x08,0xc1,0x08,0xc1,0x08,0xc1,0x08,0xc1,0x08,0xc1,0x08,0xc1,0x08,0xc1,0x08,
0xc1,0x08,0xc1,0x08,0xc1,0x08,0xc1,0x08,0xc1,0x08,0xc1,0x08,0xc1,0x08,0xc1,0x08,
0xc1,0x08,0xc1,0x08,0xc1,0x08,0xc1,0x08,0xc1,0x08,0xc1,0x08,0xc1,0x08,0xc1,0x08,
0xc1,0x08,0xc1,0x08,0xc1,0x08,0xc1,0x08,0xc1,0x08,0xc1,0x08,0xc1,0x08,0xc1,0x08,
0xc1,0x08,0xc1,0x08,0xc1,0x08,0xc1,0x08,0xc1,0x08,0xc1,0x08,0xc1,0x08,0xc1,0x08,
0xc1,0x08,0xc1,0x08,0xc1,0x08,0xc1,0x08,0xc1,0x08,0xc1,0x08,0xc1,0x08,0xc1,0x08,
0xc1,0x08,0xc1,0x08,0xc1,0x08,0xc1,0x08,0xc1,0x08,0xc1,0x08,0xc1,0x08,0xc1,0x08,
0xc1,0x08,0xc1,0x08,0xc1,0x08,0xc1,0x08,0xc1,0x08,0xc1,0x08,0xc1,0x08,0xc1,0x08,
0xc1,0x08,0xc1,0x08,0xc1,0x08,0xc1,0x08,0xc1,0x08,0xc1,0x08,0xc1,0x08,0xc1,0x08,
0xc1,0x08,0xc1,0x08,0xc1,0x08,0xc1,0x08,0xc1,0x08,0xc1,0x08,0xc1,0x08,0xc1,0x08,
0xc1,0x08,0xc1,0x08,0xc1,0x08,0xc1,0x08,0xc1,0x08,0xc1,0x08,0xc1,0x08,0xc1,0x08,
0xc1,0x08,0xc1,0x08,0xc1,0x08,0xc1,0x08,0xc1,0x08,0xc1,0x08,0xc1,0x08,0xc1,0x08,
0xc1,0x08,0xc1,0x08,0xc1,0x08,0xc1,0x08,0xc1,0x08,0xc1,0x08,0xc1,0x08,0xc1,0x08,
0xc1,0x08,0xc1,0x08,0xc1,0x08,0xc1,0x08,0xc1,0x08,0xc1,0x08,0xc1,0x08,0xc1,0x08,
0xc1,0x08,0xc1,0x08,0xc1,0x08,0xc1,0x08,0xc1,0x08,0xc1,0x08,0xc1,0x08,0xc1,0x08,
0xc1,0x08,0xc1,0x08,0xc1,0x08,0xc1,0x08,0xc1,0x08,0xc1,0x08,0xc1,0x08,0xc1,0x08,
0xc1,0x08,0xc1,0x08,0xc1,0x08,0xc1,0x08,0xc1,0x08,0xc1,0x08,0xc1,0x08,0xc1,0x08,
0xc1,0x08,0xc1,0x08,0xc1,0x08,0xc1,0x08,0xc1,0x08,0xc1,0x08,0xc1,0x08,0xc1,0x08,
0xc1,0x08,0xc1,0x08,0xc1,0x08,0xc1,0x08,0xc1,0x08,0xc1,0x08,0xc1,0x08,0xc1,0x08,
0xc1,0x08,0xc1,0x08,0xc1,0x08,0xc1,0x08,0xc1,0x08,0xc1,0x08,0xc1,0x08,0xc1,0x08,
0xc1,0x08,0xc1,0x08,0xc1,0x08,0xc1,0x08,0xc1,0x08,0xc1,0x08,0xc1,0x08,0xc1,0x08,
0xc1,0x08,0xc1,0x08,0xc1,0x08,0xc1,0x08,0xc1,0x08,0xc1,0x08,0xc1,0x08,0xc1,0x08,
0xc1,0x08,0xc1,0x08,0xc1,0x08,0xc1,0x08,0xc1,0x08,0xc1,0x08,0xc1,0x08,0xc1,0x08,
0xc1,0x08,0xc1,0x08,0xc1,0x08,0xc1,0x08,0xc1,0x08,0xc1,0x08,0xc1,0x08,0xc1,0x08,
0xc1,0x08,0xc1,0x08,0xc1,0x08,0xc1,0x08,0xc1,0x08,0xc1,0x08,0xc1,0x08,0xc1,0x08,
0xc1,0x08,0xc1,0x08,0xc1,0x08,0xc1,0x08,0xc1,0x08,0xc1,0x08,0xc1,0x08,0xc1,0x08,
0xc1,0x08,0xc1,0x08,0xc1,0x08,0xc1,0x08,0xc1,0x08,0xc1,0x08,0xc1,0x08,0xc1,0x08,
0xc1,0x08,0xc1,0x08,0xc1,0x08,0xc1,0x08,0xc1,0x08,0xc1,0x08,0xc1,0x08,0xc1,0x08,
0xc1,0x08,0xc1,0x08,0xc1,0x08,0xc1,0x08,0xc1,0x08,0xc1,0x08,0xc1,0x08,0xc1,0x08,
0xc1,0x08,0xc1,0x08,0xc1,0x08,0xc1,0x08,0xc1,0x08,0xc1,0x08,0xc1,0x08,0xc1,0x08,
0xc1,0x08,0xc1,0x08,0xc1,0x08,0xc1,0x08,0xc1,0x08,0xc1,0x08,0xc1,0x08,0xc1,0x08,
0xc1,0x08,0xc1,0x08,0xc1,0x08,0xc1,0x08,0xc1,0x08,0xc1,0x08,0xc1,0x08,0xc1,0x08,
0xc1,0x08,0xc1,0x08,0xc1,0x08,0xc1,0x08,0xc1,0x08,0xc1,0x08,0xc1,0x08,0xc1,0x08,
0xc1,0x08,0xc1,0x08,0xc1,0x08,0xc1,0x08,0xc1,0x08,0xc1,0x08,0xc1,0x08,0xc1,0x08,
0xc1,0x08,0xc1,0x08,0xc1,0x08,0xc1,0x08,0xc1,0x08,0xc1,0x08,0xc1,0x08,0xc1,0x08,
0xc1,0x08,0xc1,0x08,0xc1,0x08,0xc1,0x08,0xc1,0x08,0xc1,0x08,0xc1,0x08,0xc1,0x08,
0xc1,0x08,0xc1,0x08,0xc1,0x08,0xc1,0x08,0xc1,0x08,0xc1,0x08,0xc1,0x08,0xc1,0x08,
0xc1,0x08,0xc1,0x08,0xc1,0x08,0xc1,0x08,0xc1,0x08,0xc1,0x08,0xc1,0x08,0xc1,0x08,
0xc1,0x08,0xc1,0x08,0xc1,0x08,0xc1,0x08,0xc1,0x08,0xc1,0x08,0xc1,0x08,0xc1,0x08,
0xc1,0x08,0xc1,0x08,0xc1,0x08,0xc1,0x08,0xc1,0x08,0xc1,0x08,0xc1,0x08,0xc1,0x08,
0xc1,0x08,0xc1,0x08,0xc1,0x08,0xc1,0x08,0xc1,0x08,0xc1,0x08,0xc1,0x08,0xc1,0x08,
0xc1,0x08,0xc1,0x08,0xc1,0x08,0xc1,0x08,0xc1,0x08,0xc1,0x08,0xc1,0x08,0xc1,0x08,
0xc1,0x08,0xc1,0x08,0xc1,0x08,0xc1,0x08,0xc1,0x08,0xc1,0x08,0xc1,0x08,0xc1,0x08,
0xc1,0x08,0xc1,0x08,0xc1,0x08,0xc1,0x08,0xc1,0x08,0xc1,0x08,0xc1,0x08,0xc1,0x08,
0xc1,0x08,0xc1,0x08,0xc1,0x08,0xc1,0x08,0xc1,0x08,0xc1,0x08,0xc1,0x08,0xc1,0x08,
0xc1,0x08,0xc1,0x08,0xc1,0x08,0xc1,0x08,0xc1,0x08,0xc1,0x08,0xc1,0x08,0xc1,0x08,
0xc1,0x08,0xc1,0x08,0xc1,0x08,0xc1,0x08,0xc1,0x08,0xc1,0x08,0xc1,0x08,0xc1,0x08,
0xc1,0x08,0xc1,0x08,0xc1,0x08,0xc1,0x08,0xc1,0x08,0xc1,0x08,0xc1,0x08,0xc1,0x08,
0xc1,0x08,0xc1,0x08,0xc1,0x08,0xc1,0x08,0xc1,0x08,0xc1,0x08,0xc1,0x08,0xc1,0x08,
0xc1,0x08,0xc1,0x08,0xc1,0x08,0xc1,0x08,0xc1,0x08,0xc1,0x08,0xc1,0x08,0xc1,0x08,
0xc1,0x08,0xc1,0x08,0xc1,0x08,0xc1,0x08,0xc1,0x08,0xc1,0x08,0xc1,0x08,0xc1,0x08,
0xc1,0x08,0xc1,0x08,0xc1,0x08,0xc1,0x08,0xc1,0x08,0xc1,0x08,0xc1,0x08,0xc1,0x08,
0xc1,0x08,0xc1,0x08,0xc1,0x08,0xc1,0x08,0xc1,0x08,0xc1,0x08,0xc1,0x08,0xc1,0x08,
0xc1,0x08,0xc1,0x08,0xc1,0x08,0xc1,0x08,0xc1,0x08,0xc1,0x08,0xc1,0x08,0xc1,0x08,
0xc1,0x08,0xc1,0x08,0xc1,0x08,0xc1,0x08,0xc1,0x08,0xc1,0x08,0xc1,0x08,0xc1,0x08,
0xc1,0x08,0xc1,0x08,0xc1,0x08,0xc1,0x08,0xc1,0x08,0xc1,0x08,0xc1,0x08,0xc1,0x08,
0xc1,0x08,0xc1,0x08,0xc1,0x08,0xc1,0x08,0xc1,0x08,0xc1,0x08,0xc1,0x08,0xc1,0x08,
0xc1,0x08,0xc1,0x08,0xc1,0x08,0xc1,0x08,0xc1,0x08,0xc1,0x08,0xc1,0x08,0xc1,0x08,
0xc1,0x08,0xc1,0x08,0xc1,0x08,0xc1,0x08,0xc1,0x08,0xc1,0x08,0xc1,0x08,0xc1,0x08,
0xc1,0x08,0xc1,0x08,0xc1,0x08,0xc1,0x08,0xc1,0x08,0xc1,0x08,0xc1,0x08,0xc1,0x08,
0xc1,0x08,0xc1,0x08,0xc1,0x08,0xc1,0x08,0xc1,0x08,0xc1,0x08,0xc1,0x08,0xc1,0x08,
0xc1,0x08,0xc1,0x08,0xc1,0x08,0xc1,0x08,0xc1,0x08,0xc1,0x08,0xc1,0x08,0xc1,0x08,
0xc1,0x08,0xc1,0x08,0xc1,0x08,0xc1,0x08,0xc1,0x08,0xc1,0x08,0xc1,0x08,0xc1,0x08,
0xc1,0x08,0xc1,0x08,0xc1,0x08,0xc1,0x08,0xc1,0x08,0xc1,0x08,0xc1,0x08,0xc1,0x08,
0xc1,0x08,0xc1,0x08,0xc1,0x08,0xc1,0x08,0xc1,0x08,0xc1,0x08,0xc1,0x08,0xc1,0x08,
0xc1,0x08,0xc1,0x08,0xc1,0x08,0xc1,0x08,0xc1,0x08,0xc1,0x08,0xc1,0x08,0xc1,0x08,
0xc1,0x08,0xc1,0x08,0xc1,0x08,0xc1,0x08,0xc1,0x08,0xc1,0x08,0xc1,0x08,0xc1,0x08,
0xc1,0x08,0xc1,0x08,0xc1,0x08,0xc1,0x08,0xc1,0x08,0xc1,0x08,0xc1,0x08,0xc1,0x08,
0xc1,0x08,0xc1,0x08,0xc1,0x08,0xc1,0x08,0xc1,0x08,0xc1,0x08,0xc1,0x08,0xc1,0x08,
0xc1,0x08,0xc1,0x08,0xc1,0x08,0xc1,0x08,0xc1,0x08,0xc1,0x08,0xc1,0x08,0xc1,0x08,
0xc1,0x08,0xc1,0x08,0xc1,0x08,0xc1,0x08,0xc1,0x08,0xc1,0x08,0xc1,0x08,0xc1,0x08,
0xc1,0x08,0xc1,0x08,0xc1,0x08,0xc1,0x08,0xc1,0x08,0xc1,0x08,0xc1,0x08,0xc1,0x08,
0xc1,0x08,0xc1,0x08,0xc1,0x08,0xc1,0x08,0xc1,0x08,0xc1,0x08,0xc1,0x08,0xc1,0x08,
0xc1,0x08,0xc1,0x08,0xc1,0x08,0xc1,0x08,0xc1,0x08,0xc1,0x08,0xc1,0x08,0xc1,0x08,
0xc1,0x08,0xc1,0x08,0xc1,0x08,0xc1,0x08,0xc1,0x08,0xc1,0x08,0xc1,0x08,0xc1,0x08,
0xc1,0x08,0xc1,0x08,0xc1,0x08,0xc1,0x08,0xc1,0x08,0xc1,0x08,0xc1,0x08,0xc1,0x08,
0xc1,0x08,0xc1,0x08,0xc1,0x08,0xc1,0x08,0xc1,0x08,0xc1,0x08,0xc1,0x08,0xc1,0x08,
0xc1,0x08,0xc1,0x08,0xc1,0x08,0xc1,0x08,0xc1,0x08,0xc1,0x08,0xc1,0x08,0xc1,0x08,
0xc1,0x08,0xc1,0x08,0xc1,0x08,0xc1,0x08,0xc1,0x08,0xc1,0x08,0xc1,0x08,0xc1,0x08,
0xc1,0x08,0xc1,0x08,0xc1,0x08,0xc1,0x08,0xc1,0x08,0xc1,0x08,0xc1,0x08,0xc1,0x08,
0xc1,0x08,0xc1,0x08,0xc1,0x08,0xc1,0x08,0xc1,0x08,0xc1,0x08,0xc1,0x08,0xc1,0x08,
0xc1,0x08,0xc1,0x08,0xc1,0x08,0xc1,0x08,0xc1,0x08,0xc1,0x08,0xc1,0x08,0xc1,0x08,
0xc1,0x08,0xc1,0x08,0xc1,0x08,0xc1,0x08,0xc1,0x08,0xc1,0x08,0xc1,0x08,0xc1,0x08,
0xc1,0x08,0xc1,0x08,0xc1,0x08,0xc1,0x08,0xc1,0x08,0xc1,0x08,0xc1,0x08,0xc1,0x08,
0xc1,0x08,0xc1,0x08,0xc1,0x08,0xc1,0x08,0xc1,0x08,0xc1,0x08,0xc1,0x08,0xc1,0x08,
0xc1,0x08,0xc1,0x08,0xc1,0x08,0xc1,0x08,0xc1,0x08,0xc1,0x08,0xc1,0x08,0xc1,0x08,
0xc1,0x08,0xc1,0x08,0xc1,0x08,0xc1,0x08,0xc1,0x08,0xc1,0x08,0xc1,0x08,0xc1,0x08,
0xc1,0x08,0xc1,0x08,0xc1,0x08,0xc1,0x08,0xc1,0x08,0xc1,0x08,0xc1,0x08,0xc1,0x08,
0xc1,0x08,0xc1,0x08,0xc1,0x08,0xc1,0x08,0xc1,0x08,0xc1,0x08,0xc1,0x08,0xc1,0x08,
0xc1,0x08,0xc1,0x08,0xc1,0x08,0xc1,0x08,0xc1,0x08,0xc1,0x08,0xc1,0x08,0xc1,0x08,
0xc1,0x08,0xc1,0x08,0xc1,0x08,0xc1,0x08,0xc1,0x08,0xc1,0x08,0xc1,0x08,0xc1,0x08,
0xc1,0x08,0xc1,0x08,0xc1,0x08,0xc1,0x08,0xc1,0x08,0xc1,0x08,0xc1,0x08,0xc1,0x08,
0xc1,0x08,0xc1,0x08,0xc1,0x08,0xc1,0x08,0xc1,0x08,0xc1,0x08,0xc1,0x08,0xc1,0x08,
0xc1,0x08,0xc1,0x08,0xc1,0x08,0xc1,0x08,0xc1,0x08,0xc1,0x08,0xc1,0x08,0xc1,0x08,
0xc1,0x08,0xc1,0x08,0xc1,0x08,0xc1,0x08,0xc1,0x08,0xc1,0x08,0xc1,0x08,0xc1,0x08,
0xc1,0x08,0xc1,0x08,0xc1,0x08,0xc1,0x08,0xc1,0x08,0xc1,0x08,0xc1,0x08,0xc1,0x08,
0xc1,0x08,0xc1,0x08,0xc1,0x08,0xc1,0x08,0xc1,0x08,0xc1,0x08,0xc1,0x08,0xc1,0x08,
0xc1,0x08,0xc1,0x08,0xc1,0x08,0xc1,0x08,0xc1,0x08,0xc1,0x08,0xc1,0x08,0xc1,0x08,
0xc1,0x08,0xc1,0x08,0xc1,0x08,0xc1,0x08,0xc1,0x08,0xc1,0x08,0xc1,0x08,0xc1,0x08,
0xc1,0x08,0xc1,0x08,0xc1,0x08,0xc1,0x08,0xc1,0x08,0xc1,0x08,0xc1,0x08,0xc1,0x08,
0xc1,0x08,0xc1,0x08,0xc1,0x08,0xc1,0x08,0xc1,0x08,0xc1,0x08,0xc1,0x08,0xc1,0x08,
0xc1,0x08,0xc1,0x08,0xc1,0x08,0xc1,0x08,0xc1,0x08,0xc1,0x08,0xc1,0x08,0xc1,0x08,
0xc1,0x08,0xc1,0x08,0xc1,0x08,0xc1,0x08,0xc1,0x08,0xc1,0x08,0xc1,0x08,0xc1,0x08,
0xc1,0x08,0xc1,0x08,0xc1,0x08,0xc1,0x08,0xc1,0x08,0xc1,0x08,0xc1,0x08,0xc1,0x08,
0xc1,0x08,0xc1,0x08,0xc1,0x08,0xc1,0x08,0xc1,0x08,0xc1,0x08,0xc1,0x08,0xc1,0x08,
0xc1,0x08,0xc1,0x08,0xc1,0x08,0xc1,0x08,0xc1,0x08,0xc1,0x08,0xc1,0x08,0xc1,0x08,
0xc1,0x08,0xc1,0x08,0xc1,0x08,0xc1,0x08,0xc1,0x08,0xc1,0x08,0xc1,0x08,0xc1,0x08,
0xc1,0x08,0xc1,0x08,0xc1,0x08,0xc1,0x08,0xc1,0x08,0xc1,0x08,0xc1,0x08,0xc1,0x08,
0xc1,0x08,0xc1,0x08,0xc1,0x08,0xc1,0x08,0xc1,0x08,0xc1,0x08,0xc1,0x08,0xc1,0x08,
0xc1,0x08,0xc1,0x08,0xc1,0x08,0xc1,0x08,0xc1,0x08,0xc1,0x08,0xc1,0x08,0xc1,0x08,
0xc1,0x08,0xc1,0x08,0xc1,0x08,0xc1,0x08,0xc1,0x08,0xc1,0x08,0xc1,0x08,0xc1,0x08,
0xc1,0x08,0xc1,0x08,0xc1,0x08,0xc1,0x08,0xc1,0x08,0xc1,0x08,0xc1,0x08,0xc1,0x08,
0xc1,0x08,0xc1,0x08,0xc1,0x08,0xc1,0x08,0xc1,0x08,0xc1,0x08,0xc1,0x08,0xc1,0x08,
0xc1,0x08,0xc1,0x08,0xc1,0x08,0xc1,0x08,0xc1,0x08,0xc1,0x08,0xc1,0x08,0xc1,0x08,
0xc1,0x08,0xc1,0x08,0xc1,0x08,0xc1,0x08,0xc1,0x08,0xc1,0x08,0xc1,0x08,0xc1,0x08,
0xc1,0x08,0xc1,0x08,0xc1,0x08,0xc1,0x08,0xc1,0x08,0xc1,0x08,0xc1,0x08,0xc1,0x08,
0xc1,0x08,0xc1,0x08,0xc1,0x08,0xc1,0x08,0xc1,0x08,0xc1,0x08,0xc1,0x08,0xc1,0x08,
0xc1,0x08,0xc1,0x08,0xc1,0x08,0xc1,0x08,0xc1,0x08,0xc1,0x08,0xc1,0x08,0xc1,0x08,
0xc1,0x08,0xc1,0x08,0xc1,0x08,0xc1,0x08,0xc1,0x08,0xc1,0x08,0xc1,0x08,0xc1,0x08,
0xc1,0x08,0xc1,0x08,0xc1,0x08,0xc1,0x08,0xc1,0x08,0xc1,0x08,0xc1,0x08,0xc1,0x08,
0xc1,0x08,0xc1,0x08,0xc1,0x08,0xc1,0x08,0xc1,0x08,0xc1,0x08,0xc1,0x08,0xc1,0x08,
0xc1,0x08,0xc1,0x08,0xc1,0x08,0xc1,0x08,0xc1,0x08,0xc1,0x08,0xc1,0x08,0xc1,0x08,
0xc1,0x08,0xc1,0x08,0xc1,0x08,0xc1,0x08,0xc1,0x08,0xc1,0x08,0xc1,0x08,0xc1,0x08,
0xc1,0x08,0xc1,0x08,0xc1,0x08,0xc1,0x08,0xc1,0x08,0xc1,0x08,0xc1,0x08,0xc1,0x08,
0xc1,0x08,0xc1,0x08,0xc1,0x08,0xc1,0x08,0xc1,0x08,0xc1,0x08,0xc1,0x08,0xc1,0x08,
0xc1,0x08,0xc1,0x08,0xc1,0x08,0xc1,0x08,0xc1,0x08,0xc1,0x08,0xc1,0x08,0xc1,0x08,
0xc1,0x08,0xc1,0x08,0xc1,0x08,0xc1,0x08,0xc1,0x08,0xc1,0x08,0xc1,0x08,0xc1,0x08,
0xc1,0x08,0xc1,0x08,0xc1,0x08,0xc1,0x08,0xc1,0x08,0xc1,0x08,0xc1,0x08,0xc1,0x08,
0xc1,0x08,0xc1,0x08,0xc1,0x08,0xc1,0x08,0xc1,0x08,0xc1,0x08,0xc1,0x08,0xc1,0x08,
0xc1,0x08,0xc1,0x08,0xc1,0x08,0xc1,0x08,0xc1,0x08,0xc1,0x08,0xc1,0x08,0xc1,0x08,
0xc1,0x08,0xc1,0x08,0xc1,0x08,0xc1,0x08,0xc1,0x08,0xc1,0x08,0xc1,0x08,0xc1,0x08,
0xc1,0x08,0xc1,0x08,0xc1,0x08,0xc1,0x08,0xc1,0x08,0xc1,0x08,0xc1,0x08,0xc1,0x08,
0xc1,0x08,0xc1,0x08,0xc1,0x08,0xc1,0x08,0xc1,0x08,0xc1,0x08,0xc1,0x08,0xc1,0x08,
0xc1,0x08,0xc1,0x08,0xc1,0x08,0xc1,0x08,0xc1,0x08,0xc1,0x08,0xc1,0x08,0xc1,0x08,
0xc1,0x08,0xc1,0x08,0xc1,0x08,0xc1,0x08,0xc1,0x08,0xc1,0x08,0xc1,0x08,0xc1,0x08,
0xc1,0x08,0xc1,0x08,0xc1,0x08,0xc1,0x08,0xc1,0x08,0xc1,0x08,0xc1,0x08,0xc1,0x08,
0xc1,0x08,0xc1,0x08,0xc1,0x08,0xc1,0x08,0xc1,0x08,0xc1,0x08,0xc1,0x08,0xc1,0x08,
0xc1,0x08,0xc1,0x08,0xc1,0x08,0xc1,0x08,0xc1,0x08,0xc1,0x08,0xc1,0x08,0xc1,0x08,
0xc1,0x08,0xc1,0x08,0xc1,0x08,0xc1,0x08,0xc1,0x08,0xc1,0x08,0xc1,0x08,0xc1,0x08,
0xc1,0x08,0xc1,0x08,0xc1,0x08,0xc1,0x08,0xc1,0x08,0xc1,0x08,0xc1,0x08,0xc1,0x08,
0xc1,0x08,0xc1,0x08,0xc1,0x08,0xc1,0x08,0xc1,0x08,0xc1,0x08,0xc1,0x08,0xc1,0x08,
0xc1,0x08,0xc1,0x08,0xc1,0x08,0xc1,0x08,0xc1,0x08,0xc1,0x08,0xc1,0x08,0xc1,0x08,
0xc1,0x08,0xc1,0x08,0xc1,0x08,0xc1,0x08,0xc1,0x08,0xc1,0x08,0xc1,0x08,0xc1,0x08,
0xc1,0x08,0xc1,0x08,0xc1,0x08,0xc1,0x08,0xc1,0x08,0xc1,0x08,0xc1,0x08,0xc1,0x08,
0xc1,0x08,0xc1,0x08,0xc1,0x08,0xc1,0x08,0xc1,0x08,0xc1,0x08,0xc1,0x08,0xc1,0x08,
0xc1,0x08,0xc1,0x08,0xc1,0x08,0xc1,0x08,0xc1,0x08,0xc1,0x08,0xc1,0x08,0xc1,0x08,
0xc1,0x08,0xc1,0x08,0xc1,0x08,0xc1,0x08,0xc1,0x08,0xc1,0x08,0xc1,0x08,0xc1,0x08,
0xc1,0x08,0xc1,0x08,0xc1,0x08,0xc1,0x08,0xc1,0x08,0xc1,0x08,0xc1,0x08,0xc1,0x08,
0xc1,0x08,0xc1,0x08,0xc1,0x08,0xc1,0x08,0xc1,0x08,0xc1,0x08,0xc1,0x08,0xc1,0x08,
0xc1,0x08,0xc1,0x08,0xc1,0x08,0xc1,0x08,0xc1,0x08,0xc1,0x08,0xc1,0x08,0xc1,0x08,
0xc1,0x08,0xc1,0x08,0xc1,0x08,0xc1,0x08,0xc1,0x08,0xc1,0x08,0xc1,0x08,0xc1,0x08,
0xc1,0x08,0xc1,0x08,0xc1,0x08,0xc1,0x08,0xc1,0x08,0xc1,0x08,0xc1,0x08,0xc1,0x08,
0xc1,0x08,0xc1,0x08,0xc1,0x08,0xc1,0x08,0xc1,0x08,0xc1,0x08,0xc1,0x08,0xc1,0x08,
0xc1,0x08,0xc1,0x08,0xc1,0x08,0xc1,0x08,0xc1,0x08,0xc1,0x08,0xc1,0x08,0xc1,0x08,
0xc1,0x08,0xc1,0x08,0xc1,0x08,0xc1,0x08,0xc1,0x08,0xc1,0x08,0xc1,0x08,0xc1,0x08,
0xc1,0x08,0xc1,0x08,0xc1,0x08,0xc1,0x08,0xc1,0x08,0xc1,0x08,0xc1,0x08,0xc1,0x08,
0xc1,0x08,0xc1,0x08,0xc1,0x08,0xc1,0x08,0xc1,0x08,0xc1,0x08,0xc1,0x08,0xc1,0x08,
0xc1,0x08,0xc1,0x08,0xc1,0x08,0xc1,0x08,0xc1,0x08,0xc1,0x08,0xc1,0x08,0xc1,0x08,
0xc1,0x08,0xc1,0x08,0xc1,0x08,0xc1,0x08,0xc1,0x08,0xc1,0x08,0xc1,0x08,0xc1,0x08,
0xc1,0x08,0xc1,0x08,0xc1,0x08,0xc1,0x08,0xc1,0x08,0xc1,0x08,0xc1,0x08,0xc1,0x08,
0xc1,0x08,0xc1,0x08,0xc1,0x08,0xc1,0x08,0xc1,0x08,0xc1,0x08,0xc1,0x08,0xc1,0x08,
0xc1,0x08,0xc1,0x08,0xc1,0x08,0xc1,0x08,0xc1,0x08,0xc1,0x08,0xc1,0x08,0xc1,0x08,
0xc1,0x08,0xc1,0x08,0xc1,0x08,0xc1,0x08,0xc1,0x08,0xc1,0x08,0xc1,0x08,0xc1,0x08,
0xc1,0x08,0xc1,0x08,0xc1,0x08,0xc1,0x08,0xc1,0x08,0xc1,0x08,0xc1,0x08,0xc1,0x08,
0xc1,0x08,0xc1,0x08,0xc1,0x08,0xc1,0x08,0xc1,0x08,0xc1,0x08,0xc1,0x08,0xc1,0x08,
0xc1,0x08,0xc1,0x08,0xc1,0x08,0xc1,0x08,0xc1,0x08,0xc1,0x08,0xc1,0x08,0xc1,0x08,
0xc1,0x08,0xc1,0x08,0xc1,0x08,0xc1,0x08,0xc1,0x08,0xc1,0x08,0xc1,0x08,0xc1,0x08,
0xc1,0x08,0xc1,0x08,0xc1,0x08,0xc1,0x08,0xc1,0x08,0xc1,0x08,0xc1,0x08,0xc1,0x08,
0xc1,0x08,0xc1,0x08,0xc1,0x08,0xc1,0x08,0xc1,0x08,0xc1,0x08,0xc1,0x08,0xc1,0x08,
0xc1,0x08,0xc1,0x08,0xc1,0x08,0xc1,0x08,0xc1,0x08,0xc1,0x08,0xc1,0x08,0xc1,0x08,
0xc1,0x08,0xc1,0x08,0xc1,0x08,0xc1,0x08,0xc1,0x08,0xc1,0x08,0xc1,0x08,0xc1,0x08,
0xc1,0x08,0xc1,0x08,0xc1,0x08,0xc1,0x08,0xc1,0x08,0xc1,0x08,0xc1,0x08,0xc1,0x08,
0xc1,0x08,0xc1,0x08,0xc1,0x08,0xc1,0x08,0xc1,0x08,0xc1,0x08,0xc1,0x08,0xc1,0x08,
0xc1,0x08,0xc1,0x08,0xc1,0x08,0xc1,0x08,0xc1,0x08,0xc1,0x08,0xc1,0x08,0xc1,0x08,
0xc1,0x08,0xc1,0x08,0xc1,0x08,0xc1,0x08,0xc1,0x08,0xc1,0x08,0xc1,0x08,0xc1,0x08,
0xc1,0x08,0xc1,0x08,0xc1,0x08,0xc1,0x08,0xc1,0x08,0xc1,0x08,0xc1,0x08,0xc1,0x08,
0xc1,0x08,0xc1,0x08,0xc1,0x08,0xc1,0x08,0xc1,0x08,0xc1,0x08,0xc1,0x08,0xc1,0x08,
0xc1,0x08,0xc1,0x08,0xc1,0x08,0xc1,0x08,0xc1,0x08,0xc1,0x08,0xc1,0x08,0xc1,0x08,
0xc1,0x08,0xc1,0x08,0xc1,0x08,0xc1,0x08,0xc1,0x08,0xc1,0x08,0xc1,0x08,0xc1,0x08,
0xc1,0x08,0xc1,0x08,0xc1,0x08,0xc1,0x08,0xc1,0x08,0xc1,0x08,0xc1,0x08,0xc1,0x08,
0xc1,0x08,0xc1,0x08,0xc1,0x08,0xc1,0x08,0xc1,0x08,0xc1,0x08,0xc1,0x08,0xc1,0x08,
0xc1,0x08,0xc1,0x08,0xc1,0x08,0xc1,0x08,0xc1,0x08,0xc1,0x08,0xc1,0x08,0xc1,0x08,
0xc1,0x08,0xc1,0x08,0xc1,0x08,0xc1,0x08,0xc1,0x08,0xc1,0x08,0xc1,0x08,0xc1,0x08,
0xc1,0x08,0xc1,0x08,0xc1,0x08,0xc1,0x08,0xc1,0x08,0xc1,0x08,0xc1,0x08,0xc1,0x08,
0xc1,0x08,0xc1,0x08,0xc1,0x08,0xc1,0x08,0xc1,0x08,0xc1,0x08,0xc1,0x08,0xc1,0x08,
0xc1,0x08,0xc1,0x08,0xc1,0x08,0xc1,0x08,0xc1,0x08,0xc1,0x08,0xc1,0x08,0xc1,0x08,
0xc1,0x08,0xc1,0x08,0xc1,0x08,0xc1,0x08,0xc1,0x08,0xc1,0x08,0xc1,0x08,0xc1,0x08,
0xc1,0x08,0xc1,0x08,0xc1,0x08,0xc1,0x08,0xc1,0x08,0xc1,0x08,0xc1,0x08,0xc1,0x08,
0xc1,0x08,0xc1,0x08,0xc1,0x08,0xc1,0x08,0xc1,0x08,0xc1,0x08,0xc1,0x08,0xc1,0x08,
0xc1,0x08,0xc1,0x08,0xc1,0x08,0xc1,0x08,0xc1,0x08,0xc1,0x08,0xc1,0x08,0xc1,0x08,
0xc1,0x08,0xc1,0x08,0xc1,0x08,0xc1,0x08,0xc1,0x08,0xc1,0x08,0xc1,0x08,0xc1,0x08,
0xc1,0x08,0xc1,0x08,0xc1,0x08,0xc1,0x08,0xc1,0x08,0xc1,0x08,0xc1,0x08,0xc1,0x08,
0xc1,0x08,0xc1,0x08,0xc1,0x08,0xc1,0x08,0xc1,0x08,0xc1,0x08,0xc1,0x08,0xc1,0x08,
0xc1,0x08,0xc1,0x08,0xc1,0x08,0xc1,0x08,0xc1,0x08,0xc1,0x08,0xc1,0x08,0xc1,0x08,
0xc1,0x08,0xc1,0x08,0xc1,0x08,0xc1,0x08,0xc1,0x08,0xc1,0x08,0xc1,0x08,0xc1,0x08,
0xc1,0x08,0xc1,0x08,0xc1,0x08,0xc1,0x08,0xc1,0x08,0xc1,0x08,0xc1,0x08,0xc1,0x08,
0xc1,0x08,0xc1,0x08,0xc1,0x08,0xc1,0x08,0xc1,0x08,0xc1,0x08,0xc1,0x08,0xc1,0x08,
0xc1,0x08,0xc1,0x08,0xc1,0x08,0xc1,0x08,0xc1,0x08,0xc1,0x08,0xc1,0x08,0xc1,0x08,
0xc1,0x08,0xc1,0x08,0xc1,0x08,0xc1,0x08,0xc1,0x08,0xc1,0x08,0xc1,0x08,0xc1,0x08,
0xc1,0x08,0xc1,0x08,0xc1,0x08,0xc1,0x08,0xc1,0x08,0xc1,0x08,0xc1,0x08,0xc1,0x08,
0xc1,0x08,0xc1,0x08,0xc1,0x08,0xc1,0x08,0xc1,0x08,0xc1,0x08,0xc1,0x08,0xc1,0x08,
0xc1,0x08,0xc1,0x08,0xc1,0x08,0xc1,0x08,0xc1,0x08,0xc1,0x08,0xc1,0x08,0xc1,0x08,
0xc1,0x08,0xc1,0x08,0xc1,0x08,0xc1,0x08,0xc1,0x08,0xc1,0x08,0xc1,0x08,0xc1,0x08,
0xc1,0x08,0xc1,0x08,0xc1,0x08,0xc1,0x08,0xc1,0x08,0xc1,0x08,0xc1,0x08,0xc1,0x08,
0xc1,0x08,0xc1,0x08,0xc1,0x08,0xc1,0x08,0xc1,0x08,0xc1,0x08,0xc1,0x08,0xc1,0x08,
0xc1,0x08,0xc1,0x08,0xc1,0x08,0xc1,0x08,0xc1,0x08,0xc1,0x08,0xc1,0x08,0xc1,0x08,
0xc1,0x08,0xc1,0x08,0xc1,0x08,0xc1,0x08,0xc1,0x08,0xc1,0x08,0xc1,0x08,0xc1,0x08,
0xc1,0x08,0xc1,0x08,0xc1,0x08,0xc1,0x08,0xc1,0x08,0xc1,0x08,0xc1,0x08,0xc1,0x08,
0xc1,0x08,0xc1,0x08,0xc1,0x08,0xc1,0x08,0xc1,0x08,0xc1,0x08,0xc1,0x08,0xc1,0x08,
0xc1,0x08,0xc1,0x08,0xc1,0x08,0xc1,0x08,0xc1,0x08,0xc1,0x08,0xc1,0x08,0xc1,0x08,
0xc1,0x08,0xc1,0x08,0xc1,0x08,0xc1,0x08,0xc1,0x08,0xc1,0x08,0xc1,0x08,0xc1,0x08,
0xc1,0x08,0xc1,0x08,0xc1,0x08,0xc1,0x08,0xc1,0x08,0xc1,0x08,0xc1,0x08,0xc1,0x08,
0xc1,0x08,0xc1,0x08,0xc1,0x08,0xc1,0x08,0xc1,0x08,0xc1,0x08,0xc1,0x08,0xc1,0x08,
0xc1,0x08,0xc1,0x08,0xc1,0x08,0xc1,0x08,0xc1,0x08,0xc1,0x08,0xc1,0x08,0xc1,0x08,
0xc1,0x08,0xc1,0x08,0xc1,0x08,0xc1,0x08,0xc1,0x08,0xc1,0x08,0xc1,0x08,0xc1,0x08,
0xc1,0x08,0xc1,0x08,0xc1,0x08,0xc1,0x08,0xc1,0x08,0xc1,0x08,0xc1,0x08,0xc1,0x08,
0xc1,0x08,0xc1,0x08,0xc1,0x08,0xc1,0x08,0xc1,0x08,0xc1,0x08,0xc1,0x08,0xc1,0x08,
0xc1,0x08,0xc1,0x08,0xc1,0x08,0xc1,0x08,0xc1,0x08,0xc1,0x08,0xc1,0x08,0xc1,0x08,
0xc1,0x08,0xc1,0x08,0xc1,0x08,0xc1,0x08,0xc1,0x08,0xc1,0x08,0xc1,0x08,0xc1,0x08,
0xc1,0x08,0xc1,0x08,0xc1,0x08,0xc1,0x08,0xc1,0x08,0xc1,0x08,0xc1,0x08,0xc1,0x08,
0xc1,0x08,0xc1,0x08,0xc1,0x08,0xc1,0x08,0xc1,0x08,0xc1,0x08,0xc1,0x08,0xc1,0x08,
0xc1,0x08,0xc1,0x08,0xc1,0x08,0xc1,0x08,0xc1,0x08,0xc1,0x08,0xc1,0x08,0xc1,0x08,
0xc1,0x08,0xc1,0x08,0xc1,0x08,0xc1,0x08,0xc1,0x08,0xc1,0x08,0xc1,0x08,0xc1,0x08,
0xc1,0x08,0xc1,0x08,0xc1,0x08,0xc1,0x08,0xc1,0x08,0xc1,0x08,0xc1,0x08,0xc1,0x08,
0xc1,0x08,0xc1,0x08,0xc1,0x08,0xc1,0x08,0xc1,0x08,0xc1,0x08,0xc1,0x08,0xc1,0x08,
0xc1,0x08,0xc1,0x08,0xc1,0x08,0xc1,0x08,0xc1,0x08,0xc1,0x08,0xc1,0x08,0xc1,0x08,
0xc1,0x08,0xc1,0x08,0xc1,0x08,0xc1,0x08,0xc1,0x08,0xc1,0x08,0xc1,0x08,0xc1,0x08,
0xc1,0x08,0xc1,0x08,0xc1,0x08,0xc1,0x08,0xc1,0x08,0xc1,0x08,0xc1,0x08,0xc1,0x08,
0xc1,0x08,0xc1,0x08,0xc1,0x08,0xc1,0x08,0xc1,0x08,0xc1,0x08,0xc1,0x08,0xc1,0x08,
0xc1,0x08,0xc1,0x08,0xc1,0x08,0xc1,0x08,0xc1,0x08,0xc1,0x08,0xc1,0x08,0xc1,0x08,
0xc1,0x08,0xc1,0x08,0xc1,0x08,0xc1,0x08,0xc1,0x08,0xc1,0x08,0xc1,0x08,0xc1,0x08,
0xc1,0x08,0xc1,0x08,0xc1,0x08,0xc1,0x08,0xc1,0x08,0xc1,0x08,0xc1,0x08,0xc1,0x08,
0xc1,0x08,0xc1,0x08,0xc1,0x08,0xc1,0x08,0xc1,0x08,0xc1,0x08,0xc1,0x08,0xc1,0x08,
0xc1,0x08,0xc1,0x08,0xc1,0x08,0xc1,0x08,0xc1,0x08,0xc1,0x08,0xc1,0x08,0xc1,0x08,
0xc1,0x08,0xc1,0x08,0xc1,0x08,0xc1,0x08,0xc1,0x08,0xc1,0x08,0xc1,0x08,0xc1,0x08,
0xc1,0x08,0xc1,0x08,0xc1,0x08,0xc1,0x08,0xc1,0x08,0xc1,0x08,0xc1,0x08,0xc1,0x08,
0xc1,0x08,0xc1,0x08,0xc1,0x08,0xc1,0x08,0xc1,0x08,0xc1,0x08,0xc1,0x08,0xc1,0x08,
0xc1,0x08,0xc1,0x08,0xc1,0x08,0xc1,0x08,0xc1,0x08,0xc1,0x08,0xc1,0x08,0xc1,0x08,
0xc1,0x08,0xc1,0x08,0xc1,0x08,0xc1,0x08,0xc1,0x08,0xc1,0x08,0xc1,0x08,0xc1,0x08,
0xc1,0x08,0xc1,0x08,0xc1,0x08,0xc1,0x08,0xc1,0x08,0xc1,0x08,0xc1,0x08,0xc1,0x08,
0xc1,0x08,0xc1,0x08,0xc1,0x08,0xc1,0x08,0xc1,0x08,0xc1,0x08,0xc1,0x08,0xc1,0x08,
0xc1,0x08,0xc1,0x08,0xc1,0x08,0xc1,0x08,0xc1,0x08,0xc1,0x08,0xc1,0x08,0xc1,0x08,
0xc1,0x08,0xc1,0x08,0xc1,0x08,0xc1,0x08,0xc1,0x08,0xc1,0x08,0xc1,0x08,0xc1,0x08,
0xc1,0x08,0xc1,0x08,0xc1,0x08,0xc1,0x08,0xc1,0x08,0xc1,0x08,0xc1,0x08,0xc1,0x08,
0xc1,0x08,0xc1,0x08,0xc1,0x08,0xc1,0x08,0xc1,0x08,0xc1,0x08,0xc1,0x08,0xc1,0x08,
0xc1,0x08,0xc1,0x08,0xc1,0x08,0xc1,0x08,0xc1,0x08,0xc1,0x08,0xc1,0x08,0xc1,0x08,
0xc1,0x08,0xc1,0x08,0xc1,0x08,0xc1,0x08,0xc1,0x08,0xc1,0x08,0xc1,0x08,0xc1,0x08,
0xc1,0x08,0xc1,0x08,0xc1,0x08,0xc1,0x08,0xc1,0x08,0xc1,0x08,0xc1,0x08,0xc1,0x08,
0xc1,0x08,0xc1,0x08,0xc1,0x08,0xc1,0x08,0xc1,0x08,0xc1,0x08,0xc1,0x08,0xc1,0x08,
0xc1,0x08,0xc1,0x08,0xc1,0x08,0xc1,0x08,0xc1,0x08,0xc1,0x08,0xc1,0x08,0xc1,0x08,
0xc1,0x08,0xc1,0x08,0xc1,0x08,0xc1,0x08,0xc1,0x08,0xc1,0x08,0xc1,0x08,0xc1,0x08,
0xc1,0x08,0xc1,0x08,0xc1,0x08,0xc1,0x08,0xc1,0x08,0xc1,0x08,0xc1,0x08,0xc1,0x08,
0xc1,0x08,0xc1,0x08,0xc1,0x08,0xc1,0x08,0xc1,0x08,0xc1,0x08,0xc1,0x08,0xc1,0x08,
0xc1,0x08,0xc1,0x08,0xc1,0x08,0xc1,0x08,0xc1,0x08,0xc1,0x08,0xc1,0x08,0xc1,0x08,
0xc1,0x08,0xc1,0x08,0xc1,0x08,0xc1,0x08,0xc1,0x08,0xc1,0x08,0xc1,0x08,0xc1,0x08,
0xc1,0x08,0xc1,0x08,0xc1,0x08,0xc1,0x08,0xc1,0x08,0xc1,0x08,0xc1,0x08,0xc1,0x08,
0xc1,0x08,0xc1,0x08,0xc1,0x08,0xc1,0x08,0xc1,0x08,0xc1,0x08,0xc1,0x08,0xc1,0x08,
0xc1,0x08,0xc1,0x08,0xc1,0x08,0xc1,0x08,0xc1,0x08,0xc1,0x08,0xc1,0x08,0xc1,0x08,
0xc1,0x08,0xc1,0x08,0xc1,0x08,0xc1,0x08,0xc1,0x08,0xc1,0x08,0xc1,0x08,0xc1,0x08,
0xc1,0x08,0xc1,0x08,0xc1,0x08,0xc1,0x08,0xc1,0x08,0xc1,0x08,0xc1,0x08,0xc1,0x08,
0xc1,0x08,0xc1,0x08,0xc1,0x08,0xc1,0x08,0xc1,0x08,0xc1,0x08,0xc1,0x08,0xc1,0x08,
0xc1,0x08,0xc1,0x08,0xc1,0x08,0xc1,0x08,0xc1,0x08,0xc1,0x08,0xc1,0x08,0xc1,0x08,
0xc1,0x08,0xc1,0x08,0xc1,0x08,0xc1,0x08,0xc1,0x08,0xc1,0x08,0xc1,0x08,0xc1,0x08,
0xc1,0x08,0xc1,0x08,0xc1,0x08,0xc1,0x08,0xc1,0x08,0xc1,0x08,0xc1,0x08,0xc1,0x08,
0xc1,0x08,0xc1,0x08,0xc1,0x08,0xc1,0x08,0xc1,0x08,0xc1,0x08,0xc1,0x08,0xc1,0x08,
0xc1,0x08,0xc1,0x08,0xc1,0x08,0xc1,0x08,0xc1,0x08,0xc1,0x08,0xc1,0x08,0xc1,0x08,
0xc1,0x08,0xc1,0x08,0xc1,0x08,0xc1,0x08,0xc1,0x08,0xc1,0x08,0xc1,0x08,0xc1,0x08,
0xc1,0x08,0xc1,0x08,0xc1,0x08,0xc1,0x08,0xc1,0x08,0xc1,0x08,0xc1,0x08,0xc1,0x08,
0xc1,0x08,0xc1,0x08,0xc1,0x08,0xc1,0x08,0xc1,0x08,0xc1,0x08,0xc1,0x08,0xc1,0x08,
0xc1,0x08,0xc1,0x08,0xc1,0x08,0xc1,0x08,0xc1,0x08,0xc1,0x08,0xc1,0x08,0xc1,0x08,
0xc1,0x08,0xc1,0x08,0xc1,0x08,0xc1,0x08,0xc1,0x08,0xc1,0x08,0xc1,0x08,0xc1,0x08,
0xc1,0x08,0xc1,0x08,0xc1,0x08,0xc1,0x08,0xc1,0x08,0xc1,0x08,0xc1,0x08,0xc1,0x08,
0xc1,0x08,0xc1,0x08,0xc1,0x08,0xc1,0x08,0xc1,0x08,0xc1,0x08,0xc1,0x08,0xc1,0x08,
0xc1,0x08,0xc1,0x08,0xc1,0x08,0xc1,0x08,0xc1,0x08,0xc1,0x08,0xc1,0x08,0xc1,0x08,
0xc1,0x08,0xc1,0x08,0xc1,0x08,0xc1,0x08,0xc1,0x08,0xc1,0x08,0xc1,0x08,0xc1,0x08,
0xc1,0x08,0xc1,0x08,0xc1,0x08,0xc1,0x08,0xc1,0x08,0xc1,0x08,0xc1,0x08,0xc1,0x08,
0xc1,0x08,0xc1,0x08,0xc1,0x08,0xc1,0x08,0xc1,0x08,0xc1,0x08,0xc1,0x08,0xc1,0x08,
0xc1,0x08,0xc1,0x08,0xc1,0x08,0xc1,0x08,0xc1,0x08,0xc1,0x08,0xc1,0x08,0xc1,0x08,
0xc1,0x08,0xc1,0x08,0xc1,0x08,0xc1,0x08,0xc1,0x08,0xc1,0x08,0xc1,0x08,0xc1,0x08,
0xc1,0x08,0xc1,0x08,0xc1,0x08,0xc1,0x08,0xc1,0x08,0xc1,0x08,0xc1,0x08,0xc1,0x08,
0xc1,0x08,0xc1,0x08,0xc1,0x08,0xc1,0x08,0xc1,0x08,0xc1,0x08,0xc1,0x08,0xc1,0x08,
0xc1,0x08,0xc1,0x08,0xc1,0x08,0xc1,0x08,0xc1,0x08,0xc1,0x08,0xc1,0x08,0xc1,0x08,
0xc1,0x08,0xc1,0x08,0xc1,0x08,0xc1,0x08,0xc1,0x08,0xc1,0x08,0xc1,0x08,0xc1,0x08,
0xc1,0x08,0xc1,0x08,0xc1,0x08,0xc1,0x08,0xc1,0x08,0xc1,0x08,0xc1,0x08,0xc1,0x08,
0xc1,0x08,0xc1,0x08,0xc1,0x08,0xc1,0x08,0xc1,0x08,0xc1,0x08,0xc1,0x08,0xc1,0x08,
0xc1,0x08,0xc1,0x08,0xc1,0x08,0xc1,0x08,0xc1,0x08,0xc1,0x08,0xc1,0x08,0xc1,0x08,
0xc1,0x08,0xc1,0x08,0xc1,0x08,0xc1,0x08,0xc1,0x08,0xc1,0x08,0xc1,0x08,0xc1,0x08,
0xc1,0x08,0xc1,0x08,0xc1,0x08,0xc1,0x08,0xc1,0x08,0xc1,0x08,0xc1,0x08,0xc1,0x08,
0xc1,0x08,0xc1,0x08,0xc1,0x08,0xc1,0x08,0xc1,0x08,0xc1,0x08,0xc1,0x08,0xc1,0x08,
0xc1,0x08,0xc1,0x08,0xc1,0x08,0xc1,0x08,0xc1,0x08,0xc1,0x08,0xc1,0x08,0xc1,0x08,
0xc1,0x08,0xc1,0x08,0xc1,0x08,0xc1,0x08,0xc1,0x08,0xc1,0x08,0xc1,0x08,0xc1,0x08,
0xc1,0x08,0xc1,0x08,0xc1,0x08,0xc1,0x08,0xc1,0x08,0xc1,0x08,0xc1,0x08,0xc1,0x08,
0xc1,0x08,0xc1,0x08,0xc1,0x08,0xc1,0x08,0xc1,0x08,0xc1,0x08,0xc1,0x08,0xc1,0x08,
0xc1,0x08,0xc1,0x08,0xc1,0x08,0xc1,0x08,0xc1,0x08,0xc1,0x08,0xc1,0x08,0xc1,0x08,
0xc1,0x08,0xc1,0x08,0xc1,0x08,0xc1,0x08,0xc1,0x08,0xc1,0x08,0xc1,0x08,0xc1,0x08,
0xc1,0x08,0xc1,0x08,0xc1,0x08,0xc1,0x08,0xc1,0x08,0xc1,0x08,0xc1,0x08,0xc1,0x08,
0xc1,0x08,0xc1,0x08,0xc1,0x08,0xc1,0x08,0xc1,0x08,0xc1,0x08,0xc1,0x08,0xc1,0x08,
0xc1,0x08,0xc1,0x08,0xc1,0x08,0xc1,0x08,0xc1,0x08,0xc1,0x08,0xc1,0x08,0xc1,0x08,
0xc1,0x08,0xc1,0x08,0xc1,0x08,0xc1,0x08,0xc1,0x08,0xc1,0x08,0xc1,0x08,0xc1,0x08,
0xc1,0x08,0xc1,0x08,0xc1,0x08,0xc1,0x08,0xc1,0x08,0xc1,0x08,0xc1,0x08,0xc1,0x08,
0xc1,0x08,0xc1,0x08,0xc1,0x08,0xc1,0x08,0xc1,0x08,0xc1,0x08,0xc1,0x08,0xc1,0x08,
0xc1,0x08,0xc1,0x08,0xc1,0x08,0xc1,0x08,0xc1,0x08,0xc1,0x08,0xc1,0x08,0xc1,0x08,
0xc1,0x08,0xc1,0x08,0xc1,0x08,0xc1,0x08,0xc1,0x08,0xc1,0x08,0xc1,0x08,0xc1,0x08,
0xc1,0x08,0xc1,0x08,0xc1,0x08,0xc1,0x08,0xc1,0x08,0xc1,0x08,0xc1,0x08,0xc1,0x08,
0xc1,0x08,0xc1,0x08,0xc1,0x08,0xc1,0x08,0xc1,0x08,0xc1,0x08,0xc1,0x08,0xc1,0x08,
0xc1,0x08,0xc1,0x08,0xc1,0x08,0xc1,0x08,0xc1,0x08,0xc1,0x08,0xc1,0x08,0xc1,0x08,
0xc1,0x08,0xc1,0x08,0xc1,0x08,0xc1,0x08,0xc1,0x08,0xc1,0x08,0xc1,0x08,0xc1,0x08,
0xc1,0x08,0xc1,0x08,0xc1,0x08,0xc1,0x08,0xc1,0x08,0xc1,0x08,0xc1,0x08,0xc1,0x08,
0xc1,0x08,0xc1,0x08,0xc1,0x08,0xc1,0x08,0xc1,0x08,0xc1,0x08,0xc1,0x08,0xc1,0x08,
0xc1,0x08,0xc1,0x08,0xc1,0x08,0xc1,0x08,0xc1,0x08,0xc1,0x08,0xc1,0x08,0xc1,0x08,
0xc1,0x08,0xc1,0x08,0xc1,0x08,0xc1,0x08,0xc1,0x08,0xc1,0x08,0xc1,0x08,0xc1,0x08,
0xc1,0x08,0xc1,0x08,0xc1,0x08,0xc1,0x08,0xc1,0x08,0xc1,0x08,0xc1,0x08,0xc1,0x08,
0xc1,0x08,0xc1,0x08,0xc1,0x08,0xc1,0x08,0xc1,0x08,0xc1,0x08,0xc1,0x08,0xc1,0x08,
0xc1,0x08,0xc1,0x08,0xc1,0x08,0xc1,0x08,0xc1,0x08,0xc1,0x08,0xc1,0x08,0xc1,0x08,
0xc1,0x08,0xc1,0x08,0xc1,0x08,0xc1,0x08,0xc1,0x08,0xc1,0x08,0xc1,0x08,0xc1,0x08,
0xc1,0x08,0xc1,0x08,0xc1,0x08,0xc1,0x08,0xc1,0x08,0xc1,0x08,0xc1,0x08,0xc1,0x08,
0xc1,0x08,0xc1,0x08,0xc1,0x08,0xc1,0x08,0xc1,0x08,0xc1,0x08,0xc1,0x08,0xc1,0x08,
0xc1,0x08,0xc1,0x08,0xc1,0x08,0xc1,0x08,0xc1,0x08,0xc1,0x08,0xc1,0x08,0xc1,0x08,
0xc1,0x08,0xc1,0x08,0xc1,0x08,0xc1,0x08,0xc1,0x08,0xc1,0x08,0xc1,0x08,0xc1,0x08,
0xc1,0x08,0xc1,0x08,0xc1,0x08,0xc1,0x08,0xc1,0x08,0xc1,0x08,0xc1,0x08,0xc1,0x08,
0xc1,0x08,0xc1,0x08,0xc1,0x08,0xc1,0x08,0xc1,0x08,0xc1,0x08,0xc1,0x08,0xc1,0x08,
0xc1,0x08,0xc1,0x08,0xc1,0x08,0xc1,0x08,0xc1,0x08,0xc1,0x08,0xc1,0x08,0xc1,0x08,
0xc1,0x08,0xc1,0x08,0xc1,0x08,0xc1,0x08,0xc1,0x08,0xc1,0x08,0xc1,0x08,0xc1,0x08,
0xc1,0x08,0xc1,0x08,0xc1,0x08,0xc1,0x08,0xc1,0x08,0xc1,0x08,0xc1,0x08,0xc1,0x08,
0xc1,0x08,0xc1,0x08,0xc1,0x08,0xc1,0x08,0xc1,0x08,0xc1,0x08,0xc1,0x08,0xc1,0x08,
0xc1,0x08,0xc1,0x08,0xc1,0x08,0xc1,0x08,0xc1,0x08,0xc1,0x08,0xc1,0x08,0xc1,0x08,
0xc1,0x08,0xc1,0x08,0xc1,0x08,0xc1,0x08,0xc1,0x08,0xc1,0x08,0xc1,0x08,0xc1,0x08,
0xc1,0x08,0xc1,0x08,0xc1,0x08,0xc1,0x08,0xc1,0x08,0xc1,0x08,0xc1,0x08,0xc1,0x08,
0xc1,0x08,0xc1,0x08,0xc1,0x08,0xc1,0x08,0xc1,0x08,0xc1,0x08,0xc1,0x08,0xc1,0x08,
0xc1,0x08,0xc1,0x08,0xc1,0x08,0xc1,0x08,0xc1,0x08,0xc1,0x08,0xc1,0x08,0xc1,0x08,
0xc1,0x08,0xc1,0x08,0xc1,0x08,0xc1,0x08,0xc1,0x08,0xc1,0x08,0xc1,0x08,0xc1,0x08,
0xc1,0x08,0xc1,0x08,0xc1,0x08,0xc1,0x08,0xc1,0x08,0xc1,0x08,0xc1,0x08,0xc1,0x08,
0xc1,0x08,0xc1,0x08,0xc1,0x08,0xc1,0x08,0xc1,0x08,0xc1,0x08,0xc1,0x08,0xc1,0x08,
0xc1,0x08,0xc1,0x08,0xc1,0x08,0xc1,0x08,0xc1,0x08,0xc1,0x08,0xc1,0x08,0xc1,0x08,
0xc1,0x08,0xc1,0x08,0xc1,0x08,0xc1,0x08,0xc1,0x08,0xc1,0x08,0xc1,0x08,0xc1,0x08,
0xc1,0x08,0xc1,0x08,0xc1,0x08,0xc1,0x08,0xc1,0x08,0xc1,0x08,0xc1,0x08,0xc1,0x08,
0xc1,0x08,0xc1,0x08,0xc1,0x08,0xc1,0x08,0xc1,0x08,0xc1,0x08,0xc1,0x08,0xc1,0x08,
0xc1,0x08,0xc1,0x08,0xc1,0x08,0xc1,0x08,0xc1,0x08,0xc1,0x08,0xc1,0x08,0xc1,0x08,
0xc1,0x08,0xc1,0x08,0xc1,0x08,0xc1,0x08,0xc1,0x08,0xc1,0x08,0xc1,0x08,0xc1,0x08,
0xc1,0x08,0xc1,0x08,0xc1,0x08,0xc1,0x08,0xc1,0x08,0xc1,0x08,0xc1,0x08,0xc1,0x08,
0xc1,0x08,0xc1,0x08,0xc1,0x08,0xc1,0x08,0xc1,0x08,0xc1,0x08,0xc1,0x08,0xc1,0x08,
0xc1,0x08,0xc1,0x08,0xc1,0x08,0xc1,0x08,0xc1,0x08,0xc1,0x08,0xc1,0x08,0xc1,0x08,
0xc1,0x08,0xc1,0x08,0xc1,0x08,0xc1,0x08,0xc1,0x08,0xc1,0x08,0xc1,0x08,0xc1,0x08,
0xc1,0x08,0xc1,0x08,0xc1,0x08,0xc1,0x08,0xc1,0x08,0xc1,0x08,0xc1,0x08,0xc1,0x08,
0xc1,0x08,0xc1,0x08,0xc1,0x08,0xc1,0x08,0xc1,0x08,0xc1,0x08,0xc1,0x08,0xc1,0x08,
0xc1,0x08,0xc1,0x08,0xc1,0x08,0xc1,0x08,0xc1,0x08,0xc1,0x08,0xc1,0x08,0xc1,0x08,
0xc1,0x08,0xc1,0x08,0xc1,0x08,0xc1,0x08,0xc1,0x08,0xc1,0x08,0xc1,0x08,0xc1,0x08,
0xc1,0x08,0xc1,0x08,0xc1,0x08,0xc1,0x08,0xc1,0x08,0xc1,0x08,0xc1,0x08,0xc1,0x08,
0xc1,0x08,0xc1,0x08,0xc1,0x08,0xc1,0x08,0xc1,0x08,0xc1,0x08,0xc1,0x08,0xc1,0x08,
0xc1,0x08,0xc1,0x08,0xc1,0x08,0xc1,0x08,0xc1,0x08,0xc1,0x08,0xc1,0x08,0xc1,0x08,
0xc1,0x08,0xc1,0x08,0xc1,0x08,0xc1,0x08,0xc1,0x08,0xc1,0x08,0xc1,0x08,0xc1,0x08,
0xc1,0x08,0xc1,0x08,0xc1,0x08,0xc1,0x08,0xc1,0x08,0xc1,0x08,0xc1,0x08,0xc1,0x08,
0xc1,0x08,0xc1,0x08,0xc1,0x08,0xc1,0x08,0xc1,0x08,0xc1,0x08,0xc1,0x08,0xc1,0x08,
0xc1,0x08,0xc1,0x08,0xc1,0x08,0xc1,0x08,0xc1,0x08,0xc1,0x08,0xc1,0x08,0xc1,0x08,
0xc1,0x08,0xc1,0x08,0xc1,0x08,0xc1,0x08,0xc1,0x08,0xc1,0x08,0xc1,0x08,0xc1,0x08,
0xc1,0x08,0xc1,0x08,0xc1,0x08,0xc1,0x08,0xc1,0x08,0xc1,0x08,0xc1,0x08,0xc1,0x08,
0xc1,0x08,0xc1,0x08,0xc1,0x08,0xc1,0x08,0xc1,0x08,0xc1,0x08,0xc1,0x08,0xc1,0x08,
0xc1,0x08,0xc1,0x08,0xc1,0x08,0xc1,0x08,0xc1,0x08,0xc1,0x08,0xc1,0x08,0xc1,0x08,
0xc1,0x08,0xc1,0x08,0xc1,0x08,0xc1,0x08,0xc1,0x08,0xc1,0x08,0xc1,0x08,0xc1,0x08,
0xc1,0x08,0xc1,0x08,0xc1,0x08,0xc1,0x08,0xc1,0x08,0xc1,0x08,0xc1,0x08,0xc1,0x08,
0xc1,0x08,0xc1,0x08,0xc1,0x08,0xc1,0x08,0xc1,0x08,0xc1,0x08,0xc1,0x08,0xc1,0x08,
0xc1,0x08,0xc1,0x08,0xc1,0x08,0xc1,0x08,0xc1,0x08,0xc1,0x08,0xc1,0x08,0xc1,0x08,
0xc1,0x08,0xc1,0x08,0xc1,0x08,0xc1,0x08,0xc1,0x08,0xc1,0x08,0xc1,0x08,0xc1,0x08,
0xc1,0x08,0xc1,0x08,0xc1,0x08,0xc1,0x08,0xc1,0x08,0xc1,0x08,0xc1,0x08,0xc1,0x08,
0xc1,0x08,0xc1,0x08,0xc1,0x08,0xc1,0x08,0xc1,0x08,0xc1,0x08,0xc1,0x08,0xc1,0x08,
0xc1,0x08,0xc1,0x08,0xc1,0x08,0xc1,0x08,0xc1,0x08,0xc1,0x08,0xc1,0x08,0xc1,0x08,
0xc1,0x08,0xc1,0x08,0xc1,0x08,0xc1,0x08,0xc1,0x08,0xc1,0x08,0xc1,0x08,0xc1,0x08,
0xc1,0x08,0xc1,0x08,0xc1,0x08,0xc1,0x08,0xc1,0x08,0xc1,0x08,0xc1,0x08,0xc1,0x08,
0xc1,0x08,0xc1,0x08,0xc1,0x08,0xc1,0x08,0xc1,0x08,0xc1,0x08,0xc1,0x08,0xc1,0x08,
0xc1,0x08,0xc1,0x08,0xc1,0x08,0xc1,0x08,0xc1,0x08,0xc1,0x08,0xc1,0x08,0xc1,0x08,
0xc1,0x08,0xc1,0x08,0xc1,0x08,0xc1,0x08,0xc1,0x08,0xc1,0x08,0xc1,0x08,0xc1,0x08,
0xc1,0x08,0xc1,0x08,0xc1,0x08,0xc1,0x08,0xc1,0x08,0xc1,0x08,0xc1,0x08,0xc1,0x08,
0xc1,0x08,0xc1,0x08,0xc1,0x08,0xc1,0x08,0xc1,0x08,0xc1,0x08,0xc1,0x08,0xc1,0x08,
0xc1,0x08,0xc1,0x08,0xc1,0x08,0xc1,0x08,0xc1,0x08,0xc1,0x08,0xc1,0x08,0xc1,0x08,
0xc1,0x08,0xc1,0x08,0xc1,0x08,0xc1,0x08,0xc1,0x08,0xc1,0x08,0xc1,0x08,0xc1,0x08,
0xc1,0x08,0xc1,0x08,0xc1,0x08,0xc1,0x08,0xc1,0x08,0xc1,0x08,0xc1,0x08,0xc1,0x08,
0xc1,0x08,0xc1,0x08,0xc1,0x08,0xc1,0x08,0xc1,0x08,0xc1,0x08,0xc1,0x08,0xc1,0x08,
0xc1,0x08,0xc1,0x08,0xc1,0x08,0xc1,0x08,0xc1,0x08,0xc1,0x08,0xc1,0x08,0xc1,0x08,
0xc1,0x08,0xc1,0x08,0xc1,0x08,0xc1,0x08,0xc1,0x08,0xc1,0x08,0xc1,0x08,0xc1,0x08,
0xc1,0x08,0xc1,0x08,0xc1,0x08,0xc1,0x08,0xc1,0x08,0xc1,0x08,0xc1,0x08,0xc1,0x08,
0xc1,0x08,0xc1,0x08,0xc1,0x08,0xc1,0x08,0xc1,0x08,0xc1,0x08,0xc1,0x08,0xc1,0x08,
0xc1,0x08,0xc1,0x08,0xc1,0x08,0xc1,0x08,0xc1,0x08,0xc1,0x08,0xc1,0x08,0xc1,0x08,
0xc1,0x08,0xc1,0x08,0xc1,0x08,0xc1,0x08,0xc1,0x08,0xc1,0x08,0xc1,0x08,0xc1,0x08,
0xc1,0x08,0xc1,0x08,0xc1,0x08,0xc1,0x08,0xc1,0x08,0xc1,0x08,0xc1,0x08,0xc1,0x08,
0xc1,0x08,0xc1,0x08,0xc1,0x08,0xc1,0x08,0xc1,0x08,0xc1,0x08,0xc1,0x08,0xc1,0x08,
0xc1,0x08,0xc1,0x08,0xc1,0x08,0xc1,0x08,0xc1,0x08,0xc1,0x08,0xc1,0x08,0xc1,0x08,
0xc1,0x08,0xc1,0x08,0xc1,0x08,0xc1,0x08,0xc1,0x08,0xc1,0x08,0xc1,0x08,0xc1,0x08,
0xc1,0x08,0xc1,0x08,0xc1,0x08,0xc1,0x08,0xc1,0x08,0xc1,0x08,0xc1,0x08,0xc1,0x08,
0xc1,0x08,0xc1,0x08,0xc1,0x08,0xc1,0x08,0xc1,0x08,0xc1,0x08,0xc1,0x08,0xc1,0x08,
0xc1,0x08,0xc1,0x08,0xc1,0x08,0xc1,0x08,0xc1,0x08,0xc1,0x08,0xc1,0x08,0xc1,0x08,
0xc1,0x08,0xc1,0x08,0xc1,0x08,0xc1,0x08,0xc1,0x08,0xc1,0x08,0xc1,0x08,0xc1,0x08,
0xc1,0x08,0xc1,0x08,0xc1,0x08,0xc1,0x08,0xc1,0x08,0xc1,0x08,0xc1,0x08,0xc1,0x08,
0xc1,0x08,0xc1,0x08,0xc1,0x08,0xc1,0x08,0xc1,0x08,0xc1,0x08,0xc1,0x08,0xc1,0x08,
0xc1,0x08,0xc1,0x08,0xc1,0x08,0xc1,0x08,0xc1,0x08,0xc1,0x08,0xc1,0x08,0xc1,0x08,
0xc1,0x08,0xc1,0x08,0xc1,0x08,0xc1,0x08,0xc1,0x08,0xc1,0x08,0xc1,0x08,0xc1,0x08,
0xc1,0x08,0xc1,0x08,0xc1,0x08,0xc1,0x08,0xc1,0x08,0xc1,0x08,0xc1,0x08,0xc1,0x08,
0xc1,0x08,0xc1,0x08,0xc1,0x08,0xc1,0x08,0xc1,0x08,0xc1,0x08,0xc1,0x08,0xc1,0x08,
0xc1,0x08,0xc1,0x08,0xc1,0x08,0xc1,0x08,0xc1,0x08,0xc1,0x08,0xc1,0x08,0xc1,0x08,
0xc1,0x08,0xc1,0x08,0xc1,0x08,0xc1,0x08,0xc1,0x08,0xc1,0x08,0xc1,0x08,0xc1,0x08,
0xc1,0x08,0xc1,0x08,0xc1,0x08,0xc1,0x08,0xc1,0x08,0xc1,0x08,0xc1,0x08,0xc1,0x08,
0xc1,0x08,0xc1,0x08,0xc1,0x08,0xc1,0x08,0xc1,0x08,0xc1,0x08,0xc1,0x08,0xc1,0x08,
0xc1,0x08,0xc1,0x08,0xc1,0x08,0xc1,0x08,0xc1,0x08,0xc1,0x08,0xc1,0x08,0xc1,0x08,
0xc1,0x08,0xc1,0x08,0xc1,0x08,0xc1,0x08,0xc1,0x08,0xc1,0x08,0xc1,0x08,0xc1,0x08,
0xc1,0x08,0xc1,0x08,0xc1,0x08,0xc1,0x08,0xc1,0x08,0xc1,0x08,0xc1,0x08,0xc1,0x08,
0xc1,0x08,0xc1,0x08,0xc1,0x08,0xc1,0x08,0xc1,0x08,0xc1,0x08,0xc1,0x08,0xc1,0x08,
0xc1,0x08,0xc1,0x08,0xc1,0x08,0xc1,0x08,0xc1,0x08,0xc1,0x08,0xc1,0x08,0xc1,0x08,
0xc1,0x08,0xc1,0x08,0xc1,0x08,0xc1,0x08,0xc1,0x08,0xc1,0x08,0xc1,0x08,0xc1,0x08,
0xc1,0x08,0xc1,0x08,0xc1,0x08,0xc1,0x08,0xc1,0x08,0xc1,0x08,0xc1,0x08,0xc1,0x08,
0xc1,0x08,0xc1,0x08,0xc1,0x08,0xc1,0x08,0xc1,0x08,0xc1,0x08,0xc1,0x08,0xc1,0x08,
0xc1,0x08,0xc1,0x08,0xc1,0x08,0xc1,0x08,0xc1,0x08,0xc1,0x08,0xc1,0x08,0xc1,0x08,
0xc1,0x08,0xc1,0x08,0xc1,0x08,0xc1,0x08,0xc1,0x08,0xc1,0x08,0xc1,0x08,0xc1,0x08,
0xc1,0x08,0xc1,0x08,0xc1,0x08,0xc1,0x08,0xc1,0x08,0xc1,0x08,0xc1,0x08,0xc1,0x08,
0xc1,0x08,0xc1,0x08,0xc1,0x08,0xc1,0x08,0xc1,0x08,0xc1,0x08,0xc1,0x08,0xc1,0x08,
0xc1,0x08,0xc1,0x08,0xc1,0x08,0xc1,0x08,0xc1,0x08,0xc1,0x08,0xc1,0x08,0xc1,0x08,
0xc1,0x08,0xc1,0x08,0xc1,0x08,0xc1,0x08,0xc1,0x08,0xc1,0x08,0xc1,0x08,0xc1,0x08,
0xc1,0x08,0xc1,0x08,0xc1,0x08,0xc1,0x08,0xc1,0x08,0xc1,0x08,0xc1,0x08,0xc1,0x08,
0xc1,0x08,0xc1,0x08,0xc1,0x08,0xc1,0x08,0xc1,0x08,0xc1,0x08,0xc1,0x08,0xc1,0x08,
0xc1,0x08,0xc1,0x08,0xc1,0x08,0xc1,0x08,0xc1,0x08,0xc1,0x08,0xc1,0x08,0xc1,0x08,
0xc1,0x08,0xc1,0x08,0xc1,0x08,0xc1,0x08,0xc1,0x08,0xc1,0x08,0xc1,0x08,0xc1,0x08,
0xc1,0x08,0xc1,0x08,0xc1,0x08,0xc1,0x08,0xc1,0x08,0xc1,0x08,0xc1,0x08,0xc1,0x08,
0xc1,0x08,0xc1,0x08,0xc1,0x08,0xc1,0x08,0xc1,0x08,0xc1,0x08,0xc1,0x08,0xc1,0x08,
0xc1,0x08,0xc1,0x08,0xc1,0x08,0xc1,0x08,0xc1,0x08,0xc1,0x08,0xc1,0x08,0xc1,0x08,
0xc1,0x08,0xc1,0x08,0xc1,0x08,0xc1,0x08,0xc1,0x08,0xc1,0x08,0xc1,0x08,0xc1,0x08,
0xc1,0x08,0xc1,0x08,0xc1,0x08,0xc1,0x08,0xc1,0x08,0xc1,0x08,0xc1,0x08,0xc1,0x08,
0xc1,0x08,0xc1,0x08,0xc1,0x08,0xc1,0x08,0xc1,0x08,0xc1,0x08,0xc1,0x08,0xc1,0x08,
0xc1,0x08,0xc1,0x08,0xc1,0x08,0xc1,0x08,0xc1,0x08,0xc1,0x08,0xc1,0x08,0xc1,0x08,
0xc1,0x08,0xc1,0x08,0xc1,0x08,0xc1,0x08,0xc1,0x08,0xc1,0x08,0xc1,0x08,0xc1,0x08,
0xc1,0x08,0xc1,0x08,0xc1,0x08,0xc1,0x08,0xc1,0x08,0xc1,0x08,0xc1,0x08,0xc1,0x08,
0xc1,0x08,0xc1,0x08,0xc1,0x08,0xc1,0x08,0xc1,0x08,0xc1,0x08,0xc1,0x08,0xc1,0x08,
0xc1,0x08,0xc1,0x08,0xc1,0x08,0xc1,0x08,0xc1,0x08,0xc1,0x08,0xc1,0x08,0xc1,0x08,
0xc1,0x08,0xc1,0x08,0xc1,0x08,0xc1,0x08,0xc1,0x08,0xc1,0x08,0xc1,0x08,0xc1,0x08,
0xc1,0x08,0xc1,0x08,0xc1,0x08,0xc1,0x08,0xc1,0x08,0xc1,0x08,0xc1,0x08,0xc1,0x08,
0xc1,0x08,0xc1,0x08,0xc1,0x08,0xc1,0x08,0xc1,0x08,0xc1,0x08,0xc1,0x08,0xc1,0x08,
0xc1,0x08,0xc1,0x08,0xc1,0x08,0xc1,0x08,0xc1,0x08,0xc1,0x08,0xc1,0x08,0xc1,0x08,
0xc1,0x08,0xc1,0x08,0xc1,0x08,0xc1,0x08,0xc1,0x08,0xc1,0x08,0xc1,0x08,0xc1,0x08,
0xc1,0x08,0xc1,0x08,0xc1,0x08,0xc1,0x08,0xc1,0x08,0xc1,0x08,0xc1,0x08,0xc1,0x08,
0xc1,0x08,0xc1,0x08,0xc1,0x08,0xc1,0x08,0xc1,0x08,0xc1,0x08,0xc1,0x08,0xc1,0x08,
0xc1,0x08,0xc1,0x08,0xc1,0x08,0xc1,0x08,0xc1,0x08,0xc1,0x08,0xc1,0x08,0xc1,0x08,
0xc1,0x08,0xc1,0x08,0xc1,0x08,0xc1,0x08,0xc1,0x08,0xc1,0x08,0xc1,0x08,0xc1,0x08,
0xc1,0x08,0xc1,0x08,0xc1,0x08,0xc1,0x08,0xc1,0x08,0xc1,0x08,0xc1,0x08,0xc1,0x08,
0xc1,0x08,0xc1,0x08,0xc1,0x08,0xc1,0x08,0xc1,0x08,0xc1,0x08,0xc1,0x08,0xc1,0x08,
0xc1,0x08,0xc1,0x08,0xc1,0x08,0xc1,0x08,0xc1,0x08,0xc1,0x08,0xc1,0x08,0xc1,0x08,
0xc1,0x08,0xc1,0x08,0xc1,0x08,0xc1,0x08,0xc1,0x08,0xc1,0x08,0xc1,0x08,0xc1,0x08,
0xc1,0x08,0xc1,0x08,0xc1,0x08,0xc1,0x08,0xc1,0x08,0xc1,0x08,0xc1,0x08,0xc1,0x08,
0xc1,0x08,0xc1,0x08,0xc1,0x08,0xc1,0x08,0xc1,0x08,0xc1,0x08,0xc1,0x08,0xc1,0x08,
0xc1,0x08,0xc1,0x08,0xc1,0x08,0xc1,0x08,0xc1,0x08,0xc1,0x08,0xc1,0x08,0xc1,0x08,
0xc1,0x08,0xc1,0x08,0xc1,0x08,0xc1,0x08,0xc1,0x08,0xc1,0x08,0xc1,0x08,0xc1,0x08,
0xc1,0x08,0xc1,0x08,0xc1,0x08,0xc1,0x08,0xc1,0x08,0xc1,0x08,0xc1,0x08,0xc1,0x08,
0xc1,0x08,0xc1,0x08,0xc1,0x08,0xc1,0x08,0xc1,0x08,0xc1,0x08,0xc1,0x08,0xc1,0x08,
0xc1,0x08,0xc1,0x08,0xc1,0x08,0xc1,0x08,0xc1,0x08,0xc1,0x08,0xc1,0x08,0xc1,0x08,
0xc1,0x08,0xc1,0x08,0xc1,0x08,0xc1,0x08,0xc1,0x08,0xc1,0x08,0xc1,0x08,0xc1,0x08,
0xc1,0x08,0xc1,0x08,0xc1,0x08,0xc1,0x08,0xc1,0x08,0xc1,0x08,0xc1,0x08,0xc1,0x08,
0xc1,0x08,0xc1,0x08,0xc1,0x08,0xc1,0x08,0xc1,0x08,0xc1,0x08,0xc1,0x08,0xc1,0x08,
0xc1,0x08,0xc1,0x08,0xc1,0x08,0xc1,0x08,0xc1,0x08,0xc1,0x08,0xc1,0x08,0xc1,0x08,
0xc1,0x08,0xc1,0x08,0xc1,0x08,0xc1,0x08,0xc1,0x08,0xc1,0x08,0xc1,0x08,0xc1,0x08,
0xc1,0x08,0xc1,0x08,0xc1,0x08,0xc1,0x08,0xc1,0x08,0xc1,0x08,0xc1,0x08,0xc1,0x08,
0xc1,0x08,0xc1,0x08,0xc1,0x08,0xc1,0x08,0xc1,0x08,0xc1,0x08,0xc1,0x08,0xc1,0x08,
0xc1,0x08,0xc1,0x08,0xc1,0x08,0xc1,0x08,0xc1,0x08,0xc1,0x08,0xc1,0x08,0xc1,0x08,
0xc1,0x08,0xc1,0x08,0xc1,0x08,0xc1,0x08,0xc1,0x08,0xc1,0x08,0xc1,0x08,0xc1,0x08,
0xc1,0x08,0xc1,0x08,0xc1,0x08,0xc1,0x08,0xc1,0x08,0xc1,0x08,0xc1,0x08,0xc1,0x08,
0xc1,0x08,0xc1,0x08,0xc1,0x08,0xc1,0x08,0xc1,0x08,0xc1,0x08,0xc1,0x08,0xc1,0x08,
0xc1,0x08,0xc1,0x08,0xc1,0x08,0xc1,0x08,0xc1,0x08,0xc1,0x08,0xc1,0x08,0xc1,0x08,
0xc1,0x08,0xc1,0x08,0xc1,0x08,0xc1,0x08,0xc1,0x08,0xc1,0x08,0xc1,0x08,0xc1,0x08,
0xc1,0x08,0xc1,0x08,0xc1,0x08,0xc1,0x08,0xc1,0x08,0xc1,0x08,0xc1,0x08,0xc1,0x08,
0xc1,0x08,0xc1,0x08,0xc1,0x08,0xc1,0x08,0xc1,0x08,0xc1,0x08,0xc1,0x08,0xc1,0x08,
0xc1,0x08,0xc1,0x08,0xc1,0x08,0xc1,0x08,0xc1,0x08,0xc1,0x08,0xc1,0x08,0xc1,0x08,
0xc1,0x08,0xc1,0x08,0xc1,0x08,0xc1,0x08,0xc1,0x08,0xc1,0x08,0xc1,0x08,0xc1,0x08,
0xc1,0x08,0xc1,0x08,0xc1,0x08,0xc1,0x08,0xc1,0x08,0xc1,0x08,0xc1,0x08,0xc1,0x08,
0xc1,0x08,0xc1,0x08,0xc1,0x08,0xc1,0x08,0xc1,0x08,0xc1,0x08,0xc1,0x08,0xc1,0x08,
0xc1,0x08,0xc1,0x08,0xc1,0x08,0xc1,0x08,0xc1,0x08,0xc1,0x08,0xc1,0x08,0xc1,0x08,
0xc1,0x08,0xc1,0x08,0xc1,0x08,0xc1,0x08,0xc1,0x08,0xc1,0x08,0xc1,0x08,0xc1,0x08,
0xc1,0x08,0xc1,0x08,0xc1,0x08,0xc1,0x08,0xc1,0x08,0xc1,0x08,0xc1,0x08,0xc1,0x08,
0xc1,0x08,0xc1,0x08,0xc1,0x08,0xc1,0x08,0xc1,0x08,0xc1,0x08,0xc1,0x08,0xc1,0x08,
0xc1,0x08,0xc1,0x08,0xc1,0x08,0xc1,0x08,0xc1,0x08,0xc1,0x08,0xc1,0x08,0xc1,0x08,
0xc1,0x08,0xc1,0x08,0xc1,0x08,0xc1,0x08,0xc1,0x08,0xc1,0x08,0xc1,0x08,0xc1,0x08,
0xc1,0x08,0xc1,0x08,0xc1,0x08,0xc1,0x08,0xc1,0x08,0xc1,0x08,0xc1,0x08,0xc1,0x08,
0xc1,0x08,0xc1,0x08,0xc1,0x08,0xc1,0x08,0xc1,0x08,0xc1,0x08,0xc1,0x08,0xc1,0x08,
0xc1,0x08,0xc1,0x08,0xc1,0x08,0xc1,0x08,0xc1,0x08,0xc1,0x08,0xc1,0x08,0xc1,0x08,
0xc1,0x08,0xc1,0x08,0xc1,0x08,0xc1,0x08,0xc1,0x08,0xc1,0x08,0xc1,0x08,0xc1,0x08,
0xc1,0x08,0xc1,0x08,0xc1,0x08,0xc1,0x08,0xc1,0x08,0xc1,0x08,0xc1,0x08,0xc1,0x08,
0xc1,0x08,0xc1,0x08,0xc1,0x08,0xc1,0x08,0xc1,0x08,0xc1,0x08,0xc1,0x08,0xc1,0x08,
0xc1,0x08,0xc1,0x08,0xc1,0x08,0xc1,0x08,0xc1,0x08,0xc1,0x08,0xc1,0x08,0xc1,0x08,
0xc1,0x08,0xc1,0x08,0xc1,0x08,0xc1,0x08,0xc1,0x08,0xc1,0x08,0xc1,0x08,0xc1,0x08,
0xc1,0x08,0xc1,0x08,0xc1,0x08,0xc1,0x08,0xc1,0x08,0xc1,0x08,0xc1,0x08,0xc1,0x08,
0xc1,0x08,0xc1,0x08,0xc1,0x08,0xc1,0x08,0xc1,0x08,0xc1,0x08,0xc1,0x08,0xc1,0x08,
0xc1,0x08,0xc1,0x08,0xc1,0x08,0xc1,0x08,0xc1,0x08,0xc1,0x08,0xc1,0x08,0xc1,0x08,
0xc1,0x08,0xc1,0x08,0xc1,0x08,0xc1,0x08,0xc1,0x08,0xc1,0x08,0xc1,0x08,0xc1,0x08,
0xc1,0x08,0xc1,0x08,0xc1,0x08,0xc1,0x08,0xc1,0x08,0xc1,0x08,0xc1,0x08,0xc1,0x08,
0xc1,0x08,0xc1,0x08,0xc1,0x08,0xc1,0x08,0xc1,0x08,0xc1,0x08,0xc1,0x08,0xc1,0x08,
0xc1,0x08,0xc1,0x08,0xc1,0x08,0xc1,0x08,0xc1,0x08,0xc1,0x08,0xc1,0x08,0xc1,0x08,
0xc1,0x08,0xc1,0x08,0xc1,0x08,0xc1,0x08,0xc1,0x08,0xc1,0x08,0xc1,0x08,0xc1,0x08,
0xc1,0x08,0xc1,0x08,0xc1,0x08,0xc1,0x08,0xc1,0x08,0xc1,0x08,0xc1,0x08,0xc1,0x08,
0xc1,0x08,0xc1,0x08,0xc1,0x08,0xc1,0x08,0xc1,0x08,0xc1,0x08,0xc1,0x08,0xc1,0x08,
0xc1,0x08,0xc1,0x08,0xc1,0x08,0xc1,0x08,0xc1,0x08,0xc1,0x08,0xc1,0x08,0xc1,0x08,
0xc1,0x08,0xc1,0x08,0xc1,0x08,0xc1,0x08,0xc1,0x08,0xc1,0x08,0xc1,0x08,0xc1,0x08,
0xc1,0x08,0xc1,0x08,0xc1,0x08,0xc1,0x08,0xc1,0x08,0xc1,0x08,0xc1,0x08,0xc1,0x08,
0xc1,0x08,0xc1,0x08,0xc1,0x08,0xc1,0x08,0xc1,0x08,0xc1,0x08,0xc1,0x08,0xc1,0x08,
0xc1,0x08,0xc1,0x08,0xc1,0x08,0xc1,0x08,0xc1,0x08,0xc1,0x08,0xc1,0x08,0xc1,0x08,
0xc1,0x08,0xc1,0x08,0xc1,0x08,0xc1,0x08,0xc1,0x08,0xc1,0x08,0xc1,0x08,0xc1,0x08,
0xc1,0x08,0xc1,0x08,0xc1,0x08,0xc1,0x08,0xc1,0x08,0xc1,0x08,0xc1,0x08,0xc1,0x08,
0xc1,0x08,0xc1,0x08,0xc1,0x08,0xc1,0x08,0xc1,0x08,0xc1,0x08,0xc1,0x08,0xc1,0x08,
0xc1,0x08,0xc1,0x08,0xc1,0x08,0xc1,0x08,0xc1,0x08,0xc1,0x08,0xc1,0x08,0xc1,0x08,
0xc1,0x08,0xc1,0x08,0xc1,0x08,0xc1,0x08,0xc1,0x08,0xc1,0x08,0xc1,0x08,0xc1,0x08,
0xc1,0x08,0xc1,0x08,0xc1,0x08,0xc1,0x08,0xc1,0x08,0xc1,0x08,0xc1,0x08,0xc1,0x08,
0xc1,0x08,0xc1,0x08,0xc1,0x08,0xc1,0x08,0xc1,0x08,0xc1,0x08,0xc1,0x08,0xc1,0x08,
0xc1,0x08,0xc1,0x08,0xc1,0x08,0xc1,0x08,0xc1,0x08,0xc1,0x08,0xc1,0x08,0xc1,0x08,
0xc1,0x08,0xc1,0x08,0xc1,0x08,0xc1,0x08,0xc1,0x08,0xc1,0x08,0xc1,0x08,0xc1,0x08,
0xc1,0x08,0xc1,0x08,0xc1,0x08,0xc1,0x08,0xc1,0x08,0xc1,0x08,0xc1,0x08,0xc1,0x08,
0xc1,0x08,0xc1,0x08,0xc1,0x08,0xc1,0x08,0xc1,0x08,0xc1,0x08,0xc1,0x08,0xc1,0x08,
0xc1,0x08,0xc1,0x08,0xc1,0x08,0xc1,0x08,0xc1,0x08,0xc1,0x08,0xc1,0x08,0xc1,0x08,
0xc1,0x08,0xc1,0x08,0xc1,0x08,0xc1,0x08,0xc1,0x08,0xc1,0x08,0xc1,0x08,0xc1,0x08,
0xc1,0x08,0xc1,0x08,0xc1,0x08,0xc1,0x08,0xc1,0x08,0xc1,0x08,0xc1,0x08,0xc1,0x08,
0xc1,0x08,0xc1,0x08,0xc1,0x08,0xc1,0x08,0xc1,0x08,0xc1,0x08,0xc1,0x08,0xc1,0x08,
0xc1,0x08,0xc1,0x08,0xc1,0x08,0xc1,0x08,0xc1,0x08,0xc1,0x08,0xc1,0x08,0xc1,0x08,
0xc1,0x08,0xc1,0x08,0xc1,0x08,0xc1,0x08,0xc1,0x08,0xc1,0x08,0xc1,0x08,0xc1,0x08,
0xc1,0x08,0xc1,0x08,0xc1,0x08,0xc1,0x08,0xc1,0x08,0xc1,0x08,0xc1,0x08,0xc1,0x08,
0xc1,0x08,0xc1,0x08,0xc1,0x08,0xc1,0x08,0xc1,0x08,0xc1,0x08,0xc1,0x08,0xc1,0x08,
0xc1,0x08,0xc1,0x08,0xc1,0x08,0xc1,0x08,0xc1,0x08,0xc1,0x08,0xc1,0x08,0xc1,0x08,
0xc1,0x08,0xc1,0x08,0xc1,0x08,0xc1,0x08,0xc1,0x08,0xc1,0x08,0xc1,0x08,0xc1,0x08,
0xc1,0x08,0xc1,0x08,0xc1,0x08,0xc1,0x08,0xc1,0x08,0xc1,0x08,0xc1,0x08,0xc1,0x08,
0xc1,0x08,0xc1,0x08,0xc1,0x08,0xc1,0x08,0xc1,0x08,0xc1,0x08,0xc1,0x08,0xc1,0x08,
0xc1,0x08,0xc1,0x08,0xc1,0x08,0xc1,0x08,0xc1,0x08,0xc1,0x08,0xc1,0x08,0xc1,0x08,
0xc1,0x08,0xc1,0x08,0xc1,0x08,0xc1,0x08,0xc1,0x08,0xc1,0x08,0xc1,0x08,0xc1,0x08,
0xc1,0x08,0xc1,0x08,0xc1,0x08,0xc1,0x08,0xc1,0x08,0xc1,0x08,0xc1,0x08,0xc1,0x08,
0xc1,0x08,0xc1,0x08,0xc1,0x08,0xc1,0x08,0xc1,0x08,0xc1,0x08,0xc1,0x08,0xc1,0x08,
0xc1,0x08,0xc1,0x08,0xc1,0x08,0xc1,0x08,0xc1,0x08,0xc1,0x08,0xc1,0x08,0xc1,0x08,
0xc1,0x08,0xc1,0x08,0xc1,0x08,0xc1,0x08,0xc1,0x08,0xc1,0x08,0xc1,0x08,0xc1,0x08,
0xc1,0x08,0xc1,0x08,0xc1,0x08,0xc1,0x08,0xc1,0x08,0xc1,0x08,0xc1,0x08,0xc1,0x08,
0xc1,0x08,0xc1,0x08,0xc1,0x08,0xc1,0x08,0xc1,0x08,0xc1,0x08,0xc1,0x08,0xc1,0x08,
0xc1,0x08,0xc1,0x08,0xc1,0x08,0xc1,0x08,0xc1,0x08,0xc1,0x08,0xc1,0x08,0xc1,0x08,
0xc1,0x08,0xc1,0x08,0xc1,0x08,0xc1,0x08,0xc1,0x08,0xc1,0x08,0xc1,0x08,0xc1,0x08,
0xc1,0x08,0xc1,0x08,0xc1,0x08,0xc1,0x08,0xc1,0x08,0xc1,0x08,0xc1,0x08,0xc1,0x08,
0xc1,0x08,0xc1,0x08,0xc1,0x08,0xc1,0x08,0xc1,0x08,0xc1,0x08,0xc1,0x08,0xc1,0x08,
0xc1,0x08,0xc1,0x08,0xc1,0x08,0xc1,0x08,0xc1,0x08,0xc1,0x08,0xc1,0x08,0xc1,0x08,
0xc1,0x08,0xc1,0x08,0xc1,0x08,0xc1,0x08,0xc1,0x08,0xc1,0x08,0xc1,0x08,0xc1,0x08,
0xc1,0x08,0xc1,0x08,0xc1,0x08,0xc1,0x08,0xc1,0x08,0xc1,0x08,0xc1,0x08,0xc1,0x08,
0xc1,0x08,0xc1,0x08,0xc1,0x08,0xc1,0x08,0xc1,0x08,0xc1,0x08,0xc1,0x08,0xc1,0x08,
0xc1,0x08,0xc1,0x08,0xc1,0x08,0xc1,0x08,0xc1,0x08,0xc1,0x08,0xc1,0x08,0xc1,0x08,
0xc1,0x08,0xc1,0x08,0xc1,0x08,0xc1,0x08,0xc1,0x08,0xc1,0x08,0xc1,0x08,0xc1,0x08,
0xc1,0x08,0xc1,0x08,0xc1,0x08,0xc1,0x08,0xc1,0x08,0xc1,0x08,0xc1,0x08,0xc1,0x08,
0xc1,0x08,0xc1,0x08,0xc1,0x08,0xc1,0x08,0xc1,0x08,0xc1,0x08,0xc1,0x08,0xc1,0x08,
0xc1,0x08,0xc1,0x08,0xc1,0x08,0xc1,0x08,0xc1,0x08,0xc1,0x08,0xc1,0x08,0xc1,0x08,
0xc1,0x08,0xc1,0x08,0xc1,0x08,0xc1,0x08,0xc1,0x08,0xc1,0x08,0xc1,0x08,0xc1,0x08,
0xc1,0x08,0xc1,0x08,0xc1,0x08,0xc1,0x08,0xc1,0x08,0xc1,0x08,0xc1,0x08,0xc1,0x08,
0xc1,0x08,0xc1,0x08,0xc1,0x08,0xc1,0x08,0xc1,0x08,0xc1,0x08,0xc1,0x08,0xc1,0x08,
0xc1,0x08,0xc1,0x08,0xc1,0x08,0xc1,0x08,0xc1,0x08,0xc1,0x08,0xc1,0x08,0xc1,0x08,
0xc1,0x08,0xc1,0x08,0xc1,0x08,0xc1,0x08,0xc1,0x08,0xc1,0x08,0xc1,0x08,0xc1,0x08,
0xc1,0x08,0xc1,0x08,0xc1,0x08,0xc1,0x08,0xc1,0x08,0xc1,0x08,0xc1,0x08,0xc1,0x08,
0xc1,0x08,0xc1,0x08,0xc1,0x08,0xc1,0x08,0xc1,0x08,0xc1,0x08,0xc1,0x08,0xc1,0x08,
0xc1,0x08,0xc1,0x08,0xc1,0x08,0xc1,0x08,0xc1,0x08,0xc1,0x08,0xc1,0x08,0xc1,0x08,
0xc1,0x08,0xc1,0x08,0xc1,0x08,0xc1,0x08,0xc1,0x08,0xc1,0x08,0xc1,0x08,0xc1,0x08,
0xc1,0x08,0xc1,0x08,0xc1,0x08,0xc1,0x08,0xc1,0x08,0xc1,0x08,0xc1,0x08,0xc1,0x08,
0xc1,0x08,0xc1,0x08,0xc1,0x08,0xc1,0x08,0xc1,0x08,0xc1,0x08,0xc1,0x08,0xc1,0x08,
0xc1,0x08,0xc1,0x08,0xc1,0x08,0xc1,0x08,0xc1,0x08,0xc1,0x08,0xc1,0x08,0xc1,0x08,
0xc1,0x08,0xc1,0x08,0xc1,0x08,0xc1,0x08,0xc1,0x08,0xc1,0x08,0xc1,0x08,0xc1,0x08,
0xc1,0x08,0xc1,0x08,0xc1,0x08,0xc1,0x08,0xc1,0x08,0xc1,0x08,0xc1,0x08,0xc1,0x08,
0xc1,0x08,0xc1,0x08,0xc1,0x08,0xc1,0x08,0xc1,0x08,0xc1,0x08,0xc1,0x08,0xc1,0x08,
0xc1,0x08,0xc1,0x08,0xc1,0x08,0xc1,0x08,0xc1,0x08,0xc1,0x08,0xc1,0x08,0xc1,0x08,
0xc1,0x08,0xc1,0x08,0xc1,0x08,0xc1,0x08,0xc1,0x08,0xc1,0x08,0xc1,0x08,0xc1,0x08,
0xc1,0x08,0xc1,0x08,0xc1,0x08,0xc1,0x08,0xc1,0x08,0xc1,0x08,0xc1,0x08,0xc1,0x08,
0xc1,0x08,0xc1,0x08,0xc1,0x08,0xc1,0x08,0xc1,0x08,0xc1,0x08,0xc1,0x08,0xc1,0x08,
0xc1,0x08,0xc1,0x08,0xc1,0x08,0xc1,0x08,0xc1,0x08,0xc1,0x08,0xc1,0x08,0xc1,0x08,
0xc1,0x08,0xc1,0x08,0xc1,0x08,0xc1,0x08,0xc1,0x08,0xc1,0x08,0xc1,0x08,0xc1,0x08,
0xc1,0x08,0xc1,0x08,0xc1,0x08,0xc1,0x08,0xc1,0x08,0xc1,0x08,0xc1,0x08,0xc1,0x08,
0xc1,0x08,0xc1,0x08,0xc1,0x08,0xc1,0x08,0xc1,0x08,0xc1,0x08,0xc1,0x08,0xc1,0x08,
0xc1,0x08,0xc1,0x08,0xc1,0x08,0xc1,0x08,0xc1,0x08,0xc1,0x08,0xc1,0x08,0xc1,0x08,
0xc1,0x08,0xc1,0x08,0xc1,0x08,0xc1,0x08,0xc1,0x08,0xc1,0x08,0xc1,0x08,0xc1,0x08,
0xc1,0x08,0xc1,0x08,0xc1,0x08,0xc1,0x08,0xc1,0x08,0xc1,0x08,0xc1,0x08,0xc1,0x08,
0xc1,0x08,0xc1,0x08,0xc1,0x08,0xc1,0x08,0xc1,0x08,0xc1,0x08,0xc1,0x08,0xc1,0x08,
0xc1,0x08,0xc1,0x08,0xc1,0x08,0xc1,0x08,0xc1,0x08,0xc1,0x08,0xc1,0x08,0xc1,0x08,
0xc1,0x08,0xc1,0x08,0xc1,0x08,0xc1,0x08,0xc1,0x08,0xc1,0x08,0xc1,0x08,0xc1,0x08,
0xc1,0x08,0xc1,0x08,0xc1,0x08,0xc1,0x08,0xc1,0x08,0xc1,0x08,0xc1,0x08,0xc1,0x08,
0xc1,0x08,0xc1,0x08,0xc1,0x08,0xc1,0x08,0xc1,0x08,0xc1,0x08,0xc1,0x08,0xc1,0x08,
0xc1,0x08,0xc1,0x08,0xc1,0x08,0xc1,0x08,0xc1,0x08,0xc1,0x08,0xc1,0x08,0xc1,0x08,
0xc1,0x08,0xc1,0x08,0xc1,0x08,0xc1,0x08,0xc1,0x08,0xc1,0x08,0xc1,0x08,0xc1,0x08,
0xc1,0x08,0xc1,0x08,0xc1,0x08,0xc1,0x08,0xc1,0x08,0xc1,0x08,0xc1,0x08,0xc1,0x08,
0xc1,0x08,0xc1,0x08,0xc1,0x08,0xc1,0x08,0xc1,0x08,0xc1,0x08,0xc1,0x08,0xc1,0x08,
0xc1,0x08,0xc1,0x08,0xc1,0x08,0xc1,0x08,0xc1,0x08,0xc1,0x08,0xc1,0x08,0xc1,0x08,
0xc1,0x08,0xc1,0x08,0xc1,0x08,0xc1,0x08,0xc1,0x08,0xc1,0x08,0xc1,0x08,0xc1,0x08,
0xc1,0x08,0xc1,0x08,0xc1,0x08,0xc1,0x08,0xc1,0x08,0xc1,0x08,0xc1,0x08,0xc1,0x08,
0xc1,0x08,0xc1,0x08,0xc1,0x08,0xc1,0x08,0xc1,0x08,0xc1,0x08,0xc1,0x08,0xc1,0x08,
0xc1,0x08,0xc1,0x08,0xc1,0x08,0xc1,0x08,0xc1,0x08,0xc1,0x08,0xc1,0x08,0xc1,0x08,
0xc1,0x08,0xc1,0x08,0xc1,0x08,0xc1,0x08,0xc1,0x08,0xc1,0x08,0xc1,0x08,0xc1,0x08,
0xc1,0x08,0xc1,0x08,0xc1,0x08,0xc1,0x08,0xc1,0x08,0xc1,0x08,0xc1,0x08,0xc1,0x08,
0xc1,0x08,0xc1,0x08,0xc1,0x08,0xc1,0x08,0xc1,0x08,0xc1,0x08,0xc1,0x08,0xc1,0x08,
0xc1,0x08,0xc1,0x08,0xc1,0x08,0xc1,0x08,0xc1,0x08,0xc1,0x08,0xc1,0x08,0xc1,0x08,
0xc1,0x08,0xc1,0x08,0xc1,0x08,0xc1,0x08,0xc1,0x08,0xc1,0x08,0xc1,0x08,0xc1,0x08,
0xc1,0x08,0xc1,0x08,0xc1,0x08,0xc1,0x08,0xc1,0x08,0xc1,0x08,0xc1,0x08,0xc1,0x08,
0xc1,0x08,0xc1,0x08,0xc1,0x08,0xc1,0x08,0xc1,0x08,0xc1,0x08,0xc1,0x08,0xc1,0x08,
0xc1,0x08,0xc1,0x08,0xc1,0x08,0xc1,0x08,0xc1,0x08,0xc1,0x08,0xc1,0x08,0xc1,0x08,
0xc1,0x08,0xc1,0x08,0xc1,0x08,0xc1,0x08,0xc1,0x08,0xc1,0x08,0xc1,0x08,0xc1,0x08,
0xc1,0x08,0xc1,0x08,0xc1,0x08,0xc1,0x08,0xc1,0x08,0xc1,0x08,0xc1,0x08,0xc1,0x08,
0xc1,0x08,0xc1,0x08,0xc1,0x08,0xc1,0x08,0xc1,0x08,0xc1,0x08,0xc1,0x08,0xc1,0x08,
0xc1,0x08,0xc1,0x08,0xc1,0x08,0xc1,0x08,0xc1,0x08,0xc1,0x08,0xc1,0x08,0xc1,0x08,
0xc1,0x08,0xc1,0x08,0xc1,0x08,0xc1,0x08,0xc1,0x08,0xc1,0x08,0xc1,0x08,0xc1,0x08,
0xc1,0x08,0xc1,0x08,0xc1,0x08,0xc1,0x08,0xc1,0x08,0xc1,0x08,0xc1,0x08,0xc1,0x08,
0xc1,0x08,0xc1,0x08,0xc1,0x08,0xc1,0x08,0xc1,0x08,0xc1,0x08,0xc1,0x08,0xc1,0x08,
0xc1,0x08,0xc1,0x08,0xc1,0x08,0xc1,0x08,0xc1,0x08,0xc1,0x08,0xc1,0x08,0xc1,0x08,
0xc1,0x08,0xc1,0x08,0xc1,0x08,0xc1,0x08,0xc1,0x08,0xc1,0x08,0xc1,0x08,0xc1,0x08,
0xc1,0x08,0xc1,0x08,0xc1,0x08,0xc1,0x08,0xc1,0x08,0xc1,0x08,0xc1,0x08,0xc1,0x08,
0xc1,0x08,0xc1,0x08,0xc1,0x08,0xc1,0x08,0xc1,0x08,0xc1,0x08,0xc1,0x08,0xc1,0x08,
0xc1,0x08,0xc1,0x08,0xc1,0x08,0xc1,0x08,0xc1,0x08,0xc1,0x08,0xc1,0x08,0xc1,0x08,
0xc1,0x08,0xc1,0x08,0xc1,0x08,0xc1,0x08,0xc1,0x08,0xc1,0x08,0xc1,0x08,0xc1,0x08,
0xc1,0x08,0xc1,0x08,0xc1,0x08,0xc1,0x08,0xc1,0x08,0xc1,0x08,0xc1,0x08,0xc1,0x08,
0xc1,0x08,0xc1,0x08,0xc1,0x08,0xc1,0x08,0xc1,0x08,0xc1,0x08,0xc1,0x08,0xc1,0x08,
0xc1,0x08,0xc1,0x08,0xc1,0x08,0xc1,0x08,0xc1,0x08,0xc1,0x08,0xc1,0x08,0xc1,0x08,
0xc1,0x08,0xc1,0x08,0xc1,0x08,0xc1,0x08,0xc1,0x08,0xc1,0x08,0xc1,0x08,0xc1,0x08,
0xc1,0x08,0xc1,0x08,0xc1,0x08,0xc1,0x08,0xc1,0x08,0xc1,0x08,0xc1,0x08,0xc1,0x08,
0xc1,0x08,0xc1,0x08,0xc1,0x08,0xc1,0x08,0xc1,0x08,0xc1,0x08,0xc1,0x08,0xc1,0x08,
0xc1,0x08,0xc1,0x08,0xc1,0x08,0xc1,0x08,0xc1,0x08,0xc1,0x08,0xc1,0x08,0xc1,0x08,
0xc1,0x08,0xc1,0x08,0xc1,0x08,0xc1,0x08,0xc1,0x08,0xc1,0x08,0xc1,0x08,0xc1,0x08,
0xc1,0x08,0xc1,0x08,0xc1,0x08,0xc1,0x08,0xc1,0x08,0xc1,0x08,0xc1,0x08,0xc1,0x08,
0xc1,0x08,0xc1,0x08,0xc1,0x08,0xc1,0x08,0xc1,0x08,0xc1,0x08,0xc1,0x08,0xc1,0x08,
0xc1,0x08,0xc1,0x08,0xc1,0x08,0xc1,0x08,0xc1,0x08,0xc1,0x08,0xc1,0x08,0xc1,0x08,
0xc1,0x08,0xc1,0x08,0xc1,0x08,0xc1,0x08,0xc1,0x08,0xc1,0x08,0xc1,0x08,0xc1,0x08,
0xc1,0x08,0xc1,0x08,0xc1,0x08,0xc1,0x08,0xc1,0x08,0xc1,0x08,0xc1,0x08,0xc1,0x08,
0xc1,0x08,0xc1,0x08,0xc1,0x08,0xc1,0x08,0xc1,0x08,0xc1,0x08,0xc1,0x08,0xc1,0x08,
0xc1,0x08,0xc1,0x08,0xc1,0x08,0xc1,0x08,0xc1,0x08,0xc1,0x08,0xc1,0x08,0xc1,0x08,
0xc1,0x08,0xc1,0x08,0xc1,0x08,0xc1,0x08,0xc1,0x08,0xc1,0x08,0xc1,0x08,0xc1,0x08,
0xc1,0x08,0xc1,0x08,0xc1,0x08,0xc1,0x08,0xc1,0x08,0xc1,0x08,0xc1,0x08,0xc1,0x08,
0xc1,0x08,0xc1,0x08,0xc1,0x08,0xc1,0x08,0xc1,0x08,0xc1,0x08,0xc1,0x08,0xc1,0x08,
0xc1,0x08,0xc1,0x08,0xc1,0x08,0xc1,0x08,0xc1,0x08,0xc1,0x08,0xc1,0x08,0xc1,0x08,
0xc1,0x08,0xc1,0x08,0xc1,0x08,0xc1,0x08,0xc1,0x08,0xc1,0x08,0xc1,0x08,0xc1,0x08,
0xc1,0x08,0xc1,0x08,0xc1,0x08,0xc1,0x08,0xc1,0x08,0xc1,0x08,0xc1,0x08,0xc1,0x08,
0xc1,0x08,0xc1,0x08,0xc1,0x08,0xc1,0x08,0xc1,0x08,0xc1,0x08,0xc1,0x08,0xc1,0x08,
0xc1,0x08,0xc1,0x08,0xc1,0x08,0xc1,0x08,0xc1,0x08,0xc1,0x08,0xc1,0x08,0xc1,0x08,
0xc1,0x08,0xc1,0x08,0xc1,0x08,0xc1,0x08,0xc1,0x08,0xc1,0x08,0xc1,0x08,0xc1,0x08,
0xc1,0x08,0xc1,0x08,0xc1,0x08,0xc1,0x08,0xc1,0x08,0xc1,0x08,0xc1,0x08,0xc1,0x08,
0xc1,0x08,0xc1,0x08,0xc1,0x08,0xc1,0x08,0xc1,0x08,0xc1,0x08,0xc1,0x08,0xc1,0x08,
0xc1,0x08,0xc1,0x08,0xc1,0x08,0xc1,0x08,0xc1,0x08,0xc1,0x08,0xc1,0x08,0xc1,0x08,
0xc1,0x08,0xc1,0x08,0xc1,0x08,0xc1,0x08,0xc1,0x08,0xc1,0x08,0xc1,0x08,0xc1,0x08,
0xc1,0x08,0xc1,0x08,0xc1,0x08,0xc1,0x08,0xc1,0x08,0xc1,0x08,0xc1,0x08,0xc1,0x08,
0xc1,0x08,0xc1,0x08,0xc1,0x08,0xc1,0x08,0xc1,0x08,0xc1,0x08,0xc1,0x08,0xc1,0x08,
0xc1,0x08,0xc1,0x08,0xc1,0x08,0xc1,0x08,0xc1,0x08,0xc1,0x08,0xc1,0x08,0xc1,0x08,
0xc1,0x08,0xc1,0x08,0xc1,0x08,0xc1,0x08,0xc1,0x08,0xc1,0x08,0xc1,0x08,0xc1,0x08,
0xc1,0x08,0xc1,0x08,0xc1,0x08,0xc1,0x08,0xc1,0x08,0xc1,0x08,0xc1,0x08,0xc1,0x08,
0xc1,0x08,0xc1,0x08,0xc1,0x08,0xc1,0x08,0xc1,0x08,0xc1,0x08,0xc1,0x08,0xc1,0x08,
0xc1,0x08,0xc1,0x08,0xc1,0x08,0xc1,0x08,0xc1,0x08,0xc1,0x08,0xc1,0x08,0xc1,0x08,
0xc1,0x08,0xc1,0x08,0xc1,0x08,0xc1,0x08,0xc1,0x08,0xc1,0x08,0xc1,0x08,0xc1,0x08,
0xc1,0x08,0xc1,0x08,0xc1,0x08,0xc1,0x08,0xc1,0x08,0xc1,0x08,0xc1,0x08,0xc1,0x08,
0xc1,0x08,0xc1,0x08,0xc1,0x08,0xc1,0x08,0xc1,0x08,0xc1,0x08,0xc1,0x08,0xc1,0x08,
0xc1,0x08,0xc1,0x08,0xc1,0x08,0xc1,0x08,0xc1,0x08,0xc1,0x08,0xc1,0x08,0xc1,0x08,
0xc1,0x08,0xc1,0x08,0xc1,0x08,0xc1,0x08,0xc1,0x08,0xc1,0x08,0xc1,0x08,0xc1,0x08,
0xc1,0x08,0xc1,0x08,0xc1,0x08,0xc1,0x08,0xc1,0x08,0xc1,0x08,0xc1,0x08,0xc1,0x08,
0xc1,0x08,0xc1,0x08,0xc1,0x08,0xc1,0x08,0xc1,0x08,0xc1,0x08,0xc1,0x08,0xc1,0x08,
0xc1,0x08,0xc1,0x08,0xc1,0x08,0xc1,0x08,0xc1,0x08,0xc1,0x08,0xc1,0x08,0xc1,0x08,
0xc1,0x08,0xc1,0x08,0xc1,0x08,0xc1,0x08,0xc1,0x08,0xc1,0x08,0xc1,0x08,0xc1,0x08,
0xc1,0x08,0xc1,0x08,0xc1,0x08,0xc1,0x08,0xc1,0x08,0xc1,0x08,0xc1,0x08,0xc1,0x08,
0xc1,0x08,0xc1,0x08,0xc1,0x08,0xc1,0x08,0xc1,0x08,0xc1,0x08,0xc1,0x08,0xc1,0x08,
0xc1,0x08,0xc1,0x08,0xc1,0x08,0xc1,0x08,0xc1,0x08,0xc1,0x08,0xc1,0x08,0xc1,0x08,
0xc1,0x08,0xc1,0x08,0xc1,0x08,0xc1,0x08,0xc1,0x08,0xc1,0x08,0xc1,0x08,0xc1,0x08,
0xc1,0x08,0xc1,0x08,0xc1,0x08,0xc1,0x08,0xc1,0x08,0xc1,0x08,0xc1,0x08,0xc1,0x08,
0xc1,0x08,0xc1,0x08,0xc1,0x08,0xc1,0x08,0xc1,0x08,0xc1,0x08,0xc1,0x08,0xc1,0x08,
0xc1,0x08,0xc1,0x08,0xc1,0x08,0xc1,0x08,0xc1,0x08,0xc1,0x08,0xc1,0x08,0xc1,0x08,
0xc1,0x08,0xc1,0x08,0xc1,0x08,0xc1,0x08,0xc1,0x08,0xc1,0x08,0xc1,0x08,0xc1,0x08,
0xc1,0x08,0xc1,0x08,0xc1,0x08,0xc1,0x08,0xc1,0x08,0xc1,0x08,0xc1,0x08,0xc1,0x08,
0xc1,0x08,0xc1,0x08,0xc1,0x08,0xc1,0x08,0xc1,0x08,0xc1,0x08,0xc1,0x08,0xc1,0x08,
0xc1,0x08,0xc1,0x08,0xc1,0x08,0xc1,0x08,0xc1,0x08,0xc1,0x08,0xc1,0x08,0xc1,0x08,
0xc1,0x08,0xc1,0x08,0xc1,0x08,0xc1,0x08,0xc1,0x08,0xc1,0x08,0xc1,0x08,0xc1,0x08,
0xc1,0x08,0xc1,0x08,0xc1,0x08,0xc1,0x08,0xc1,0x08,0xc1,0x08,0xc1,0x08,0xc1,0x08,
0xc1,0x08,0xc1,0x08,0xc1,0x08,0xc1,0x08,0xc1,0x08,0xc1,0x08,0xc1,0x08,0xc1,0x08,
0xc1,0x08,0xc1,0x08,0xc1,0x08,0xc1,0x08,0xc1,0x08,0xc1,0x08,0xc1,0x08,0xc1,0x08,
0xc1,0x08,0xc1,0x08,0xc1,0x08,0xc1,0x08,0xc1,0x08,0xc1,0x08,0xc1,0x08,0xc1,0x08,
0xc1,0x08,0xc1,0x08,0xc1,0x08,0xc1,0x08,0xc1,0x08,0xc1,0x08,0xc1,0x08,0xc1,0x08,
0xc1,0x08,0xc1,0x08,0xc1,0x08,0xc1,0x08,0xc1,0x08,0xc1,0x08,0xc1,0x08,0xc1,0x08,
0xc1,0x08,0xc1,0x08,0xc1,0x08,0xc1,0x08,0xc1,0x08,0xc1,0x08,0xc1,0x08,0xc1,0x08,
0xc1,0x08,0xc1,0x08,0xc1,0x08,0xc1,0x08,0xc1,0x08,0xc1,0x08,0xc1,0x08,0xc1,0x08,
0xc1,0x08,0xc1,0x08,0xc1,0x08,0xc1,0x08,0xc1,0x08,0xc1,0x08,0xc1,0x08,0xc1,0x08,
0xc1,0x08,0xc1,0x08,0xc1,0x08,0xc1,0x08,0xc1,0x08,0xc1,0x08,0xc1,0x08,0xc1,0x08,
0xc1,0x08,0xc1,0x08,0xc1,0x08,0xc1,0x08,0xc1,0x08,0xc1,0x08,0xc1,0x08,0xc1,0x08,
0xc1,0x08,0xc1,0x08,0xc1,0x08,0xc1,0x08,0xc1,0x08,0xc1,0x08,0xc1,0x08,0xc1,0x08,
0xc1,0x08,0xc1,0x08,0xc1,0x08,0xc1,0x08,0xc1,0x08,0xc1,0x08,0xc1,0x08,0xc1,0x08,
0xc1,0x08,0xc1,0x08,0xc1,0x08,0xc1,0x08,0xc1,0x08,0xc1,0x08,0xc1,0x08,0xc1,0x08,
0xc1,0x08,0xc1,0x08,0xc1,0x08,0xc1,0x08,0xc1,0x08,0xc1,0x08,0xc1,0x08,0xc1,0x08,
0xc1,0x08,0xc1,0x08,0xc1,0x08,0xc1,0x08,0xc1,0x08,0xc1,0x08,0xc1,0x08,0xc1,0x08,
0xc1,0x08,0xc1,0x08,0xc1,0x08,0xc1,0x08,0xc1,0x08,0xc1,0x08,0xc1,0x08,0xc1,0x08,
0xc1,0x08,0xc1,0x08,0xc1,0x08,0xc1,0x08,0xc1,0x08,0xc1,0x08,0xc1,0x08,0xc1,0x08,
0xc1,0x08,0xc1,0x08,0xc1,0x08,0xc1,0x08,0xc1,0x08,0xc1,0x08,0xc1,0x08,0xc1,0x08,
0xc1,0x08,0xc1,0x08,0xc1,0x08,0xc1,0x08,0xc1,0x08,0xc1,0x08,0xc1,0x08,0xc1,0x08,
0xc1,0x08,0xc1,0x08,0xc1,0x08,0xc1,0x08,0xc1,0x08,0xc1,0x08,0xc1,0x08,0xc1,0x08,
0xc1,0x08,0xc1,0x08,0xc1,0x08,0xc1,0x08,0xc1,0x08,0xc1,0x08,0xc1,0x08,0xc1,0x08,
0xc1,0x08,0xc1,0x08,0xc1,0x08,0xc1,0x08,0xc1,0x08,0xc1,0x08,0xc1,0x08,0xc1,0x08,
0xc1,0x08,0xc1,0x08,0xc1,0x08,0xc1,0x08,0xc1,0x08,0xc1,0x08,0xc1,0x08,0xc1,0x08,
0xc1,0x08,0xc1,0x08,0xc1,0x08,0xc1,0x08,0xc1,0x08,0xc1,0x08,0xc1,0x08,0xc1,0x08,
0xc1,0x08,0xc1,0x08,0xc1,0x08,0xc1,0x08,0xc1,0x08,0xc1,0x08,0xc1,0x08,0xc1,0x08,
0xc1,0x08,0xc1,0x08,0xc1,0x08,0xc1,0x08,0xc1,0x08,0xc1,0x08,0xc1,0x08,0xc1,0x08,
0xc1,0x08,0xc1,0x08,0xc1,0x08,0xc1,0x08,0xc1,0x08,0xc1,0x08,0xc1,0x08,0xc1,0x08,
0xc1,0x08,0xc1,0x08,0xc1,0x08,0xc1,0x08,0xc1,0x08,0xc1,0x08,0xc1,0x08,0xc1,0x08,
0xc1,0x08,0xc1,0x08,0xc1,0x08,0xc1,0x08,0xc1,0x08,0xc1,0x08,0xc1,0x08,0xc1,0x08,
0xc1,0x08,0xc1,0x08,0xc1,0x08,0xc1,0x08,0xc1,0x08,0xc1,0x08,0xc1,0x08,0xc1,0x08,
0xc1,0x08,0xc1,0x08,0xc1,0x08,0xc1,0x08,0xc1,0x08,0xc1,0x08,0xc1,0x08,0xc1,0x08,
0xc1,0x08,0xc1,0x08,0xc1,0x08,0xc1,0x08,0xc1,0x08,0xc1,0x08,0xc1,0x08,0xc1,0x08,
0xc1,0x08,0xc1,0x08,0xc1,0x08,0xc1,0x08,0xc1,0x08,0xc1,0x08,0xc1,0x08,0xc1,0x08,
0xc1,0x08,0xc1,0x08,0xc1,0x08,0xc1,0x08,0xc1,0x08,0xc1,0x08,0xc1,0x08,0xc1,0x08,
0xc1,0x08,0xc1,0x08,0xc1,0x08,0xc1,0x08,0xc1,0x08,0xc1,0x08,0xc1,0x08,0xc1,0x08,
0xc1,0x08,0xc1,0x08,0xc1,0x08,0xc1,0x08,0xc1,0x08,0xc1,0x08,0xc1,0x08,0xc1,0x08,
0xc1,0x08,0xc1,0x08,0xc1,0x08,0xc1,0x08,0xc1,0x08,0xc1,0x08,0xc1,0x08,0xc1,0x08,
0xc1,0x08,0xc1,0x08,0xc1,0x08,0xc1,0x08,0xc1,0x08,0xc1,0x08,0xc1,0x08,0xc1,0x08,
0xc1,0x08,0xc1,0x08,0xc1,0x08,0xc1,0x08,0xc1,0x08,0xc1,0x08,0xc1,0x08,0xc1,0x08,
0xc1,0x08,0xc1,0x08,0xc1,0x08,0xc1,0x08,0xc1,0x08,0xc1,0x08,0xc1,0x08,0xc1,0x08,
0xc1,0x08,0xc1,0x08,0xc1,0x08,0xc1,0x08,0xc1,0x08,0xc1,0x08,0xc1,0x08,0xc1,0x08,
0xc1,0x08,0xc1,0x08,0xc1,0x08,0xc1,0x08,0xc1,0x08,0xc1,0x08,0xc1,0x08,0xc1,0x08,
0xc1,0x08,0xc1,0x08,0xc1,0x08,0xc1,0x08,0xc1,0x08,0xc1,0x08,0xc1,0x08,0xc1,0x08,
0xc1,0x08,0xc1,0x08,0xc1,0x08,0xc1,0x08,0xc1,0x08,0xc1,0x08,0xc1,0x08,0xc1,0x08,
0xc1,0x08,0xc1,0x08,0xc1,0x08,0xc1,0x08,0xc1,0x08,0xc1,0x08,0xc1,0x08,0xc1,0x08,
0xc1,0x08,0xc1,0x08,0xc1,0x08,0xc1,0x08,0xc1,0x08,0xc1,0x08,0xc1,0x08,0xc1,0x08,
0xc1,0x08,0xc1,0x08,0xc1,0x08,0xc1,0x08,0xc1,0x08,0xc1,0x08,0xc1,0x08,0xc1,0x08,
0xc1,0x08,0xc1,0x08,0xc1,0x08,0xc1,0x08,0xc1,0x08,0xc1,0x08,0xc1,0x08,0xc1,0x08,
0xc1,0x08,0xc1,0x08,0xc1,0x08,0xc1,0x08,0xc1,0x08,0xc1,0x08,0xc1,0x08,0xc1,0x08,
0xc1,0x08,0xc1,0x08,0xc1,0x08,0xc1,0x08,0xc1,0x08,0xc1,0x08,0xc1,0x08,0xc1,0x08,
0xc1,0x08,0xc1,0x08,0xc1,0x08,0xc1,0x08,0xc1,0x08,0xc1,0x08,0xc1,0x08,0xc1,0x08,
0xc1,0x08,0xc1,0x08,0xc1,0x08,0xc1,0x08,0xc1,0x08,0xc1,0x08,0xc1,0x08,0xc1,0x08,
0xc1,0x08,0xc1,0x08,0xc1,0x08,0xc1,0x08,0xc1,0x08,0xc1,0x08,0xc1,0x08,0xc1,0x08,
0xc1,0x08,0xc1,0x08,0xc1,0x08,0xc1,0x08,0xc1,0x08,0xc1,0x08,0xc1,0x08,0xc1,0x08,
0xc1,0x08,0xc1,0x08,0xc1,0x08,0xc1,0x08,0xc1,0x08,0xc1,0x08,0xc1,0x08,0xc1,0x08,
0xc1,0x08,0xc1,0x08,0xc1,0x08,0xc1,0x08,0xc1,0x08,0xc1,0x08,0xc1,0x08,0xc1,0x08,
0xc1,0x08,0xc1,0x08,0xc1,0x08,0xc1,0x08,0xc1,0x08,0xc1,0x08,0xc1,0x08,0xc1,0x08,
0xc1,0x08,0xc1,0x08,0xc1,0x08,0xc1,0x08,0xc1,0x08,0xc1,0x08,0xc1,0x08,0xc1,0x08,
0xc1,0x08,0xc1,0x08,0xc1,0x08,0xc1,0x08,0xc1,0x08,0xc1,0x08,0xc1,0x08,0xc1,0x08,
0xc1,0x08,0xc1,0x08,0xc1,0x08,0xc1,0x08,0xc1,0x08,0xc1,0x08,0xc1,0x08,0xc1,0x08,
0xc1,0x08,0xc1,0x08,0xc1,0x08,0xc1,0x08,0xc1,0x08,0xc1,0x08,0xc1,0x08,0xc1,0x08,
0xc1,0x08,0xc1,0x08,0xc1,0x08,0xc1,0x08,0xc1,0x08,0xc1,0x08,0xc1,0x08,0xc1,0x08,
0xc1,0x08,0xc1,0x08,0xc1,0x08,0xc1,0x08,0xc1,0x08,0xc1,0x08,0xc1,0x08,0xc1,0x08,
0xc1,0x08,0xc1,0x08,0xc1,0x08,0xc1,0x08,0xc1,0x08,0xc1,0x08,0xc1,0x08,0xc1,0x08,
0xc1,0x08,0xc1,0x08,0xc1,0x08,0xc1,0x08,0xc1,0x08,0xc1,0x08,0xc1,0x08,0xc1,0x08,
0xc1,0x08,0xc1,0x08,0xc1,0x08,0xc1,0x08,0xc1,0x08,0xc1,0x08,0xc1,0x08,0xc1,0x08,
0xc1,0x08,0xc1,0x08,0xc1,0x08,0xc1,0x08,0xc1,0x08,0xc1,0x08,0xc1,0x08,0xc1,0x08,
0xc1,0x08,0xc1,0x08,0xc1,0x08,0xc1,0x08,0xc1,0x08,0xc1,0x08,0xc1,0x08,0xc1,0x08,
0xc1,0x08,0xc1,0x08,0xc1,0x08,0xc1,0x08,0xc1,0x08,0xc1,0x08,0xc1,0x08,0xc1,0x08,
0xc1,0x08,0xc1,0x08,0xc1,0x08,0xc1,0x08,0xc1,0x08,0xc1,0x08,0xc1,0x08,0xc1,0x08,
0xc1,0x08,0xc1,0x08,0xc1,0x08,0xc1,0x08,0xc1,0x08,0xc1,0x08,0xc1,0x08,0xc1,0x08,
0xc1,0x08,0xc1,0x08,0xc1,0x08,0xc1,0x08,0xc1,0x08,0xc1,0x08,0xc1,0x08,0xc1,0x08,
0xc1,0x08,0xc1,0x08,0xc1,0x08,0xc1,0x08,0xc1,0x08,0xc1,0x08,0xc1,0x08,0xc1,0x08,
0xc1,0x08,0xc1,0x08,0xc1,0x08,0xc1,0x08,0xc1,0x08,0xc1,0x08,0xc1,0x08,0xc1,0x08,
0xc1,0x08,0xc1,0x08,0xc1,0x08,0xc1,0x08,0xc1,0x08,0xc1,0x08,0xc1,0x08,0xc1,0x08,
0xc1,0x08,0xc1,0x08,0xc1,0x08,0xc1,0x08,0xc1,0x08,0xc1,0x08,0xc1,0x08,0xc1,0x08,
0xc1,0x08,0xc1,0x08,0xc1,0x08,0xc1,0x08,0xc1,0x08,0xc1,0x08,0xc1,0x08,0xc1,0x08,
0xc1,0x08,0xc1,0x08,0xc1,0x08,0xc1,0x08,0xc1,0x08,0xc1,0x08,0xc1,0x08,0xc1,0x08,
0xc1,0x08,0xc1,0x08,0xc1,0x08,0xc1,0x08,0xc1,0x08,0xc1,0x08,0xc1,0x08,0xc1,0x08,
0xc1,0x08,0xc1,0x08,0xc1,0x08,0xc1,0x08,0xc1,0x08,0xc1,0x08,0xc1,0x08,0xc1,0x08,
0xc1,0x08,0xc1,0x08,0xc1,0x08,0xc1,0x08,0xc1,0x08,0xc1,0x08,0xc1,0x08,0xc1,0x08,
0xc1,0x08,0xc1,0x08,0xc1,0x08,0xc1,0x08,0xc1,0x08,0xc1,0x08,0xc1,0x08,0xc1,0x08,
0xc1,0x08,0xc1,0x08,0xc1,0x08,0xc1,0x08,0xc1,0x08,0xc1,0x08,0xc1,0x08,0xc1,0x08,
0xc1,0x08,0xc1,0x08,0xc1,0x08,0xc1,0x08,0xc1,0x08,0xc1,0x08,0xc1,0x08,0xc1,0x08,
0xc1,0x08,0xc1,0x08,0xc1,0x08,0xc1,0x08,0xc1,0x08,0xc1,0x08,0xc1,0x08,0xc1,0x08,
0xc1,0x08,0xc1,0x08,0xc1,0x08,0xc1,0x08,0xc1,0x08,0xc1,0x08,0xc1,0x08,0xc1,0x08,
0xc1,0x08,0xc1,0x08,0xc1,0x08,0xc1,0x08,0xc1,0x08,0xc1,0x08,0xc1,0x08,0xc1,0x08,
0xc1,0x08,0xc1,0x08,0xc1,0x08,0xc1,0x08,0xc1,0x08,0xc1,0x08,0xc1,0x08,0xc1,0x08,
0xc1,0x08,0xc1,0x08,0xc1,0x08,0xc1,0x08,0xc1,0x08,0xc1,0x08,0xc1,0x08,0xc1,0x08,
0xc1,0x08,0xc1,0x08,0xc1,0x08,0xc1,0x08,0xc1,0x08,0xc1,0x08,0xc1,0x08,0xc1,0x08,
0xc1,0x08,0xc1,0x08,0xc1,0x08,0xc1,0x08,0xc1,0x08,0xc1,0x08,0xc1,0x08,0xc1,0x08,
0xc1,0x08,0xc1,0x08,0xc1,0x08,0xc1,0x08,0xc1,0x08,0xc1,0x08,0xc1,0x08,0xc1,0x08,
0xc1,0x08,0xc1,0x08,0xc1,0x08,0xc1,0x08,0xc1,0x08,0xc1,0x08,0xc1,0x08,0xc1,0x08,
0xc1,0x08,0xc1,0x08,0xc1,0x08,0xc1,0x08,0xc1,0x08,0xc1,0x08,0xc1,0x08,0xc1,0x08,
0xc1,0x08,0xc1,0x08,0xc1,0x08,0xc1,0x08,0xc1,0x08,0xc1,0x08,0xc1,0x08,0xc1,0x08,
0xc1,0x08,0xc1,0x08,0xc1,0x08,0xc1,0x08,0xc1,0x08,0xc1,0x08,0xc1,0x08,0xc1,0x08,
0xc1,0x08,0xc1,0x08,0xc1,0x08,0xc1,0x08,0xc1,0x08,0xc1,0x08,0xc1,0x08,0xc1,0x08,
0xc1,0x08,0xc1,0x08,0xc1,0x08,0xc1,0x08,0xc1,0x08,0xc1,0x08,0xc1,0x08,0xc1,0x08,
0xc1,0x08,0xc1,0x08,0xc1,0x08,0xc1,0x08,0xc1,0x08,0xc1,0x08,0xc1,0x08,0xc1,0x08,
0xc1,0x08,0xc1,0x08,0xc1,0x08,0xc1,0x08,0xc1,0x08,0xc1,0x08,0xc1,0x08,0xc1,0x08,
0xc1,0x08,0xc1,0x08,0xc1,0x08,0xc1,0x08,0xc1,0x08,0xc1,0x08,0xc1,0x08,0xc1,0x08,
0xc1,0x08,0xc1,0x08,0xc1,0x08,0xc1,0x08,0xc1,0x08,0xc1,0x08,0xc1,0x08,0xc1,0x08,
0xc1,0x08,0xc1,0x08,0xc1,0x08,0xc1,0x08,0xc1,0x08,0xc1,0x08,0xc1,0x08,0xc1,0x08,
0xc1,0x08,0xc1,0x08,0xc1,0x08,0xc1,0x08,0xc1,0x08,0xc1,0x08,0xc1,0x08,0xc1,0x08,
0xc1,0x08,0xc1,0x08,0xc1,0x08,0xc1,0x08,0xc1,0x08,0xc1,0x08,0xc1,0x08,0xc1,0x08,
0xc1,0x08,0xc1,0x08,0xc1,0x08,0xc1,0x08,0xc1,0x08,0xc1,0x08,0xc1,0x08,0xc1,0x08,
0xc1,0x08,0xc1,0x08,0xc1,0x08,0xc1,0x08,0xc1,0x08,0xc1,0x08,0xc1,0x08,0xc1,0x08,
0xc1,0x08,0xc1,0x08,0xc1,0x08,0xc1,0x08,0xc1,0x08,0xc1,0x08,0xc1,0x08,0xc1,0x08,
0xc1,0x08,0xc1,0x08,0xc1,0x08,0xc1,0x08,0xc1,0x08,0xc1,0x08,0xc1,0x08,0xc1,0x08,
0xc1,0x08,0xc1,0x08,0xc1,0x08,0xc1,0x08,0xc1,0x08,0xc1,0x08,0xc1,0x08,0xc1,0x08,
0xc1,0x08,0xc1,0x08,0xc1,0x08,0xc1,0x08,0xc1,0x08,0xc1,0x08,0xc1,0x08,0xc1,0x08,
0xc1,0x08,0xc1,0x08,0xc1,0x08,0xc1,0x08,0xc1,0x08,0xc1,0x08,0xc1,0x08,0xc1,0x08,
0xc1,0x08,0xc1,0x08,0xc1,0x08,0xc1,0x08,0xc1,0x08,0xc1,0x08,0xc1,0x08,0xc1,0x08,
0xc1,0x08,0xc1,0x08,0xc1,0x08,0xc1,0x08,0xc1,0x08,0xc1,0x08,0xc1,0x08,0xc1,0x08,
0xc1,0x08,0xc1,0x08,0xc1,0x08,0xc1,0x08,0xc1,0x08,0xc1,0x08,0xc1,0x08,0xc1,0x08,
0xc1,0x08,0xc1,0x08,0xc1,0x08,0xc1,0x08,0xc1,0x08,0xc1,0x08,0xc1,0x08,0xc1,0x08,
0xc1,0x08,0xc1,0x08,0xc1,0x08,0xc1,0x08,0xc1,0x08,0xc1,0x08,0xc1,0x08,0xc1,0x08,
0xc1,0x08,0xc1,0x08,0xc1,0x08,0xc1,0x08,0xc1,0x08,0xc1,0x08,0xc1,0x08,0xc1,0x08,
0xc1,0x08,0xc1,0x08,0xc1,0x08,0xc1,0x08,0xc1,0x08,0xc1,0x08,0xc1,0x08,0xc1,0x08,
0xc1,0x08,0xc1,0x08,0xc1,0x08,0xc1,0x08,0xc1,0x08,0xc1,0x08,0xc1,0x08,0xc1,0x08,
0xc1,0x08,0xc1,0x08,0xc1,0x08,0xc1,0x08,0xc1,0x08,0xc1,0x08,0xc1,0x08,0xc1,0x08,
0xc1,0x08,0xc1,0x08,0xc1,0x08,0xc1,0x08,0xc1,0x08,0xc1,0x08,0xc1,0x08,0xc1,0x08,
0xc1,0x08,0xc1,0x08,0xc1,0x08,0xc1,0x08,0xc1,0x08,0xc1,0x08,0xc1,0x08,0xc1,0x08,
0xc1,0x08,0xc1,0x08,0xc1,0x08,0xc1,0x08,0xc1,0x08,0xc1,0x08,0xc1,0x08,0xc1,0x08,
0xc1,0x08,0xc1,0x08,0xc1,0x08,0xc1,0x08,0xc1,0x08,0xc1,0x08,0xc1,0x08,0xc1,0x08,
0xc1,0x08,0xc1,0x08,0xc1,0x08,0xc1,0x08,0xc1,0x08,0xc1,0x08,0xc1,0x08,0xc1,0x08,
0xc1,0x08,0xc1,0x08,0xc1,0x08,0xc1,0x08,0xc1,0x08,0xc1,0x08,0xc1,0x08,0xc1,0x08,
0xc1,0x08,0xc1,0x08,0xc1,0x08,0xc1,0x08,0xc1,0x08,0xc1,0x08,0xc1,0x08,0xc1,0x08,
0xc1,0x08,0xc1,0x08,0xc1,0x08,0xc1,0x08,0xc1,0x08,0xc1,0x08,0xc1,0x08,0xc1,0x08,
0xc1,0x08,0xc1,0x08,0xc1,0x08,0xc1,0x08,0xc1,0x08,0xc1,0x08,0xc1,0x08,0xc1,0x08,
0xc1,0x08,0xc1,0x08,0xc1,0x08,0xc1,0x08,0xc1,0x08,0xc1,0x08,0xc1,0x08,0xc1,0x08,
0xc1,0x08,0xc1,0x08,0xc1,0x08,0xc1,0x08,0xc1,0x08,0xc1,0x08,0xc1,0x08,0xc1,0x08,
0xc1,0x08,0xc1,0x08,0xc1,0x08,0xc1,0x08,0xc1,0x08,0xc1,0x08,0xc1,0x08,0xc1,0x08,
0xc1,0x08,0xc1,0x08,0xc1,0x08,0xc1,0x08,0xc1,0x08,0xc1,0x08,0xc1,0x08,0xc1,0x08,
0xc1,0x08,0xc1,0x08,0xc1,0x08,0xc1,0x08,0xc1,0x08,0xc1,0x08,0xc1,0x08,0xc1,0x08,
0xc1,0x08,0xc1,0x08,0xc1,0x08,0xc1,0x08,0xc1,0x08,0xc1,0x08,0xc1,0x08,0xc1,0x08,
0xc1,0x08,0xc1,0x08,0xc1,0x08,0xc1,0x08,0xc1,0x08,0xc1,0x08,0xc1,0x08,0xc1,0x08,
0xc1,0x08,0xc1,0x08,0xc1,0x08,0xc1,0x08,0xc1,0x08,0xc1,0x08,0xc1,0x08,0xc1,0x08,
0xc1,0x08,0xc1,0x08,0xc1,0x08,0xc1,0x08,0xc1,0x08,0xc1,0x08,0xc1,0x08,0xc1,0x08,
0xc1,0x08,0xc1,0x08,0xc1,0x08,0xc1,0x08,0xc1,0x08,0xc1,0x08,0xc1,0x08,0xc1,0x08,
0xc1,0x08,0xc1,0x08,0xc1,0x08,0xc1,0x08,0xc1,0x08,0xc1,0x08,0xc1,0x08,0xc1,0x08,
0xc1,0x08,0xc1,0x08,0xc1,0x08,0xc1,0x08,0xc1,0x08,0xc1,0x08,0xc1,0x08,0xc1,0x08,
0xc1,0x08,0xc1,0x08,0xc1,0x08,0xc1,0x08,0xc1,0x08,0xc1,0x08,0xc1,0x08,0xc1,0x08,
0xc1,0x08,0xc1,0x08,0xc1,0x08,0xc1,0x08,0xc1,0x08,0xc1,0x08,0xc1,0x08,0xc1,0x08,
0xc1,0x08,0xc1,0x08,0xc1,0x08,0xc1,0x08,0xc1,0x08,0xc1,0x08,0xc1,0x08,0xc1,0x08,
0xc1,0x08,0xc1,0x08,0xc1,0x08,0xc1,0x08,0xc1,0x08,0xc1,0x08,0xc1,0x08,0xc1,0x08,
0xc1,0x08,0xc1,0x08,0xc1,0x08,0xc1,0x08,0xc1,0x08,0xc1,0x08,0xc1,0x08,0xc1,0x08,
0xc1,0x08,0xc1,0x08,0xc1,0x08,0xc1,0x08,0xc1,0x08,0xc1,0x08,0xc1,0x08,0xc1,0x08,
0xc1,0x08,0xc1,0x08,0xc1,0x08,0xc1,0x08,0xc1,0x08,0xc1,0x08,0xc1,0x08,0xc1,0x08,
0xc1,0x08,0xc1,0x08,0xc1,0x08,0xc1,0x08,0xc1,0x08,0xc1,0x08,0xc1,0x08,0xc1,0x08,
0xc1,0x08,0xc1,0x08,0xc1,0x08,0xc1,0x08,0xc1,0x08,0xc1,0x08,0xc1,0x08,0xc1,0x08,
0xc1,0x08,0xc1,0x08,0xc1,0x08,0xc1,0x08,0xc1,0x08,0xc1,0x08,0xc1,0x08,0xc1,0x08,
0xc1,0x08,0xc1,0x08,0xc1,0x08,0xc1,0x08,0xc1,0x08,0xc1,0x08,0xc1,0x08,0xc1,0x08,
0xc1,0x08,0xc1,0x08,0xc1,0x08,0xc1,0x08,0xc1,0x08,0xc1,0x08,0xc1,0x08,0xc1,0x08,
0xc1,0x08,0xc1,0x08,0xc1,0x08,0xc1,0x08,0xc1,0x08,0xc1,0x08,0xc1,0x08,0xc1,0x08,
0xc1,0x08,0xc1,0x08,0xc1,0x08,0xc1,0x08,0xc1,0x08,0xc1,0x08,0xc1,0x08,0xc1,0x08,
0xc1,0x08,0xc1,0x08,0xc1,0x08,0xc1,0x08,0xc1,0x08,0xc1,0x08,0xc1,0x08,0xc1,0x08,
0xc1,0x08,0xc1,0x08,0xc1,0x08,0xc1,0x08,0xc1,0x08,0xc1,0x08,0xc1,0x08,0xc1,0x08,
0xc1,0x08,0xc1,0x08,0xc1,0x08,0xc1,0x08,0xc1,0x08,0xc1,0x08,0xc1,0x08,0xc1,0x08,
0xc1,0x08,0xc1,0x08,0xc1,0x08,0xc1,0x08,0xc1,0x08,0xc1,0x08,0xc1,0x08,0xc1,0x08,
0xc1,0x08,0xc1,0x08,0xc1,0x08,0xc1,0x08,0xc1,0x08,0xc1,0x08,0xc1,0x08,0xc1,0x08,
0xc1,0x08,0xc1,0x08,0xc1,0x08,0xc1,0x08,0xc1,0x08,0xc1,0x08,0xc1,0x08,0xc1,0x08,
0xc1,0x08,0xc1,0x08,0xc1,0x08,0xc1,0x08,0xc1,0x08,0xc1,0x08,0xc1,0x08,0xc1,0x08,
0xc1,0x08,0xc1,0x08,0xc1,0x08,0xc1,0x08,0xc1,0x08,0xc1,0x08,0xc1,0x08,0xc1,0x08,
0xc1,0x08,0xc1,0x08,0xc1,0x08,0xc1,0x08,0xc1,0x08,0xc1,0x08,0xc1,0x08,0xc1,0x08,
0xc1,0x08,0xc1,0x08,0xc1,0x08,0xc1,0x08,0xc1,0x08,0xc1,0x08,0xc1,0x08,0xc1,0x08,
0xc1,0x08,0xc1,0x08,0xc1,0x08,0xc1,0x08,0xc1,0x08,0xc1,0x08,0xc1,0x08,0xc1,0x08,
0xc1,0x08,0xc1,0x08,0xc1,0x08,0xc1,0x08,0xc1,0x08,0xc1,0x08,0xc1,0x08,0xc1,0x08,
0xc1,0x08,0xc1,0x08,0xc1,0x08,0xc1,0x08,0xc1,0x08,0xc1,0x08,0xc1,0x08,0xc1,0x08,
0xc1,0x08,0xc1,0x08,0xc1,0x08,0xc1,0x08,0xc1,0x08,0xc1,0x08,0xc1,0x08,0xc1,0x08,
0xc1,0x08,0xc1,0x08,0xc1,0x08,0xc1,0x08,0xc1,0x08,0xc1,0x08,0xc1,0x08,0xc1,0x08,
0xc1,0x08,0xc1,0x08,0xc1,0x08,0xc1,0x08,0xc1,0x08,0xc1,0x08,0xc1,0x08,0xc1,0x08,
0xc1,0x08,0xc1,0x08,0xc1,0x08,0xc1,0x08,0xc1,0x08,0xc1,0x08,0xc1,0x08,0xc1,0x08,
0xc1,0x08,0xc1,0x08,0xc1,0x08,0xc1,0x08,0xc1,0x08,0xc1,0x08,0xc1,0x08,0xc1,0x08,
0xc1,0x08,0xc1,0x08,0xc1,0x08,0xc1,0x08,0xc1,0x08,0xc1,0x08,0xc1,0x08,0xc1,0x08,
0xc1,0x08,0xc1,0x08,0xc1,0x08,0xc1,0x08,0xc1,0x08,0xc1,0x08,0xc1,0x08,0xc1,0x08,
0xc1,0x08,0xc1,0x08,0xc1,0x08,0xc1,0x08,0xc1,0x08,0xc1,0x08,0xc1,0x08,0xc1,0x08,
0xc1,0x08,0xc1,0x08,0xc1,0x08,0xc1,0x08,0xc1,0x08,0xc1,0x08,0xc1,0x08,0xc1,0x08,
0xc1,0x08,0xc1,0x08,0xc1,0x08,0xc1,0x08,0xc1,0x08,0xc1,0x08,0xc1,0x08,0xc1,0x08,
0xc1,0x08,0xc1,0x08,0xc1,0x08,0xc1,0x08,0xc1,0x08,0xc1,0x08,0xc1,0x08,0xc1,0x08,
0xc1,0x08,0xc1,0x08,0xc1,0x08,0xc1,0x08,0xc1,0x08,0xc1,0x08,0xc1,0x08,0xc1,0x08,
0xc1,0x08,0xc1,0x08,0xc1,0x08,0xc1,0x08,0xc1,0x08,0xc1,0x08,0xc1,0x08,0xc1,0x08,
0xc1,0x08,0xc1,0x08,0xc1,0x08,0xc1,0x08,0xc1,0x08,0xc1,0x08,0xc1,0x08,0xc1,0x08,
0xc1,0x08,0xc1,0x08,0xc1,0x08,0xc1,0x08,0xc1,0x08,0xc1,0x08,0xc1,0x08,0xc1,0x08,
0xc1,0x08,0xc1,0x08,0xc1,0x08,0xc1,0x08,0xc1,0x08,0xc1,0x08,0xc1,0x08,0xc1,0x08,
0xc1,0x08,0xc1,0x08,0xc1,0x08,0xc1,0x08,0xc1,0x08,0xc1,0x08,0xc1,0x08,0xc1,0x08,
0xc1,0x08,0xc1,0x08,0xc1,0x08,0xc1,0x08,0xc1,0x08,0xc1,0x08,0xc1,0x08,0xc1,0x08,
0xc1,0x08,0xc1,0x08,0xc1,0x08,0xc1,0x08,0xc1,0x08,0xc1,0x08,0xc1,0x08,0xc1,0x08,
0xc1,0x08,0xc1,0x08,0xc1,0x08,0xc1,0x08,0xc1,0x08,0xc1,0x08,0xc1,0x08,0xc1,0x08,
0xc1,0x08,0xc1,0x08,0xc1,0x08,0xc1,0x08,0xc1,0x08,0xc1,0x08,0xc1,0x08,0xc1,0x08,
0xc1,0x08,0xc1,0x08,0xc1,0x08,0xc1,0x08,0xc1,0x08,0xc1,0x08,0xc1,0x08,0xc1,0x08,
0xc1,0x08,0xc1,0x08,0xc1,0x08,0xc1,0x08,0xc1,0x08,0xc1,0x08,0xc1,0x08,0xc1,0x08,
0xc1,0x08,0xc1,0x08,0xc1,0x08,0xc1,0x08,0xc1,0x08,0xc1,0x08,0xc1,0x08,0xc1,0x08,
0xc1,0x08,0xc1,0x08,0xc1,0x08,0xc1,0x08,0xc1,0x08,0xc1,0x08,0xc1,0x08,0xc1,0x08,
0xc1,0x08,0xc1,0x08,0xc1,0x08,0xc1,0x08,0xc1,0x08,0xc1,0x08,0xc1,0x08,0xc1,0x08,
0xc1,0x08,0xc1,0x08,0xc1,0x08,0xc1,0x08,0xc1,0x08,0xc1,0x08,0xc1,0x08,0xc1,0x08,
0xc1,0x08,0xc1,0x08,0xc1,0x08,0xc1,0x08,0xc1,0x08,0xc1,0x08,0xc1,0x08,0xc1,0x08,
0xc1,0x08,0xc1,0x08,0xc1,0x08,0xc1,0x08,0xc1,0x08,0xc1,0x08,0xc1,0x08,0xc1,0x08,
0xc1,0x08,0xc1,0x08,0xc1,0x08,0xc1,0x08,0xc1,0x08,0xc1,0x08,0xc1,0x08,0xc1,0x08,
0xc1,0x08,0xc1,0x08,0xc1,0x08,0xc1,0x08,0xc1,0x08,0xc1,0x08,0xc1,0x08,0xc1,0x08,
0xc1,0x08,0xc1,0x08,0xc1,0x08,0xc1,0x08,0xc1,0x08,0xc1,0x08,0xc1,0x08,0xc1,0x08,
0xc1,0x08,0xc1,0x08,0xc1,0x08,0xc1,0x08,0xc1,0x08,0xc1,0x08,0xc1,0x08,0xc1,0x08,
0xc1,0x08,0xc1,0x08,0xc1,0x08,0xc1,0x08,0xc1,0x08,0xc1,0x08,0xc1,0x08,0xc1,0x08,
0xc1,0x08,0xc1,0x08,0xc1,0x08,0xc1,0x08,0xc1,0x08,0xc1,0x08,0xc1,0x08,0xc1,0x08,
0xc1,0x08,0xc1,0x08,0xc1,0x08,0xc1,0x08,0xc1,0x08,0xc1,0x08,0xc1,0x08,0xc1,0x08,
0xc1,0x08,0xc1,0x08,0xc1,0x08,0xc1,0x08,0xc1,0x08,0xc1,0x08,0xc1,0x08,0xc1,0x08,
0xc1,0x08,0xc1,0x08,0xc1,0x08,0xc1,0x08,0xc1,0x08,0xc1,0x08,0xc1,0x08,0xc1,0x08,
0xc1,0x08,0xc1,0x08,0xc1,0x08,0xc1,0x08,0xc1,0x08,0xc1,0x08,0xc1,0x08,0xc1,0x08,
0xc1,0x08,0xc1,0x08,0xc1,0x08,0xc1,0x08,0xc1,0x08,0xc1,0x08,0xc1,0x08,0xc1,0x08,
0xc1,0x08,0xc1,0x08,0xc1,0x08,0xc1,0x08,0xc1,0x08,0xc1,0x08,0xc1,0x08,0xc1,0x08,
0xc1,0x08,0xc1,0x08,0xc1,0x08,0xc1,0x08,0xc1,0x08,0xc1,0x08,0xc1,0x08,0xc1,0x08,
0xc1,0x08,0xc1,0x08,0xc1,0x08,0xc1,0x08,0xc1,0x08,0xc1,0x08,0xc1,0x08,0xc1,0x08,
0xc1,0x08,0xc1,0x08,0xc1,0x08,0xc1,0x08,0xc1,0x08,0xc1,0x08,0xc1,0x08,0xc1,0x08,
0xc1,0x08,0xc1,0x08,0xc1,0x08,0xc1,0x08,0xc1,0x08,0xc1,0x08,0xc1,0x08,0xc1,0x08,
0xc1,0x08,0xc1,0x08,0xc1,0x08,0xc1,0x08,0xc1,0x08,0xc1,0x08,0xc1,0x08,0xc1,0x08,
0xc1,0x08,0xc1,0x08,0xc1,0x08,0xc1,0x08,0xc1,0x08,0xc1,0x08,0xc1,0x08,0xc1,0x08,
0xc1,0x08,0xc1,0x08,0xc1,0x08,0xc1,0x08,0xc1,0x08,0xc1,0x08,0xc1,0x08,0xc1,0x08,
0xc1,0x08,0xc1,0x08,0xc1,0x08,0xc1,0x08,0xc1,0x08,0xc1,0x08,0xc1,0x08,0xc1,0x08,
0xc1,0x08,0xc1,0x08,0xc1,0x08,0xc1,0x08,0xc1,0x08,0xc1,0x08,0xc1,0x08,0xc1,0x08,
0xc1,0x08,0xc1,0x08,0xc1,0x08,0xc1,0x08,0xc1,0x08,0xc1,0x08,0xc1,0x08,0xc1,0x08,
0xc1,0x08,0xc1,0x08,0xc1,0x08,0xc1,0x08,0xc1,0x08,0xc1,0x08,0xc1,0x08,0xc1,0x08,
0xc1,0x08,0xc1,0x08,0xc1,0x08,0xc1,0x08,0xc1,0x08,0xc1,0x08,0xc1,0x08,0xc1,0x08,
0xc1,0x08,0xc1,0x08,0xc1,0x08,0xc1,0x08,0xc1,0x08,0xc1,0x08,0xc1,0x08,0xc1,0x08,
0xc1,0x08,0xc1,0x08,0xc1,0x08,0xc1,0x08,0xc1,0x08,0xc1,0x08,0xc1,0x08,0xc1,0x08,
0xc1,0x08,0xc1,0x08,0xc1,0x08,0xc1,0x08,0xc1,0x08,0xc1,0x08,0xc1,0x08,0xc1,0x08,
0xc1,0x08,0xc1,0x08,0xc1,0x08,0xc1,0x08,0xc1,0x08,0xc1,0x08,0xc1,0x08,0xc1,0x08,
0xc1,0x08,0xc1,0x08,0xc1,0x08,0xc1,0x08,0xc1,0x08,0xc1,0x08,0xc1,0x08,0xc1,0x08,
0xc1,0x08,0xc1,0x08,0xc1,0x08,0xc1,0x08,0xc1,0x08,0xc1,0x08,0xc1,0x08,0xc1,0x08,
0xc1,0x08,0xc1,0x08,0xc1,0x08,0xc1,0x08,0xc1,0x08,0xc1,0x08,0xc1,0x08,0xc1,0x08,
0xc1,0x08,0xc1,0x08,0xc1,0x08,0xc1,0x08,0xc1,0x08,0xc1,0x08,0xc1,0x08,0xc1,0x08,
0xc1,0x08,0xc1,0x08,0xc1,0x08,0xc1,0x08,0xc1,0x08,0xc1,0x08,0xc1,0x08,0xc1,0x08,
0xc1,0x08,0xc1,0x08,0xc1,0x08,0xc1,0x08,0xc1,0x08,0xc1,0x08,0xc1,0x08,0xc1,0x08,
0xc1,0x08,0xc1,0x08,0xc1,0x08,0xc1,0x08,0xc1,0x08,0xc1,0x08,0xc1,0x08,0xc1,0x08,
0xc1,0x08,0xc1,0x08,0xc1,0x08,0xc1,0x08,0xc1,0x08,0xc1,0x08,0xc1,0x08,0xc1,0x08,
0xc1,0x08,0xc1,0x08,0xc1,0x08,0xc1,0x08,0xc1,0x08,0xc1,0x08,0xc1,0x08,0xc1,0x08,
0xc1,0x08,0xc1,0x08,0xc1,0x08,0xc1,0x08,0xc1,0x08,0xc1,0x08,0xc1,0x08,0xc1,0x08,
0xc1,0x08,0xc1,0x08,0xc1,0x08,0xc1,0x08,0xc1,0x08,0xc1,0x08,0xc1,0x08,0xc1,0x08,
0xc1,0x08,0xc1,0x08,0xc1,0x08,0xc1,0x08,0xc1,0x08,0xc1,0x08,0xc1,0x08,0xc1,0x08,
0xc1,0x08,0xc1,0x08,0xc1,0x08,0xc1,0x08,0xc1,0x08,0xc1,0x08,0xc1,0x08,0xc1,0x08,
0xc1,0x08,0xc1,0x08,0xc1,0x08,0xc1,0x08,0xc1,0x08,0xc1,0x08,0xc1,0x08,0xc1,0x08,
0xc1,0x08,0xc1,0x08,0xc1,0x08,0xc1,0x08,0xc1,0x08,0xc1,0x08,0xc1,0x08,0xc1,0x08,
0xc1,0x08,0xc1,0x08,0xc1,0x08,0xc1,0x08,0xc1,0x08,0xc1,0x08,0xc1,0x08,0xc1,0x08,
0xc1,0x08,0xc1,0x08,0xc1,0x08,0xc1,0x08,0xc1,0x08,0xc1,0x08,0xc1,0x08,0xc1,0x08,
0xc1,0x08,0xc1,0x08,0xc1,0x08,0xc1,0x08,0xc1,0x08,0xc1,0x08,0xc1,0x08,0xc1,0x08,
0xc1,0x08,0xc1,0x08,0xc1,0x08,0xc1,0x08,0xc1,0x08,0xc1,0x08,0xc1,0x08,0xc1,0x08,
0xc1,0x08,0xc1,0x08,0xc1,0x08,0xc1,0x08,0xc1,0x08,0xc1,0x08,0xc1,0x08,0xc1,0x08,
0xc1,0x08,0xc1,0x08,0xc1,0x08,0xc1,0x08,0xc1,0x08,0xc1,0x08,0xc1,0x08,0xc1,0x08,
0xc1,0x08,0xc1,0x08,0xc1,0x08,0xc1,0x08,0xc1,0x08,0xc1,0x08,0xc1,0x08,0xc1,0x08,
0xc1,0x08,0xc1,0x08,0xc1,0x08,0xc1,0x08,0xc1,0x08,0xc1,0x08,0xc1,0x08,0xc1,0x08,
0xc1,0x08,0xc1,0x08,0xc1,0x08,0xc1,0x08,0xc1,0x08,0xc1,0x08,0xc1,0x08,0xc1,0x08,
0xc1,0x08,0xc1,0x08,0xc1,0x08,0xc1,0x08,0xc1,0x08,0xc1,0x08,0xc1,0x08,0xc1,0x08,
0xc1,0x08,0xc1,0x08,0xc1,0x08,0xc1,0x08,0xc1,0x08,0xc1,0x08,0xc1,0x08,0xc1,0x08,
0xc1,0x08,0xc1,0x08,0xc1,0x08,0xc1,0x08,0xc1,0x08,0xc1,0x08,0xc1,0x08,0xc1,0x08,
0xc1,0x08,0xc1,0x08,0xc1,0x08,0xc1,0x08,0xc1,0x08,0xc1,0x08,0xc1,0x08,0xc1,0x08,
0xc1,0x08,0xc1,0x08,0xc1,0x08,0xc1,0x08,0xc1,0x08,0xc1,0x08,0xc1,0x08,0xc1,0x08,
0xc1,0x08,0xc1,0x08,0xc1,0x08,0xc1,0x08,0xc1,0x08,0xc1,0x08,0xc1,0x08,0xc1,0x08,
0xc1,0x08,0xc1,0x08,0xc1,0x08,0xc1,0x08,0xc1,0x08,0xc1,0x08,0xc1,0x08,0xc1,0x08,
0xc1,0x08,0xc1,0x08,0xc1,0x08,0xc1,0x08,0xc1,0x08,0xc1,0x08,0xc1,0x08,0xc1,0x08,
0xc1,0x08,0xc1,0x08,0xc1,0x08,0xc1,0x08,0xc1,0x08,0xc1,0x08,0xc1,0x08,0xc1,0x08,
0xc1,0x08,0xc1,0x08,0xc1,0x08,0xc1,0x08,0xc1,0x08,0xc1,0x08,0xc1,0x08,0xc1,0x08,
0xc1,0x08,0xc1,0x08,0xc1,0x08,0xc1,0x08,0xc1,0x08,0xc1,0x08,0xc1,0x08,0xc1,0x08,
0xc1,0x08,0xc1,0x08,0xc1,0x08,0xc1,0x08,0xc1,0x08,0xc1,0x08,0xc1,0x08,0xc1,0x08,
0xc1,0x08,0xc1,0x08,0xc1,0x08,0xc1,0x08,0xc1,0x08,0xc1,0x08,0xc1,0x08,0xc1,0x08,
0xc1,0x08,0xc1,0x08,0xc1,0x08,0xc1,0x08,0xc1,0x08,0xc1,0x08,0xc1,0x08,0xc1,0x08,
0xc1,0x08,0xc1,0x08,0xc1,0x08,0xc1,0x08,0xc1,0x08,0xc1,0x08,0xc1,0x08,0xc1,0x08,
0xc1,0x08,0xc1,0x08,0xc1,0x08,0xc1,0x08,0xc1,0x08,0xc1,0x08,0xc1,0x08,0xc1,0x08,
0xc1,0x08,0xc1,0x08,0xc1,0x08,0xc1,0x08,0xc1,0x08,0xc1,0x08,0xc1,0x08,0xc1,0x08,
0xc1,0x08,0xc1,0x08,0xc1,0x08,0xc1,0x08,0xc1,0x08,0xc1,0x08,0xc1,0x08,0xc1,0x08,
0xc1,0x08,0xc1,0x08,0xc1,0x08,0xc1,0x08,0xc1,0x08,0xc1,0x08,0xc1,0x08,0xc1,0x08,
0xc1,0x08,0xc1,0x08,0xc1,0x08,0xc1,0x08,0xc1,0x08,0xc1,0x08,0xc1,0x08,0xc1,0x08,
0xc1,0x08,0xc1,0x08,0xc1,0x08,0xc1,0x08,0xc1,0x08,0xc1,0x08,0xc1,0x08,0xc1,0x08,
0xc1,0x08,0xc1,0x08,0xc1,0x08,0xc1,0x08,0xc1,0x08,0xc1,0x08,0xc1,0x08,0xc1,0x08,
0xc1,0x08,0xc1,0x08,0xc1,0x08,0xc1,0x08,0xc1,0x08,0xc1,0x08,0xc1,0x08,0xc1,0x08,
0xc1,0x08,0xc1,0x08,0xc1,0x08,0xc1,0x08,0xc1,0x08,0xc1,0x08,0xc1,0x08,0xc1,0x08,
0xc1,0x08,0xc1,0x08,0xc1,0x08,0xc1,0x08,0xc1,0x08,0xc1,0x08,0xc1,0x08,0xc1,0x08,
0xc1,0x08,0xc1,0x08,0xc1,0x08,0xc1,0x08,0xc1,0x08,0xc1,0x08,0xc1,0x08,0xc1,0x08,
0xc1,0x08,0xc1,0x08,0xc1,0x08,0xc1,0x08,0xc1,0x08,0xc1,0x08,0xc1,0x08,0xc1,0x08,
0xc1,0x08,0xc1,0x08,0xc1,0x08,0xc1,0x08,0xc1,0x08,0xc1,0x08,0xc1,0x08,0xc1,0x08,
0xc1,0x08,0xc1,0x08,0xc1,0x08,0xc1,0x08,0xc1,0x08,0xc1,0x08,0xc1,0x08,0xc1,0x08,
0xc1,0x08,0xc1,0x08,0xc1,0x08,0xc1,0x08,0xc1,0x08,0xc1,0x08,0xc1,0x08,0xc1,0x08,
0xc1,0x08,0xc1,0x08,0xc1,0x08,0xc1,0x08,0xc1,0x08,0xc1,0x08,0xc1,0x08,0xc1,0x08,
0xc1,0x08,0xc1,0x08,0xc1,0x08,0xc1,0x08,0xc1,0x08,0xc1,0x08,0xc1,0x08,0xc1,0x08,
0xc1,0x08,0xc1,0x08,0xc1,0x08,0xc1,0x08,0xc1,0x08,0xc1,0x08,0xc1,0x08,0xc1,0x08,
0xc1,0x08,0xc1,0x08,0xc1,0x08,0xc1,0x08,0xc1,0x08,0xc1,0x08,0xc1,0x08,0xc1,0x08,
0xc1,0x08,0xc1,0x08,0xc1,0x08,0xc1,0x08,0xc1,0x08,0xc1,0x08,0xc1,0x08,0xc1,0x08,
0xc1,0x08,0xc1,0x08,0xc1,0x08,0xc1,0x08,0xc1,0x08,0xc1,0x08,0xc1,0x08,0xc1,0x08,
0xc1,0x08,0xc1,0x08,0xc1,0x08,0xc1,0x08,0xc1,0x08,0xc1,0x08,0xc1,0x08,0xc1,0x08,
0xc1,0x08,0xc1,0x08,0xc1,0x08,0xc1,0x08,0xc1,0x08,0xc1,0x08,0xc1,0x08,0xc1,0x08,
0xc1,0x08,0xc1,0x08,0xc1,0x08,0xc1,0x08,0xc1,0x08,0xc1,0x08,0xc1,0x08,0xc1,0x08,
0xc1,0x08,0xc1,0x08,0xc1,0x08,0xc1,0x08,0xc1,0x08,0xc1,0x08,0xc1,0x08,0xc1,0x08,
0xc1,0x08,0xc1,0x08,0xc1,0x08,0xc1,0x08,0xc1,0x08,0xc1,0x08,0xc1,0x08,0xc1,0x08,
0xc1,0x08,0xc1,0x08,0xc1,0x08,0xc1,0x08,0xc1,0x08,0xc1,0x08,0xc1,0x08,0xc1,0x08,
0xc1,0x08,0xc1,0x08,0xc1,0x08,0xc1,0x08,0xc1,0x08,0xc1,0x08,0xc1,0x08,0xc1,0x08,
0xc1,0x08,0xc1,0x08,0xc1,0x08,0xc1,0x08,0xc1,0x08,0xc1,0x08,0xc1,0x08,0xc1,0x08,
0xc1,0x08,0xc1,0x08,0xc1,0x08,0xc1,0x08,0xc1,0x08,0xc1,0x08,0xc1,0x08,0xc1,0x08,
0xc1,0x08,0xc1,0x08,0xc1,0x08,0xc1,0x08,0xc1,0x08,0xc1,0x08,0xc1,0x08,0xc1,0x08,
0xc1,0x08,0xc1,0x08,0xc1,0x08,0xc1,0x08,0xc1,0x08,0xc1,0x08,0xc1,0x08,0xc1,0x08,
0xc1,0x08,0xc1,0x08,0xc1,0x08,0xc1,0x08,0xc1,0x08,0xc1,0x08,0xc1,0x08,0xc1,0x08,
0xc1,0x08,0xc1,0x08,0xc1,0x08,0xc1,0x08,0xc1,0x08,0xc1,0x08,0xc1,0x08,0xc1,0x08,
0xc1,0x08,0xc1,0x08,0xc1,0x08,0xc1,0x08,0xc1,0x08,0xc1,0x08,0xc1,0x08,0xc1,0x08,
0xc1,0x08,0xc1,0x08,0xc1,0x08,0xc1,0x08,0xc1,0x08,0xc1,0x08,0xc1,0x08,0xc1,0x08,
0xc1,0x08,0xc1,0x08,0xc1,0x08,0xc1,0x08,0xc1,0x08,0xc1,0x08,0xc1,0x08,0xc1,0x08,
0xc1,0x08,0xc1,0x08,0xc1,0x08,0xc1,0x08,0xc1,0x08,0xc1,0x08,0xc1,0x08,0xc1,0x08,
0xc1,0x08,0xc1,0x08,0xc1,0x08,0xc1,0x08,0xc1,0x08,0xc1,0x08,0xc1,0x08,0xc1,0x08,
0xc1,0x08,0xc1,0x08,0xc1,0x08,0xc1,0x08,0xc1,0x08,0xc1,0x08,0xc1,0x08,0xc1,0x08,
0xc1,0x08,0xc1,0x08,0xc1,0x08,0xc1,0x08,0xc1,0x08,0xc1,0x08,0xc1,0x08,0xc1,0x08,
0xc1,0x08,0xc1,0x08,0xc1,0x08,0xc1,0x08,0xc1,0x08,0xc1,0x08,0xc1,0x08,0xc1,0x08,
0xc1,0x08,0xc1,0x08,0xc1,0x08,0xc1,0x08,0xc1,0x08,0xc1,0x08,0xc1,0x08,0xc1,0x08,
0xc1,0x08,0xc1,0x08,0xc1,0x08,0xc1,0x08,0xc1,0x08,0xc1,0x08,0xc1,0x08,0xc1,0x08,
0xc1,0x08,0xc1,0x08,0xc1,0x08,0xc1,0x08,0xc1,0x08,0xc1,0x08,0xc1,0x08,0xc1,0x08,
0xc1,0x08,0xc1,0x08,0xc1,0x08,0xc1,0x08,0xc1,0x08,0xc1,0x08,0xc1,0x08,0xc1,0x08,
0xc1,0x08,0xc1,0x08,0xc1,0x08,0xc1,0x08,0xc1,0x08,0xc1,0x08,0xc1,0x08,0xc1,0x08,
0xc1,0x08,0xc1,0x08,0xc1,0x08,0xc1,0x08,0xc1,0x08,0xc1,0x08,0xc1,0x08,0xc1,0x08,
0xc1,0x08,0xc1,0x08,0xc1,0x08,0xc1,0x08,0xc1,0x08,0xc1,0x08,0xc1,0x08,0xc1,0x08,
0xc1,0x08,0xc1,0x08,0xc1,0x08,0xc1,0x08,0xc1,0x08,0xc1,0x08,0xc1,0x08,0xc1,0x08,
0xc1,0x08,0xc1,0x08,0xc1,0x08,0xc1,0x08,0xc1,0x08,0xc1,0x08,0xc1,0x08,0xc1,0x08,
0xc1,0x08,0xc1,0x08,0xc1,0x08,0xc1,0x08,0xc1,0x08,0xc1,0x08,0xc1,0x08,0xc1,0x08,
0xc1,0x08,0xc1,0x08,0xc1,0x08,0xc1,0x08,0xc1,0x08,0xc1,0x08,0xc1,0x08,0xc1,0x08,
0xc1,0x08,0xc1,0x08,0xc1,0x08,0xc1,0x08,0xc1,0x08,0xc1,0x08,0xc1,0x08,0xc1,0x08,
0xc1,0x08,0xc1,0x08,0xc1,0x08,0xc1,0x08,0xc1,0x08,0xc1,0x08,0xc1,0x08,0xc1,0x08,
0xc1,0x08,0xc1,0x08,0xc1,0x08,0xc1,0x08,0xc1,0x08,0xc1,0x08,0xc1,0x08,0xc1,0x08,
0xc1,0x08,0xc1,0x08,0xc1,0x08,0xc1,0x08,0xc1,0x08,0xc1,0x08,0xc1,0x08,0xc1,0x08,
0xc1,0x08,0xc1,0x08,0xc1,0x08,0xc1,0x08,0xc1,0x08,0xc1,0x08,0xc1,0x08,0xc1,0x08,
0xc1,0x08,0xc1,0x08,0xc1,0x08,0xc1,0x08,0xc1,0x08,0xc1,0x08,0xc1,0x08,0xc1,0x08,
0xc1,0x08,0xc1,0x08,0xc1,0x08,0xc1,0x08,0xc1,0x08,0xc1,0x08,0xc1,0x08,0xc1,0x08,
0xc1,0x08,0xc1,0x08,0xc1,0x08,0xc1,0x08,0xc1,0x08,0xc1,0x08,0xc1,0x08,0xc1,0x08,
0xc1,0x08,0xc1,0x08,0xc1,0x08,0xc1,0x08,0xc1,0x08,0xc1,0x08,0xc1,0x08,0xc1,0x08,
0xc1,0x08,0xc1,0x08,0xc1,0x08,0xc1,0x08,0xc1,0x08,0xc1,0x08,0xc1,0x08,0xc1,0x08,
0xc1,0x08,0xc1,0x08,0xc1,0x08,0xc1,0x08,0xc1,0x08,0xc1,0x08,0xc1,0x08,0xc1,0x08,
0xc1,0x08,0xc1,0x08,0xc1,0x08,0xc1,0x08,0xc1,0x08,0xc1,0x08,0xc1,0x08,0xc1,0x08,
0xc1,0x08,0xc1,0x08,0xc1,0x08,0xc1,0x08,0xc1,0x08,0xc1,0x08,0xc1,0x08,0xc1,0x08,
0xc1,0x08,0xc1,0x08,0xc1,0x08,0xc1,0x08,0xc1,0x08,0xc1,0x08,0xc1,0x08,0xc1,0x08,
0xc1,0x08,0xc1,0x08,0xc1,0x08,0xc1,0x08,0xc1,0x08,0xc1,0x08,0xc1,0x08,0xc1,0x08,
0xc1,0x08,0xc1,0x08,0xc1,0x08,0xc1,0x08,0xc1,0x08,0xc1,0x08,0xc1,0x08,0xc1,0x08,
0xc1,0x08,0xc1,0x08,0xc1,0x08,0xc1,0x08,0xc1,0x08,0xc1,0x08,0xc1,0x08,0xc1,0x08,
0xc1,0x08,0xc1,0x08,0xc1,0x08,0xc1,0x08,0xc1,0x08,0xc1,0x08,0xc1,0x08,0xc1,0x08,
0xc1,0x08,0xc1,0x08,0xc1,0x08,0xc1,0x08,0xc1,0x08,0xc1,0x08,0xc1,0x08,0xc1,0x08,
0xc1,0x08,0xc1,0x08,0xc1,0x08,0xc1,0x08,0xc1,0x08,0xc1,0x08,0xc1,0x08,0xc1,0x08,
0xc1,0x08,0xc1,0x08,0xc1,0x08,0xc1,0x08,0xc1,0x08,0xc1,0x08,0xc1,0x08,0xc1,0x08,
0xc1,0x08,0xc1,0x08,0xc1,0x08,0xc1,0x08,0xc1,0x08,0xc1,0x08,0xc1,0x08,0xc1,0x08,
0xc1,0x08,0xc1,0x08,0xc1,0x08,0xc1,0x08,0xc1,0x08,0xc1,0x08,0xc1,0x08,0xc1,0x08,
0xc1,0x08,0xc1,0x08,0xc1,0x08,0xc1,0x08,0xc1,0x08,0xc1,0x08,0xc1,0x08,0xc1,0x08,
0xc1,0x08,0xc1,0x08,0xc1,0x08,0xc1,0x08,0xc1,0x08,0xc1,0x08,0xc1,0x08,0xc1,0x08,
0xc1,0x08,0xc1,0x08,0xc1,0x08,0xc1,0x08,0xc1,0x08,0xc1,0x08,0xc1,0x08,0xc1,0x08,
0xc1,0x08,0xc1,0x08,0xc1,0x08,0xc1,0x08,0xc1,0x08,0xc1,0x08,0xc1,0x08,0xc1,0x08,
0xc1,0x08,0xc1,0x08,0xc1,0x08,0xc1,0x08,0xc1,0x08,0xc1,0x08,0xc1,0x08,0xc1,0x08,
0xc1,0x08,0xc1,0x08,0xc1,0x08,0xc1,0x08,0xc1,0x08,0xc1,0x08,0xc1,0x08,0xc1,0x08,
0xc1,0x08,0xc1,0x08,0xc1,0x08,0xc1,0x08,0xc1,0x08,0xc1,0x08,0xc1,0x08,0xc1,0x08,
0xc1,0x08,0xc1,0x08,0xc1,0x08,0xc1,0x08,0xc1,0x08,0xc1,0x08,0xc1,0x08,0xc1,0x08,
0xc1,0x08,0xc1,0x08,0xc1,0x08,0xc1,0x08,0xc1,0x08,0xc1,0x08,0xc1,0x08,0xc1,0x08,
0xc1,0x08,0xc1,0x08,0xc1,0x08,0xc1,0x08,0xc1,0x08,0xc1,0x08,0xc1,0x08,0xc1,0x08,
0xc1,0x08,0xc1,0x08,0xc1,0x08,0xc1,0x08,0xc1,0x08,0xc1,0x08,0xc1,0x08,0xc1,0x08,
0xc1,0x08,0xc1,0x08,0xc1,0x08,0xc1,0x08,0xc1,0x08,0xc1,0x08,0xc1,0x08,0xc1,0x08,
0xc1,0x08,0xc1,0x08,0xc1,0x08,0xc1,0x08,0xc1,0x08,0xc1,0x08,0xc1,0x08,0xc1,0x08,
0xc1,0x08,0xc1,0x08,0xc1,0x08,0xc1,0x08,0xc1,0x08,0xc1,0x08,0xc1,0x08,0xc1,0x08,
0xc1,0x08,0xc1,0x08,0xc1,0x08,0xc1,0x08,0xc1,0x08,0xc1,0x08,0xc1,0x08,0xc1,0x08,
0xc1,0x08,0xc1,0x08,0xc1,0x08,0xc1,0x08,0xc1,0x08,0xc1,0x08,0xc1,0x08,0xc1,0x08,
0xc1,0x08,0xc1,0x08,0xc1,0x08,0xc1,0x08,0xc1,0x08,0xc1,0x08,0xc1,0x08,0xc1,0x08,
0xc1,0x08,0xc1,0x08,0xc1,0x08,0xc1,0x08,0xc1,0x08,0xc1,0x08,0xc1,0x08,0xc1,0x08,
0xc1,0x08,0xc1,0x08,0xc1,0x08,0xc1,0x08,0xc1,0x08,0xc1,0x08,0xc1,0x08,0xc1,0x08,
0xc1,0x08,0xc1,0x08,0xc1,0x08,0xc1,0x08,0xc1,0x08,0xc1,0x08,0xc1,0x08,0xc1,0x08,
0xc1,0x08,0xc1,0x08,0xc1,0x08,0xc1,0x08,0xc1,0x08,0xc1,0x08,0xc1,0x08,0xc1,0x08,
0xc1,0x08,0xc1,0x08,0xc1,0x08,0xc1,0x08,0xc1,0x08,0xc1,0x08,0xc1,0x08,0xc1,0x08,
0xc1,0x08,0xc1,0x08,0xc1,0x08,0xc1,0x08,0xc1,0x08,0xc1,0x08,0xc1,0x08,0xc1,0x08,
0xc1,0x08,0xc1,0x08,0xc1,0x08,0xc1,0x08,0xc1,0x08,0xc1,0x08,0xc1,0x08,0xc1,0x08,
0xc1,0x08,0xc1,0x08,0xc1,0x08,0xc1,0x08,0xc1,0x08,0xc1,0x08,0xc1,0x08,0xc1,0x08,
0xc1,0x08,0xc1,0x08,0xc1,0x08,0xc1,0x08,0xc1,0x08,0xc1,0x08,0xc1,0x08,0xc1,0x08,
0xc1,0x08,0xc1,0x08,0xc1,0x08,0xc1,0x08,0xc1,0x08,0xc1,0x08,0xc1,0x08,0xc1,0x08,
0xc1,0x08,0xc1,0x08,0xc1,0x08,0xc1,0x08,0xc1,0x08,0xc1,0x08,0xc1,0x08,0xc1,0x08,
0xc1,0x08,0xc1,0x08,0xc1,0x08,0xc1,0x08,0xc1,0x08,0xc1,0x08,0xc1,0x08,0xc1,0x08,
0xc1,0x08,0xc1,0x08,0xc1,0x08,0xc1,0x08,0xc1,0x08,0xc1,0x08,0xc1,0x08,0xc1,0x08,
0xc1,0x08,0xc1,0x08,0xc1,0x08,0xc1,0x08,0xc1,0x08,0xc1,0x08,0xc1,0x08,0xc1,0x08,
0xc1,0x08,0xc1,0x08,0xc1,0x08,0xc1,0x08,0xc1,0x08,0xc1,0x08,0xc1,0x08,0xc1,0x08,
0xc1,0x08,0xc1,0x08,0xc1,0x08,0xc1,0x08,0xc1,0x08,0xc1,0x08,0xc1,0x08,0xc1,0x08,
0xc1,0x08,0xc1,0x08,0xc1,0x08,0xc1,0x08,0xc1,0x08,0xc1,0x08,0xc1,0x08,0xc1,0x08,
0xc1,0x08,0xc1,0x08,0xc1,0x08,0xc1,0x08,0xc1,0x08,0xc1,0x08,0xc1,0x08,0xc1,0x08,
0xc1,0x08,0xc1,0x08,0xc1,0x08,0xc1,0x08,0xc1,0x08,0xc1,0x08,0xc1,0x08,0xc1,0x08,
0xc1,0x08,0xc1,0x08,0xc1,0x08,0xc1,0x08,0xc1,0x08,0xc1,0x08,0xc1,0x08,0xc1,0x08,
0xc1,0x08,0xc1,0x08,0xc1,0x08,0xc1,0x08,0xc1,0x08,0xc1,0x08,0xc1,0x08,0xc1,0x08,
0xc1,0x08,0xc1,0x08,0xc1,0x08,0xc1,0x08,0xc1,0x08,0xc1,0x08,0xc1,0x08,0xc1,0x08,
0xc1,0x08,0xc1,0x08,0xc1,0x08,0xc1,0x08,0xc1,0x08,0xc1,0x08,0xc1,0x08,0xc1,0x08,
0xc1,0x08,0xc1,0x08,0xc1,0x08,0xc1,0x08,0xc1,0x08,0xc1,0x08,0xc1,0x08,0xc1,0x08,
0xc1,0x08,0xc1,0x08,0xc1,0x08,0xc1,0x08,0xc1,0x08,0xc1,0x08,0xc1,0x08,0xc1,0x08,
0xc1,0x08,0xc1,0x08,0xc1,0x08,0xc1,0x08,0xc1,0x08,0xc1,0x08,0xc1,0x08,0xc1,0x08,
0xc1,0x08,0xc1,0x08,0xc1,0x08,0xc1,0x08,0xc1,0x08,0xc1,0x08,0xc1,0x08,0xc1,0x08,
0xc1,0x08,0xc1,0x08,0xc1,0x08,0xc1,0x08,0xc1,0x08,0xc1,0x08,0xc1,0x08,0xc1,0x08,
0xc1,0x08,0xc1,0x08,0xc1,0x08,0xc1,0x08,0xc1,0x08,0xc1,0x08,0xc1,0x08,0xc1,0x08,
0xc1,0x08,0xc1,0x08,0xc1,0x08,0xc1,0x08,0xc1,0x08,0xc1,0x08,0xc1,0x08,0xc1,0x08,
0xc1,0x08,0xc1,0x08,0xc1,0x08,0xc1,0x08,0xc1,0x08,0xc1,0x08,0xc1,0x08,0xc1,0x08,
0xc1,0x08,0xc1,0x08,0xc1,0x08,0xc1,0x08,0xc1,0x08,0xc1,0x08,0xc1,0x08,0xc1,0x08,
0xc1,0x08,0xc1,0x08,0xc1,0x08,0xc1,0x08,0xc1,0x08,0xc1,0x08,0xc1,0x08,0xc1,0x08,
0xc1,0x08,0xc1,0x08,0xc1,0x08,0xc1,0x08,0xc1,0x08,0xc1,0x08,0xc1,0x08,0xc1,0x08,
0xc1,0x08,0xc1,0x08,0xc1,0x08,0xc1,0x08,0xc1,0x08,0xc1,0x08,0xc1,0x08,0xc1,0x08,
0xc1,0x08,0xc1,0x08,0xc1,0x08,0xc1,0x08,0xc1,0x08,0xc1,0x08,0xc1,0x08,0xc1,0x08,
0xc1,0x08,0xc1,0x08,0xc1,0x08,0xc1,0x08,0xc1,0x08,0xc1,0x08,0xc1,0x08,0xc1,0x08,
0xc1,0x08,0xc1,0x08,0xc1,0x08,0xc1,0x08,0xc1,0x08,0xc1,0x08,0xc1,0x08,0xc1,0x08,
0xc1,0x08,0xc1,0x08,0xc1,0x08,0xc1,0x08,0xc1,0x08,0xc1,0x08,0xc1,0x08,0xc1,0x08,
0xc1,0x08,0xc1,0x08,0xc1,0x08,0xc1,0x08,0xc1,0x08,0xc1,0x08,0xc1,0x08,0xc1,0x08,
0xc1,0x08,0xc1,0x08,0xc1,0x08,0xc1,0x08,0xc1,0x08,0xc1,0x08,0xc1,0x08,0xc1,0x08,
0xc1,0x08,0xc1,0x08,0xc1,0x08,0xc1,0x08,0xc1,0x08,0xc1,0x08,0xc1,0x08,0xc1,0x08,
0xc1,0x08,0xc1,0x08,0xc1,0x08,0xc1,0x08,0xc1,0x08,0xc1,0x08,0xc1,0x08,0xc1,0x08,
0xc1,0x08,0xc1,0x08,0xc1,0x08,0xc1,0x08,0xc1,0x08,0xc1,0x08,0xc1,0x08,0xc1,0x08,
0xc1,0x08,0xc1,0x08,0xc1,0x08,0xc1,0x08,0xc1,0x08,0xc1,0x08,0xc1,0x08,0xc1,0x08,
0xc1,0x08,0xc1,0x08,0xc1,0x08,0xc1,0x08,0xc1,0x08,0xc1,0x08,0xc1,0x08,0xc1,0x08,
0xc1,0x08,0xc1,0x08,0xc1,0x08,0xc1,0x08,0xc1,0x08,0xc1,0x08,0xc1,0x08,0xc1,0x08,
0xc1,0x08,0xc1,0x08,0xc1,0x08,0xc1,0x08,0xc1,0x08,0xc1,0x08,0xc1,0x08,0xc1,0x08,
0xc1,0x08,0xc1,0x08,0xc1,0x08,0xc1,0x08,0xc1,0x08,0xc1,0x08,0xc1,0x08,0xc1,0x08,
0xc1,0x08,0xc1,0x08,0xc1,0x08,0xc1,0x08,0xc1,0x08,0xc1,0x08,0xc1,0x08,0xc1,0x08,
0xc1,0x08,0xc1,0x08,0xc1,0x08,0xc1,0x08,0xc1,0x08,0xc1,0x08,0xc1,0x08,0xc1,0x08,
0xc1,0x08,0xc1,0x08,0xc1,0x08,0xc1,0x08,0xc1,0x08,0xc1,0x08,0xc1,0x08,0xc1,0x08,
0xc1,0x08,0xc1,0x08,0xc1,0x08,0xc1,0x08,0xc1,0x08,0xc1,0x08,0xc1,0x08,0xc1,0x08,
0xc1,0x08,0xc1,0x08,0xc1,0x08,0xc1,0x08,0xc1,0x08,0xc1,0x08,0xc1,0x08,0xc1,0x08,
0xc1,0x08,0xc1,0x08,0xc1,0x08,0xc1,0x08,0xc1,0x08,0xc1,0x08,0xc1,0x08,0xc1,0x08,
0xc1,0x08,0xc1,0x08,0xc1,0x08,0xc1,0x08,0xc1,0x08,0xc1,0x08,0xc1,0x08,0xc1,0x08,
0xc1,0x08,0xc1,0x08,0xc1,0x08,0xc1,0x08,0xc1,0x08,0xc1,0x08,0xc1,0x08,0xc1,0x08,
0xc1,0x08,0xc1,0x08,0xc1,0x08,0xc1,0x08,0xc1,0x08,0xc1,0x08,0xc1,0x08,0xc1,0x08,
0xc1,0x08,0xc1,0x08,0xc1,0x08,0xc1,0x08,0xc1,0x08,0xc1,0x08,0xc1,0x08,0xc1,0x08,
0xc1,0x08,0xc1,0x08,0xc1,0x08,0xc1,0x08,0xc1,0x08,0xc1,0x08,0xc1,0x08,0xc1,0x08,
0xc1,0x08,0xc1,0x08,0xc1,0x08,0xc1,0x08,0xc1,0x08,0xc1,0x08,0xc1,0x08,0xc1,0x08,
0xc1,0x08,0xc1,0x08,0xc1,0x08,0xc1,0x08,0xc1,0x08,0xc1,0x08,0xc1,0x08,0xc1,0x08,
0xc1,0x08,0xc1,0x08,0xc1,0x08,0xc1,0x08,0xc1,0x08,0xc1,0x08,0xc1,0x08,0xc1,0x08,
0xc1,0x08,0xc1,0x08,0xc1,0x08,0xc1,0x08,0xc1,0x08,0xc1,0x08,0xc1,0x08,0xc1,0x08,
0xc1,0x08,0xc1,0x08,0xc1,0x08,0xc1,0x08,0xc1,0x08,0xc1,0x08,0xc1,0x08,0xc1,0x08,
0xc1,0x08,0xc1,0x08,0xc1,0x08,0xc1,0x08,0xc1,0x08,0xc1,0x08,0xc1,0x08,0xc1,0x08,
0xc1,0x08,0xc1,0x08,0xc1,0x08,0xc1,0x08,0xc1,0x08,0xc1,0x08,0xc1,0x08,0xc1,0x08,
0xc1,0x08,0xc1,0x08,0xc1,0x08,0xc1,0x08,0xc1,0x08,0xc1,0x08,0xc1,0x08,0xc1,0x08,
0xc1,0x08,0xc1,0x08,0xc1,0x08,0xc1,0x08,0xc1,0x08,0xc1,0x08,0xc1,0x08,0xc1,0x08,
0xc1,0x08,0xc1,0x08,0xc1,0x08,0xc1,0x08,0xc1,0x08,0xc1,0x08,0xc1,0x08,0xc1,0x08,
0xc1,0x08,0xc1,0x08,0xc1,0x08,0xc1,0x08,0xc1,0x08,0xc1,0x08,0xc1,0x08,0xc1,0x08,
0xc1,0x08,0xc1,0x08,0xc1,0x08,0xc1,0x08,0xc1,0x08,0xc1,0x08,0xc1,0x08,0xc1,0x08,
0xc1,0x08,0xc1,0x08,0xc1,0x08,0xc1,0x08,0xc1,0x08,0xc1,0x08,0xc1,0x08,0xc1,0x08,
0xc1,0x08,0xc1,0x08,0xc1,0x08,0xc1,0x08,0xc1,0x08,0xc1,0x08,0xc1,0x08,0xc1,0x08,
0xc1,0x08,0xc1,0x08,0xc1,0x08,0xc1,0x08,0xc1,0x08,0xc1,0x08,0xc1,0x08,0xc1,0x08,
0xc1,0x08,0xc1,0x08,0xc1,0x08,0xc1,0x08,0xc1,0x08,0xc1,0x08,0xc1,0x08,0xc1,0x08,
0xc1,0x08,0xc1,0x08,0xc1,0x08,0xc1,0x08,0xc1,0x08,0xc1,0x08,0xc1,0x08,0xc1,0x08,
0xc1,0x08,0xc1,0x08,0xc1,0x08,0xc1,0x08,0xc1,0x08,0xc1,0x08,0xc1,0x08,0xc1,0x08,
0xc1,0x08,0xc1,0x08,0xc1,0x08,0xc1,0x08,0xc1,0x08,0xc1,0x08,0xc1,0x08,0xc1,0x08,
0xc1,0x08,0xc1,0x08,0xc1,0x08,0xc1,0x08,0xc1,0x08,0xc1,0x08,0xc1,0x08,0xc1,0x08,
0xc1,0x08,0xc1,0x08,0xc1,0x08,0xc1,0x08,0xc1,0x08,0xc1,0x08,0xc1,0x08,0xc1,0x08,
0xc1,0x08,0xc1,0x08,0xc1,0x08,0xc1,0x08,0xc1,0x08,0xc1,0x08,0xc1,0x08,0xc1,0x08,
0xc1,0x08,0xc1,0x08,0xc1,0x08,0xc1,0x08,0xc1,0x08,0xc1,0x08,0xc1,0x08,0xc1,0x08,
0xc1,0x08,0xc1,0x08,0xc1,0x08,0xc1,0x08,0xc1,0x08,0xc1,0x08,0xc1,0x08,0xc1,0x08,
0xc1,0x08,0xc1,0x08,0xc1,0x08,0xc1,0x08,0xc1,0x08,0xc1,0x08,0xc1,0x08,0xc1,0x08,
0xc1,0x08,0xc1,0x08,0xc1,0x08,0xc1,0x08,0xc1,0x08,0xc1,0x08,0xc1,0x08,0xc1,0x08,
0xc1,0x08,0xc1,0x08,0xc1,0x08,0xc1,0x08,0xc1,0x08,0xc1,0x08,0xc1,0x08,0xc1,0x08,
0xc1,0x08,0xc1,0x08,0xc1,0x08,0xc1,0x08,0xc1,0x08,0xc1,0x08,0xc1,0x08,0xc1,0x08,
0xc1,0x08,0xc1,0x08,0xc1,0x08,0xc1,0x08,0xc1,0x08,0xc1,0x08,0xc1,0x08,0xc1,0x08,
0xc1,0x08,0xc1,0x08,0xc1,0x08,0xc1,0x08,0xc1,0x08,0xc1,0x08,0xc1,0x08,0xc1,0x08,
0xc1,0x08,0xc1,0x08,0xc1,0x08,0xc1,0x08,0xc1,0x08,0xc1,0x08,0xc1,0x08,0xc1,0x08,
0xc1,0x08,0xc1,0x08,0xc1,0x08,0xc1,0x08,0xc1,0x08,0xc1,0x08,0xc1,0x08,0xc1,0x08,
0xc1,0x08,0xc1,0x08,0xc1,0x08,0xc1,0x08,0xc1,0x08,0xc1,0x08,0xc1,0x08,0xc1,0x08,
0xc1,0x08,0xc1,0x08,0xc1,0x08,0xc1,0x08,0xc1,0x08,0xc1,0x08,0xc1,0x08,0xc1,0x08,
0xc1,0x08,0xc1,0x08,0xc1,0x08,0xc1,0x08,0xc1,0x08,0xc1,0x08,0xc1,0x08,0xc1,0x08,
0xc1,0x08,0xc1,0x08,0xc1,0x08,0xc1,0x08,0xc1,0x08,0xc1,0x08,0xc1,0x08,0xc1,0x08,
0xc1,0x08,0xc1,0x08,0xc1,0x08,0xc1,0x08,0xc1,0x08,0xc1,0x08,0xc1,0x08,0xc1,0x08,
0xc1,0x08,0xc1,0x08,0xc1,0x08,0xc1,0x08,0xc1,0x08,0xc1,0x08,0xc1,0x08,0xc1,0x08,
0xc1,0x08,0xc1,0x08,0xc1,0x08,0xc1,0x08,0xc1,0x08,0xc1,0x08,0xc1,0x08,0xc1,0x08,
0xc1,0x08,0xc1,0x08,0xc1,0x08,0xc1,0x08,0xc1,0x08,0xc1,0x08,0xc1,0x08,0xc1,0x08,
0xc1,0x08,0xc1,0x08,0xc1,0x08,0xc1,0x08,0xc1,0x08,0xc1,0x08,0xc1,0x08,0xc1,0x08,
0xc1,0x08,0xc1,0x08,0xc1,0x08,0xc1,0x08,0xc1,0x08,0xc1,0x08,0xc1,0x08,0xc1,0x08,
0xc1,0x08,0xc1,0x08,0xc1,0x08,0xc1,0x08,0xc1,0x08,0xc1,0x08,0xc1,0x08,0xc1,0x08,
0xc1,0x08,0xc1,0x08,0xc1,0x08,0xc1,0x08,0xc1,0x08,0xc1,0x08,0xc1,0x08,0xc1,0x08,
0xc1,0x08,0xc1,0x08,0xc1,0x08,0xc1,0x08,0xc1,0x08,0xc1,0x08,0xc1,0x08,0xc1,0x08,
0xc1,0x08,0xc1,0x08,0xc1,0x08,0xc1,0x08,0xc1,0x08,0xc1,0x08,0xc1,0x08,0xc1,0x08,
0xc1,0x08,0xc1,0x08,0xc1,0x08,0xc1,0x08,0xc1,0x08,0xc1,0x08,0xc1,0x08,0xc1,0x08,
0xc1,0x08,0xc1,0x08,0xc1,0x08,0xc1,0x08,0xc1,0x08,0xc1,0x08,0xc1,0x08,0xc1,0x08,
0xc1,0x08,0xc1,0x08,0xc1,0x08,0xc1,0x08,0xc1,0x08,0xc1,0x08,0xc1,0x08,0xc1,0x08,
0xc1,0x08,0xc1,0x08,0xc1,0x08,0xc1,0x08,0xc1,0x08,0xc1,0x08,0xc1,0x08,0xc1,0x08,
0xc1,0x08,0xc1,0x08,0xc1,0x08,0xc1,0x08,0xc1,0x08,0xc1,0x08,0xc1,0x08,0xc1,0x08,
0xc1,0x08,0xc1,0x08,0xc1,0x08,0xc1,0x08,0xc1,0x08,0xc1,0x08,0xc1,0x08,0xc1,0x08,
0xc1,0x08,0xc1,0x08,0xc1,0x08,0xc1,0x08,0xc1,0x08,0xc1,0x08,0xc1,0x08,0xc1,0x08,
0xc1,0x08,0xc1,0x08,0xc1,0x08,0xc1,0x08,0xc1,0x08,0xc1,0x08,0xc1,0x08,0xc1,0x08,
0xc1,0x08,0xc1,0x08,0xc1,0x08,0xc1,0x08,0xc1,0x08,0xc1,0x08,0xc1,0x08,0xc1,0x08,
0xc1,0x08,0xc1,0x08,0xc1,0x08,0xc1,0x08,0xc1,0x08,0xc1,0x08,0xc1,0x08,0xc1,0x08,
0xc1,0x08,0xc1,0x08,0xc1,0x08,0xc1,0x08,0xc1,0x08,0xc1,0x08,0xc1,0x08,0xc1,0x08,
0xc1,0x08,0xc1,0x08,0xc1,0x08,0xc1,0x08,0xc1,0x08,0xc1,0x08,0xc1,0x08,0xc1,0x08,
0xc1,0x08,0xc1,0x08,0xc1,0x08,0xc1,0x08,0xc1,0x08,0xc1,0x08,0xc1,0x08,0xc1,0x08,
0xc1,0x08,0xc1,0x08,0xc1,0x08,0xc1,0x08,0xc1,0x08,0xc1,0x08,0xc1,0x08,0xc1,0x08,
0xc1,0x08,0xc1,0x08,0xc1,0x08,0xc1,0x08,0xc1,0x08,0xc1,0x08,0xc1,0x08,0xc1,0x08,
0xc1,0x08,0xc1,0x08,0xc1,0x08,0xc1,0x08,0xc1,0x08,0xc1,0x08,0xc1,0x08,0xc1,0x08,
0xc1,0x08,0xc1,0x08,0xc1,0x08,0xc1,0x08,0xc1,0x08,0xc1,0x08,0xc1,0x08,0xc1,0x08,
};

const lv_img_dsc_t manpro_logo = {
  .header.cf = LV_IMG_CF_TRUE_COLOR,
  .header.always_zero = 0,
  .header.reserved = 0,
  .header.w = 480,
  .header.h = 192,
  .data_size = 184320,
  .data = manpro_logo_map,
};